{"id":1,"title":"समाधि पाद","description":"योग के उद्देश्य और चित्त की वृत्तियों को नियंत्रित करने की विधियों पर केंद्रित। इसमें समाधि और मन की शांति का विवरण है।","sectionCount":51,"tags":null,"contentId":"YSOP02","sections":[{"id":"1","title":"1.1","content":"","type":"verse","passage":"अथ योगानुशासनम्","commentary":"","meaning":"अब, योग की शिक्षाएँ प्रस्तुत की जाती हैं क्योंकि छात्र इन शिक्षाओं को प्राप्त करने के लिए तैयार है।","wordMeanings":"अथ - अब; योग - जुड़ने की प्रक्रिया, मिलन; अनुशासनम - शिक्षण, व्याख्या"},{"id":"2","title":"1.2","content":"","type":"verse","passage":"योगश्चित्तवृत्तिनिरोधः","commentary":"","meaning":"योग का उद्देश्य मन के उतार-चढ़ाव को शांत करना है।","wordMeanings":"योग - जुड़ने की प्रक्रिया, मिलन; चित्त - चेतना; वृत्ति - मन के विचार या प्रवृत्ति, मोड़, गति; निरोध - शांत करना, समाप्ति, प्रतिबंध"},{"id":"3","title":"1.3","content":"","type":"verse","passage":"तदा द्रष्टुः स्वरूपेऽवस्थानम्","commentary":"","meaning":"एक बार योग की स्थिति प्राप्त हो जाने के बाद, शुद्ध चेतना अपने आंतरिक स्वभाव में निवास करती है।","wordMeanings":"तदा - तब; द्रष्टु - द्रष्टा, साक्षी, शुद्ध जागरूकता; स्वरूपे - अपना सार, पहचान; अवस्थानम - रहने की स्थिति"},{"id":"4","title":"1.4","content":"","type":"verse","passage":"वृत्तिसारूप्यमितरत्र","commentary":"","meaning":"जब तक योग की स्थिति प्राप्त नहीं हो जाती, तब तक चेतना वृत्ति के साथ खुद को पहचानती है।","wordMeanings":"वृत्ति - मन के विचार या प्रवृत्ति, मोड़, गति; सारूप्यम - पहचान, अनुरूपता; इतरत्र - अन्यथा"},{"id":"5","title":"1.5","content":"","type":"verse","passage":"वृत्तयः पञ्चतय्यः क्लिष्टाक्लिष्टाः","commentary":"","meaning":"इन वृत्ति को पांच प्रकारों में वर्गीकृत किया जा सकता है, जिसमें हानिकारक और हानिरहित दोनों शामिल हैं।","wordMeanings":"वृत्तयः - मन के विचार या प्रवृत्ति, मोड़, गति; पञ्चतय्यः - पांच गुना; क्लिष्ट - हानिकारक; अक्लिष्ट - सौम्य"},{"id":"6","title":"1.6","content":"","type":"verse","passage":"प्रमाणविपर्य्यविकल्पनिद्रास्मृतयः","commentary":"","meaning":"ये पांच प्रकार के वृत्ति हैं सही धारणा, गलत धारणा, अवधारणा, गहरी नींद और स्मृति।","wordMeanings":"प्रमाण - सही धारणा; विपर्यय - गलत धारणा, त्रुटि; विकल्प - अवधारणा; निद्रा - नींद; स्मृति - स्मृति, याद रखना"},{"id":"7","title":"1.7","content":"","type":"verse","passage":"प्रत्यक्षानुमानागमाः प्रमाणानि","commentary":"","meaning":"सही धारणा प्रत्यक्ष अवलोकन, अनुमान या दूसरों के शब्दों से उत्पन्न होती है।","wordMeanings":"प्रत्यक्ष - प्रत्यक्ष, संवेदी इनपुट; अनुमान - अनुमान; आगामी - एक शिक्षक या पारंपरिक ग्रंथों से गवाही; प्रमाणानि - सटीक धारणा"},{"id":"8","title":"1.8","content":"","type":"verse","passage":"विपर्ययो मिथ्याज्ञानमतद्रूपप्रतिष्ठम्","commentary":"","meaning":"गलत ज्ञान गलत धारणा से उत्पन्न होता है, जो वास्तविकता पर आधारित नहीं है।","wordMeanings":"विपर्यय - गलत धारणा, त्रुटि; मिथ्या - गलत; गलत ज्ञान - ज्ञान; अतद - वह नहीं; रूप - रूप; प्रकृति प्रतिष्ठम् - पर आधारित"},{"id":"9","title":"1.9","content":"","type":"verse","passage":"शब्दज्ञानानुपाती वस्तुशून्यो विकल्पः","commentary":"","meaning":"कल्पना भौतिक दुनिया के साथ प्रत्यक्ष अनुभव के बजाय भाषा-आधारित ज्ञान का एक उत्पाद है।","wordMeanings":"शब्द - मौखिक, भाषाई; ज्ञान - ज्ञान; अनुपाती - निम्नलिखित, पर निर्भर; वस्तु - वस्तु, पदार्थ; शून्य - खाली; विकल्प - अवधारणा"},{"id":"10","title":"1.10","content":"","type":"verse","passage":"अभावप्रत्ययालम्बना वृत्तिर्निद्रा","commentary":"","meaning":"गहरी नींद का पैटर्न इस धारणा में निहित है कि सब कुछ का अस्तित्व समाप्त हो जाता है।","wordMeanings":"अभाव - गैर-अस्तित्व, गैर-होना; प्रत्यय - धारणा, विचार, इरादा, प्रतिनिधित्व; आलम्बना - आराम करना; वृत्ति - मन के विचार या प्रवृत्ति; निद्रा - नींद"},{"id":"11","title":"1.11","content":"","type":"verse","passage":"अनुभूतविषयासंप्रमोषः स्मृतिः","commentary":"","meaning":"'याद रखना' पिछले अनुभवों को स्मृति में बनाए रखने के कार्य को संदर्भित करता है।","wordMeanings":"अनुभुत - अनुभवी; विषय - वस्तु (अनुभव का), घटना; असंप्रमोष - चोरी करने की अनुमति नहीं देना; स्मृति - स्मृति, याद रखना"},{"id":"12","title":"1.12","content":"","type":"verse","passage":"अभ्यासवैराग्याभ्यां तन्निरोधः","commentary":"","meaning":"मन के उतार-चढ़ाव को शांत करने के लिए, व्यक्ति को अभ्यास और वैराग्य की आवश्यकता होती है।","wordMeanings":"अभ्यास - अभ्यास, क्रिया, विधि; वैराग्य - वैराग्य, गैर-प्रतिक्रिया, गैर-लगाव; तद - ये; निरोध - शांत करना, समाप्ति, प्रतिबंध"},{"id":"13","title":"1.13","content":"","type":"verse","passage":"तत्र स्थितौ यत्नोऽभ्यासः","commentary":"","meaning":"अभ्यास में 'उन्नत' स्थिति में बने रहने का निरंतर प्रयास शामिल है।","wordMeanings":"तत्र - उसमें; स्थितौ - स्थिरता, स्थिरता; यत्न - निरंतर प्रयास; अभ्यास - अभ्यास, क्रिया, विधि"},{"id":"14","title":"1.14","content":"","type":"verse","passage":"स तु दीर्घकालनैरंन्तर्यसत्कारासेवितो दृढ़भूमिः","commentary":"","meaning":"भक्ति के साथ इस 'अभ्यास' की कुशल और निरंतर खेती समय के साथ मजबूत जड़ें स्थापित करती है।","wordMeanings":"स - यह; तु - और, इसके अलावा; दीर्घ - लंबा; काल - समय; नैरन्तर्य - लगातार, निर्बाध रूप से; सत्कार - कुशलता से, सही तरीके से; असेवितो - खेती की जाती है; दृढ़ - दृढ़ता से; भूमि - जड़ें, जमी हुई"},{"id":"15","title":"1.15","content":"","type":"verse","passage":"दृष्टानुश्रविकविषयवितृष्णस्य वशीकारसंज्ञा वैराग्यम्","commentary":"","meaning":"पूर्ण वैराग्य तब होता है जब व्यक्ति किसी भी चीज़ से नहीं जुड़ता है, चाहे वह प्रत्यक्ष रूप से देखी गई हो (देखी और सुनी गई हो) या सीखी गई हो।","wordMeanings":"दृष्टा - देखा, बोधगम्य; अनुश्रविक - सुना, सीखा; विषय - वस्तु (अनुभव का), घटना; वितृष्णस्य - बिना चाहने या लगाव के; वशीकार - महारत, कुछ होने की इच्छा; संज्ञा - समझ; वैराग्य - वैराग्य, गैर-प्रतिक्रिया, गैर-लगाव"},{"id":"16","title":"1.16","content":"","type":"verse","passage":"तत्परं पुरुषख्यातेर्गुणवैतृष्ण्यम्","commentary":"","meaning":"शुद्ध जागरूकता प्रकृति के मूलभूत गुणों से अपनी स्वतंत्रता को पहचान सकती है जब अंतिम वैराग्य प्राप्त हो जाता है।","wordMeanings":"तत - यह; परम - परम, उच्चतम, शुद्धतम; पुरुष - शुद्ध जागरूकता; ख्याती - स्पष्ट दृष्टि; गुण - प्रकृति के मूलभूत गुण; वैतृष्ण्यम् - बिना चाहने या लगाव के"},{"id":"17","title":"1.17","content":"","type":"verse","passage":"वितर्कविचारानन्दास्मितारूपानुगमात्संप्रज्ञातः","commentary":"","meaning":"प्रारंभ में, मन को स्थिर करने की प्रक्रिया में उन्नत अनुभूति के चार स्तर शामिल होते हैं, जिसमें विश्लेषणात्मक सोच, अंतर्दृष्टि, आनंद और स्वयं की भावना शामिल है।","wordMeanings":"वितर्क - विश्लेषणात्मक सोच; विचार - अंतर्दृष्टि, प्रतिबिंब; आनंद - आनंद, खुशी; अस्मिता - स्वयं की भावना, मैं-अस्तित्व; रूप - रूप; अनुगमात - साथ जाना, अनुसरण करना, साथ देना; संप्रज्ञात - संज्ञानात्मक"},{"id":"18","title":"1.18","content":"","type":"verse","passage":"विरामप्रत्ययाभ्यासपूर्वः संस्कारशेषोऽन्यः","commentary":"","meaning":"जैसे-जैसे व्यक्ति सभी विचारों को रोकने के लिए लगातार अभ्यास करता है, अनुभूति के ये चार प्रकार धीरे-धीरे गायब हो जाते हैं, केवल अवचेतन मन में अव्यक्त छाप छोड़ जाते हैं।","wordMeanings":"विराम - समाप्ति; प्रत्यय - धारणा, विचार, इरादा, प्रतिनिधित्व; अभ्यास - अभ्यास, क्रिया, विधि; पूर्व - पहले; संस्कार - अव्यक्त छापें; शेष - भंडार, अवशेष; अन्य - अन्य"},{"id":"19","title":"1.19","content":"","type":"verse","passage":"भवप्रत्ययो विदेहप्रकृतिलयानाम्","commentary":"","meaning":"एक बार शरीर चले जाने के बाद ये अव्यक्त छापें पुनर्जन्म को जन्म दे सकती हैं।","wordMeanings":"भव - होना, बनना; प्रत्यय - धारणा, विचार, इरादा, प्रतिनिधित्व; विदेह - निराकार; प्रकृति - प्रकृति; लयानाम - clasped, विलीन"},{"id":"20","title":"1.20","content":"","type":"verse","passage":"श्रद्धावीर्यस्मृतिसमाधिप्रज्ञापूर्वक इतरेषाम्","commentary":"","meaning":"दूसरों के लिए, प्राप्ति के मार्ग में विश्वास, ऊर्जा, स्मृति के रूप में सही अनुभूति और ज्ञान के विभिन्न उन्नत स्तरों को समझना शामिल है।","wordMeanings":"श्रद्धा - विश्वास; वीर्य - ऊर्जा, शक्ति; स्मृति - स्मृति, pleine conscience; समाधि - एकता, एकीकरण; प्रज्ञा - ज्ञान; पूर्वक - पहले से; इतरेषाम - अन्य"},{"id":"21","title":"1.21","content":"","type":"verse","passage":"तीव्रसंवेगानामासन्नः","commentary":"","meaning":"जो लोग ईमानदारी से मुक्ति चाहते हैं, वे पाएंगे कि प्राप्ति उनकी पहुंच के भीतर है, जो उनके अभ्यास की तीव्रता पर निर्भर करता है।","wordMeanings":"तीव्र - अत्यंत; संवेगानाम - तीव्र, प्रचंड; आसन्न - निकट"},{"id":"22","title":"1.22","content":"","type":"verse","passage":"मृदुमध्याधिमात्रत्वात्ततोऽपि विशेषः","commentary":"","meaning":"अभ्यास हल्का, मध्यम या तीव्र है, इसके अनुसार प्राप्ति की निकटता भिन्न होती है।","wordMeanings":"मृदु - हल्का; मध्य - मध्यम; अधिमात्रत्वत - चरम, तीव्र; तातै - इसलिए, इनसे; अपि - भी; विशेष - अंतर, भेद"},{"id":"23","title":"1.23","content":"","type":"verse","passage":"ईश्वरप्रणिधानाद्वा","commentary":"","meaning":"साक्षात्कार का एक अन्य मार्ग शुद्ध जागरूकता के आदर्श अर्थात ईश्वर या भगवान की ओर निर्देशित होना है।","wordMeanings":"ईश्वर - शुद्ध जागरूकता का दिव्य आदर्श; प्रणिधान - समर्पण, समर्पण, आवेदन, संरेखण; वा - या"},{"id":"24","title":"1.24","content":"","type":"verse","passage":"क्लेशकर्मविपाकाशयैरपरामृष्टः पुरुषविशेष ईश्वरः","commentary":"","meaning":"ईश्वर या भगवान शुद्ध जागरूकता का एक अनूठा और अविनाशी प्रकटीकरण है जो कारण और प्रभाव से पूरी तरह स्वतंत्र है, और किसी भी अव्यक्त छाप से रहित है।","wordMeanings":"क्लेश - दुख, भ्रष्टाचार, बाधा, पीड़ा, जहर का कारण; कर्म - क्रिया; विपाक - पकना, फलना; शयै - भंडार, अवशेष; अपरामृष्ट - अछूता, अप्रभावित; पुरूष - शुद्ध जागरूकता; विशेष - अंतर, भेद; अनुकरणीय, विशिष्ट; ईश्वर - शुद्ध जागरूकता का दिव्य आदर्श"},{"id":"25","title":"1.25","content":"","type":"verse","passage":"तत्र निरतिशयं सर्वज्ञबीजम्","commentary":"","meaning":"ईश्वर या भगवान असीम और अद्वितीय सर्वज्ञता के साथ है।","wordMeanings":"तत्र - वहाँ, उसमें; निरतिशयं - अतुलनीय, नायाब; सर्वज्ञ - सब जानने वाला; बीजम - बीज, स्रोत"},{"id":"26","title":"1.26","content":"","type":"verse","passage":"स एषः पूर्वेषामपि गुरुः कालेनानवच्छेदात्","commentary":"","meaning":"समय से परे होने के कारण, ईश्वर या भगवान को पूर्वजों द्वारा आदिकालीन गुरु के रूप में सम्मानित किया जाता है।","wordMeanings":"स - यह, वह; पूर्वेषाम - पहले; अपि - भी; गुरु - शिक्षक, गुरु; कालेन - समय के अनुसार, अस्थायी रूप से; आनवच्छेदात् - असीम, निरंतर"},{"id":"27","title":"1.27","content":"","type":"verse","passage":"तस्य वाचकः प्रणवः","commentary":"","meaning":"ईश्वर या भगवान को \"ओम\" की पवित्र ध्वनि का प्रतीक माना जाता है।","wordMeanings":"तस्य - इसका, वह; वाचक - संकेत करना, अर्थ करना; प्रणव - उच्चारण ओम"},{"id":"28","title":"1.28","content":"","type":"verse","passage":"तज्जपस्तदर्थभावनम्","commentary":"","meaning":"ईश्वर के इस शब्दशः को इसके अर्थ के साथ भक्ति के साथ दोहराया जाना है।","wordMeanings":"तत - वह; जप - दोहराव, स्वर; तद - इसका, वह; अर्थ - अर्थ, उद्देश्य; भावनम - साकार करना, बनना"},{"id":"29","title":"1.29","content":"","type":"verse","passage":"ततः प्रत्यक्चेतनाधिगमोऽप्यन्तरायाभावश्च","commentary":"","meaning":"जैसा कि कोई उल्लेख के अनुसार ईश्वर पर ध्यान केंद्रित करना जारी रखता है, किसी की चेतना बढ़ती है और बाधाएं भी दूर होने लगती हैं।","wordMeanings":"ततः - इसलिए, इनसे; प्रत्यक - आवक; चेतना - चेतना; अधिगमो - प्राप्ति; अपि - भी; अन्तराय - बाधा; अभाव - गायब होना; च - और"},{"id":"30","title":"1.30","content":"","type":"verse","passage":"व्याधिस्त्यानसंशयमप्रमादालस्याविरतिभ्रान्तिदर्शनालब्धभूमिकत्वानवस्थितत्वानि चित्तविक्षेपास्तेऽन्तरायाः","commentary":"","meaning":"बीमारी, उदासीनता, संदेह, लापरवाही, आलस्य, सुखवाद, भ्रम, प्रगति की कमी, और अनिश्चितता जैसी बाधाएं सभी विकर्षणों का काम करती हैं जो चेतना को धूमिल करती हैं और बाधाओं का काम करती हैं।","wordMeanings":"व्याधि - बीमारी; स्त्यान - उदासीनता; संशय - संदेह; प्रमाद - लापरवाही; आलस्य - आलस्य; अविरति - यौन भोग; भ्रान्ति - झूठा; दर्शन - दृष्टि, दृष्टिकोण; अलब्ध - प्राप्त करने में विफल; भूमिकत्वा - विकासात्मक चरण; अनवस्थितत्वानि - अनिश्चितता, अस्थिरता; चित्त - चेतना; विक्षेप - व्याकुलता, उत्तेजित करना; ते - ये; अन्तराय - बाधाएं"},{"id":"31","title":"1.31","content":"","type":"verse","passage":"दुःखदौर्मनस्याङ्गमेजयत्वश्वासप्रश्वासा विक्षेपसहभुवः","commentary":"","meaning":"इन विकर्षणों के परिणामस्वरूप संकट, अवसाद या मुद्रा या श्वास (अनियंत्रित श्वास-प्रश्वास) की स्थिरता बनाए रखने में असमर्थता हो सकती है।","wordMeanings":"दुःख - संकट, दर्द, पीड़ा; दौर्मनस्य - अवसाद; अंगम - अंग; एजयत्व - कांपना; श्वास - अशांत साँस लेना; प्रश्वास - अशांत साँस छोड़ना; विक्षेप - व्याकुलता, उत्तेजित करना; सहभुव - साथ देना"},{"id":"32","title":"1.32","content":"","type":"verse","passage":"तत्प्रतिषेधार्थमेकतत्त्वाभ्यासः","commentary":"","meaning":"हालांकि, एक अटूट 'तत्व' (यहां ईश्वर) पर ध्यान केंद्रित करने से इन विकर्षणों को दूर करने में मदद मिल सकती है।","wordMeanings":"tad - वह, ये pratiæedha - वश में करना, दूर करना artham - अर्थ, उद्देश्य, दृष्टिकोण eka - एक tattva - इस प्रकार, मौलिक गुणवत्ता, सिद्धांत abhyâsaï - अभ्यास, क्रिया, विधि"},{"id":"33","title":"1.33","content":"","type":"verse","passage":"मैत्रीकरुणामुदितोपेक्षाणां सुखदुःखपुण्यापुण्यविषयाणां भावनातश्चित्तप्रसादनम्","commentary":"","meaning":"अन्य साधनों में मित्रता, करुणा, प्रसन्नता और समभाव को क्रमशः सुखद, पीड़ित, अच्छे और बुरे लोगों के प्रति विकीर्ण करना शामिल है।","wordMeanings":"मैत्री - मित्रता; करुणा - करुणा; मुदिता - प्रसन्नता; उपेक्षणा - समभाव; सुख - खुशी; दुःख - संकट, दर्द, पीड़ा; पुण्य - अच्छा, добродетелен; अपुण्य - बुरा, बुराई; विषयाणाम - वस्तु (अनुभव का); भावनात - विकीर्ण, प्रक्षेपित; चित्त - चेतना; प्रसादनम - शांत करना, शांत करना, स्पष्टीकरण"},{"id":"34","title":"1.34","content":"","type":"verse","passage":"प्रच्छर्दनविधारणाभ्यां वा प्राणस्य","commentary":"","meaning":"एक और तरीका है जबरदस्त साँस छोड़ने के बाद रुकना।","wordMeanings":"प्रच्छर्दन - साँस छोड़ना, निष्कासन; विधारणाभ्यां - विराम, प्रतिधारण; वा - या; प्राणस्य - सांस, जीवन शक्ति"},{"id":"35","title":"1.35","content":"","type":"verse","passage":"विषयवती वा प्रवृत्तिरुत्पन्ना मनसः स्थितिनिबन्धनी","commentary":"","meaning":"नई (सात्विक) संवेदनाओं के उत्पन्न होने पर लगातार निरीक्षण करना (किसी भी 5 इंद्रियों के माध्यम से) विकर्षणों को वश में करने और मन को केंद्रित करने का एक तरीका हो सकता है।","wordMeanings":"विषय - वस्तु (अनुभव का), घटना; वती - होना; वा - या; प्रवृत्ति - गतिविधि का उत्पन्न होना; उत्पन्न - उत्पन्न, उत्पादित; मनसः - मन; स्थिति - स्थिरता, स्थिरता; निबन्धनी - धारण करता है"},{"id":"36","title":"1.36","content":"","type":"verse","passage":"विशोका वा ज्योतिष्मति","commentary":"","meaning":"ऐसे विचारों का अनुभव करना जो चमकदार और दुःख से मुक्त हों, मन की शांति प्राप्त करने में भी सहायता कर सकते हैं।","wordMeanings":"विशोका - दुःख से मुक्त; वा - या; ज्योतिष्मती - चमकदार"},{"id":"37","title":"1.37","content":"","type":"verse","passage":"वीतरागविषयं वा चित्तम्","commentary":"","meaning":"उन चीजों/लोगों पर ध्यान केंद्रित करना जो लगाव को प्रेरित नहीं करते हैं, ध्यान में एक सहायक तकनीक हो सकती है।","wordMeanings":"वित - मुक्त, बिना; राग - इच्छा, जुनून, लगाव; विषयं - वस्तु (अनुभव का); वा - या; चित्त - चेतना"},{"id":"38","title":"1.38","content":"","type":"verse","passage":"स्वप्ननिद्राज्ञानालम्बनं वा","commentary":"","meaning":"सोते और सपने देखते समय प्राप्त अंतर्दृष्टि पर चिंतन करना भी मार्गदर्शन का स्रोत हो सकता है।","wordMeanings":"स्वप्न - सपना; निद्रा - नींद; ज्ञान - ज्ञान; आलम्बनं - आराम करना; वा - या"},{"id":"39","title":"1.39","content":"","type":"verse","passage":"यथाभिमतध्यानाद्वा","commentary":"","meaning":"किसी की पसंद की किसी भी वांछित (सात्विक) वस्तु में ध्यान अवशोषण गहरी एकाग्रता और जागरूकता की स्थिति पैदा कर सकता है।","wordMeanings":"यथा - जैसे; अभिमत - वांछित; ध्यानात - ध्यान अवशोषण; वा - या"},{"id":"40","title":"1.40","content":"","type":"verse","passage":"परमाणुपरममहत्त्वान्तोऽस्य वशीकारः","commentary":"","meaning":"किसी भी वस्तु में पूर्ण अवशोषण, चाहे वह सूक्ष्मतम हो और (स्थूल या) सूक्ष्म हो, ध्यान के माध्यम से संभव है।","wordMeanings":"परम - परम, उच्चतम, शुद्धतम; अणु - मिनट, असीम; महत्त्व - महानता, परिमाण; अंतो - से...तक विस्तार; अस्य - उसका; वशीकार - महारत"},{"id":"41","title":"1.41","content":"","type":"verse","passage":"क्षीणवृत्तेरभिजातस्येव मणेर्ग्रहीतृग्रहणग्राह्येषु तत्स्थतदञ्जनता समापत्तिः","commentary":"","meaning":"जैसे-जैसे मन के उतार-चढ़ाव दूर होते जाते हैं, धारणा का एक पारदर्शी तरीका जिसे 'समापत्ति' कहा जाता है, एक पारदर्शी गहना / प्रिज्म के समान होता है। यह पारदर्शी मन अपने दायरे में सब कुछ समान रूप से दर्शाता है - विषय, वस्तु, या देखने का कार्य - एक प्रिज्म की तरह (प्रकाश के घटकों को सात रंगों में दर्शाता है)।","wordMeanings":"क्षीण - कम, घटा; वृत्ति - मन के विचार या प्रवृत्ति, मोड़, गति; अभिजातस्य - निर्दोष, पारदर्शी; ईव - जैसे; मणि - गहना; गृहीत - जो पकड़ता है, अनुभव करने वाला; ग्रहण - लोभी, अनुभव करना; ग्राह्येषु - लोभी, धारणा की वस्तु; तत - वह; स्थ - पालन करना; तत - वह; अञ्जनता - संतृप्ति, किसी और चीज का रूप लेना; समापत्ति - संयोजन, एकीकृत चिंतन"},{"id":"42","title":"1.42","content":"","type":"verse","passage":"तत्र शब्दार्थज्ञानविकल्पैः संकीर्णा सवितर्का समापत्तिः","commentary":"","meaning":"'सवितर्क समापत्ति' की स्थिति में अर्थात भौतिक जागरूकता के साथ समापत्ति शब्द, अर्थ और विचार के भाषाई विचार के साथ बनती है।","wordMeanings":"तत्र - वहाँ, उसमें; शब्द - मौखिक, भाषाई; अर्थ - अर्थ, उद्देश्य; ज्ञान - ज्ञान; विकल्प - अवधारणा; संकीर्ण - आपस में जुड़ा हुआ; सवितर्क - विचार; समापत्ति - संयोजन, एकीकृत चिंतन"},{"id":"43","title":"1.43","content":"","type":"verse","passage":"स्मृतिपरिशुद्धौ स्वरूपशून्येवार्थमात्रनिर्भासा निर्वितर्का","commentary":"","meaning":"अगले चरण में, वस्तुएं स्मृति के साथ अपना जुड़ाव खो देती हैं और निराकार हो जाती हैं, केवल अपने आवश्यक स्वभाव को प्रकट करती हैं। इस अवस्था को 'निर्वितर्क' कहा जाता है।","wordMeanings":"स्मृति - स्मृति, pleine conscience; परिशुद्धौ - सफाई करना, शुद्धिकरण; स्वरूप - अपना रूप, पहचान; शून्य - खाली; इव - जैसे; अर्थ - अर्थ, उद्देश्य; मात्र - केवल; निर्भासा - चमकता हुआ; निर्वितर्का - विचार से परे"},{"id":"44","title":"1.44","content":"","type":"verse","passage":"एतयैव सविचारा निर्विचारा च सूक्ष्मविषया व्याख्याता","commentary":"","meaning":"इसी प्रकार, 'सविचार' और 'निर्विचार' की अवस्थाओं में चिंतन की वस्तुएँ होती हैं जो प्रकृति में सूक्ष्म होती हैं।","wordMeanings":"एतयैव - इसके द्वारा; ईव - जैसे, इस प्रकार; सविचार - प्रतिबिंबित; निर्विचार - प्रतिबिंबित नहीं; च - और; सुक्ष्म - सूक्ष्म; विषय - वस्तु (अनुभव का), घटना; व्याख्यात - वर्णित, समझाया गया"},{"id":"45","title":"1.45","content":"","type":"verse","passage":"सूक्ष्मविषयत्त्वं चालिङ्गपर्यवसानम्","commentary":"","meaning":"सूक्ष्म वस्तुओं को उनके अविभाजित स्वभाव में वापस लाकर उन्हें समझा जा सकता है।","wordMeanings":"सूक्ष्म - सूक्ष्म; विषयत्वं - वस्तु ही, किसी वस्तु की इस प्रकारता; च - और; अलिंग - बिना रूप के; पर्यवसानम - अंत, समाप्ति"},{"id":"46","title":"1.46","content":"","type":"verse","passage":"ता एव सबीजः समाधिः","commentary":"","meaning":"जागरूकता के चार चरण (ऊपर वर्णित) - सवितर्क, निर्वितर्क, सविचार और निर्विचार - को ध्यान अवशोषण के रूप में जाना जाता है जिसमें अव्यक्त छापें (बीज) होती हैं।","wordMeanings":"ता - ये; एव - केवल, भी; सबीज - बीज के साथ; समाधि - एकता, एकीकरण"},{"id":"47","title":"1.47","content":"","type":"verse","passage":"निर्विचारवैशारद्येऽध्यात्मप्रसादः","commentary":"","meaning":"(इन चार चरणों में से) एक बार निर्विचार की अवस्था को समझ लेने के बाद, स्वयं का स्वरूप प्रकाशित हो जाता है।","wordMeanings":"निर्विचार - प्रतिबिंबित नहीं; वैशारद्ये - स्पष्टता, पवित्रता; अध्यात्म - अंतरतम स्व; प्रसाद - शांत करना, शांति, स्पष्टीकरण"},{"id":"48","title":"1.48","content":"","type":"verse","passage":"ऋतंभरा तत्र प्रज्ञा","commentary":"","meaning":"इस बोध से उत्पन्न होने वाला ज्ञान अचूक है।","wordMeanings":"ऋतं - सत्य; भरा - धारण; तत्र - उसमें; प्रज्ञा - ज्ञान"},{"id":"49","title":"1.49","content":"","type":"verse","passage":"श्रुतानुमानप्रज्ञाभ्यामन्यविषयाविशेषार्थत्वात्","commentary":"","meaning":"यह ज्ञान, अनुमान या निर्देश से प्राप्त ज्ञान के विपरीत, इसलिए एक विशेष महत्व रखता है।","wordMeanings":"श्रुती - जो सुना गया है, शिक्षाएं; अनुमान - अनुमान; प्रज्ञाभाम - ज्ञान; अन्य - अन्य; विषय - वस्तु (अनुभव का), घटना; विशेष - अंतर, भेद; अर्थत्वात - कार्य, भूमिका"},{"id":"50","title":"1.50","content":"","type":"verse","passage":"तज्जः संस्कारोऽन्यसंस्कारप्रतिबन्धी","commentary":"","meaning":"इस विशेष ज्ञान से उत्पन्न छापें/विचार अन्य छापों की सक्रियता में बाधा डालते हैं।","wordMeanings":"तत - वह; जै - से उत्पन्न; संस्कार - अव्यक्त छापें; अन्य - अन्य; संस्कार - अव्यक्त छापें; प्रतिबन्धी - रोकता है, बाधा डालता है"},{"id":"51","title":"1.51","content":"","type":"verse","passage":"तस्यापि निरोधे सर्वनिरोधान्निर्बीजः समाधिः","commentary":"","meaning":"जब ये छापें भी समाप्त हो जाती हैं, और चेतना की गति पूरी तरह से शांत हो जाती है, तो चेतना की इस 'छाप रहित' अवस्था को 'बीजरहित' ध्यान अवशोषण कहा जाता है।","wordMeanings":"तस्य - इसका; अपि - भी; निरोध - शांत करना, समाप्ति, प्रतिबंध; सर्व - सभी; निरोध - शांत करना, समाप्ति, प्रतिबंध; निर्बीज - बीजरहित; समाधि - एकता, एकीकरण"}]}