{"id":2,"title":"साधना पाद","description":"योग साधना की विधियाँ और अष्टांग योग का विवरण। यह अभ्यास, अनुशासन और आत्म-नियंत्रण पर केंद्रित है।","sectionCount":55,"tags":null,"contentId":"YSOP02","sections":[{"id":"1","title":"2.1","content":"","type":"verse","passage":"तपः स्वाध्यायेश्वरप्रणिधानानि क्रियायोगः","commentary":"","meaning":"क्रिया योग में आत्म अनुशासन, स्वयं का अध्ययन और ईश्वर के प्रति समर्पण शामिल है।","wordMeanings":"तप - तप, अनुशासन की तीव्रता, तपस्या; स्वाध्याय - स्वयं का अध्ययन; ईश्वर - शुद्ध जागरूकता का दिव्य आदर्श; प्रणिधान - समर्पण, आवेदन, संरेखण; क्रिया - क्रिया; योग - जुड़ने की प्रक्रिया; संघ"},{"id":"2","title":"2.2","content":"","type":"verse","passage":"समाधिभावनार्थः क्लेशतनूकरणार्थश्च","commentary":"","meaning":"कार्रवाई के इस मार्ग का उद्देश्य दुख की जड़ों को खत्म करना और समाधि (एक उन्नत ध्यान अवस्था) को प्राप्त करना है।","wordMeanings":"समाधि - एकता, एकीकरण; भावना - साकार करना, बनना; अर्थ - अर्थ, उद्देश्य; क्लेश - दुख, भ्रष्टाचार, बाधा, पीड़ा, जहर का कारण; तनू - पतला, कमजोर; करण - बनाना; अर्थ - अर्थ, उद्देश्य; च - और"},{"id":"3","title":"2.3","content":"","type":"verse","passage":"अविद्यास्मितारागद्वेषाभिनिवेशाः पञ्च क्लेशाः","commentary":"","meaning":"दुख की जड़ों में शामिल हैं - अज्ञानता, 'मैं' की भावना, लगाव, घृणा और मृत्यु का भय।","wordMeanings":"अविद्या - ज्ञान की कमी, चीजों को वैसे नहीं देखना जैसे वे हैं; अस्मिता - 'मैं' की भावना, अहंकार; राग - इच्छा, जुनून, लगाव; द्वेष - घृणा; अभिनिवेश - जीवन से चिपके रहना, आत्म-संरक्षण; क्लेश - दुख, भ्रष्टाचार, बाधा, पीड़ा, जहर का कारण"},{"id":"4","title":"2.4","content":"","type":"verse","passage":"अविद्या क्षेत्रमुत्तरेषां प्रसुप्ततनुविच्छिन्नोदाराणाम्","commentary":"","meaning":"दुख के कारण 'अज्ञानता' के कारण अंकुरित होते हैं और ये दुख या तो निष्क्रिय, कमजोर, बाधित या पूरी तरह से सक्रिय हो सकते हैं।","wordMeanings":"अविद्या - ज्ञान की कमी, चीजों को वैसे नहीं देखना जैसे वे हैं; क्षेत्र - क्षेत्र; उत्तरेषां - अन्य, निम्नलिखित; प्रसुप्त - निष्क्रिय; तनु - पतला; विच्छिन्न - बाधित; उदारानाम - सक्रिय, उत्तेजित"},{"id":"5","title":"2.5","content":"","type":"verse","passage":"अनित्याशुचिदुःखानात्मसु नित्यशुचिसुखात्मख्यातिरविद्या","commentary":"","meaning":"अज्ञानता वह अवस्था है जहाँ व्यक्ति नश्वरता, अशुद्धता, संकट और गैर-स्व को स्थायित्व, पवित्रता, खुशी और स्वयं के साथ भ्रमित करता है।","wordMeanings":"अनित्य - अनित्य; अशुचि - अशुद्ध; दुःख - संकट, दर्द, पीड़ा; अनात्मसु - स्वयं नहीं; नित्य - स्थायी; अशुचि - शुद्ध; सुख - खुशी; आत्म - स्वयं, सार; ख्याति - देखना; अविद्या - ज्ञान की कमी, चीजों को वैसे नहीं देखना जैसे वे हैं"},{"id":"6","title":"2.6","content":"","type":"verse","passage":"दृग्दर्शनशक्त्योरेकात्मतेवास्मिता","commentary":"","meaning":"'मैं' की भावना (गलत तरीके से) शुद्ध जागरूकता की धारणा को इंद्रियों की धारणा के रूप में पहचानती है।","wordMeanings":"दृग - शुद्ध जागरूकता, साक्षी, देखने वाला; दर्शन - दृष्टि, दृष्टिकोण; आक्त्यो - शक्ति; एक - एक; आत्मता - स्वयं; एव - जैसा था, जैसे, इस प्रकार; अस्मिता - 'मैं' की भावना, अहंकार"},{"id":"7","title":"2.7","content":"","type":"verse","passage":"सुखानुशयी रागः","commentary":"","meaning":"लगाव सुखद अनुभवों का कारण है।","wordMeanings":"सुख - खुशी, आनंद; अनुशयी - निम्नलिखित; राग - चाहत, इच्छा, जुनून, लगाव"},{"id":"8","title":"2.8","content":"","type":"verse","passage":"दुःखानुशयी द्वेषः","commentary":"","meaning":"विरक्ति दुखों का कारण है।","wordMeanings":"दुःख - संकट, दर्द, पीड़ा; अनुशयी - निम्नलिखित; द्वेष - घृणा"},{"id":"9","title":"2.9","content":"","type":"verse","passage":"स्वरसवाही विदुषोऽपि तथा रूढोऽभिनिवेशः","commentary":"","meaning":"यहां तक कि बुद्धिमान भी एक गैर-बुद्धिमान के समान, सहज रूप से मृत्यु से डरते हैं, दुख को बनाए रखते हैं।","wordMeanings":"स्व - स्वयं का; रस - स्वाद; वाही - बहता हुआ; विदुषी - ऋषि, बुद्धिमान व्यक्ति; अपि - भी, यहां तक कि; तथा - इस प्रकार; रुढो - जड़; अभिनिवेश - आत्म-संरक्षण"},{"id":"10","title":"2.10","content":"","type":"verse","passage":"ते प्रतिप्रसवहेयाः सूक्ष्माः","commentary":"","meaning":"ये क्लेश (दुख) बहुत सूक्ष्म हैं (इसलिए आसानी से मिटाए नहीं जाते)। वे तभी समाप्त होते हैं जब मन अपने मूल में विलीन हो जाता है।","wordMeanings":"ते - ये; प्रति - के संबंध में, की ओर, उलट; प्रसव - प्रवाह, गति, निर्माण, स्थापना; हेय - दूर, अभिभूत; सुक्ष्म - सूक्ष्म"},{"id":"11","title":"2.11","content":"","type":"verse","passage":"ध्यानहेयास्तद्वृत्तयः","commentary":"","meaning":"ध्यान के माध्यम से, इन क्लेशों (दुखों) के कारण उत्पन्न होने वाले मन के उतार-चढ़ाव को समाप्त किया जा सकता है।","wordMeanings":"ध्यान - ध्यान अवशोषण; हेय - दूर, अभिभूत; तद - इसका, वह, इनमें से; वृत्तय - मन के विचार या प्रवृत्ति, मोड़, गति"},{"id":"12","title":"2.12","content":"","type":"verse","passage":"क्लेशमूलः कर्माशयो दृष्टादृष्टजन्मवेदनीयः","commentary":"","meaning":"कर्म (क्रियाओं) का जमाव क्लेश (दुख) के कारणों में निहित है, जिसका अनुभव भविष्य में या वर्तमान में होता है।","wordMeanings":"क्लेश - दुख, भ्रष्टाचार, बाधा, पीड़ा, जहर का कारण; मूल - जड़; कर्म - क्रिया; शय - भंडार, अवशेष; दृष्टा - देखा, बोधगम्य; अदृष्टा - अनदेखा; जन्म - जन्म; वेदनीय - अनुभव किया जाना"},{"id":"13","title":"2.13","content":"","type":"verse","passage":"सति मूले तद्विपाको जात्यायुर्भोगाः","commentary":"","meaning":"जब तक मूल स्रोत अर्थात क्लेश (दुख) मौजूद है, तब तक इसकी सामग्री परिणाम देती रहेगी - जन्म का प्रकार, जीवन की अवधि और जीवन का अनुभव।","wordMeanings":"सति - विद्यमान; मूल - जड़; तद - इसका, वह; विपाक - पकना, फलना; जाति - जन्म, पद; आयु - जीवन काल; भोग - अनुभव, आनंद"},{"id":"14","title":"2.14","content":"","type":"verse","passage":"ते ह्लादपरितापफलाः पुण्यापुण्यहेतुत्वात्","commentary":"","meaning":"प्रत्येक व्यक्ति का जन्म का प्रकार, जीवन काल और जीवन का अनुभव, या तो सुख या दुख के रूप में फलित होता है, जो उसके पिछले पुण्य या शातिर कार्यों का परिणाम होता है।","wordMeanings":"ते - वे, ये; ह्लाद - प्रसन्नता; परिताप - पीड़ा; फल - फल; पुण्य - अच्छा, पुण्य; अपुण्य - बुरा, बुराई; हेतुत्वात - कार्य-कारण"},{"id":"15","title":"2.15","content":"","type":"verse","passage":"परिणाम तापसंस्कार दुःखैर्गुणवृत्तिविरोधाच्च दुःखमेव सर्वं विवेकिनः","commentary":"","meaning":"ज्ञानी लोग मानते हैं कि दुख सभी अनुभवों में निहित है, चाहे वह कर्मों के परिणामों की पीड़ा हो, या संकट का दर्द हो, या दुख से भरे अव्यक्त छापों (संस्कारों) के बोझ का, साथ में निरंतर संघर्ष भी हो। प्रकृति के मूलभूत गुणों (गुणों) के कारण मन के उतार-चढ़ाव।","wordMeanings":"परिणाम - परिवर्तन; ताप - पीड़ा; संस्कार - अव्यक्त छापें; दुःख - संकट, दर्द, पीड़ा; गुण - प्रकृति के मूलभूत गुण; वृत्ति - मन के विचार या प्रवृत्ति, मोड़, गति; विरोधात - संघर्ष, विरोध; च - और; दुःख - संकट, दर्द, पीड़ा; एव - इस प्रकार; सर्व - सभी; विवेकिन - भेदभाव करने वाला व्यक्ति"},{"id":"16","title":"2.16","content":"","type":"verse","passage":"हेयं दुःखमनागतम्","commentary":"","meaning":"हालांकि, दुख को पूरी तरह से उत्पन्न होने से रोकना संभव है।","wordMeanings":"हेयं - दूर, अभिभूत; दुःख - संकट, दर्द, पीड़ा; अनागतम - भविष्य"},{"id":"17","title":"2.17","content":"","type":"verse","passage":"द्रष्टृदृश्ययोः संयोगो हेयहेतुः","commentary":"","meaning":"सभी दुखों का मूल कारण यह गलत धारणा है कि शुद्ध जागरूकता और जागरूकता की धारणा अविभाज्य हैं।","wordMeanings":"दृष्टा - द्रष्टा, साक्षी, शुद्ध जागरूकता; दृश्य - जो देखा जाता है; संयोग - मिलन, युग्मन; हेय - दूर, अभिभूत; हेतु - कारण"},{"id":"18","title":"2.18","content":"","type":"verse","passage":"प्रकाशक्रियास्थितिशीलं भूतेन्द्रियात्मकं भोगापवर्गार्थं दृश्यम्","commentary":"","meaning":"जागरूकता जिस भौतिक दुनिया को मानती है, वह चमक (सत्व), गतिविधि (रजस) और जड़ता (तमस) की विशेषता है, और तत्वों और इंद्रियों से बना है, और इंद्रिय अनुभव के साथ-साथ मुक्ति (द्रष्टा के लिए) दोनों के उद्देश्य को पूरा करता है।","wordMeanings":"प्रकाश - चमक; क्रिया - क्रिया; स्थिति - स्थिरता, स्थिरता; शीलं - चरित्र; भूत - तत्व; इन्द्रिय - संवेदी तंत्र; आत्मकं - स्वयं, सार; भोग - अनुभव, आनंद; अपवर्ग - मुक्ति, मुक्ति; अर्थ - अर्थ, उद्देश्य, दृष्टिकोण; दृश्यम - जो देखा जाता है"},{"id":"19","title":"2.19","content":"","type":"verse","passage":"विशेषाविशेषलिङ्गमात्रालिङ्गानि गुणपर्वाणि","commentary":"","meaning":"अस्तित्व के विभिन्न स्तर - चाहे वे विभेदित हों, अविभाजित हों, विशिष्ट हों या अस्पष्ट हों - सभी प्रकृति (गुणों) में निहित मूलभूत विशेषताओं की अभिव्यक्ति हैं।","wordMeanings":"विशेष - अंतर, भेद; विशिष्ट; अविशेष - अस्पष्ट; लिंग - चिह्न, विशेषता; मात्र - केवल; अलिंगानि - अविभाजित, बिना चिह्नों के; गुण - प्रकृति के मूलभूत गुण; पर्वाणि - स्तर, अवस्था"},{"id":"20","title":"2.20","content":"","type":"verse","passage":"द्रष्टा दृशिमात्रः शुद्धोऽपि प्रत्ययानुपश्यः","commentary":"","meaning":"शुद्ध जागरूकता (द्रष्टा) केवल देखने का कार्य है (इसलिए इसे द्रष्टा कहा जाता है), लेकिन यह आमतौर पर अपनी पवित्रता के बावजूद विचारशील मन के माध्यम से कार्य करता हुआ प्रतीत होता है।","wordMeanings":"द्रष्टा - शुद्ध जागरूकता, साक्षी, देखने वाला; दृशि - देखना; मात्र - केवल; सुद्ध - शुद्ध; अपि - भी, हालांकि; प्रत्यय - धारणा, विचार, इरादा, प्रतिनिधित्व; अनुपश्य - निहारना"},{"id":"21","title":"2.21","content":"","type":"verse","passage":"तदर्थ एव दृश्यस्यात्मा","commentary":"","meaning":"भौतिक दुनिया (द्रश्य) का उद्देश्य अनिवार्य रूप से इस सत्य (द्रष्टा के लिए) को प्रकट करना है।","wordMeanings":"तद - इसका, वह; अर्थ - अर्थ, उद्देश्य, दृष्टिकोण; एव - इस प्रकार; दृश्य - जो देखा जाता है; आत्म - स्वयं, सार"},{"id":"22","title":"2.22","content":"","type":"verse","passage":"कृतार्थं प्रतिनष्टमप्यनष्टं तदन्यसाधारणत्वात्","commentary":"","meaning":"एक बार यह अहसास हो जाने के बाद, उनके लिए भौतिक दुनिया का अस्तित्व समाप्त हो जाता है, लेकिन (गैर-साकार) दूसरों के लिए एक सामान्य वास्तविकता बनी रहती है।","wordMeanings":"कृत - किया, पूरा किया; अर्थ - अर्थ, उद्देश्य, दृष्टिकोण; प्रति - के संबंध में, की ओर, उलट; नष्ट - बंद; अपि - भी; अनष्ट - बंद नहीं; तद - इसका, वह; अन्य - अन्य; साधारणत्वात - सामान्य अनुभव"},{"id":"23","title":"2.23","content":"","type":"verse","passage":"स्वस्वामिशक्त्योः स्वरूपोपलब्धिहेतुः संयोगः","commentary":"","meaning":"यह शुद्ध जागरूकता और भौतिक दुनिया (अर्थात संयोजन की अवधारणा) की स्पष्ट अविभाज्यता है, जो अधिकारी और अधिकृत दोनों की शक्ति में अंतर्दृष्टि प्रदान करती है।","wordMeanings":"स्व - स्वयं का; स्वामी - मालिक; शक्ती - शक्ति; स्व - स्वयं का; रूप - रूप; उपलब्धि - अधिग्रहण; हेतु - कारण, कारण; संयोग - मिलन, युग्मन"},{"id":"24","title":"2.24","content":"","type":"verse","passage":"तस्य हेतुरविद्या","commentary":"","meaning":"इस घटना (संयोजन की) का कारण अज्ञानता है।","wordMeanings":"तस्य - इसका, वह; हेतु - कारण, कारण; अविद्या - ज्ञान की कमी, चीजों को वैसे नहीं देखना जैसे वे हैं"},{"id":"25","title":"2.25","content":"","type":"verse","passage":"तदभावात्संयोगाभावो हानं तद्दृशेः कैवल्यम्","commentary":"","meaning":"जब यह अज्ञानता दूर हो जाती है, तो अविभाज्यता का आभास भी दूर हो जाता है, और यह स्पष्ट हो जाता है कि शुद्ध जागरूकता मुक्त है और भौतिक दुनिया से अप्रभावित है जो मुक्ति की स्थिति (कैवल्य) है।","wordMeanings":"तद - इसका, वह; अभावात - गैर-अस्तित्व, गैर-होना, गायब होना; संयोग - मिलन, संघ, मिलन; अभाव - गैर-अस्तित्व, गैर-होना, गायब होना; हानं - समाप्ति; तद - इसका, वह; दृश्यो - देखना; कैवल्यम - मुक्ति, शुद्ध जागरूकता का अलगाव"},{"id":"26","title":"2.26","content":"","type":"verse","passage":"विवेकख्यातिरविप्लवा हानोपायः","commentary":"","meaning":"अविचलित भेदभावपूर्ण विवेक (द्रष्टा और दृश्य के बीच) मुक्ति का मार्ग है (अभी अंतिम स्थिति नहीं है, यह ऋतंभरा प्रज्ञा (1.48) का ऊपरी चरण है जहां यह प्रज्ञा भी समाप्त हो जाती है)।","wordMeanings":"विवेक - भेदभाव; ख्याति - देखना; अविप्ल्व - निरंतर, निर्बाध; हान - समाप्ति; उपाय - साधन"},{"id":"27","title":"2.27","content":"","type":"verse","passage":"तस्य सप्तधा प्रान्तभूमिः प्रज्ञा","commentary":"","meaning":"मुक्ति के इस मार्ग पर, भेदभावपूर्ण विवेक के ज्ञान वाला व्यक्ति (योगी) सात अंतिम चरणों तक विस्तृत होता है।","wordMeanings":"तस्य - इसका, वह; सप्तधा - सात गुना; प्रान्त - अंतिम; भूमि - अवस्था, स्तर; प्रज्ञा - ज्ञान"},{"id":"28","title":"2.28","content":"","type":"verse","passage":"योगाङ्गानुष्ठानादशुद्धिक्षये ज्ञानदीप्तिरा विवेकख्यातेः","commentary":"","meaning":"योग के घटकों का अभ्यास करने से अशुद्धियाँ कम होती हैं, जिससे समझ का प्रकाश चमकता है और भेदभावपूर्ण जागरूकता के मार्ग को प्रकाशित करता है।","wordMeanings":"योग - जुड़ने की प्रक्रिया, मिलन; अंग - अंग, घटक; अनुष्ठान - प्रदर्शन, अभ्यास; अशुद्धि - अशुद्धता; क्षय - घटता, घटता; ज्ञान - ज्ञान; दीप्ती - चमक; ए - तक विस्तार; विवेक - भेदभाव; ख्याति - देखना"},{"id":"29","title":"2.29","content":"","type":"verse","passage":"यमनियमासनप्राणायामप्रत्याहारधारणाध्यानसमाधयोऽष्टावङ्गानि","commentary":"","meaning":"सामाजिक अनुशासन, व्यक्तिगत पालन, मनो-शारीरिक मुद्रा, श्वास विनियमन, इंद्रियों का प्रत्याहार, एकाग्रता, ध्यान और मुक्ति योग के आठ अंग बनाते हैं।","wordMeanings":"यम - बाहरी अनुशासन; नियम - आंतरिक अनुशासन; आसन - मुद्रा; प्राणायाम - श्वास विनियमन; प्रत्याहार - इंद्रियों का प्रत्याहार; धारणा - एकाग्रता; ध्यान - ध्यान अवशोषण; समाधि - एकता, एकीकरण; अष्टावङ्गानि - आठ अंगानि - अंग"},{"id":"30","title":"2.30","content":"","type":"verse","passage":"अहिंसासत्यास्तेयब्रह्मचर्यापरिग्रहा यमाः","commentary":"","meaning":"पांच सामाजिक अनुशासन अहिंसा, सच्चा होना, चोरी न करना, ब्रह्मचर्य का अभ्यास करना और भौतिकवाद से बचना है।","wordMeanings":"अहिंसा - नुकसान न पहुँचाना; सत्य - सच्चाई, सत्य; अस्तेय - चोरी न करना; ब्रह्मचर्य - ब्रह्मचर्य, त्रुटिहीन आचरण; अपरिग्रह - अधिग्रहण न करना; यम - बाहरी अनुशासन"},{"id":"31","title":"2.31","content":"","type":"verse","passage":"जातिदेशकालसमयानवच्छिन्ना सार्वभौमा महाव्रतम्","commentary":"","meaning":"ये सिद्धांत गंभीर संकल्प हैं। वे किसी की सामाजिक स्थिति, क्षेत्र, विशिष्ट समय या किसी अवधि से बंधे नहीं हैं। वे सार्वभौमिक हैं।","wordMeanings":"जाति - जन्म, पद; देश - स्थान; काल - समय; समय - परिस्थिति; अनवच्छिन्ना - असीमित, चाहे कुछ भी हो; सर्व - सभी; भौम - एक स्तर पर; महा - महान; व्रतम - व्रत, प्रतिबद्धता"},{"id":"32","title":"2.32","content":"","type":"verse","passage":"शौचसंतोषतपः स्वाध्यायेश्वरप्रणिधानानि नियमाः","commentary":"","meaning":"पांच व्यक्तिगत पालन शरीर को शुद्ध कर रहे हैं, संतोष पैदा कर रहे हैं, तपस्या का अभ्यास कर रहे हैं, स्वयं का अध्ययन कर रहे हैं और भगवान के प्रति समर्पण कर रहे हैं।","wordMeanings":"शौच - पवित्रता; संतोष - संतोष; तप - तप, अनुशासन की तीव्रता, तपस्या; स्वाध्याय - स्वयं का अध्ययन; ईश्वर - शुद्ध जागरूकता का दिव्य आदर्श; प्रणिधान - समर्पण, समर्पण, आवेदन, संरेखण; नियम - आंतरिक अनुशासन"},{"id":"33","title":"2.33","content":"","type":"verse","passage":"वितर्कबाधने प्रतिपक्षभावनम्","commentary":"","meaning":"सकारात्मक विचारों को विकसित करके नकारात्मक विचारों का मुकाबला किया जा सकता है।","wordMeanings":"वितर्क - विश्लेषणात्मक सोच, अस्वस्थ विचार; बाधन - खदेड़ना; प्रतिपक्ष - विपरीत; भावनम - साकार करना, बनना"},{"id":"34","title":"2.34","content":"","type":"verse","passage":"वितर्का हिंसादयः कृतकारितानुमोदिता लोभक्रोधमोहपूर्वका मृदुमध्याधिमात्रा दुःखाज्ञानानन्तफला इति प्रतिपक्षभावनम्","commentary":"","meaning":"हिंसा आदि जैसे नकारात्मक विचार लालच, क्रोध या मोह से उत्पन्न होते हैं, और उनकी तीव्रता की परवाह किए बिना जैसे कि कम, मध्यम या अत्यधिक, अनिवार्य रूप से अज्ञानता और पीड़ा की ओर ले जाते हैं। इसलिए, प्रतिकार (अर्थात सकारात्मक) विचारों को विकसित करना आवश्यक है।","wordMeanings":"वितर्क - विश्लेषणात्मक सोच, नकारात्मक विचार; हिंसा - हानिकारक; आदय - वगैरह; कृत - किया, पूरा किया; कारित - करने के लिए प्रेरित किया, उकसाया; अनुमोदित - स्वीकृत; लोभ - लालच; क्रोध - क्रोध; मोह - भ्रम; पूर्वक - पहले से; मेदु - हल्का; मध्य - मध्यम; अधिमात्र - चरम, तीव्र; दुःख - संकट, दर्द, पीड़ा; अज्ञान - अज्ञानता; अनंत - अंतहीन, असीम; फल - फल; इति - इस प्रकार; प्रतिपक्ष - विपरीत; भावनम - साकार करना, बनना"},{"id":"35","title":"2.35","content":"","type":"verse","passage":"अहिंसाप्रतिष्ठायां तत्सन्निधौ वैरत्यागः","commentary":"","meaning":"जब व्यक्ति अहिंसा में दृढ़ता से निहित होता है, तो यह (उस योगी के आसपास) एक ऐसा वातावरण बनाता है जहां दूसरे अपनी घृणा को त्याग देते हैं।","wordMeanings":"अहिंसा - नुकसान न पहुँचाना; प्रतिष्ठा - पर आधारित, में निहित; तत - वह, ये; सन्निधौ - उपस्थिति; वैर - शत्रुता; त्याग - परित्याग"},{"id":"36","title":"2.36","content":"","type":"verse","passage":"सत्यप्रतिष्ठायां क्रियाफलाश्रयत्वम्","commentary":"","meaning":"जो लोग सच्चाई में दृढ़ता से निहित हो जाते हैं, वे सत्य के अनुसार प्रत्येक क्रिया और उसके परिणाम का अनुभव करते हैं।","wordMeanings":"सत्य - सच्चाई, सत्य; प्रतिष्ठा - पर आधारित, में निहित; क्रिया - क्रिया; फल - फल; श्रयत्वम - पर आराम"},{"id":"37","title":"2.37","content":"","type":"verse","passage":"अस्तेयप्रतिष्ठायां सर्वरत्नोपस्थानम्","commentary":"","meaning":"चोरी न करने (या जो उनका नहीं है उसे स्वीकार न करने) के गुण में स्थापित लोगों के लिए, संपूर्ण खजाने प्रकट होते हैं।","wordMeanings":"अस्तेय - चोरी न करना; प्रतिष्ठा - पर आधारित, में निहित; सर्व - सभी; रत्न - गहना; उपस्थानम - दृष्टिकोण, भौतिक"},{"id":"38","title":"2.38","content":"","type":"verse","passage":"ब्रह्मचर्यप्रतिष्ठायां वीर्यलाभः","commentary":"","meaning":"ब्रह्मचर्य जब गहराई से अंतर्निहित होता है तो ऊर्जा सुरक्षित करता है।","wordMeanings":"ब्रह्मचर्य - ब्रह्मचर्य, त्रुटिहीन आचरण; प्रतिष्ठा - पर आधारित, में निहित; वीर्य - ऊर्जा, शक्ति; लाभ - अर्जित"},{"id":"39","title":"2.39","content":"","type":"verse","passage":"अपरिग्रहस्थैर्ये जन्मकथंतासंबोधः","commentary":"","meaning":"गैर-लालची (इच्छाहीनता) की स्थिति में दृढ़ रहने से, (पिछले) जन्मों की समझ प्रकट होती है।","wordMeanings":"अपरिग्रह - अधिग्रहण न करना; स्थैर्य - में बसे होना; जन्म - जन्म; कथंता - समझना क्यों; संबोध - अंतर्दृष्टि"},{"id":"40","title":"2.40","content":"","type":"verse","passage":"शौचात्स्वाङ्गजुगुप्सा परैरसंसर्गः","commentary":"","meaning":"स्वच्छता का अभ्यास करने से, व्यक्ति शरीर की मजबूरियों से मुक्त हो जाता है और (शारीरिक रूप से) दूसरों के साथ जुड़ने की आवश्यकता से मुक्त हो जाता है।","wordMeanings":"शौच - पवित्रता; स्व - स्वयं का; अंग - अंग, घटक; जुगुप्सा - अनिच्छा, वैराग्य; परै - अन्य; असंसर्ग - संपर्क से मुक्ति"},{"id":"41","title":"2.41","content":"","type":"verse","passage":"सत्त्वशुद्धिसौमनस्यैकाग्र्येन्द्रियजयात्मदर्शनयोग्यत्वानि च","commentary":"","meaning":"स्वच्छता (मानसिक शुद्धि) के अभ्यास से सत्व का विकास करने से चमक, ध्यान केंद्रित करने की क्षमता में वृद्धि, इंद्रिय नियंत्रण और आत्म-जागरूकता की क्षमता होती है।","wordMeanings":"सत्त्व - स्पष्टता, चमक; प्रकृति का एक मूलभूत सार, या गुण; शुद्धि - पवित्रता; सौमनस्य - प्रसन्नता; एक - एक; आग्र्य - इशारा किया; इन्द्रिय - संवेदी तंत्र; जय - महारत; आत्म - स्वयं, सार; दर्शन - दृष्टि, दृष्टिकोण; योग्यता - क्षमता; च - और"},{"id":"42","title":"2.42","content":"","type":"verse","passage":"संतोषादनुत्तमः सुखलाभः","commentary":"","meaning":"संतोष खुशी का एक बेजोड़ एहसास लाता है।","wordMeanings":"संतोष - संतोष; अनुत्तम - नायाब; सुख - खुशी; लाभ - अर्जित"},{"id":"43","title":"2.43","content":"","type":"verse","passage":"कायेन्द्रियसिद्धिरशुद्धिक्षयात्तपसः","commentary":"","meaning":"तीव्र अनुशासन के माध्यम से, अशुद्धियाँ जल जाती हैं, और शरीर और इंद्रियाँ अत्यधिक परिष्कृत हो जाती हैं।","wordMeanings":"काया - शरीर; इन्द्रिय - संवेदी तंत्र; सिद्धि - पूर्णता; अशुद्धि - अशुद्धता; क्षयात - घटता, घटता; तपस - तप, अनुशासन की तीव्रता, तपस्या"},{"id":"44","title":"2.44","content":"","type":"verse","passage":"स्वाध्यायादिष्टदेवतासंप्रयोगः","commentary":"","meaning":"आत्म-चिंतन व्यक्ति के निजी देवता के साथ संबंध को मजबूत करता है।","wordMeanings":"स्वाध्याय - स्वयं का अध्ययन; इष्ट - वांछित; देवता - देवता; संप्रयोग - संपर्क"},{"id":"45","title":"2.45","content":"","type":"verse","passage":"समाधिसिद्धिरीश्वरप्रणिधानात्","commentary":"","meaning":"ईश्वर या ईश्वर के प्रति समर्पण समाधि (मुक्ति) प्राप्त करने की क्षमता प्रदान करता है।","wordMeanings":"समाधि - एकता, एकीकरण; सिद्धि - पूर्णता; ईश्वर - शुद्ध जागरूकता का दिव्य आदर्श; प्रणिधान - समर्पण, समर्पण, आवेदन, संरेखण"},{"id":"46","title":"2.46","content":"","type":"verse","passage":"स्थिरसुखमासनम्","commentary":"","meaning":"मनो-शारीरिक मुद्रा के दौरान शरीर को स्थिरता और सहजता दोनों को साकार करना चाहिए।","wordMeanings":"स्थिर - स्थिर, स्थिर; सुखम - खुशी; आसन - मुद्रा"},{"id":"47","title":"2.47","content":"","type":"verse","passage":"प्रयत्नशैथिल्यानन्तसमापत्तिभ्याम्","commentary":"","meaning":"यह तब संभव है जब सभी प्रयास शिथिल हो जाएं, और शरीर और अनंत ब्रह्मांड के बीच एकता की भावना उभरे।","wordMeanings":"प्रयत्न - प्रयास; शैथिल्य - विश्राम; अनन्त - अंतहीन, असीम; समापत्तिभ्याम - संयोजन, एकीकृत चिंतन"},{"id":"48","title":"2.48","content":"","type":"verse","passage":"ततो द्वंद्वानभिघातः","commentary":"","meaning":"इस बिंदु पर, विरोधों के द्वंद्व अब किसी को परेशान नहीं करते हैं।","wordMeanings":"ततो - इसलिए, इनसे, उससे; द्वंद्व - विरोधों का खेल, द्वंद्व; अनभिघात - इन्सुलेशन, अशांति से परे होना"},{"id":"49","title":"2.49","content":"","type":"verse","passage":"तस्मिन्सति श्वासप्रश्वासयोर्गतिविच्छेदः प्राणायामः","commentary":"","meaning":"मनो-शारीरिक मुद्रा प्राप्त करने के बाद, श्वास विनियमन का पालन किया जाता है। यह तब होता है जब श्वास लेना और छोड़ना विनियमित होता है।","wordMeanings":"तस्मिन् - इसमें; सति - विद्यमान; श्वास - साँस लेना; प्रश्वास - साँस छोड़ना; गति - प्रवाह; विच्छेद - समाप्ति, रुकावट; प्राणायाम - श्वास विनियमन"},{"id":"50","title":"2.50","content":"","type":"verse","passage":"बाह्याभ्यन्तरस्तम्भवृत्तिर्देशकालसंख्यामि परिदृष्टो दीर्घसूक्ष्मः","commentary":"","meaning":"(श्वास विनियमन या प्राणायाम के तीन आयाम हैं) श्वास लेना, छोड़ना और (विभिन्न) विराम (कुंभक)। प्रत्येक पहलू के स्थान, समय और संख्या पर ध्यान देने से, वे अधिक सूक्ष्म और विस्तारित हो जाते हैं।","wordMeanings":"बाह्य - बाहरी; अभ्यन्तर - आंतरिक; स्तम्भ - स्थिर; वृत्ति - मन के विचार या प्रवृत्ति, मोड़, गति; देश - स्थान; काल - समय; संख्या - संख्या; परिदृष्टो - देखा गया, मापा गया, जांचा गया; दीर्घ - लंबा; सूक्ष्म - सूक्ष्म"},{"id":"51","title":"2.51","content":"","type":"verse","passage":"बाह्याभ्यन्तरविषयाक्षेपी चतुर्थः","commentary":"","meaning":"चौथे आयाम (श्वास विनियमन के) में, श्वास लेने और छोड़ने के बीच का विभाजन गायब हो जाता है।","wordMeanings":"बाह्य - बाहरी; अभ्यान्तर - आंतरिक; विषय - वस्तु (अनुभव का), घटना; अक्षेपी - पार करना; चतुर्थ - चौथा"},{"id":"52","title":"2.52","content":"","type":"verse","passage":"ततः क्षीयते प्रकाशावरणम्","commentary":"","meaning":"फिर, रोशनी (सत्व) को छुपाने वाला मिट जाता है।","wordMeanings":"तत - इसलिए, इनसे, उससे; क्षीयते - गायब हो जाता है; प्रकाश - चमक; आवरणम - आवरण, घूंघट, परत"},{"id":"53","title":"2.53","content":"","type":"verse","passage":"धारणासु च योग्यता मनसः","commentary":"","meaning":"साथ ही, मन की ध्यान केंद्रित करने की क्षमता (धारणा) वास्तविक हो जाती है।","wordMeanings":"धारणासु - एकाग्रता; च - और; योग्यता - क्षमता; मनस - मन"},{"id":"54","title":"2.54","content":"","type":"verse","passage":"स्वविषयासंप्रयोगे चित्तस्वरूपानुकार इवेन्द्रियाणां प्रत्याहारः","commentary":"","meaning":"जब इंद्रियां अपने-अपने इंद्रिय विषयों से अलग हो जाती हैं और चित्त के स्वभाव के साथ तादात्म्य स्थापित कर लेती हैं, तब इंद्रियों का प्रत्याहार (प्रत्याहार) होता है।","wordMeanings":"स्व - स्वयं का; विषय - वस्तु (अनुभव का), घटना; असंप्रयोग - अलग होना; चित्त - चेतना; स्व - स्वयं का; रूप - रूप; अनुकार - नकल, सूट का पालन करना; इव - जैसे, इस प्रकार, जैसा था; इन्द्रिय - संवेदी तंत्र; प्रत्याहार - इंद्रियों का प्रत्याहार"},{"id":"55","title":"2.55","content":"","type":"verse","passage":"ततः परमावश्यतेन्द्रियाणाम्","commentary":"","meaning":"इसके बाद इंद्रियों पर सर्वोच्च अधिकार प्राप्त हो जाता है।","wordMeanings":"तत: - इसलिए, इनसे, उससे; परम - परम, उच्चतम, शुद्धतम; वश्यत - आज्ञाकारिता, अधीनता; इन्द्रिय - संवेदी तंत्र"}]}