{"id":3,"title":"विभूति पाद","description":"योग की उन्नत अवस्थाओं और सिद्धियों का वर्णन। यह ध्यान और आंतरिक शक्ति के विकास पर केंद्रित है।","sectionCount":55,"tags":null,"contentId":"YSOP02","sections":[{"id":"1","title":"3.1","content":"","type":"verse","passage":"देशबन्धश्चित्तस्य धारणा","commentary":"","meaning":"एकाग्रता / ध्यान एक ही स्थान पर ध्यान केंद्रित कर रहा है।","wordMeanings":"देश - स्थान; बन्ध - बंधन; चित्त - चेतना; धारणा - एकाग्रता"},{"id":"2","title":"3.2","content":"","type":"verse","passage":"तत्र प्रत्ययैकतानता ध्यानम्","commentary":"","meaning":"ध्यान में, किसी का संपूर्ण अवधारणात्मक अनुभव उस वस्तु के साथ निर्बाध रूप से जुड़ जाता है।","wordMeanings":"तत्र - वहां, उसमें; प्रत्यय - धारणा, विचार, इरादा, प्रतिनिधित्व; एक - एक; तानता - विस्तार, खिंचाव; ध्यान - ध्यान अवशोषण"},{"id":"3","title":"3.3","content":"","type":"verse","passage":"तदेवार्थमात्रनिर्भास स्वरूपशून्यमिव समाधिः","commentary":"","meaning":"जब उस वस्तु (ध्यान के लिए प्रयुक्त) का केवल सार रह जाता है, और (चित्त) के अपने कार्य (अन्य संज्ञानात्मक क्षमताएं) अस्तित्वहीन प्रतीत होते हैं तो समाधि प्राप्त हो जाती है।","wordMeanings":"तद - इसका, वह; एव - इस प्रकार; अर्थ - अर्थ, उद्देश्य, दृष्टिकोण; मात्र - केवल; निर्भास - चमकता हुआ; स्व - स्वयं का; रूप - रूप; शून्य - खाली; इव - जैसे, इस प्रकार, जैसा था; समाधि - एकता, एकीकरण"},{"id":"4","title":"3.4","content":"","type":"verse","passage":"त्रयमेकत्र संयमः","commentary":"","meaning":"अनुभूति की शुद्ध अवस्था (संयम) में सभी (उपरोक्त) तीन (एकाग्रता, ध्यान अवशोषण, और एक ही वस्तु के प्रति एकीकरण) शामिल हैं।","wordMeanings":"त्रयम - ये तीन; एकत्र - एक में, एक के रूप में; संयम - बाधा, पूर्ण अनुशासन"},{"id":"5","title":"3.5","content":"","type":"verse","passage":"तज्जयात्प्रज्ञालोकः","commentary":"","meaning":"जब कोई इस अनुशासन में महारत हासिल कर लेता है, तो ज्ञान का प्रकाश होता है। [इस ज्ञान के चरणों का उल्लेख सूत्र 2.27 में किया गया है]","wordMeanings":"तद - वह; ययात - महारत; प्रज्ञा - ज्ञान; आलोक - रोशनी, प्रतिभा की चमक"},{"id":"6","title":"3.6","content":"","type":"verse","passage":"तस्य भूमिषु विनियोगः","commentary":"","meaning":"इसे (संयम या अनुभूति की शुद्ध अवस्था) को परिष्कृत अनुभूति के विभिन्न चरणों या विमानों पर (क्रमिक रूप से) लागू किया जाना चाहिए।","wordMeanings":"तस्य - इसका, वह; भूमिषु - अवस्था; विनियोग - प्रगति, आवेदन"},{"id":"7","title":"3.7","content":"","type":"verse","passage":"त्रयमन्तरङ्गं पूर्वेभ्यः","commentary":"","meaning":"ये तीन अंग (एकाग्रता, अवशोषण और एकीकरण) पिछले पांच के संबंध में अंतरतम हैं।","wordMeanings":"त्रयम - ये तीन; अन्तर - आंतरिक; अंग - अंग, घटक; पूर्वेभ्य - पहले"},{"id":"8","title":"3.8","content":"","type":"verse","passage":"तदपि बहिरङ्गं निर्बीजस्य","commentary":"","meaning":"हालांकि, इन तीनों को भी एकीकरण की स्थिति के संबंध में बाहरी माना जाता है जिसमें कोई क्षमता / बीज (निर्बीज समाधि) नहीं होता है।","wordMeanings":"तद - इसका, वह; अपि - भी; बहि - बाहरी; अंग - अंग, घटक; निर्बीज - बीजरहित"},{"id":"9","title":"3.9","content":"","type":"verse","passage":"व्युत्थाननिरोधसंस्कारयोरभिभवप्रादुर्भावौ निरोधक्षणचित्तान्वयो निरोधपरिणामः","commentary":"","meaning":"सांसारिक या विचलित करने वाले संस्कारों का चक्रीय दमन और निरोधक (निरोध) संस्कारों का उदय अंततः पूर्व को मिटा देता है जिसके परिणामस्वरूप चित्त का निरोधक संस्कारों के साथ लगातार संपर्क होता है। यह संयम या निरोध-परिणाम की स्थिति को सक्षम बनाता है।","wordMeanings":"व्युत्थान - उद्भव; निरोध - शांत करना, समाप्ति, प्रतिबंध; संस्कार - अव्यक्त छापें; अभिभव - वशीकरण, दमन, विसर्जन; प्रादुर - बाहर; भावौ - होना, बनना; निरोध - शांत करना, समाप्ति, प्रतिबंध; क्षण - क्षण; चित्त - चेतना; अन्वयो - से जुड़ा, व्याप्त; निरोध - शांत करना, समाप्ति, प्रतिबंध; परिणाम - परिवर्तन"},{"id":"10","title":"3.10","content":"","type":"verse","passage":"तस्य प्रशान्तवाहिता संस्कारात्","commentary":"","meaning":"मन में विचारों की अस्थिर तरलता संस्कारों के कारण होती है।","wordMeanings":"तस्य - इस (मन) का; प्रशान्त - शांत; वाहिता - प्रवाह, प्रगति; संस्कारात - अव्यक्त छापें"},{"id":"11","title":"3.11","content":"","type":"verse","passage":"सर्वार्थतैकाग्रतयोः क्षयोदयौ चित्तस्य समाधिपरिणामः","commentary":"","meaning":"मुक्ति की स्थिति (समाधि परिणाम) में, चित्त बहु-बिंदुता को समाप्त करता है और एक-बिंदुता विकसित करता है।","wordMeanings":"सर्व - सभी; अर्थात - किसी चीज़ के अर्थ के बारे में; एकाग्रतयो - एक-बिंदुता, फ़ोकस; क्षय - घटता, घटता; उदयौ - उत्पन्न होना, प्रकट होना; चित्त - चेतना; समाधि - एकता, एकीकरण; परिणाम - परिवर्तन"},{"id":"12","title":"3.12","content":"","type":"verse","passage":"ततः पुनः शान्तोदितौ तुल्यप्रत्ययौ चित्तस्यैकाग्रतापरिणामः","commentary":"","meaning":"फिर, चित्त पर मौजूद / उत्पन्न होने वाला ध्यान का एक उद्देश्य या विचार उसके समान ही होता है जो कम हो जाता है। यह अवस्था एक-बिंदुता (एकाग्रता परिणाम) की है।","wordMeanings":"ततः - इसलिए, इनसे, उससे; पुनः - फिर से; शान्त - शांत, कम; उदितौ - उत्पन्न; तुल्य - समान, समान; प्रत्ययौ - धारणा, विचार, इरादा, प्रतिनिधित्व; चित्त - चेतना; एकाग्रता - एक-बिंदुता, फ़ोकस; परिणाम - परिवर्तन"},{"id":"13","title":"3.13","content":"","type":"verse","passage":"एतेन भूतेन्द्रियेषु धर्मलक्षणावस्थापरिणामा व्याख्याताः","commentary":"","meaning":"इसके समान (चेतना में उपरोक्त परिवर्तनों की तरह), भौतिक वस्तुओं और इंद्रियों में गतिशील परिवर्तन (गुणों के परस्पर क्रिया के कारण) की व्याख्या तीन स्तरों पर की जा सकती है: कार्य (धर्म), समय अवधि (लक्षण) और स्थिति (अवस्था)।","wordMeanings":"एतेन - इसके द्वारा; भूत - तत्व; इन्द्रियेषु - संवेदी तंत्र; धर्म - संपत्ति, दृश्य रूप, अनुभवात्मक पदार्थ; लक्षण - विशेषता, समय कारक; अवस्था - स्थिति; परिणाम - परिवर्तन; व्याख्याता - वर्णित, समझाया गया"},{"id":"14","title":"3.14","content":"","type":"verse","passage":"शान्तोदिताव्यपदेश्यधर्मानुपाती धर्मी","commentary":"","meaning":"अंतर्निहित नींव (धर्मी) वही रहती है, चाहे वह किसी विशेष रूप या कार्य (धर्म) में प्रकट हो - परिवर्तन से पहले, उसके दौरान या बाद में।","wordMeanings":"शान्त - शांत, कम; उदित - उत्पन्न; अव्यपदेश्य - अव्यक्त; धर्म - संपत्ति, दृश्य रूप, अनुभवात्मक पदार्थ; अनुपाती - निम्नलिखित, पर निर्भर; धर्मी - सब्सट्रेट, पदार्थ"},{"id":"15","title":"3.15","content":"","type":"verse","passage":"क्रमान्यत्व परिणामान्यत्वे हेतुः","commentary":"","meaning":"ये परिवर्तन (वस्तुओं / जागरूकता के) एक विशिष्ट तरीके से होते प्रतीत होते हैं, जो अनुक्रम (विशेषताओं के) में परिवर्तन के कारण होता है।","wordMeanings":"क्रम - अनुक्रम, प्रवाह, उत्तराधिकार; अन्यत्व - भेदभाव, भिन्नता; परिणाम - परिवर्तन; अन्यत्वे - भेदभाव, भिन्नता; हेतुः - कारण, कारण"},{"id":"16","title":"3.16","content":"","type":"verse","passage":"परिणामत्रयसंयमादतीतानागतज्ञानम्","commentary":"","meaning":"परिवर्तन के तीन पहलुओं - कार्य, समय अवधि और स्थिति को ध्यान से देखकर (अनुभूति या संयम की शुद्ध अवस्था), व्यक्ति अतीत और भविष्य दोनों में अंतर्दृष्टि प्राप्त कर सकता है।","wordMeanings":"परिणाम - परिवर्तन; त्रय - ये तीन; संयम - बाधा, पूर्ण अनुशासन; अतीत - अतीत; अनागत - भविष्य; ज्ञान - ज्ञान"},{"id":"17","title":"3.17","content":"","type":"verse","passage":"शब्दार्थप्रत्ययानामितरेतराध्यासात्संकरस्तत्प्रविभागसंयमात्सर्वभूतरुतज्ञानम्","commentary":"","meaning":"शब्द, अर्थ और धारणा की अवधारणाएँ अक्सर आपस में जुड़ी होती हैं, जिससे उनके बीच भ्रम पैदा होता है। हालांकि, पूर्ण अनुशासन (संयम) के माध्यम से उनके बीच के अंतरों पर ध्यान देकर, व्यक्ति सभी जीवित प्राणियों की ध्वनियों में अंतर्दृष्टि प्राप्त कर सकता है।","wordMeanings":"शब्द - मौखिक, भाषाई; अर्थ - अर्थ, उद्देश्य, दृष्टिकोण; प्रत्ययान - धारणा, विचार, इरादा, प्रतिनिधित्व; इतरेतर - एक दूसरे; अध्यासात - अधिरोपण; संकर - भ्रम, मिश्रण; तत - वह, ये; प्रविभाग - भेद; संयम - बाधा, पूर्ण अनुशासन; सर्व - सभी; भूत - तत्व, प्राणी; रुत - भाषा, ध्वनि; ज्ञान - ज्ञान"},{"id":"18","title":"3.18","content":"","type":"verse","passage":"संस्कारसाक्षात्करणात्पूर्वजातिज्ञानम्","commentary":"","meaning":"प्रत्यक्ष धारणा के माध्यम से निष्क्रिय मानसिक छापों (संस्कारों) की जांच करने से पिछले जन्मों में अंतर्दृष्टि प्राप्त होती है।","wordMeanings":"संस्कार - अव्यक्त छापें; साक्षात - प्रत्यक्ष, आंख के माध्यम से; करणात - बनाना, निरीक्षण करना; पूर्व - पहले; जाति - जन्म, पद; ज्ञान - ज्ञान"},{"id":"19","title":"3.19","content":"","type":"verse","passage":"प्रत्ययस्य परचित्तज्ञानम्","commentary":"","meaning":"किसी अन्य व्यक्ति की धारणाओं (प्रत्यय) पर ध्यान केंद्रित करके उसकी चेतना में अंतर्दृष्टि प्राप्त करना संभव है।","wordMeanings":"प्रत्ययस्य - धारणा, विचार, इरादा, प्रतिनिधित्व; परा - अन्य; चित्त - चेतना; ज्ञान - ज्ञान"},{"id":"20","title":"3.20","content":"","type":"verse","passage":"न च तत्सालम्बनं तस्याविषयीभूतत्वात्","commentary":"","meaning":"हालांकि, यह अंतर्दृष्टि उनकी धारणाओं की वस्तु (आलम्बन) तक नहीं फैली है क्योंकि यह (वस्तु) वास्तव में उस व्यक्ति का विषय नहीं है जो ध्यान केंद्रित कर रहा है (अर्थात योगी)।","wordMeanings":"न - नहीं; च - और; तत - वह, ये; सालम्बनं - समर्थन के साथ; तस्य - इसका, वह; अविषयी - मौजूद नहीं, अनुपस्थित; भूतत्वात - वास्तविकता, होना"},{"id":"21","title":"3.21","content":"","type":"verse","passage":"कायरूपसंयमात्तद्ग्राह्यशक्तिस्तम्भे चक्षुष्प्रकाशासंयोगेऽन्तर्धानम्","commentary":"","meaning":"पूर्ण अनुशासन (संयम) के साथ शरीर के भौतिक रूप को देखकर, यह अदृश्य हो जाता है। यह तब होता है जब आंख और आने वाली रोशनी के बीच देखने की शक्ति निलंबित हो जाती है।","wordMeanings":"काया - शरीर; रूप - रूप; संयम - बाधा, पूर्ण अनुशासन; तत - इसका, वह; ग्राह्य - प्राप्त होना, माना जाना; शक्ति - शक्ति; स्तम्भे - निलंबन; चक्षु - आंख; प्रकाश - चमक; असंयोग - अलग होना; अन्तर्धानम - अदृश्यता, गायब होना"},{"id":"22","title":"3.22","content":"","type":"verse","passage":"सोपक्रमं निरुपक्रमं च कर्म तत्संयमादपरान्तज्ञानमरिष्टेभ्यो वा","commentary":"","meaning":"कार्यों (कर्म) के परिणाम तुरंत प्रकट हो सकते हैं या प्रकट होने में समय लग सकता है। पूर्ण अनुशासन के साथ किसी के कार्यों को देखना या शगुन का अध्ययन करना मृत्यु में अंतर्दृष्टि प्रदान कर सकता है।","wordMeanings":"सोपक्रमं - तुरंत प्रकट; निरुपक्रमं - प्रकट होने में धीमा; च - और; कर्म - क्रिया; तत - वह, ये; संयम - बाधा, पूर्ण अनुशासन; अपरान्त - मृत्यु; ज्ञान - ज्ञान; अरिष्टेभ्यो - संकेत, शगुन; वा - या"},{"id":"23","title":"3.23","content":"","type":"verse","passage":"मैत्र्यादिषु बलानि","commentary":"","meaning":"मित्रता आदि (अर्थात करुणा, प्रसन्नता और समभाव) पर ध्यान केंद्रित करने के लिए पूर्ण अनुशासन का उपयोग करके, व्यक्ति (अपनी) ताकत को आंतरिक कर सकता है।","wordMeanings":"मैत्री - मित्रता; आदिषु - और अन्य, वगैरह; बलानि - शक्तियाँ, ताकत"},{"id":"24","title":"3.24","content":"","type":"verse","passage":"बलेषु हस्तिबलादीनि","commentary":"","meaning":"ताकत पर ध्यान केंद्रित करने (संयम) के माध्यम से, हाथी आदि की शक्तियों को प्राप्त करना संभव है।","wordMeanings":"बलेषु - शक्तियाँ, ताकत; हस्ति - हाथी; बल - शक्तियाँ, ताकत; आदीनि - और अन्य, वगैरह"},{"id":"25","title":"3.25","content":"","type":"verse","passage":"प्रवृत्त्यालोकन्यासात्सूक्ष्मव्यवहितविप्रकृष्टज्ञानम्","commentary":"","meaning":"मन की चमक में गहराई से लगे रहने से अस्तित्व के सूक्ष्म, छिपे और दूरस्थ पहलुओं (चीजों के) में अंतर्दृष्टि मिलती है।","wordMeanings":"प्रवृत्ति - गतिविधि का उत्पन्न होना; आलोक - रोशनी, प्रतिभा की चमक; न्यासात - नीचे स्थापित करना, ध्यान केंद्रित करना; सूक्ष्म - सूक्ष्म; व्यवहित - छिपा हुआ; विप्रकृष्ट - दूर; ज्ञान - ज्ञान"},{"id":"26","title":"3.26","content":"","type":"verse","passage":"भुवनज्ञानं सूर्ये संयमात्","commentary":"","meaning":"सूर्य पर पूर्ण ध्यान केंद्रित करने (समायम) से, व्यक्ति को ब्रह्मांड में अंतर्दृष्टि प्राप्त करने की अनुमति मिलती है।","wordMeanings":"भुवन - दुनिया; ज्ञान - ज्ञान; सूर्ये - सूर्य पर; संयमात - बाधा, पूर्ण अनुशासन"},{"id":"27","title":"3.27","content":"","type":"verse","passage":"चन्द्रे ताराव्यूहज्ञानम्","commentary":"","meaning":"चंद्रमा पर ध्यान केंद्रित करने के लिए पूर्ण अनुशासन (समायम) का उपयोग करके, व्यक्ति सितारों की स्थिति में अंतर्दृष्टि प्राप्त कर सकता है।","wordMeanings":"चन्द्रे - चंद्रमा पर; तारा - तारा; व्यूह - व्यवस्था; ज्ञान - ज्ञान"},{"id":"28","title":"3.28","content":"","type":"verse","passage":"ध्रुवे तद्गतिज्ञानम्","commentary":"","meaning":"पूर्ण अनुशासन (समायम) ध्रुवतारा पर ध्यान केंद्रित करके सितारों की गति / गति में अंतर्दृष्टि प्राप्त करने में सक्षम बनाता है।","wordMeanings":"ध्रुव - ध्रुवतारा; तत - इसका, वह; गति - प्रवाह; ज्ञान - ज्ञान"},{"id":"29","title":"3.29","content":"","type":"verse","passage":"नाभिचक्रे कायव्यूहज्ञानम्","commentary":"","meaning":"नाभि चक्र पर ध्यान केंद्रित करने के लिए पूर्ण अनुशासन (समायम) का उपयोग करके, व्यक्ति शरीर के संगठन में अंतर्दृष्टि प्राप्त कर सकता है।","wordMeanings":"नाभि - नाभि; चक्र - पहिया, ऊर्जा केंद्र; काया - शरीर; व्यूह - व्यवस्था; ज्ञान - ज्ञान"},{"id":"30","title":"3.30","content":"","type":"verse","passage":"कण्ठकूपे क्षुत्पिपासानिवृत्तिः","commentary":"","meaning":"गले के गड्ढे पर पूर्ण अनुशासन (समायम) के साथ ध्यान केंद्रित करने से भूख और प्यास को खत्म करने में मदद मिलती है।","wordMeanings":"कंठ - गला; कूप - गड्ढा, कुआं, गुहा; क्षुत - भूख; पिपास - प्यास; अनिवृत्ति - समाप्ति"},{"id":"31","title":"3.31","content":"","type":"verse","passage":"कूर्मनाड्यां स्थैर्यम्","commentary":"","meaning":"'कछुआ चैनल' (कूर्म नाड़ी) पर पूर्ण अनुशासन (समायम) के साथ ध्यान केंद्रित करने से स्थिरता विकसित करने में मदद मिलती है।","wordMeanings":"कूर्म - कछुआ; नाड़ी - चैनल, डक्ट; स्थैर्यम - में बसे होना"},{"id":"32","title":"3.32","content":"","type":"verse","passage":"मूर्धज्योतिषि सिद्धदर्शनम्","commentary":"","meaning":"पूर्ण अनुशासन (समायम) के माध्यम से, सिर के मुकुट पर प्रकाश पर ध्यान केंद्रित करने से व्यक्ति को पूर्णता प्राप्त करने वालों (सिद्धों) का दृष्टिकोण प्राप्त करने की अनुमति मिलती है।","wordMeanings":"मूर्ध - सिर, मुकुट; ज्योतिषी - प्रकाश; सिद्ध - सिद्ध व्यक्ति; दर्शन - दृष्टि, दृष्टिकोण"},{"id":"33","title":"3.33","content":"","type":"verse","passage":"प्रातिभाद्वा सर्वम्","commentary":"","meaning":"या, अंतर्ज्ञान (विवेकपूर्ण ज्ञान का अग्रभूमि) सभी के बारे में ज्ञान ला सकता है।","wordMeanings":"प्रातिभात - सहज रोशनी; वा - या; सर्वम - सभी"},{"id":"34","title":"3.34","content":"","type":"verse","passage":"हृदये चित्तसंवित्","commentary":"","meaning":"हृदय पर अत्यंत अनुशासन के साथ ध्यान केंद्रित करके, व्यक्ति चेतना के सार को समझ सकता है।","wordMeanings":"हृदये - हृदय; चित्त - चेतना; संवित - समझ"},{"id":"35","title":"3.35","content":"","type":"verse","passage":"सत्त्वपुरुषयोरत्यन्तासंकीर्णयोः प्रत्ययाविशेषो भोगः परार्थात्स्वार्थसंयमात्पुरुषज्ञानम्","commentary":"","meaning":"सांसारिक धारणा में ऐसे अनुभव शामिल होते हैं जहां शुद्ध चेतना (पुरुष) को शुद्ध (सत्व) बुद्धि के रूप में गलत माना जाता है, जबकि दोनों अलग-अलग होते हैं। हालाँकि, सांसारिक धारणा दूसरे (अर्थात शुद्ध चेतना) की समझ की सेवा के लिए मौजूद है। अपने लिए रहने वाले व्यक्ति पर अत्यंत अनुशासन के साथ ध्यान केंद्रित करके, शुद्ध चेतना की समझ प्रकट होती है।","wordMeanings":"सत्त्व - स्पष्टता, चमक; प्रकृति का एक मूलभूत सार, या गुण; पुरुष - शुद्ध जागरूकता; अत्यन्त - बिल्कुल; असंकीर्णयो - अमिश्रित; प्रत्यय - धारणा, विचार, इरादा, प्रतिनिधित्व; अविशेषो - अस्पष्ट; भोग - अनुभव, आनंद; परा - अन्य; अर्थात - कार्य, भूमिका; स्व - स्वयं का; अर्थ - अर्थ, उद्देश्य, दृष्टिकोण; संयम - बाधा, पूर्ण अनुशासन; पुरुष - शुद्ध जागरूकता; ज्ञान - ज्ञान"},{"id":"36","title":"3.36","content":"","type":"verse","passage":"ततः प्रातिभश्रावणवेदनादर्शास्वादवार्ता जायन्ते","commentary":"","meaning":"इस (उपरोक्त) समझ के परिणामस्वरूप, अंतर्ज्ञान और सुनने, स्पर्श, दृष्टि, स्वाद, गंध की ऊंची भावना उभरती है।","wordMeanings":"तत: - इसलिए, इनसे, उससे; प्रातिभा - सहज रोशनी; श्रावण - सुनना; वेदना - भावना; दर्श - देखना; स्वाद - चखना; वार्ता - सूंघना; जायन्ते - होता है, उत्पन्न होता है"},{"id":"37","title":"3.37","content":"","type":"verse","passage":"ते समाधावुपसर्गा व्युत्थाने सिद्धयः","commentary":"","meaning":"हालांकि ये बढ़ी हुई संवेदी क्षमताएं बाहरी रूप से निर्देशित मन के लिए उपलब्धियों की तरह लग सकती हैं, वे मुक्ति / एकीकरण के मार्ग में बाधाएं हैं।","wordMeanings":"ते - वे, ये; समाधौ - एकता, एकीकरण; उपसर्गा - बाधा, बाधा; व्युत्थाने - उद्भव; सिद्धय: - पूर्णता, प्राप्ति"},{"id":"38","title":"3.38","content":"","type":"verse","passage":"बन्धकारणशैथिल्यात्प्रचारसंवेदनाच्च चित्तस्य परशरीरावेशः","commentary":"","meaning":"किसी के लगाव को छोड़ कर और चेतना के मार्गों के प्रति पूरी तरह से जुड़कर, यह किसी अन्य व्यक्ति के शरीर में बस सकता है।","wordMeanings":"बंध - बंधन; कारण - कारण, बनाना, धारणा; शैथिल्यात - विश्राम; प्रचार - आंदोलन, मार्ग; संवेदना - संवेदनशीलता; च - और; चित्त - चेतना; परा - अन्य; शरीर - शरीर; आवेश - प्रवेश"},{"id":"39","title":"3.39","content":"","type":"verse","passage":"उदानजयाज्जलपङ्ककण्टकादिष्वसङ्ग उत्क्रान्तिश्च","commentary":"","meaning":"गर्दन और सिर (उदान) में महत्वपूर्ण ऊर्जा पर महारत हासिल करके, व्यक्ति जमीन से संपर्क किए बिना पानी, मिट्टी, कांटों और अन्य बाधाओं को पार कर सकता है, बल्कि उन पर तैर सकता है।","wordMeanings":"उदान - ऊर्जा प्रवाह का सबसे ऊपरी क्षेत्र, या प्राण, जय - महारत; जल - पानी; पङ्क - मिट्टी; कण्टक - कांटा; आदिष्व - और अन्य, वगैरह; असंग - बिना छुए; उत्क्रांति - ऊपर उठना; च - और"},{"id":"40","title":"3.40","content":"","type":"verse","passage":"समानजयाज्जवलनम्","commentary":"","meaning":"सौर जाल (समान) के माध्यम से ऊर्जा के प्रवाह पर महारत हासिल करके, व्यक्ति दीप्तिमान हो जाता है।","wordMeanings":"समान - सौर जाल के माध्यम से ऊर्जा प्रवाह; जयात - महारत; ज्वलनम - चमक"},{"id":"41","title":"3.41","content":"","type":"verse","passage":"श्रोत्राकाशयोः संबन्धसंयमाद्दिव्यं श्रोत्रम्","commentary":"","meaning":"सुनने के अंग और अंतरिक्ष के अंतर्संबंध पर ध्यान केंद्रित (संयम) करके, व्यक्ति दिव्य श्रवण प्राप्त कर सकता है।","wordMeanings":"श्रोत्र - सुनने का; आकाश - अंतरिक्ष, ईथर; संबंध - संबंध; संयम - बाधा, पूर्ण अनुशासन; दिव्य - दिव्य; श्रोत्रम - सुनने की क्षमता"},{"id":"42","title":"3.42","content":"","type":"verse","passage":"कायाकाशयोः संबन्धसंयमाल्लघुतूलसमापत्तेश्चाऽऽकाशगमनम्","commentary":"","meaning":"शरीर के अंतरिक्ष के साथ संबंध पर ध्यान केंद्रित (संयम) और कपास की तरह हल्केपन पर गहन एकाग्रता (समापत्ति) विकसित करके, व्यक्ति अंतरिक्ष के माध्यम से यात्रा कर सकता है।","wordMeanings":"काया - शरीर; आकाश - अंतरिक्ष, ईथर; संबंध - संबंध; संयम - बाधा, पूर्ण अनुशासन; लघु - प्रकाश; तूला - कपास; समापत्तेः - संयोजन, एकीकृत चिंतन; च - और; आकाश - अंतरिक्ष, ईथर; गमनम - यात्रा"},{"id":"43","title":"3.43","content":"","type":"verse","passage":"बहिरकल्पिता वृत्तिर्महाविदेहा ततः प्रकाशावरणक्षयः","commentary":"","meaning":"'महान विदेह' (महाविदेहा) की स्थिति तब होती है जब मन शरीर के बाहर एक गैर-काल्पनिक अवस्था में प्रक्षेपित होता है। तब मन की चमक को अस्पष्ट करने वाला घूंघट हट जाता है।","wordMeanings":"बहिर - बाहरी; अकल्पिता - संभव नहीं, असंभव; वृत्ति - मन के विचार या प्रवृत्ति, मोड़, गति; महा - महान; विदेह - निराकार; ततः - इसलिए, इनसे, उससे; प्रकाश - चमक; आवरण - आवरण, घूंघट, परत; क्षय - गायब होना"},{"id":"44","title":"3.44","content":"","type":"verse","passage":"स्थूलस्वरूपसूक्ष्मान्वयार्थवत्त्वसंयमाद्भूतजयः","commentary":"","meaning":"संयम के साथ पदार्थ के विभिन्न आयामों जैसे कि स्थूल, आंतरिक, सूक्ष्म, अंतर्संबंध (गुणों के स्तर पर) और उद्देश्य (वस्तुओं का) को ध्यान से देखकर, व्यक्ति तत्वों पर महारत हासिल कर लेता है।","wordMeanings":"स्थूल - स्थूल; स्व - स्वयं का; रूप - रूप; सूक्ष्म - सूक्ष्म; अन्वय - व्यापकता, संबंध; अर्थ - अर्थ, उद्देश्य, दृष्टिकोण; वत्त्व - कार्य; संयम - बाधा, पूर्ण अनुशासन; भूत - तत्व, प्राणी; जय - महारत"},{"id":"45","title":"3.45","content":"","type":"verse","passage":"ततोऽणिमादिप्रादुर्भावः कायसंपत्तद्धर्मानभिघातश्च","commentary":"","meaning":"परिणामस्वरूप, असाधारण क्षमताएं, जैसे कि स्वयं को एक परमाणु (एनिमा) आदि के आकार में कम करने की शक्ति (और 7 और क्षमताएं) प्रकट होती हैं। इस प्रकार शरीर भौतिक पदार्थ के नियमों को पार करने की क्षमता विकसित करता है और पूर्णता भी प्राप्त करता है।","wordMeanings":"तत - इसलिए, इनसे, उससे; अणिमा - सूक्ष्म रूप से छोटा बनने की शक्ति; आदि - अन्य; प्रादुर - बाहर; भाव - होना, बनना; काया - शरीर; सम्पत - पूर्णता; तद - इसका, वह; धर्म - संपत्ति, दृश्य रूप, अनुभवात्मक पदार्थ; अनभिघातश्च - इन्सुलेशन, अशांति से परे होना; च - और"},{"id":"46","title":"3.46","content":"","type":"verse","passage":"रूपलावण्यबलवज्रसंहननत्वानि कायसंपत्","commentary":"","meaning":"शरीर की पूर्णता के इस स्तर में सुंदरता, अनुग्रह, शक्ति और वज्र की अविनाशीता जैसे गुण शामिल हैं।","wordMeanings":"रूप - रूप; लावण्य - अनुग्रह; बल - शक्ति; वज्र - हीरा; संहननत्वानि - स्थायित्व, दृढ़ता; काया - शरीर; संपत - पूर्णता"},{"id":"47","title":"3.47","content":"","type":"verse","passage":"ग्रहणस्वरूपास्मितान्वयार्थवत्त्वसंयमादिन्द्रियजयः","commentary":"","meaning":"व्यक्ति संयम (इंद्रियों के विभिन्न पहलुओं पर) द्वारा इंद्रिय अंगों पर नियंत्रण प्राप्त कर सकता है - ज्ञान प्राप्त करने की प्रक्रिया, बुनियादी गुण (इंद्रिय अंगों के), व्यक्तिगत सिद्धांत (अस्मिता), अंतर्निहित गुण और आवश्यकता ( गुणों का)।","wordMeanings":"ग्रहण - लोभी, अनुभव करना; स्व - स्वयं का; रूप - रूप; अस्मिता - 'मैं' की भावना, अहंकार; अन्वय - व्यापकता, संबंध; अर्थ - अर्थ, उद्देश्य, दृष्टिकोण; वत्त्व - कार्य; संयम - बाधा, पूर्ण अनुशासन; इन्द्रिय - संवेदी तंत्र; जय - महारत"},{"id":"48","title":"3.48","content":"","type":"verse","passage":"ततो मनोजवित्वं विकरण भावः प्रधानजयश्च","commentary":"","meaning":"ऐसा करने से (इंद्रिय अंगों पर संयम) व्यक्ति विचार की गति से यात्रा करने की क्षमता, शरीर से स्वतंत्र धारणा और पदार्थ के मूल पहलुओं (मूल प्रकृति) पर नियंत्रण भी प्राप्त करता है।","wordMeanings":"ततो - इसलिए, इनसे, उससे; मन - मन; जवित्वं - शीघ्रता; विकरण - बिना अंगों के; भाव - स्थिति, अवस्था; प्रधान - नींव, मैट्रिक्स; जय - महारत; च - और"},{"id":"49","title":"3.49","content":"","type":"verse","passage":"सत्त्वपुरुषान्यताख्यातिमात्रस्य सर्वभावाधिष्ठातृत्वं सर्वज्ञातृत्वं च","commentary":"","meaning":"केवल जब कोई व्यक्ति शुद्ध जागरूकता और बुद्धि के बीच अंतर को समझता है, तो वह सभी को जानने वाला बन जाता है और अस्तित्व पर अधिकार प्राप्त कर लेता है।","wordMeanings":"सत्त्व - स्पष्टता, चमक; प्रकृति का एक मूलभूत सार, या गुण; पुरुष - शुद्ध जागरूकता; अन्यत - अंतर, भेद; ख्याति - देखना; मात्रस्य - केवल, केवल; सर्व - सभी; भाव - स्थिति, अवस्था; अधिष्ठातृत्वं - सर्वोच्चता; सर्व - सभी; ज्ञातृत्वं - सर्वज्ञता; च - और"},{"id":"50","title":"3.50","content":"","type":"verse","passage":"तद्वैराग्यादपि दोषबीजक्षये कैवल्यम्","commentary":"","meaning":"जब कोई इस सर्वज्ञता और महारत से भी अलग हो जाता है, और दुख के बीज क्षय हो जाते हैं, और प्राचीन चेतना अपने स्वतंत्र अस्तित्व (कैवल्य की स्थिति) का एहसास करती है।","wordMeanings":"तद - इसका, वह; वैराग्यात - वैराग्य, गैर-प्रतिक्रिया, गैर-लगाव; अपि - भी; दोष - अपूर्णता, दोष; बीज - बीज, स्रोत; क्षय - घटता, घटता; कैवल्यम - मुक्ति, शुद्ध जागरूकता का अलगाव"},{"id":"51","title":"3.51","content":"","type":"verse","passage":"स्थान्युपनिमन्त्रणे सङ्गस्मयाकरणं पुनरनिष्टप्रसङ्गात्","commentary":"","meaning":"यहां तक कि अगर दिव्य प्राणी किसी को बुलाते हैं, तो भी आसक्त या अभिमानी होने से बचना महत्वपूर्ण है; अन्यथा, दुख फिर से उभर आएगा।","wordMeanings":"स्थान्य - ऊंचा, आकाशीय; उपनिमन्त्रण - निमंत्रण; संग - संपर्क, लगाव; स्मय - अभिमान, मुस्कराहट; आकरणं - बिना कारण के; पुनः - फिर से, दोहराया, नवीनीकृत; अनिष्ट - अवांछनीय; प्रसंगात - झुकाव, पुनरावृत्ति"},{"id":"52","title":"3.52","content":"","type":"verse","passage":"क्षणतत्क्रमयोः संयमाद्विवेकजं ज्ञानम्","commentary":"","meaning":"समय में क्षणों के उत्तराधिकार पर ध्यान केंद्रित (संयम) करके, व्यक्ति को विवेक से उत्पन्न होने वाली अंतर्दृष्टि प्राप्त होती है।","wordMeanings":"क्षण - क्षण; तत - वह, ये; क्रम - अनुक्रम, प्रवाह, उत्तराधिकार; संयम - बाधा, पूर्ण अनुशासन; विवेक - भेदभाव; जा - जन्म; ज्ञान - ज्ञान"},{"id":"53","title":"3.53","content":"","type":"verse","passage":"जातिलक्षणदेशैरन्यतानवच्छेदात्तुल्ययोस्ततः प्रतिपत्तिः","commentary":"","meaning":"जिसके कारण प्रजातियों, गुणों और स्थान के आधार पर समान रूप से दिखने वाली चीजों के बीच भी अंतर का पता लगाया जा सकता है।","wordMeanings":"जाति - जन्म, पद; लक्षण - विशेषता, समय कारक; देश - स्थान; अन्यत - भेद; अनवच्छेदात - असीम, निरंतर; तुल्य - समान, समान; तत - इसलिए, इनसे, उससे; प्रतिपत्ति - समझ"},{"id":"54","title":"3.54","content":"","type":"verse","passage":"तारकं सर्वविषयं सर्वथाविषयमक्रमं चेति विवेकजं ज्ञानम्","commentary":"","meaning":"यह मुक्तिदायक अंतर्दृष्टि प्रत्येक वस्तु और हर स्थिति को समय से स्वतंत्र तरीके से (अर्थात यह किसी भी अन्य ज्ञान के विपरीत कभी नहीं बदलता है) विघटित करता है और विवेक ज्ञान या मुक्तिदायक विवेक को दर्शाता है।","wordMeanings":"तारकं - पारलौकिक, उद्धार; सर्व - सभी; विषय - वस्तु (अनुभव का); सर्वथा - सभी परिस्थितियों में; विषय - वस्तु (अनुभव का); अक्रमं - क्रम में नहीं, विघटित; च - और; इति - इस प्रकार; विवेक - भेदभाव; जं - जन्म; ज्ञान - ज्ञान"},{"id":"55","title":"3.55","content":"","type":"verse","passage":"सत्त्वपुरुषयोः शुद्धिसाम्ये कैवल्यमिति","commentary":"","meaning":"'कैवल्य' या मुक्ति की स्थिति तब होती है जब बुद्धि की पवित्रता शुद्ध चेतना के बराबर हो जाती है।","wordMeanings":"सत्त्व - स्पष्टता, चमक, प्रकृति का एक मूलभूत गुण, या गुण; पुरुष - शुद्ध जागरूकता; शुद्धि - पवित्रता; साम्ये - समानता; कैवल्यम - मुक्ति, शुद्ध जागरूकता का अलगाव; इति - इस प्रकार"}]}