{"id":4,"title":"कैवल्य पाद","description":"आत्मज्ञान और मुक्ति की अवस्था पर केंद्रित। यह जीवन और मृत्यु के बंधनों से मुक्त होने के मार्ग को समझाता है।","sectionCount":34,"tags":null,"contentId":"YSOP02","sections":[{"id":"1","title":"4.1","content":"","type":"verse","passage":"जन्मौषधिमन्त्रतपः समाधिजाः सिद्धयः","commentary":"","meaning":"योग में सिद्धियाँ जन्म, औषधि, मंत्र, तपस्या और समाधि के माध्यम से प्राप्त होती हैं।","wordMeanings":"जन्म - जन्म; औषधि - जड़ी-बूटी; मन्त्र - मंत्रोच्चारण; तप - तपस्या, अनुशासन की तीव्रता; समाधि - एकाग्रता, समरसता; जं - उत्पन्न; सिद्धय - सिद्धि, उपलब्धि।"},{"id":"2","title":"4.2","content":"","type":"verse","passage":"जात्यन्तरपरिणामः प्रकृत्यापूरात्","commentary":"","meaning":"प्राकृतिक शक्तियों की प्रचुरता के कारण जाति (प्रजाति) में परिवर्तन होता है।","wordMeanings":"जाति - जन्म, वर्ग; अंतर - अन्य; परिणाम - परिवर्तन; प्रकृति - प्रकृति, भौतिक संसार; अपूरात - प्रचुरता।"},{"id":"3","title":"4.3","content":"","type":"verse","passage":"निमित्तमप्रयोजकं प्रकृतीनां वरणभेदस्तु ततः क्षेत्रिकवत्","commentary":"","meaning":"रूपांतरण का कारण स्वाभाविक कारक नहीं है, वे केवल दिशा देते हैं, जैसे किसान पानी के प्रवाह को नियंत्रित करता है।","wordMeanings":"निमित्तम - समीपवर्ती कारण; अप्रयोजकं - प्रेरक नहीं; प्रकृति - प्रकृति, भौतिक संसार; वरण - चयन; भेद - भिन्नता; ततः - इसलिए; क्षेत्रिकवत - किसान की तरह।"},{"id":"4","title":"4.4","content":"","type":"verse","passage":"निर्माणचित्तान्यस्मितामात्रात्","commentary":"","meaning":"चित्त (मस्तिष्क) का निर्माण केवल अहंकार के कारण होता है।","wordMeanings":"निर्माण - निर्माण, सृजन; चित्त - चेतना; अस्मिता - 'मैं' की भावना, अहंकार; मात्रात - केवल।"},{"id":"5","title":"4.5","content":"","type":"verse","passage":"प्रवृत्तिभेदे प्रयोजकं चित्तमेकमनेकेषाम्","commentary":"","meaning":"एक ही व्यक्तिगत चित्त (योगी का) अनेक अद्वितीय धारणाओं का निर्माण करता है।","wordMeanings":"प्रवृत्ति - क्रियाशीलता; भेद - विभाजन; प्रयोजकं - कारण; चित्त - चेतना; एकम - एक; अनेकेषाम - अनेक।"},{"id":"6","title":"4.6","content":"","type":"verse","passage":"तत्र ध्यानजमनाशयम्","commentary":"","meaning":"ध्यान के कारण स्थिर चेतना संभावित संस्कारों को बढ़ावा नहीं देती।","wordMeanings":"तत्र - वहां, उसमें; ध्यान - ध्यान-सामाधि; जं - उत्पन्न; अनाशयम - पूर्वाभासों का संचय नहीं।"},{"id":"7","title":"4.7","content":"","type":"verse","passage":"कर्माशुक्लाकृष्णं योगिनस्त्रिविधमितरेषाम्","commentary":"","meaning":"योगी के कर्म न तो शुभ (श्वेत) होते हैं और न ही अशुभ (काले), जबकि अन्य (अयोगी) के कर्म तीन प्रकार के होते हैं।","wordMeanings":"कर्म - क्रिया; अशुक्ल - श्वेत नहीं; कृष्ण - काला नहीं; योगी - योग साधक; त्रिविधम - तीन प्रकार; इतरेषाम - अन्य।"},{"id":"8","title":"4.8","content":"","type":"verse","passage":"ततस्तद्विपाकानुगुणानामेवाभिव्यक्तिर्वासनानाम्","commentary":"","meaning":"तीन प्रकार के कर्मों से, संगृहीत वासनाओं के अनुरूप परिणाम प्रकट होते हैं।","wordMeanings":"तत - इसलिए; तद - उसका; विपाक - परिणाम; अनुगुणाम - अनुरूप; एव - ही; अभिव्यक्ति - अभिव्यक्ति; वासना - अंतरनिहित गुण।"},{"id":"9","title":"4.9","content":"","type":"verse","passage":"जातिदेशकालव्यवहितानामप्यानन्तर्यं स्मृतिसंस्कारयोरेकरूपत्वात्","commentary":"","meaning":"स्मृति और संस्कार मूल रूप से एक ही होते हैं, इसलिए वे जन्म, स्थान और समय द्वारा अलग होने के बावजूद समान रूप से प्रकट होते हैं।","wordMeanings":"जाति - वर्ग, जन्म; देश - स्थान; काल - समय; व्यवहितान - छिपा हुआ; अपि - भी; अनन्तर्यं - क्रम; स्मृति - स्मरण; संस्कार - अंतरनिहित गुण।"},{"id":"10","title":"4.10","content":"","type":"verse","passage":"तासामनादित्वं चाऽऽशिषो नित्यत्वात्","commentary":"","meaning":"इन (संसकारों) का कोई आरंभ नहीं है क्योंकि अस्तित्व की इच्छा शाश्वत है।","wordMeanings":"तासाम - इनका; अनादित्वं - प्रारंभहीनता; च - और; आशिष - अस्तित्व की प्रारंभिक इच्छा; नित्यत्वात - शाश्वतता"},{"id":"11","title":"4.11","content":"","type":"verse","passage":"हेतुफलाश्रयालम्बनैः संगृहीतत्वादेषामभावे तदभावः","commentary":"","meaning":"हेतु, फल, आश्रय और आलम्बन के परस्पर संबंध के कारण, इनके अभाव में संसकार भी समाप्त हो जाते हैं।","wordMeanings":"हेतु - कारण; फल - परिणाम, उद्देश्य; आश्रय - आधार, मन; आलम्बन - समर्थन, वस्तु; संगृहीत - परस्पर संबंधित; एषाम - इनका; अभाव - अनुपस्थिति; तद - उसका"},{"id":"12","title":"4.12","content":"","type":"verse","passage":"अतीतानागतं स्वरूपतोऽस्त्यध्वभेदाद्धर्माणाम्","commentary":"","meaning":"भूत और भविष्य का समय ध्रुव स्वरूप में विद्यमान है, जो एक ही अनुभवजन्य गुणों के क्रम में भिन्न-भिन्न पहलुओं का प्रतिनिधित्व करता है।","wordMeanings":"अतीत - भूतकाल; अनागतं - भविष्य; स्व - स्वं; रूप - स्वरूप; अस्ति - विद्यमान; अध्व - मार्ग; भेदात - विभाजन; धर्म - गुण, अनुभवजन्य वस्तुएँ"},{"id":"13","title":"4.13","content":"","type":"verse","passage":"ते व्यक्तसूक्ष्मा गुणात्मानः","commentary":"","meaning":"यह (भूत, वर्तमान या भविष्य) चाहे व्यक्त हों या सूक्ष्म, प्रकृति के मौलिक गुणों से युक्त होते हैं।","wordMeanings":"ते - वे; व्यक्त - प्रकट; सूक्ष्म - सूक्ष्म; गुण - प्रकृति के मौलिक गुण; आत्मा - आत्मा, सार"},{"id":"14","title":"4.14","content":"","type":"verse","passage":"परिणामैकत्वाद्वस्तुतत्त्वम्","commentary":"","meaning":"परिवर्तन की एकरूपता तत्व की एकता के कारण होती है।","wordMeanings":"परिणाम - परिवर्तन; एकत्व - एकता; वस्तु - वस्तु; तत्त्वम् - तत्व"},{"id":"15","title":"4.15","content":"","type":"verse","passage":"वस्तुसाम्ये चित्तभेदात्तयोर्विभक्तः पन्थाः","commentary":"","meaning":"चेतनाओं की विविधता के कारण, लेकिन वस्तु के स्थिर होने के कारण, वस्तु और चेतना में अंतर है।","wordMeanings":"वस्तु - वस्तु; साम्ये - समानता; चित्त - चेतना; भेद - भिन्नता; तयो - दोनों का; विभक्त - अलग; पन्थ - मार्ग"},{"id":"16","title":"4.16","content":"","type":"verse","passage":"न चैकचित्ततन्त्रं वस्तु तदप्रमाणकं तदा किं स्यात्","commentary":"","meaning":"कोई वस्तु एक चेतना पर निर्भर नहीं है; यदि ऐसा हो, तो उस चेतना के अभाव में वस्तु का क्या होगा?","wordMeanings":"न - नहीं; च - और; एक - एक; चित्त - चेतना; तन्त्रं - निर्भर; वस्तु - वस्तु; तद - वह; अप्रमाणकं - अप्रमाणित; तदा - तब; किं - क्या; स्यात - होगा"},{"id":"17","title":"4.17","content":"","type":"verse","passage":"तदुपरागापेक्षित्वाच्चित्तस्य वस्तु ज्ञाता ज्ञातम्","commentary":"","meaning":"किसी वस्तु का ज्ञान या अज्ञान चेतना द्वारा उसे ध्यान में लेने पर निर्भर करता है।","wordMeanings":"तद - उसका; उपराग - रंग; अपेक्षित - आवश्यकता; चित्त - चेतना; वस्तु - वस्तु; ज्ञाता - ज्ञात; ज्ञातम - अज्ञात"},{"id":"18","title":"4.18","content":"","type":"verse","passage":"सदाज्ञाताश्चित्तवृत्तयस्तत्प्रभोः पुरुषस्यापरिणामित्वात्","commentary":"","meaning":"चेतना की परवर्तनशील वृत्तियाँ हमेशा उसके स्वामी, अचल पुरुष, द्वारा ज्ञात होती हैं।","wordMeanings":"सदा - हमेशा; ज्ञात - ज्ञात; चित्त - चेतना; वृत्ति - परिवर्तनशीलता; तद - वह; प्रभो - स्वामी; पुरुष - आत्मा; अपरिणाम - अचलता"},{"id":"19","title":"4.19","content":"","type":"verse","passage":"न तत्स्वाभासं दृश्यत्वात्","commentary":"","meaning":"चेतना स्वयं प्रकाशित नहीं होती क्योंकि यह दृश्य वस्तु की प्रकृति वाली है।","wordMeanings":"न - नहीं; तत - वह; स्व - स्वयं; आभासं - प्रकाश; दृश्यत्वात - दृश्य होने की अवस्था"},{"id":"20","title":"4.20","content":"","type":"verse","passage":"एकसमये चोभयानवधारणम्","commentary":"","meaning":"एक ही समय में दोनों (मन और वह वस्तु जिसे वह देखता है) का विवेचन नहीं हो सकता है।","wordMeanings":"एक - एक; समय - परिस्थिति; च - और; उभय - दोनों; अनवधारणम - न देखना"},{"id":"21","title":"4.21","content":"","type":"verse","passage":"चित्तान्तरदृश्ये बुद्धिबुद्धेरतिप्रसङ्गः स्मृतिसंकरश्च","commentary":"","meaning":"यदि (मन) किसी अन्य मन द्वारा पहचाना जाता, तो एक बुद्धि का दूसरी बुद्धि द्वारा (जाना जा रहा है) का अनंत प्रतिगमन होता। इसके अलावा, स्मृति का भ्रम भी होगा।","wordMeanings":"चित्त - चेतना; आन्तर - अन्य; दृश्य - देखा हुआ; बुद्धि - धारणा, अनुभूति; बुद्धे - धारणा, अनुभूति; अतिप्रसङ्ग - प्रतिगमन; स्मृति - स्मृति, pleine conscience, गहन स्मृति; संकर - भ्रम, मिश्रण; च - और"},{"id":"22","title":"4.22","content":"","type":"verse","passage":"चित्तेरप्रतिसंक्रमायास्तदाकारापत्तौ स्वबुद्धिसंवेदनम्","commentary":"","meaning":"हालांकि यह अपरिवर्तनीय है, चेतना बुद्धि द्वारा ग्रहण किए गए रूपों को व्याप्त करके अपनी बुद्धि के बारे में जागरूक हो जाती है।","wordMeanings":"चित्त - शुद्ध जागरूकता; अप्रतिसंक्रमाय - स्थिर, अपरिवर्तनीय; तद - इसका, वह; आकार - आकार; आपत्तौ - ग्रहण करता है, होता है; स्व - स्वयं का; बुद्धि - धारणा, बुद्धि; संवेदनम - संवेदनशीलता"},{"id":"23","title":"4.23","content":"","type":"verse","passage":"द्रष्टृदृश्योपरक्तं चित्तं सर्वार्थम्","commentary":"","meaning":"द्रष्टा के साथ-साथ जो देखा जाता है, उससे रंगा हुआ मन सभी वस्तुओं को जानता है।","wordMeanings":"दृष्टा - द्रष्टा, शुद्ध जागरूकता, दृश्य - जो देखा जाता है, उपरक्तं - रंगीन; चित्त - चेतना; सर्व - सभी; अर्थ - अर्थ, उद्देश्य, दृष्टिकोण, वस्तु"},{"id":"24","title":"4.24","content":"","type":"verse","passage":"तदसंख्येयवासनाभिश्चित्रमपि परार्थं संहत्यकारित्वात्","commentary":"","meaning":"असंख्य विभिन्न अवचेतन छापों वाला वह मन, किसी अन्य इकाई (स्वयं के अलावा) के लिए मौजूद है क्योंकि यह संयोजन के रूप में (अन्य उपकरणों के साथ) संचालित होता है।","wordMeanings":"तद - वह, ये; असंख्य - अनगिनत; वासना - अव्यक्त गुण, लक्षण; चित्रम - विभिन्न प्रकार के, धब्बेदार; अपि - भी; परा - अन्य; अर्थ - अर्थ, उद्देश्य, दृष्टिकोण, वस्तु; संहत्य - यौगिक; कारित्वात - गतिविधि"},{"id":"25","title":"4.25","content":"","type":"verse","passage":"विशेषदर्शिन आत्मभावभावनानिवृत्तिः","commentary":"","meaning":"भेद (मन और आत्मा के बीच) को देखने वाले के लिए, स्वयं के स्वभाव पर चिंतन करना बंद हो जाता है।","wordMeanings":"विशेष - अंतर, भेद, विशिष्ट, विशेष; दर्शिन - जो देखता है; आत्मा - स्वयं, सार; भाव - होना, बनना; भावना - साकार करना, बनना; अनिवृत्ति - समाप्ति"},{"id":"26","title":"4.26","content":"","type":"verse","passage":"तदा विवेकनिम्नं कैवल्यप्राग्भारं चित्तम्","commentary":"","meaning":"उस समय, भेदभाव की ओर झुका हुआ मन, अंतिम मुक्ति की ओर अग्रसर होता है।","wordMeanings":"तद - तब; विवेक - भेदभाव; निम्न - मुड़ा हुआ, की ओर झुका हुआ; कैवल्य - मुक्ति, शुद्ध जागरूकता का अलगाव; प्राग - पहले; भार - भार; चित्त - चेतना"},{"id":"27","title":"4.27","content":"","type":"verse","passage":"तच्छिद्रेषु प्रत्ययान्तराणि संस्कारेभ्यः","commentary":"","meaning":"विवेकपूर्ण जागरूकता की इस स्थिति में अंतराल के दौरान पिछले संस्कारों के कारण अन्य विचार (उत्पन्न होते हैं)।","wordMeanings":"तद - वह, ये; छिद्रेषु - अंतर; प्रत्यय - धारणा, विचार, इरादा, प्रतिनिधित्व; अन्तराणि - अन्य; संस्कार - अव्यक्त छापें"},{"id":"28","title":"4.28","content":"","type":"verse","passage":"हानमेषां क्लेशवदुक्तम्","commentary":"","meaning":"इन पिछले संस्कारों को हटाने को क्लेश क्लेशों को हटाने जैसा बताया गया है।","wordMeanings":"हानम - समाप्ति; एषां - इनमें से; क्लेश - दुख के कारणों की तरह; उक्तम - वर्णित, समझाया गया"},{"id":"29","title":"4.29","content":"","type":"verse","passage":"प्रसंख्यानेऽप्यकुसीदस्य सर्वथा विवेकख्यातेर्धर्ममेघः समाधिः","commentary":"","meaning":"जिस व्यक्ति को उच्चतम स्तर की विवेकपूर्ण अंतर्दृष्टि के कारण ध्यान ज्ञान (के फल) में भी कोई रुचि नहीं है, उसके लिए धर्म-मेघ नामक समाधि, पुण्य का बादल, आती है।","wordMeanings":"प्रसंख्य - ऊंचाई, शिखर; अपि - भी; अकुसीदस्य - बिना लालच वाला; सर्वथा - सभी परिस्थितियों में; विवेक - भेदभाव; ख्याति - देखना; धर्म - संपत्ति, दृश्य रूप, अनुभवात्मक, पदार्थ, मेघ - बादल, बारिश की बौछार; समाधि - एकता, एकीकरण"},{"id":"30","title":"4.30","content":"","type":"verse","passage":"ततः क्लेशकर्मनिवृत्तिः","commentary":"","meaning":"इससे क्लेशों (योग में बाधाएं) और कर्म का अंत होता है।","wordMeanings":"तत - इसलिए, इनसे, उससे; क्लेश - दुख का कारण, भ्रष्टाचार, बाधा, पीड़ा, जहर; कर्म - क्रिया; निवृत्ति - समाप्ति"},{"id":"31","title":"4.31","content":"","type":"verse","passage":"तदा सर्वावरणमलापेतस्य ज्ञानस्याऽऽनन्त्याज्ज्ञेयमल्पम्","commentary":"","meaning":"इस बिंदु पर, ज्ञान की असीमित प्रकृति के कारण जब उसमें से सभी अशुद्धियाँ दूर हो जाती हैं, तो जो ज्ञात होना बाकी है वह बहुत कम है।","wordMeanings":"तद - तब; सर्व - सभी; आवरण - आवरण, घूंघट, परत; मल - अपूर्णता; अपतस्य - हटाया गया; ज्ञान - ज्ञान, अंतर्दृष्टि; अनंत्यत - अनंत, असीम; ज्ञान - ज्ञात होना; अल्पम - थोड़ा"},{"id":"32","title":"4.32","content":"","type":"verse","passage":"ततः कृतार्थानां परिणामक्रमसमाप्तिर्गुणानाम्","commentary":"","meaning":"परिणामस्वरूप, गुणों के चल रहे क्रमपरिवर्तन का अंत हो जाता है, उनका उद्देश्य अब पूरा हो गया है।","wordMeanings":"ततः - इसलिए, इनसे, उससे; कृत - किया, पूरा किया; अर्थ - अर्थ, उद्देश्य, दृष्टिकोण, वस्तु; परिणाम - परिवर्तन; क्रम - अनुक्रम, प्रवाह, उत्तराधिकार; समाप्ति - समाप्ति; गुण - प्रकृति के मूलभूत गुण"},{"id":"33","title":"4.33","content":"","type":"verse","passage":"क्षणप्रतियोगी परिणामापरान्तनिर्ग्राह्यः क्रमः","commentary":"","meaning":"(समय के माध्यम से किसी भी वस्तु की) प्रगति (क्षणों की एक श्रृंखला) से मेल खाती है। यह परिवर्तन के अंतिम (क्षण) में बोधगम्य है।","wordMeanings":"क्षण - क्षण; प्रतियोगी - अनुरूप; परिणाम - परिवर्तन; अपरा - अन्य; अंत - अंत; निर्ग्राह्य - बोधगम्य; क्रम - अनुक्रम, प्रवाह, उत्तराधिकार"},{"id":"34","title":"4.34","content":"","type":"verse","passage":"पुरुषार्थशून्यानां गुणानां प्रतिप्रसवः कैवल्यं स्वरूपप्रतिष्ठा वा चितिशक्तिरिति","commentary":"","meaning":"अंतिम मुक्ति तब होती है जब गुण, पुरुष के लिए किसी भी उद्देश्य से रहित, अपनी मूल (अव्यक्त) स्थिति में लौट आते हैं; दूसरे शब्दों में, जब चेतना की शक्ति अपने स्वयं के आवश्यक स्वभाव में स्थित होती है।","wordMeanings":"पुरुष - शुद्ध जागरूकता; अर्थ - अर्थ, उद्देश्य, दृष्टिकोण, वस्तु; शुन्य - खाली; गुण - प्रकृति के मूलभूत गुण; प्रति - के संबंध में, की ओर, उलट; प्रसव - प्रवाह, गति, निर्माण, स्थापना; कैवल्य - मुक्ति, शुद्ध जागरूकता का अलगाव; स्व - स्वयं का; रूप - रूप; प्रतिष्ठा - नींव; वा - या; चिति - शुद्ध दृष्टि; शक्ति - शक्ति; इति - बस इतना ही, समाप्त"}]}