{"id":"YSOP02","title":"योग सूत्र - पतंजलि","description":"पतंजलि योग सूत्र - योग के दर्शन और साधना का शाश्वत ग्रंथ, जो ध्यान, अनुशासन और आत्मज्ञान की यात्रा को सरल और गहन रूप में प्रस्तुत करता है।","status":"draft","categoryKey":"atma-gyan","type":"book","language":"hi","coverImage":"assets/images/guru.jpg","zipUrl":"","authors":[{"id":"1","name":"महर्षि पतंजलि,चार्ल्स जॉनस्टन","bio":"महर्षि पतंजलि योग दर्शन के प्रणेता माने जाते हैं। उनके द्वारा रचित 'योग सूत्र' योग के सिद्धांतों, ध्यान, और आत्मा की खोज के लिए एक मार्गदर्शक ग्रंथ है।","image":"assets/images/guru.jpg","website":"","authorKey":"hi_charles_johnston_commentary_md"}],"version":"1.0.0","keywords":["योग","सूत्र","पतंजलि","आत्मा","ज्ञान"],"createdAt":"2024-12-12","updatedAt":"2024-12-13T13:32:54.459Z","multiAuthorCommentary":false,"partsMetadata":[{"id":1,"title":"समाधि पाद","description":"योग के उद्देश्य और चित्त की वृत्तियों को नियंत्रित करने की विधियों पर केंद्रित। इसमें समाधि और मन की शांति का विवरण है।","sectionCount":51,"tags":null},{"id":2,"title":"साधना पाद","description":"योग साधना की विधियाँ और अष्टांग योग का विवरण। यह अभ्यास, अनुशासन और आत्म-नियंत्रण पर केंद्रित है।","sectionCount":55,"tags":null},{"id":3,"title":"विभूति पाद","description":"योग की उन्नत अवस्थाओं और सिद्धियों का वर्णन। यह ध्यान और आंतरिक शक्ति के विकास पर केंद्रित है।","sectionCount":55,"tags":null},{"id":4,"title":"कैवल्य पाद","description":"आत्मज्ञान और मुक्ति की अवस्था पर केंद्रित। यह जीवन और मृत्यु के बंधनों से मुक्त होने के मार्ग को समझाता है।","sectionCount":34,"tags":null}],"audios_path":""}