{"id":1,"title":"English : M1 - Grammar, vocabulary etc","sections":[{"title":"Question 1","passage":"Which of the following sentences is in passive voice?","commentary":"**Solution:** 'The cake was eaten by the children.' is in passive voice.","meaning":"The children ate the cake.~The cake was eaten by the children.~The children were eating the cake.~The cake is eaten by the children.~The cake was eaten by the children.","type":"question"},{"title":"Question 2","passage":"Choose the correct synonym for the word 'Abundant'.","commentary":"**Solution:** 'Plentiful' is a synonym of 'Abundant'.","meaning":"Scarce~Plentiful~Limited~Short~Plentiful","type":"question"},{"title":"Question 3","passage":"Which of the following is the antonym of 'Optimistic'?","commentary":"**Solution:** 'Pessimistic' is an antonym of 'Optimistic'.","meaning":"Cheerful~Pessimistic~Hopeful~Positive~Pessimistic","type":"question"},{"title":"Question 4","passage":"Fill in the blank: The cake was __ by the time I reached the party.","commentary":"**Solution:** 'eaten' is the correct form to complete the sentence.","meaning":"eat~ate~eaten~eating~eaten","type":"question"},{"title":"Question 5","passage":"Select the correct meaning of the idiom: 'Bite the bullet'.","commentary":"**Solution:** 'Face a difficult situation bravely' is the correct meaning.","meaning":"Avoid a difficult situation~Face a difficult situation bravely~Complain about something~Run away~Face a difficult situation bravely","type":"question"},{"title":"Question 6","passage":"What is the correct one-word substitution for 'A person who writes with both hands'?","commentary":"**Solution:** 'Ambidextrous' is the correct term.","meaning":"Ambidextrous~Ambivalent~Ambiguous~Amphibious~Ambidextrous","type":"question"},{"title":"Question 7","passage":"Choose the correct preposition to complete the sentence: He is good __ mathematics.","commentary":"**Solution:** 'at' is the correct preposition.","meaning":"at~on~in~with~at","type":"question"},{"title":"Question 8","passage":"Identify the correct tense: 'I will have finished the project by next week.'","commentary":"**Solution:** This is in the Future Perfect tense.","meaning":"Present Perfect~Past Perfect~Future Perfect~Future Continuous~Future Perfect","type":"question"},{"title":"Question 9","passage":"Find the correct sentence: 1. She can be able to swim. 2. She is able to swim.","commentary":"**Solution:** 'She is able to swim.' is the correct sentence.","meaning":"Sentence 1~Sentence 2~Both are correct~Neither is correct~Sentence 2","type":"question"},{"title":"Question 10","passage":"Which of the following is a correct active voice sentence?","commentary":"**Solution:** 'He completed the homework.' is in active voice.","meaning":"The homework was completed by him.~He was completed the homework.~He completed the homework.~The homework had been completed.~He completed the homework.","type":"question"},{"title":"Question 11","passage":"Which of the following is the synonym of 'Diligent'?","commentary":"**Solution:** 'Hardworking' is a synonym of 'Diligent'.","meaning":"Lazy~Indifferent~Hardworking~Careless~Hardworking","type":"question"},{"title":"Question 12","passage":"Choose the correct spelling:","commentary":"**Solution:** 'Accommodate' is the correct spelling.","meaning":"Accommodate~Acomodate~Acommadate~Acomadate~Accommodate","type":"question"},{"title":"Question 13","passage":"Select the correct antonym for the word 'Expand'.","commentary":"**Solution:** 'Contract' is the antonym of 'Expand'.","meaning":"Enlarge~Contract~Increase~Stretch~Contract","type":"question"},{"title":"Question 14","passage":"Fill in the blank: She __ for the bus when it started raining.","commentary":"**Solution:** 'was waiting' is the correct phrase.","meaning":"was waiting~waits~is waiting~waiting~was waiting","type":"question"},{"title":"Question 15","passage":"Which of the following is the correct passive voice sentence?","commentary":"**Solution:** 'The letter was written by him.' is in passive voice.","meaning":"The letter wrote by him.~He was writing the letter.~The letter was written by him.~He writes the letter.~The letter was written by him.","type":"question"},{"title":"Question 16","passage":"Choose the correct preposition: He is interested __ painting.","commentary":"**Solution:** 'in' is the correct preposition.","meaning":"on~in~at~with~in","type":"question"},{"title":"Question 17","passage":"Find the correct sentence:","commentary":"**Solution:** 'I visited them yesterday.' is the correct sentence.","meaning":"I have visited them yesterday.~I visit them yesterday.~I visited them yesterday.~I was visited them yesterday.~I visited them yesterday.","type":"question"},{"title":"Question 18","passage":"Which of the following is a correct direct speech sentence?","commentary":"**Solution:** 'He said, 'I will come tomorrow.'' is correct.","meaning":"He said that he will come tomorrow.~He said, 'I will come tomorrow.'~He said he will come tomorrow.~He said, 'He will come tomorrow.'~He said, 'I will come tomorrow.'","type":"question"},{"title":"Question 19","passage":"Choose the correct option to complete the sentence: The students are keen __ participating in the event.","commentary":"**Solution:** 'on' is the correct preposition.","meaning":"for~on~in~with~on","type":"question"},{"title":"Question 20","passage":"Select the appropriate one-word substitution: 'A person who does not believe in God'.","commentary":"**Solution:** 'Atheist' is the correct term.","meaning":"Agnostic~Theist~Atheist~Heretic~Atheist","type":"question"}],"contentId":"4"}