{"id":10,"title":"Analytical Ability : M1 - Analogies","sections":[{"title":"Question 1","passage":"Lion : Cub :: Cow : ?","commentary":"**Solution:** A young lion is called a cub, and a young cow is called a calf.","meaning":"Puppy~Calf~Fawn~Kid~Calf","type":"question"},{"title":"Question 2","passage":"Doctor : Patient :: Teacher : ?","commentary":"**Solution:** A doctor treats a patient, and a teacher teaches a student.","meaning":"School~Student~Classroom~Professor~Student","type":"question"},{"title":"Question 3","passage":"Pen : Write :: Knife : ?","commentary":"**Solution:** A pen is used for writing, and a knife is used for cutting.","meaning":"Cut~Chop~Slice~Sharpen~Cut","type":"question"},{"title":"Question 4","passage":"Sun : Day :: Moon : ?","commentary":"**Solution:** The sun is associated with the day, and the moon is associated with the night.","meaning":"Star~Light~Night~Shine~Night","type":"question"},{"title":"Question 5","passage":"Fish : Swim :: Bird : ?","commentary":"**Solution:** Fish swim, and birds fly.","meaning":"Run~Fly~Crawl~Hop~Fly","type":"question"},{"title":"Question 6","passage":"Clock : Time :: Thermometer : ?","commentary":"**Solution:** A clock measures time, and a thermometer measures temperature.","meaning":"Heat~Cold~Weather~Temperature~Temperature","type":"question"},{"title":"Question 7","passage":"Hand : Fingers :: Foot : ?","commentary":"**Solution:** Fingers are parts of a hand, and toes are parts of a foot.","meaning":"Knee~Leg~Toes~Ankle~Toes","type":"question"},{"title":"Question 8","passage":"Water : Thirst :: Food : ?","commentary":"**Solution:** Water satisfies thirst, and food satisfies hunger.","meaning":"Energy~Hunger~Life~Nutrition~Hunger","type":"question"},{"title":"Question 9","passage":"Glasses : Eyes :: Hearing aid : ?","commentary":"**Solution:** Glasses assist with seeing, and hearing aids assist with hearing.","meaning":"Noise~Ears~Sound~Hearing~Ears","type":"question"},{"title":"Question 10","passage":"Teacher : School :: Doctor : ?","commentary":"**Solution:** A teacher works in a school, and a doctor works in a hospital.","meaning":"Nurse~Clinic~Hospital~Medicine~Hospital","type":"question"},{"title":"Question 11","passage":"Eyes : Sight :: Ears : ?","commentary":"**Solution:** Eyes are used for sight, and ears are used for hearing.","meaning":"Noise~Hearing~Listening~Sound~Hearing","type":"question"},{"title":"Question 12","passage":"Caterpillar : Butterfly :: Tadpole : ?","commentary":"**Solution:** A caterpillar transforms into a butterfly, and a tadpole transforms into a frog.","meaning":"Frog~Insect~Fish~Reptile~Frog","type":"question"},{"title":"Question 13","passage":"Dog : Bark :: Cat : ?","commentary":"**Solution:** A dog barks, and a cat meows.","meaning":"Purr~Roar~Chirp~Meow~Meow","type":"question"},{"title":"Question 14","passage":"Knife : Cut :: Eraser : ?","commentary":"**Solution:** A knife is used to cut, and an eraser is used to erase.","meaning":"Draw~Erase~Write~Sharp~Erase","type":"question"},{"title":"Question 15","passage":"Winter : Cold :: Summer : ?","commentary":"**Solution:** Winter is cold, and summer is hot.","meaning":"Rainy~Hot~Windy~Warm~Hot","type":"question"},{"title":"Question 16","passage":"Ear : Hear :: Tongue : ?","commentary":"**Solution:** The ear is used for hearing, and the tongue is used for tasting.","meaning":"Speak~Taste~Feel~Talk~Taste","type":"question"},{"title":"Question 17","passage":"India : Rupee :: USA : ?","commentary":"**Solution:** The currency of India is the rupee, and the currency of the USA is the dollar.","meaning":"Pound~Euro~Yen~Dollar~Dollar","type":"question"},{"title":"Question 18","passage":"Car : Fuel :: Man : ?","commentary":"**Solution:** A car runs on fuel, and a man runs on food.","meaning":"Water~Energy~Food~Drink~Food","type":"question"},{"title":"Question 19","passage":"Mango : Fruit :: Carrot : ?","commentary":"**Solution:** A mango is a type of fruit, and a carrot is a type of vegetable.","meaning":"Fruit~Flower~Vegetable~Grain~Vegetable","type":"question"},{"title":"Question 20","passage":"Foot : Shoe :: Head : ?","commentary":"**Solution:** A shoe is worn on the foot, and a hat is worn on the head.","meaning":"Scarf~Cap~Hat~Glove~Hat","type":"question"}],"contentId":"4"}