{"id":11,"title":"Analytical Ability : M1 - Classification (Odd One Out)","sections":[{"title":"Question 1","passage":"Identify the odd one out: Apple, Banana, Grape, Carrot","commentary":"**Solution:** Carrot is a vegetable, while the others are fruits.","meaning":"Apple~Banana~Carrot~Grape~Carrot","type":"question"},{"title":"Question 2","passage":"Identify the odd one out: Dog, Cat, Elephant, Lion","commentary":"**Solution:** Elephant is a herbivore, while the others are carnivores.","meaning":"Dog~Cat~Elephant~Lion~Elephant","type":"question"},{"title":"Question 3","passage":"Identify the odd one out: Circle, Square, Triangle, Hexagon","commentary":"**Solution:** Circle has no sides, while the others are polygons with sides.","meaning":"Square~Triangle~Circle~Hexagon~Circle","type":"question"},{"title":"Question 4","passage":"Identify the odd one out: Rose, Tulip, Lily, Pine","commentary":"**Solution:** Pine is a tree, while the others are flowers.","meaning":"Rose~Tulip~Pine~Lily~Pine","type":"question"},{"title":"Question 5","passage":"Identify the odd one out: Monday, Friday, January, Saturday","commentary":"**Solution:** January is a month, while the others are days of the week.","meaning":"Monday~Friday~January~Saturday~January","type":"question"},{"title":"Question 6","passage":"Identify the odd one out: Oxygen, Hydrogen, Iron, Helium","commentary":"**Solution:** Iron is a metal, while the others are gases.","meaning":"Oxygen~Iron~Helium~Hydrogen~Iron","type":"question"},{"title":"Question 7","passage":"Identify the odd one out: Football, Tennis, Hockey, Carrom","commentary":"**Solution:** Carrom is an indoor game, while the others are outdoor sports.","meaning":"Football~Tennis~Carrom~Hockey~Carrom","type":"question"},{"title":"Question 8","passage":"Identify the odd one out: Venus, Mars, Pluto, Jupiter","commentary":"**Solution:** Pluto is no longer considered a planet, while the others are planets.","meaning":"Venus~Mars~Jupiter~Pluto~Pluto","type":"question"},{"title":"Question 9","passage":"Identify the odd one out: Table, Chair, Sofa, Lamp","commentary":"**Solution:** Lamp is a source of light, while the others are furniture.","meaning":"Table~Chair~Lamp~Sofa~Lamp","type":"question"},{"title":"Question 10","passage":"Identify the odd one out: Gold, Silver, Platinum, Diamond","commentary":"**Solution:** Diamond is not a metal, while the others are metals.","meaning":"Gold~Silver~Platinum~Diamond~Diamond","type":"question"},{"title":"Question 11","passage":"Identify the odd one out: Red, Green, Blue, Triangle","commentary":"**Solution:** Triangle is a shape, while the others are colors.","meaning":"Red~Green~Blue~Triangle~Triangle","type":"question"},{"title":"Question 12","passage":"Identify the odd one out: Africa, Asia, Australia, Paris","commentary":"**Solution:** Paris is a city, while the others are continents.","meaning":"Africa~Asia~Paris~Australia~Paris","type":"question"},{"title":"Question 13","passage":"Identify the odd one out: Clock, Fan, Radio, Mirror","commentary":"**Solution:** Mirror is not an electrical appliance, while the others are.","meaning":"Clock~Fan~Radio~Mirror~Mirror","type":"question"},{"title":"Question 14","passage":"Identify the odd one out: Delhi, Mumbai, Kolkata, America","commentary":"**Solution:** America is a country, while the others are cities in India.","meaning":"Delhi~Mumbai~America~Kolkata~America","type":"question"},{"title":"Question 15","passage":"Identify the odd one out: Guitar, Piano, Violin, Book","commentary":"**Solution:** Book is not a musical instrument, while the others are.","meaning":"Guitar~Piano~Violin~Book~Book","type":"question"},{"title":"Question 16","passage":"Identify the odd one out: Ant, Spider, Snake, Bee","commentary":"**Solution:** Snake is a reptile, while the others are insects.","meaning":"Ant~Spider~Bee~Snake~Snake","type":"question"},{"title":"Question 17","passage":"Identify the odd one out: Train, Bus, Plane, House","commentary":"**Solution:** House is not a mode of transport, while the others are.","meaning":"Train~Bus~House~Plane~House","type":"question"},{"title":"Question 18","passage":"Identify the odd one out: Rock, Paper, Scissors, Knife","commentary":"**Solution:** Knife is an actual tool, while the others are from the game Rock-Paper-Scissors.","meaning":"Rock~Scissors~Knife~Paper~Knife","type":"question"},{"title":"Question 19","passage":"Identify the odd one out: Mercury, Venus, Sun, Earth","commentary":"**Solution:** Sun is a star, while the others are planets.","meaning":"Mercury~Venus~Sun~Earth~Sun","type":"question"},{"title":"Question 20","passage":"Identify the odd one out: Pen, Pencil, Notebook, Eraser","commentary":"**Solution:** Notebook is for writing in, while the others are writing instruments.","meaning":"Pen~Pencil~Notebook~Eraser~Notebook","type":"question"}],"contentId":"4"}