{"id":12,"title":"Analytical Ability : M1 - Syllogisms","sections":[{"title":"Question 1","passage":"Premises: All dogs are animals. All animals are mammals.\nConclusion: All dogs are mammals.","commentary":"**Solution:** Both premises lead to the valid conclusion that all dogs are mammals.","meaning":"True~False~Cannot be determined~Invalid~True","type":"question"},{"title":"Question 2","passage":"Premises: Some fruits are apples. All apples are tasty.\nConclusion: Some fruits are tasty.","commentary":"**Solution:** If some fruits are apples and all apples are tasty, the conclusion that some fruits are tasty is valid.","meaning":"True~False~Cannot be determined~Invalid~True","type":"question"},{"title":"Question 3","passage":"Premises: All flowers are plants. Some plants are green.\nConclusion: Some flowers are green.","commentary":"**Solution:** This conclusion cannot be definitively drawn because we don't know if the flowers are among the green plants.","meaning":"True~False~Cannot be determined~Invalid~Cannot be determined","type":"question"},{"title":"Question 4","passage":"Premises: All birds can fly. Penguins are birds.\nConclusion: Penguins can fly.","commentary":"**Solution:** This conclusion is false because, although penguins are birds, they cannot fly.","meaning":"True~False~Cannot be determined~Invalid~False","type":"question"},{"title":"Question 5","passage":"Premises: Some cats are black. All black animals are nocturnal.\nConclusion: Some cats are nocturnal.","commentary":"**Solution:** If some cats are black and all black animals are nocturnal, the conclusion is valid.","meaning":"True~False~Cannot be determined~Invalid~True","type":"question"},{"title":"Question 6","passage":"Premises: All cars are vehicles. No vehicles are living beings.\nConclusion: No cars are living beings.","commentary":"**Solution:** If all cars are vehicles and no vehicles are living beings, the conclusion is valid.","meaning":"True~False~Cannot be determined~Invalid~True","type":"question"},{"title":"Question 7","passage":"Premises: All teachers are educated. Some educated people are kind.\nConclusion: Some teachers are kind.","commentary":"**Solution:** This conclusion cannot be definitively drawn because not all teachers may be part of the 'kind' group.","meaning":"True~False~Cannot be determined~Invalid~Cannot be determined","type":"question"},{"title":"Question 8","passage":"Premises: No fish can fly. All salmon are fish.\nConclusion: No salmon can fly.","commentary":"**Solution:** Since no fish can fly and salmon are fish, the conclusion is valid.","meaning":"True~False~Cannot be determined~Invalid~True","type":"question"},{"title":"Question 9","passage":"Premises: All roses are flowers. Some flowers are red.\nConclusion: Some roses are red.","commentary":"**Solution:** This conclusion cannot be definitively drawn, as we do not know if the red flowers include roses.","meaning":"True~False~Cannot be determined~Invalid~Cannot be determined","type":"question"},{"title":"Question 10","passage":"Premises: All squares are rectangles. Some rectangles are red.\nConclusion: Some squares are red.","commentary":"**Solution:** The conclusion cannot be definitively drawn, as we don't know if the red rectangles include squares.","meaning":"True~False~Cannot be determined~Invalid~Cannot be determined","type":"question"},{"title":"Question 11","passage":"Premises: No birds are mammals. Some animals are birds.\nConclusion: Some animals are not mammals.","commentary":"**Solution:** Since some animals are birds and no birds are mammals, the conclusion is valid.","meaning":"True~False~Cannot be determined~Invalid~True","type":"question"},{"title":"Question 12","passage":"Premises: All humans are mortal. Socrates is a human.\nConclusion: Socrates is mortal.","commentary":"**Solution:** Since all humans are mortal and Socrates is human, the conclusion is valid.","meaning":"True~False~Cannot be determined~Invalid~True","type":"question"},{"title":"Question 13","passage":"Premises: Some animals are wild. All lions are animals.\nConclusion: Some lions are wild.","commentary":"**Solution:** This conclusion cannot be definitively drawn because we do not know if lions are among the wild animals.","meaning":"True~False~Cannot be determined~Invalid~Cannot be determined","type":"question"},{"title":"Question 14","passage":"Premises: All mangoes are fruits. Some fruits are sweet.\nConclusion: Some mangoes are sweet.","commentary":"**Solution:** This conclusion cannot be definitively drawn because we do not know if mangoes are among the sweet fruits.","meaning":"True~False~Cannot be determined~Invalid~Cannot be determined","type":"question"},{"title":"Question 15","passage":"Premises: All squares are shapes. No shapes are numbers.\nConclusion: No squares are numbers.","commentary":"**Solution:** Since all squares are shapes and no shapes are numbers, the conclusion is valid.","meaning":"True~False~Cannot be determined~Invalid~True","type":"question"},{"title":"Question 16","passage":"Premises: Some pens are blue. No pencils are blue.\nConclusion: No pens are pencils.","commentary":"**Solution:** This conclusion is invalid, as the premises do not discuss the relationship between pens and pencils.","meaning":"True~False~Cannot be determined~Invalid~Invalid","type":"question"},{"title":"Question 17","passage":"Premises: No cats are dogs. All dogs are pets.\nConclusion: No cats are pets.","commentary":"**Solution:** The conclusion is invalid because there is no relationship between cats and pets in the premises.","meaning":"True~False~Cannot be determined~Invalid~Invalid","type":"question"},{"title":"Question 18","passage":"Premises: Some students are intelligent. All intelligent people are hardworking.\nConclusion: Some students are hardworking.","commentary":"**Solution:** The conclusion is valid since some students are intelligent and all intelligent people are hardworking.","meaning":"True~False~Cannot be determined~Invalid~True","type":"question"},{"title":"Question 19","passage":"Premises: All birds lay eggs. No mammals lay eggs.\nConclusion: No birds are mammals.","commentary":"**Solution:** The conclusion is valid as birds and mammals are distinct categories based on the premises.","meaning":"True~False~Cannot be determined~Invalid~True","type":"question"},{"title":"Question 20","passage":"Premises: Some men are strong. No strong people are lazy.\nConclusion: Some men are not lazy.","commentary":"**Solution:** The conclusion is valid since some men are strong, and no strong people are lazy.","meaning":"True~False~Cannot be determined~Invalid~True","type":"question"}],"contentId":"4"}