{"id":13,"title":"Analytical Ability : M1 - Seating Arrangements","sections":[{"title":"Question 1","passage":"Six friends A, B, C, D, E, and F are sitting in a circle facing the center. A is sitting to the right of D, and B is sitting to the immediate left of A. Who is sitting to the immediate right of B?","commentary":"**Solution:** Since A is sitting to the right of D, and B is to the left of A, E must be sitting to the immediate right of B.","meaning":"C~E~F~D~E","type":"question"},{"title":"Question 2","passage":"Five people P, Q, R, S, and T are sitting in a row. Q is sitting to the immediate right of P, and S is sitting to the immediate left of T. If R is at the center, who is sitting between P and S?","commentary":"**Solution:** With R at the center, S and P are on opposite sides. Q must be sitting between P and S.","meaning":"Q~T~R~S~R","type":"question"},{"title":"Question 3","passage":"Seven people A, B, C, D, E, F, and G are standing in a line. D is standing to the left of A, and F is standing between B and G. Who is standing at the extreme left?","commentary":"**Solution:** Based on the information, D is standing to the left of A, and there is no one mentioned to be further left of D, so D is at the extreme left.","meaning":"A~D~G~F~D","type":"question"},{"title":"Question 4","passage":"Six friends A, B, C, D, E, and F are sitting in a straight line facing north. B is sitting third from the left, and D is sitting to the immediate right of B. Who is sitting second from the right?","commentary":"**Solution:** Based on the arrangement, F must be sitting second from the right.","meaning":"A~B~C~F~F","type":"question"},{"title":"Question 5","passage":"In a circular arrangement, six friends A, B, C, D, E, and F are sitting equidistant from each other. A is sitting directly opposite B, and F is sitting between D and E. Who is sitting to the immediate right of C?","commentary":"**Solution:** Based on the circular arrangement and the given clues, D is sitting to the immediate right of C.","meaning":"A~D~E~F~D","type":"question"},{"title":"Question 6","passage":"Five people P, Q, R, S, and T are sitting in a row. P is sitting to the immediate left of S, and T is sitting to the immediate right of Q. Who is sitting in the middle?","commentary":"**Solution:** Based on the arrangement, R must be sitting in the middle.","meaning":"P~Q~R~S~R","type":"question"},{"title":"Question 7","passage":"In a group of eight people sitting in a circle, X is to the immediate left of Y, and Z is sitting opposite Y. Who is sitting opposite X?","commentary":"**Solution:** Since Z is sitting opposite Y, and X is to the immediate left of Y, the person sitting opposite X must be W.","meaning":"W~Y~Z~A~W","type":"question"},{"title":"Question 8","passage":"Four people are sitting in a straight line. Q is sitting to the left of R, and P is sitting to the right of S. Who is sitting at the extreme left?","commentary":"**Solution:** Based on the information, S must be sitting at the extreme left.","meaning":"P~Q~R~S~S","type":"question"},{"title":"Question 9","passage":"In a group of seven people, A, B, C, D, E, F, and G are sitting in a circle. A is sitting between B and C, and D is sitting opposite A. Who is sitting between F and G?","commentary":"**Solution:** Based on the arrangement, E must be sitting between F and G.","meaning":"B~C~E~D~E","type":"question"},{"title":"Question 10","passage":"Six people are sitting in a straight line. D is sitting second from the left, and F is sitting third from the right. Who is sitting at the extreme right?","commentary":"**Solution:** Based on the arrangement, E must be sitting at the extreme right.","meaning":"A~B~C~E~E","type":"question"},{"title":"Question 11","passage":"Five people P, Q, R, S, and T are standing in a row. S is standing to the left of T, and P is standing at the extreme right. Who is standing to the left of R?","commentary":"**Solution:** Q must be standing to the left of R based on the information provided.","meaning":"P~Q~R~S~Q","type":"question"},{"title":"Question 12","passage":"Six friends A, B, C, D, E, and F are sitting in a circle. B is sitting to the immediate right of C, and D is sitting opposite F. Who is sitting to the immediate left of E?","commentary":"**Solution:** Based on the arrangement, F is sitting to the immediate left of E.","meaning":"A~B~C~F~F","type":"question"},{"title":"Question 13","passage":"Four friends are sitting in a straight line. A is sitting to the left of B, and C is sitting to the immediate right of D. Who is sitting at the extreme right?","commentary":"**Solution:** Based on the arrangement, C is sitting at the extreme right.","meaning":"A~B~C~D~C","type":"question"},{"title":"Question 14","passage":"In a circular seating arrangement, P is sitting to the immediate right of Q, and R is sitting opposite Q. Who is sitting to the immediate left of R?","commentary":"**Solution:** Based on the circular arrangement, T must be sitting to the immediate left of R.","meaning":"P~Q~T~S~T","type":"question"},{"title":"Question 15","passage":"Six people are sitting in a straight line facing north. E is sitting second from the right, and F is sitting to the immediate left of A. Who is sitting in the middle?","commentary":"**Solution:** Based on the arrangement, C is sitting in the middle.","meaning":"B~C~D~A~C","type":"question"},{"title":"Question 16","passage":"Five friends are sitting in a straight line. P is sitting to the immediate left of R, and Q is sitting to the immediate right of S. Who is sitting at the extreme left?","commentary":"**Solution:** Based on the arrangement, S is sitting at the extreme left.","meaning":"S~R~P~Q~S","type":"question"},{"title":"Question 17","passage":"Seven people A, B, C, D, E, F, and G are sitting in a row. A is sitting to the immediate right of F, and G is sitting at the extreme left. Who is sitting second from the left?","commentary":"**Solution:** Based on the arrangement, B is sitting second from the left.","meaning":"B~C~D~E~B","type":"question"},{"title":"Question 18","passage":"In a group of five people, X, Y, Z, A, and B are sitting in a circle. A is sitting to the immediate left of B, and X is sitting opposite Z. Who is sitting to the immediate right of Y?","commentary":"**Solution:** Based on the arrangement, Z is sitting to the immediate right of Y.","meaning":"X~Z~A~B~Z","type":"question"},{"title":"Question 19","passage":"Four friends are standing in a line facing south. P is standing to the right of Q, and S is standing to the immediate left of R. Who is standing at the extreme left?","commentary":"**Solution:** Based on the arrangement, Q is standing at the extreme left.","meaning":"Q~R~P~S~Q","type":"question"},{"title":"Question 20","passage":"In a seating arrangement of eight people in a circle, A is sitting opposite C, and B is sitting to the immediate right of A. Who is sitting to the immediate left of D?","commentary":"**Solution:** Based on the arrangement, E is sitting to the immediate left of D.","meaning":"C~E~F~B~E","type":"question"}],"contentId":"4"}