{"id":14,"title":"Analytical Ability : M1 - Puzzles","sections":[{"title":"Question 1","passage":"A man leaves his house and walks 10 km south, then 5 km east, and finally 10 km north. How far is he from his starting point?","commentary":"**Solution:** The man ends up 5 km east of his starting point, since the north-south distance cancels out.","meaning":"15 km~10 km~5 km~5 km~5 km","type":"question"},{"title":"Question 2","passage":"You have a 3-liter and a 5-liter jug, and you need exactly 4 liters of water. How can you measure exactly 4 liters?","commentary":"**Solution:** Fill the 5-liter jug, pour into the 3-liter jug, leaving exactly 2 liters in the 5-liter jug. Then empty the 3-liter jug, pour the remaining 2 liters from the 5-liter jug into the 3-liter jug, and fill the 5-liter jug again to get 4 liters.","meaning":"Use only the 5-liter jug~Use only the 3-liter jug~Use both jugs as described~Impossible~Use both jugs as described","type":"question"},{"title":"Question 3","passage":"A farmer has 17 sheep, and all but 9 die. How many sheep are left?","commentary":"**Solution:** If all but 9 die, there are 9 sheep left.","meaning":"0~8~9~17~9","type":"question"},{"title":"Question 4","passage":"John has 2 apples and gives 1 apple to Mike. How many apples does John have now?","commentary":"**Solution:** John has 1 apple left after giving 1 apple to Mike.","meaning":"2~1~0~3~1","type":"question"},{"title":"Question 5","passage":"In a family of six members P, Q, R, S, T, and U, there are two married couples. T is a teacher and married to Q, who is a doctor. R is the father of P and a lawyer. U is the grandmother of P and is a retired teacher. Who is married to R?","commentary":"**Solution:** Based on the given information, S is married to R.","meaning":"Q~S~U~T~S","type":"question"},{"title":"Question 6","passage":"A clock strikes once at 1 o'clock, twice at 2 o'clock, and so on. How many times will the clock strike in 24 hours?","commentary":"**Solution:** The clock strikes 1+2+3...+12 (78 times) for 12 hours, and this repeats for the next 12 hours, making 156 times.","meaning":"78~144~156~120~156","type":"question"},{"title":"Question 7","passage":"You are in a room with three doors. Behind one of the doors is a car, and behind the others are goats. You pick one door, and the host, who knows what is behind each door, opens another door with a goat. Should you switch your choice?","commentary":"**Solution:** Yes, you should switch because the probability of winning by switching is 2/3.","meaning":"Yes, probability increases~No, probability decreases~Yes, probability remains same~Does not matter~Yes, probability increases","type":"question"},{"title":"Question 8","passage":"A train leaves the station at 3:00 PM traveling at 60 km/h. Another train leaves the same station at 4:00 PM traveling at 80 km/h. At what time will the second train catch up to the first?","commentary":"**Solution:** The second train will catch up to the first at 6:00 PM, covering the difference in distance.","meaning":"5:00 PM~6:00 PM~7:00 PM~8:00 PM~6:00 PM","type":"question"},{"title":"Question 9","passage":"A box contains 10 red balls, 8 blue balls, and 6 green balls. If you randomly pick one ball, what is the probability that it is blue?","commentary":"**Solution:** There are 8 blue balls out of a total of 24 balls, so the probability is 8/24 or 1/3.","meaning":"1/2~1/3~1/4~1/6~1/3","type":"question"},{"title":"Question 10","passage":"A man gave 1/3 of his money to his son, 1/4 to his daughter, and the remaining Rs. 60 to his wife. How much money did the man originally have?","commentary":"**Solution:** Let the total amount be x. Then, (1/3)x + (1/4)x + 60 = x. Solving for x, we get Rs. 120.","meaning":"Rs. 80~Rs. 100~Rs. 120~Rs. 150~Rs. 120","type":"question"},{"title":"Question 11","passage":"There are 10 people in a party. If each person shakes hands with every other person exactly once, how many handshakes are there?","commentary":"**Solution:** The total number of handshakes is given by n(n-1)/2 where n = 10. So, 10(9)/2 = 45 handshakes.","meaning":"45~40~35~50~45","type":"question"},{"title":"Question 12","passage":"Three friends are sitting on a bench. If A is sitting to the left of B, and B is sitting to the left of C, who is in the middle?","commentary":"**Solution:** B is sitting in the middle as per the given arrangement.","meaning":"A~B~C~None~B","type":"question"},{"title":"Question 13","passage":"A woman has Rs. 100 in coins consisting of Rs. 1, Rs. 2, and Rs. 5 coins. If she has 40 coins in total, how many Rs. 5 coins does she have?","commentary":"**Solution:** Let the number of Rs. 5 coins be x. The equation is x + (total number of Rs. 1 and Rs. 2 coins) = 40, and Rs. 1, Rs. 2, and Rs. 5 sum up to Rs. 100.","meaning":"5 coins~10 coins~15 coins~20 coins~15 coins","type":"question"},{"title":"Question 14","passage":"A man is 4 times as old as his son. In 20 years, the man will be twice as old as his son. What is the man's current age?","commentary":"**Solution:** Let the son's current age be x. Then, the man's current age is 4x. In 20 years, 4x + 20 = 2(x + 20). Solving this, we find that the man's current age is 40.","meaning":"20 years~30 years~40 years~50 years~40 years","type":"question"},{"title":"Question 15","passage":"You have two ropes. Each rope takes exactly 1 hour to burn completely, but the ropes do not burn at a constant rate. How can you measure 45 minutes using these ropes?","commentary":"**Solution:** Light one rope at both ends and the other at one end. When the first rope burns out, 30 minutes have passed. Then, light the second end of the second rope, and when it burns out, 45 minutes have passed.","meaning":"Light both at one end~Light one at both ends and the other at one end~Light one at both ends~Impossible~Light one at both ends and the other at one end","type":"question"},{"title":"Question 16","passage":"A man buys a horse for Rs. 60, sells it for Rs. 70, buys it back for Rs. 80, and finally sells it for Rs. 90. How much profit did he make?","commentary":"**Solution:** The man made a total profit of Rs. 20.","meaning":"Rs. 10~Rs. 20~Rs. 30~Rs. 40~Rs. 20","type":"question"},{"title":"Question 17","passage":"Two trains are traveling towards each other at 60 km/h and 90 km/h, respectively. If they are 300 km apart, how long will it take for them to meet?","commentary":"**Solution:** The relative speed is 60+90 = 150 km/h. They will meet in 300/150 = 2 hours.","meaning":"1 hour~2 hours~3 hours~4 hours~2 hours","type":"question"},{"title":"Question 18","passage":"A mother is three times as old as her daughter. In 12 years, she will be twice as old as her daughter. What is the daughter's current age?","commentary":"**Solution:** Let the daughter's current age be x. Then, the mother's current age is 3x. In 12 years, 3x + 12 = 2(x + 12). Solving this, the daughter's current age is 12.","meaning":"10 years~12 years~15 years~20 years~12 years","type":"question"},{"title":"Question 19","passage":"A container holds 4 liters of water, and another container holds 7 liters. How can you measure exactly 5 liters using only these two containers?","commentary":"**Solution:** Fill the 7-liter container and pour into the 4-liter container, leaving 3 liters. Empty the 4-liter container, pour the 3 liters into it, and fill the 7-liter container again. Pour into the 4-liter container until it is full, leaving exactly 5 liters in the 7-liter container.","meaning":"Use the 4-liter container only~Use both containers as described~Impossible~Use the 7-liter container only~Use both containers as described","type":"question"},{"title":"Question 20","passage":"A man has 100 coins, consisting of Rs. 1, Rs. 2, and Rs. 5 coins. If he has 50 Rs. 1 coins and 20 Rs. 2 coins, how many Rs. 5 coins does he have?","commentary":"**Solution:** He has 30 coins in total, so he has 30 Rs. 5 coins left after accounting for the Rs. 1 and Rs. 2 coins.","meaning":"25~30~35~40~30","type":"question"}],"contentId":"4"}