{"id":15,"title":"Current Affairs: M1 - National and international events","sections":[{"title":"Question 1","passage":"Who won the 2024 Nobel Peace Prize?","commentary":"**Solution:** The 2024 Nobel Peace Prize was awarded to Nihon Hidankyō \"for its efforts to achieve a world free of nuclear weapons and for demonstrating through witness testimony that nuclear weapons must never be used again\"","meaning":"Nihon Hidankyō~Volodymyr Zelensky~Malala Yousafzai~Abiy Ahmed~Nihon Hidankyō","type":"question"},{"title":"Question 2","passage":"Which country hosted the G20 summit in 2024?","commentary":"**Solution:** The G20 summit in 2024 was hosted by Brazil.","meaning":"India~Brazil~United States~Japan~Brazil","type":"question"},{"title":"Question 3","passage":"Who was elected as the President of the United States in the 2024 elections?","commentary":"**Solution:** [Insert correct name based on election results].","meaning":"Joe Biden~Donald Trump~Ron DeSantis~Kamala Harris~[Insert correct answer]","type":"question"},{"title":"Question 4","passage":"Which team won the 2024 ICC Men’s T20 World Cup?","commentary":"**Solution:** The winner of the 2024 ICC Men’s T20 World Cup is India.","meaning":"India~Australia~England~Pakistan~India","type":"question"},{"title":"Question 5","passage":"Who was appointed as the new Chief of Defence Staff (CDS) of India in 2024?","commentary":"**Solution:** **General Anil Chauhan** is the Chief of Defence Staff (CDS) of the Indian Armed Forces:\n\n### Appointment\nHe took office on September 30, 2022.\n\n### Background\nHe is a retired Lieutenant General. He was commissioned in the 11th Gorkha Rifles regiment and is from the Pauri Garhwal district.\n\n### Other Work\nHe wrote *Aftermath of A Nuclear Attack* in 2010 and *History of 11 Gorkha Rifles Regimental Centre* while he was the commander of the regiment.\n\n### Personal Life\nHe is married to Anupama, an artist, and they have a daughter named Pragya. He is an art enthusiast and a collector of masks.\n","meaning":"Bipin Rawat~Anil Chauhan~Rajnath Singh~Manoj Mukund Naravane~Anil Chauhan","type":"question"},{"title":"Question 6","passage":"Which Indian state launched the 'Mukhyamantri Ladli Bahna Yojana' in 2024?","commentary":"**Solution:** Madhya Pradesh launched the 'Mukhyamantri Ladli Bahna Yojana'.","meaning":"Uttar Pradesh~Maharashtra~Madhya Pradesh~Bihar~Madhya Pradesh","type":"question"},{"title":"Question 7","passage":"Which movie won the Best Picture award at the 2024 Oscars?","commentary":"**Solution:** The Best Picture at the 2024 Oscars was awarded to Oppenheimer.","meaning":"Oppenheimer~Barbie~Killers of the Flower Moon~Dune: Part Two~Oppenheimer","type":"question"},{"title":"Question 8","passage":"Who became the Prime Minister of the United Kingdom in 2024?","commentary":"**Solution:** Sir Keir Starmer became Prime Minister of the United Kingdom on 5 July 2024.","meaning":"Rishi Sunak~Keir Starmer~Boris Johnson~Liz Truss~Keir Starmer","type":"question"},{"title":"Question 9","passage":"Which country became the newest member of BRICS in 2024?","commentary":"**Solution:** According to recent information, Egypt, Ethiopia, Iran, Saudi Arabia, and the United Arab Emirates all joined BRICS as new members in 2024, with their membership taking effect on January 1st of that year; however, there were initial uncertainties about Saudi Arabia's participation, which was later confirmed by South Africa. \nKey points about the new BRICS members in 2024: \nArgentina was also invited: but withdrew their application shortly after a new president took office. \nMembership began on January 1, 2024 . \nThe expanded group is sometimes referred to as \"BRICS+\" ","meaning":"Argentina~Mexico~Ethiopia~Indonesia~Ethiopia","type":"question"},{"title":"Question 10","passage":"Who won the 2024 Australian Open Men's Singles title?","commentary":"**Solution:** Novak Djokovic was the defending men's singles champion. He was defeated in the semifinals by Jannik Sinner, who went on to beat Daniil Medvedev in a five-set final to win his first major title.","meaning":"Carlos Alcaraz~Novak Djokovic~Daniil Medvedev~Jannik Sinner~Jannik Sinner","type":"question"},{"title":"Question 11","passage":"Which country successfully landed on the south pole of the Moon in 2024?","commentary":"**Solution:** India successfully landed on the south pole of the Moon in 2024.","meaning":"China~Russia~United States~India~India","type":"question"},{"title":"Question 12","passage":"Which player won the 2024 FIFA Ballon d'Or award?","commentary":"**Solution:** According to current information, Lamine Yamal is widely expected to win the 2024 Ballon d'Or award, based on his standout performances for Barcelona and his contribution to Spain's victory in the European Championship. \nKey points about the 2024 Ballon d'Or: \nPredicted winner: Lamine Yamal (Barcelona) \nReason for prediction: His impressive performances at a young age, particularly in the recent European Championship \nOrganization: The award is co-organized by UEFA and France Football ","meaning":"Lionel Messi~Lamine Yamal~Cristiano Ronaldo~Erling Haaland~Lamine Yamal","type":"question"},{"title":"Question 13","passage":"Which country to chair the 2024 Climate Change Conference (COP29)?","commentary":"**Solution:** According to available information, Azerbaijan will chair the 2024 Climate Change Conference (COP29). \nKey details: \nLocation: Baku, Azerbaijan\nDates: November 11-22, 2024 ","meaning":"United States~Brazil~Azerbaijan~Germany~Azerbaijan","type":"question"},{"title":"Question 14","passage":"Who is the current Secretary-General of the United Nations as of 2024?","commentary":"**Solution:** António Guterres is the current Secretary-General of the United Nations.","meaning":"António Guterres~Ban Ki-moon~Kofi Annan~Tedros Adhanom~António Guterres","type":"question"},{"title":"Question 15","passage":"Which Indian state has the most GI-tagged products in 2024?","commentary":"**Solution:** With six new additions, Uttar Pradesh retains its position as the state with the most GI-tagged products in India, reaching a total of 75.","meaning":"Kerala~Uttar Pradesh~Tamil Nadu~Maharashtra~Uttar Pradesh","type":"question"},{"title":"Question 16","passage":"Which country hosted the 2024 Summer Olympics?","commentary":"**Solution:** The 2024 Summer Olympics were hosted by France (Paris).","meaning":"Japan~Brazil~France~United States~France","type":"question"},{"title":"Question 17","passage":"Which state won the Ranji Trophy in 2024?","commentary":"**Solution:**\n #### Full list of Ranji Trophy winners and runner-ups\n\n| Season   | Champion       | Runner-up     |\n|----------|----------------|---------------|\n| 2023-24  | Mumbai         | Vidharbha     |\n| 2022-23  | Saurashtra     | Bengal        |\n| 2021-22  | Madhya Pradesh | Mumbai        |\n| 2020-21  | Not held due to Covid-19 | |\n| 2019-20  | Saurashtra     | Bengal        |\n| 2018-19  | Vidarbha       | Saurashtra    |\n| 2017-18  | Vidarbha       | Delhi         |\n| 2016-17  | Gujarat        | Mumbai        |\n| 2015-16  | Mumbai         | Saurashtra    |\n| 2014-15  | Karnataka      | Tamil Nadu    |\n| 2013-14  | Karnataka      | Maharashtra   |\n| 2012-13  | Mumbai         | Saurashtra    |\n| 2011-12  | Rajasthan      | Tamil Nadu    |\n","meaning":"Karnataka~Mumbai~Tamil Nadu~Saurashtra~Mumbai","type":"question"},{"title":"Question 18","passage":"Who became the new CEO of Twitter (X) in 2024?","commentary":"**Solution:** \n**Linda Yaccarino** is the CEO of X, formerly known as Twitter:\n\n##### Appointment:\nYaccarino became CEO on June 5, 2023, succeeding Elon Musk, who remains the chairman and chief technology officer.\n\n##### Background:\nYaccarino was previously an advertising executive at NBCUniversal.\n\n##### Plans:\nYaccarino has plans to:\n- Enable video chat calls without requiring a phone number\n- Allow users to make payments to friends, creators, and other users\n- Regain big brands on the platform\n\n##### Rebranding:\nIn July 2023, Twitter was rebranded as X, and the bird logo was retired. Yaccarino's Twitter handle is @lindayaX, which is a play on her previous username and her new role.\n","meaning":"Elon Musk~Linda Yaccarino~Mark Zuckerberg~Sheryl Sandberg~Linda Yaccarino","type":"question"},{"title":"Question 19","passage":"Which Indian cricketer announced his retirement from all forms of cricket in 2024?","commentary":"**Solution:** According to recent news, Shikhar Dhawan announced his retirement from all forms of cricket in 2024, making the decision public on August 24th through a social media post. \n##### Key points about Dhawan's retirement: \nDate: August 24, 2024 \nFormat: Retirement from both international and domestic cricket \nReason: He stated that he is at a point in his life where he wants to look forward to new opportunities. \n","meaning":"Virat Kohli~MS Dhoni~Rohit Sharma~Shikhar Dhawan~Shikhar Dhawan","type":"question"},{"title":"Question 20","passage":"Which country has a mission called Europa Clipper?","commentary":"**Solution:** NASA will launch Europa Clipper, which will explore one of Jupiter's largest moons, Europa. Europa is slightly smaller than Earth's Moon, with a surface made of ice. Beneath its icy shell, Europa likely harbors a saltwater ocean, which scientists expect contains over twice as much water as all the oceans here on Earth combined.[https://www.cbsnews.com/news/space-missions-launch-2024-artemis-clipper-viper-moon-mars/]","meaning":"United States~China~Russia~India~United States","type":"question"}],"contentId":"4"}