{"id":16,"title":"English: M5 - Grammar, Vocabulary, and Current Affairs","description":"This part contains a set of 10 quiz questions designed to test knowledge in English Grammar, Vocabulary, and Current Affairs. Each question is structured to enhance comprehension and analytical skills in these topics.","sectionCount":10,"tags":["English","Grammar","Vocabulary","Current Affairs","Quiz"],"sections":[{"id":"1","title":"Question 1","type":"question","passage":"Identify the correct form of the verb in the following sentence: 'She ___ to the market every morning.'","meaning":"go~goes~gone~going~goes","commentary":"**Solution:** The correct form is 'goes' because the subject 'she' is third-person singular and requires a singular verb."},{"id":"2","title":"Question 2","type":"question","passage":"Which of the following words is a synonym of 'abundant'?","meaning":"scarce~plentiful~rare~meager~plentiful","commentary":"**Solution:** 'Plentiful' is a synonym of 'abundant', meaning in large quantities or more than enough."},{"id":"3","title":"Question 3","type":"question","passage":"Fill in the blank: 'The committee ___ to meet again next week.'","meaning":"decided~has decided~will decide~is deciding~has decided","commentary":"**Solution:** 'Has decided' is correct as it indicates a decision made recently that is still relevant."},{"id":"4","title":"Question 4","type":"question","passage":"What is the antonym of 'optimistic'?","meaning":"pessimistic~hopeful~positive~cheerful~pessimistic","commentary":"**Solution:** 'Pessimistic' is the antonym of 'optimistic', meaning having a negative outlook."},{"id":"5","title":"Question 5","type":"question","passage":"Which year did the United Nations establish?","meaning":"1945~1950~1940~1960~1945","commentary":"**Solution:** The United Nations was established in 1945 following the end of World War II."},{"id":"6","title":"Question 6","type":"question","passage":"Choose the correct option: 'The news ___ already been broadcasted.'","meaning":"has~have~had~is~has","commentary":"**Solution:** 'Has' is correct because 'news' is treated as singular."},{"id":"7","title":"Question 7","type":"question","passage":"Which word fits correctly: 'She was ___ by the beauty of the sunset.'","meaning":"fascinated~fascinating~fascination~fascinate~fascinated","commentary":"**Solution:** 'Fascinated' is correct as it describes her reaction to the beauty of the sunset."},{"id":"8","title":"Question 8","type":"question","passage":"Which of the following is a collective noun?","meaning":"team~happy~quickly~table~team","commentary":"**Solution:** 'Team' is a collective noun representing a group of people or things."},{"id":"9","title":"Question 9","type":"question","passage":"What is the capital city of Australia?","meaning":"Sydney~Melbourne~Canberra~Perth~Canberra","commentary":"**Solution:** 'Canberra' is the capital city of Australia."},{"id":"10","title":"Question 10","type":"question","passage":"Which tense is used in the sentence: 'He will have completed his project by tomorrow'?","meaning":"Present Perfect~Past Perfect~Future Perfect~Present Continuous~Future Perfect","commentary":"**Solution:** 'Future Perfect' is the tense used here, indicating an action that will be completed by a specific future time."}],"contentId":"4"}