{"id":17,"title":"Design: Elements and Principles","description":"This quiz tests your understanding of the fundamental elements and principles of design, crucial for NID entrance preparation. It covers concepts like line, shape, form, space, texture, color, balance, contrast, emphasis, movement, pattern, rhythm, and unity.","sectionCount":10,"tags":["Design","Elements of Design","Principles of Design","NID","Entrance Exam","Quiz"],"sections":[{"id":"1","title":"Question 1","type":"question","passage":"Which element of design is a path created by a moving point?","meaning":"Line~Shape~Form~Space~Line","commentary":"**Solution:** A line is a basic element of design defined as a path created by a moving point."},{"id":"2","title":"Question 2","type":"question","passage":"What principle of design refers to the visual weight distribution in a composition?","meaning":"Balance~Contrast~Emphasis~Rhythm~Balance","commentary":"**Solution:** Balance is the principle that deals with the distribution of visual weight in a design, creating a sense of stability."},{"id":"3","title":"Question 3","type":"question","passage":"Which element of design is defined as a two-dimensional enclosed area?","meaning":"Shape~Form~Texture~Color~Shape","commentary":"**Solution:** A shape is a two-dimensional area defined by lines, color, or texture."},{"id":"4","title":"Question 4","type":"question","passage":"What principle of design uses opposing elements to create visual interest?","meaning":"Contrast~Unity~Movement~Pattern~Contrast","commentary":"**Solution:** Contrast utilizes different elements like color, size, or texture to create visual interest and highlight key features."},{"id":"5","title":"Question 5","type":"question","passage":"Which element of design deals with the surface quality of an object?","meaning":"Texture~Space~Form~Line~Texture","commentary":"**Solution:** Texture refers to the way a surface feels or looks like it feels. It can be rough, smooth, bumpy, etc."},{"id":"6","title":"Question 6","type":"question","passage":"What principle of design creates a sense of organized movement in a composition?","meaning":"Rhythm~Emphasis~Pattern~Unity~Rhythm","commentary":"**Solution:** Rhythm creates a sense of movement and flow in a design by repeating elements in a predictable manner."},{"id":"7","title":"Question 7","type":"question","passage":"Which element of design is three-dimensional and encloses volume?","meaning":"Form~Shape~Space~Color~Form","commentary":"**Solution:** Form is a three-dimensional element that has length, width, and height."},{"id":"8","title":"Question 8","type":"question","passage":"What principle of design draws attention to a specific area in a composition?","meaning":"Emphasis~Balance~Contrast~Movement~Emphasis","commentary":"**Solution:** Emphasis is used to create a focal point in a design, drawing the viewer's attention to a specific area."},{"id":"9","title":"Question 9","type":"question","passage":"Which principle of design refers to the repetition of elements to create visual interest?","meaning":"Pattern~Rhythm~Unity~Movement~Pattern","commentary":"**Solution:** Pattern is the repetition of elements like lines, shapes, or colors in a recurring and predictable way."},{"id":"10","title":"Question 10","type":"question","passage":"What principle of design creates a sense of harmony and completeness in a composition?","meaning":"Unity~Balance~Contrast~Rhythm~Unity","commentary":"**Solution:** Unity is the principle that ensures all elements work together cohesively to create a harmonious and complete design."}],"contentId":"4"}