{"id":18,"title":"Design: Elements and Principles - Quiz 2","description":"This quiz further tests your grasp of design elements and principles, vital for NID entrance preparation. It delves deeper into concepts like space, repetition, value, movement, texture, balance, color, unity, form, and emphasis.","sectionCount":10,"tags":["Design","Elements of Design","Principles of Design","NID","Entrance Exam","Quiz"],"sections":[{"id":"1","title":"Question 1","type":"question","passage":"Which element of design refers to the area around and between objects?","meaning":"Space~Shape~Form~Line~Space","commentary":"**Solution:** Space is the area around, within, or between elements in a design."},{"id":"2","title":"Question 2","type":"question","passage":"What principle of design refers to the use of a single element repeatedly to create visual interest?","meaning":"Repetition~Contrast~Emphasis~Rhythm~Repetition","commentary":"**Solution:** Repetition involves repeating a single element multiple times to create a sense of unity and pattern."},{"id":"3","title":"Question 3","type":"question","passage":"Which element of design is created by the interplay of light and shadow?","meaning":"Value~Color~Texture~Shape~Value","commentary":"**Solution:** Value refers to the lightness or darkness of a color or hue."},{"id":"4","title":"Question 4","type":"question","passage":"What principle of design guides the viewer's eye through a composition?","meaning":"Movement~Unity~Balance~Pattern~Movement","commentary":"**Solution:** Movement is the principle that guides the viewer's eye through the artwork, often using lines, shapes, or colors."},{"id":"5","title":"Question 5","type":"question","passage":"Which element of design refers to the visual or tactile feel of a surface?","meaning":"Texture~Space~Form~Line~Texture","commentary":"**Solution:** Texture can be either visual (implied) or tactile (actual), referring to the surface quality."},{"id":"6","title":"Question 6","type":"question","passage":"What principle of design creates a sense of visual equilibrium?","meaning":"Balance~Emphasis~Pattern~Unity~Balance","commentary":"**Solution:** Balance can be symmetrical, asymmetrical, or radial, depending on how visual weight is distributed."},{"id":"7","title":"Question 7","type":"question","passage":"Which element of design is perceived when light hits an object and is reflected back to the eye?","meaning":"Color~Form~Shape~Space~Color","commentary":"**Solution:** Color is how our eyes perceive reflected light, characterized by hue, saturation, and value."},{"id":"8","title":"Question 8","type":"question","passage":"What principle of design creates a sense of wholeness and coherence in a composition?","meaning":"Unity~Balance~Contrast~Rhythm~Unity","commentary":"**Solution:** Unity ensures that all elements work together harmoniously to create a sense of completeness."},{"id":"9","title":"Question 9","type":"question","passage":"Which element of design is a three-dimensional geometric figure?","meaning":"Form~Shape~Space~Color~Form","commentary":"**Solution:** Form is a three-dimensional object with volume and mass, such as a cube, sphere, or cylinder."},{"id":"10","title":"Question 10","type":"question","passage":"What principle of design creates a clear hierarchy of importance within a composition?","meaning":"Emphasis~Balance~Contrast~Movement~Emphasis","commentary":"**Solution:** Emphasis helps to highlight the most important elements in a design, creating a focal point."}],"contentId":"4"}