{"id":19,"title":"Design: Elements and Principles - Quiz 3","description":"Test your design knowledge with this quiz! It covers elements like line, shape, form, space, texture, color, and principles like balance, contrast, emphasis, movement, pattern, rhythm, and unity.","sectionCount":10,"tags":["Design","Elements of Design","Principles of Design","NID","Entrance Exam","Quiz"],"sections":[{"id":"1","title":"Question 1","type":"question","passage":"Which element creates boundaries and defines shapes?","meaning":"Line~Color~Texture~Space~Line","commentary":"**Solution:** Lines are the fundamental building blocks for creating shapes and defining forms."},{"id":"2","title":"Question 2","type":"question","passage":"What principle directs the viewer's eye across the design?","meaning":"Movement~Balance~Emphasis~Unity~Movement","commentary":"**Solution:** Movement guides the viewer's gaze through the composition, creating a visual flow."},{"id":"3","title":"Question 3","type":"question","passage":"Which element is a 3D enclosed area with volume?","meaning":"Form~Shape~Space~Texture~Form","commentary":"**Solution:** Form is a three-dimensional element that has length, width, and height, like a cube or sphere."},{"id":"4","title":"Question 4","type":"question","passage":"What principle is the repetition of elements to create order?","meaning":"Rhythm~Contrast~Emphasis~Pattern~Rhythm","commentary":"**Solution:** Rhythm creates a sense of organized movement through repeated elements."},{"id":"5","title":"Question 5","type":"question","passage":"Which element refers to the surface quality?","meaning":"Texture~Color~Space~Form~Texture","commentary":"**Solution:** Texture describes the tactile or visual feel of a surface, like rough, smooth, or bumpy."},{"id":"6","title":"Question 6","type":"question","passage":"What principle creates a focal point in the design?","meaning":"Emphasis~Balance~Contrast~Movement~Emphasis","commentary":"**Solution:** Emphasis uses elements to draw attention to a specific area, creating a point of interest."},{"id":"7","title":"Question 7","type":"question","passage":"Which element is the absence of any visual element?","meaning":"Space~Shape~Form~Line~Space","commentary":"**Solution:** Space is the area around and between elements, including the background or 'negative space'."},{"id":"8","title":"Question 8","type":"question","passage":"What principle is the feeling of equilibrium in a design?","meaning":"Balance~Contrast~Emphasis~Unity~Balance","commentary":"**Solution:** Balance ensures that visual elements are distributed evenly, creating stability."},{"id":"9","title":"Question 9","type":"question","passage":"Which element is defined by its hue, saturation, and value?","meaning":"Color~Form~Shape~Texture~Color","commentary":"**Solution:** Color is how we perceive light, and it's characterized by its hue, saturation, and value."},{"id":"10","title":"Question 10","type":"question","passage":"What principle ensures all elements work together harmoniously?","meaning":"Unity~Balance~Contrast~Rhythm~Unity","commentary":"**Solution:** Unity creates a sense of wholeness and coherence in a design, where all parts feel connected."}],"contentId":"4"}