{"id":2,"title":"English : M2 - Grammar, vocabulary etc","sections":[{"title":"Question 21","passage":"What is the plural form of 'Child'?","commentary":"","meaning":"Childs~Children~Childrens~Child's~Children","type":"question"},{"title":"Question 22","passage":"Select the correct synonym of 'Benevolent'","commentary":"","meaning":"Cruel~Kind~Selfish~Indifferent~Kind","type":"question"},{"title":"Question 23","passage":"Which of the following is the correct antonym of 'Transparent'?","commentary":"","meaning":"Opaque~Clear~Visible~Translucent~Opaque","type":"question"},{"title":"Question 24","passage":"Fill in the blank: He has been working here __ five years.","commentary":"","meaning":"since~at~for~from~for","type":"question"},{"title":"Question 25","passage":"Which of the following sentences is grammatically correct?","commentary":"","meaning":"He don't like coffee.~He doesn't likes coffee.~He doesn't like coffee.~He doesn't liked coffee.~He doesn't like coffee.","type":"question"},{"title":"Question 26","passage":"Identify the correct meaning of the idiom: 'Let the cat out of the bag'.","commentary":"","meaning":"To keep a secret~To reveal a secret~To create a problem~To cause confusion~To reveal a secret.","type":"question"},{"title":"Question 27","passage":"Choose the correct preposition: She is afraid __ the dark.","commentary":"","meaning":"on~from~with~of~of","type":"question"},{"title":"Question 28","passage":"Find the correct spelling:","commentary":"","meaning":"Recieve~Receive~Recievee~Receeve~Receive","type":"question"},{"title":"Question 29","passage":"Which of the following is a one-word substitution for 'A place where books are kept'?","commentary":"","meaning":"Bookstore~Library~Archives~Study~Library","type":"question"},{"title":"Question 30","passage":"Select the appropriate article: He is __ honest man.","commentary":"","meaning":"a~the~an~no article needed~an","type":"question"},{"title":"Question 31","passage":"Choose the correct option to complete the sentence: She is the __ girl in the class.","commentary":"","meaning":"tall~taller~tallest~most tall~tallest","type":"question"},{"title":"Question 32","passage":"Which of the following sentences is in past perfect tense?","commentary":"","meaning":"I will go to the store.~I had gone to the store.~I go to the store.~I am going to the store.~I had gone to the store.","type":"question"},{"title":"Question 33","passage":"Select the correct option: She __ to the party yesterday.","commentary":"","meaning":"goes~gone~went~going~went","type":"question"},{"title":"Question 34","passage":"Choose the correct antonym of 'Ancient'.","commentary":"","meaning":"Old~Modern~Historic~Traditional~Modern","type":"question"},{"title":"Question 35","passage":"Which of the following is a correct indirect speech sentence?","commentary":"","meaning":"He said, 'I am tired.'~He said that he is tired.~He said that he was tired.~He said, 'He is tired.'~He said that he was tired.","type":"question"},{"title":"Question 36","passage":"Fill in the blank: They arrived __ the airport on time.","commentary":"","meaning":"in~at~on~to~at","type":"question"},{"title":"Question 37","passage":"Select the correct sentence:","commentary":"","meaning":"I has a new car.~I am have a new car.~I have a new car.~I am having a new car.~I have a new car.","type":"question"},{"title":"Question 38","passage":"Choose the correct synonym for 'Marvelous'.","commentary":"","meaning":"Terrible~Wonderful~Ordinary~Bad~Wonderful","type":"question"},{"title":"Question 39","passage":"Find the correct option to complete the sentence: He has been waiting here __ morning.","commentary":"","meaning":"since~for~by~from~since","type":"question"},{"title":"Question 40","passage":"Identify the correct sentence:","commentary":"","meaning":"She don't like tea.~She doesn’t likes tea.~She doesn’t like tea.~She doesn’t liking tea.~She doesn’t like tea.","type":"question"}],"contentId":"4"}