{"id":20,"title":"Design: Measurements, Scale & Proportions","description":"This quiz assesses your understanding of measurements, scale, and proportions in design, essential concepts for the NID entrance exam. It covers topics like the Golden Ratio, human scale, visual hierarchy, and the impact of size and proportion on design.","sectionCount":10,"tags":["Design","Measurements","Scale","Proportions","NID","Entrance Exam","Quiz"],"sections":[{"id":"1","title":"Question 1","type":"question","passage":"What mathematical ratio is often found in nature and used to create aesthetically pleasing proportions in design?","meaning":"Golden Ratio~Fibonacci Sequence~Rule of Thirds~Pythagorean Theorem~Golden Ratio","commentary":"**Solution:** The Golden Ratio (approximately 1.618) is a mathematical ratio found in natural forms and often used to create balanced and harmonious proportions in design."},{"id":"2","title":"Question 2","type":"question","passage":"What term refers to the size of an object or space in relation to the human body?","meaning":"Human Scale~Scale~Proportion~Golden Ratio~Human Scale","commentary":"**Solution:** Human scale refers to the relationship between the size of an object or space and the human body, ensuring that designs are comfortable and functional for people to use."},{"id":"3","title":"Question 3","type":"question","passage":"What design principle uses variations in size and proportion to create emphasis and visual interest?","meaning":"Visual Hierarchy~Scale~Proportion~Balance~Visual Hierarchy","commentary":"**Solution:** Visual hierarchy uses variations in size, color, and placement to guide the viewer's eye and create a clear order of importance within a design."},{"id":"4","title":"Question 4","type":"question","passage":"How can scale be used to create a sense of depth in a two-dimensional design?","meaning":"By varying the size of objects~By using contrasting colors~By adding texture~By using overlapping shapes~By varying the size of objects","commentary":"**Solution:** By varying the size of objects, a designer can create an illusion of depth and distance in a two-dimensional composition. Smaller objects appear farther away, while larger objects appear closer."},{"id":"5","title":"Question 5","type":"question","passage":"What is the relationship between the size of different elements in a design called?","meaning":"Proportion~Scale~Human Scale~Golden Ratio~Proportion","commentary":"**Solution:** Proportion refers to the relative size of different elements within a design, contributing to its overall balance and harmony."},{"id":"6","title":"Question 6","type":"question","passage":"How can the use of disproportionate scale create a dramatic effect in a design?","meaning":"By exaggerating the size of an object~By using a monochromatic color scheme~By creating a symmetrical composition~By using repetitive patterns~By exaggerating the size of an object","commentary":"**Solution:** Exaggerating the size of an object, making it unusually large or small, can create a sense of drama, surprise, or surrealism in a design."},{"id":"7","title":"Question 7","type":"question","passage":"Why is it important to consider the context and purpose of a design when making decisions about scale and proportion?","meaning":"To ensure the design is functional and aesthetically pleasing~To create a sense of unity~To achieve balance~To use contrast effectively~To ensure the design is functional and aesthetically pleasing","commentary":"**Solution:** The context and purpose of a design should guide decisions about scale and proportion to ensure that the design is functional, appropriate for its intended use, and visually appealing."},{"id":"8","title":"Question 8","type":"question","passage":"What is the term for the size of an object relative to its environment or other objects?","meaning":"Scale~Proportion~Human Scale~Golden Ratio~Scale","commentary":"**Solution:** Scale refers to the size of an object in relation to its surroundings or other objects within the same composition."},{"id":"9","title":"Question 9","type":"question","passage":"How can the principle of proportion be used to create a sense of movement in a design?","meaning":"By gradually increasing or decreasing the size of elements~By using complementary colors~By adding texture~By using overlapping shapes~By gradually increasing or decreasing the size of elements","commentary":"**Solution:** By gradually increasing or decreasing the size of elements, a designer can create a sense of dynamic movement and directionality within a composition."},{"id":"10","title":"Question 10","type":"question","passage":"What is the purpose of using a scale ruler or architectural scale?","meaning":"To accurately represent the size of objects in a drawing~To measure the Golden Ratio~To create a sense of human scale~To achieve balance in a design~To accurately represent the size of objects in a drawing","commentary":"**Solution:** A scale ruler or architectural scale is used to accurately represent the size of real-world objects in a scaled-down drawing, ensuring accurate proportions and measurements."}],"contentId":"4"}