{"id":3,"title":"English : M3 - Grammar, vocabulary etc","sections":[{"title":"Question 41","passage":"Select the correct antonym of 'Friend'.","commentary":"","meaning":"Companion~Foe~Partner~Ally~Foe","type":"question"},{"title":"Question 42","passage":"Choose the correct spelling:","commentary":"","meaning":"Definately~Definitly~Definitely~Definete~Definitely","type":"question"},{"title":"Question 43","passage":"What is the synonym of 'Dismal'?","commentary":"","meaning":"Joyful~Cheerful~Gloomy~Happy~Gloomy","type":"question"},{"title":"Question 44","passage":"Fill in the blank: She __ all her homework before dinner.","commentary":"","meaning":"finish~finishes~finished~has finished~finished","type":"question"},{"title":"Question 45","passage":"Choose the correct article: He bought __ umbrella.","commentary":"","meaning":"a~the~an~no article~an","type":"question"},{"title":"Question 46","passage":"Which of the following is a one-word substitution for 'A person who travels into space'?","commentary":"","meaning":"Astronomer~Pilot~Astronaut~Scientist~Astronaut","type":"question"},{"title":"Question 47","passage":"Fill in the blank: The train will arrive __ 9 o'clock.","commentary":"","meaning":"on~at~in~by~at","type":"question"},{"title":"Question 48","passage":"Select the correct meaning of the idiom: 'Once in a blue moon'.","commentary":"","meaning":"Happens frequently~Happens very rarely~Happens every week~Happens every day~Happens very rarely","type":"question"},{"title":"Question 49","passage":"Choose the correct option: They __ to the market every Saturday.","commentary":"","meaning":"go~goes~gone~going~go","type":"question"},{"title":"Question 50","passage":"Find the correct sentence:","commentary":"","meaning":"She have a dog.~She has a dog.~She is having a dog.~She is have a dog.~She has a dog.","type":"question"},{"title":"Question 51","passage":"Which of the following is the correct passive voice sentence?","commentary":"","meaning":"The book reads by him.~The book was read by him.~The book read by him.~The book is read by him.~The book was read by him.","type":"question"},{"title":"Question 52","passage":"Identify the correct meaning of the idiom: 'Break the ice'.","commentary":"","meaning":"To break something~To make a situation worse~To initiate a conversation~To stay silent~To initiate a conversation","type":"question"},{"title":"Question 53","passage":"Which of the following is a synonym of 'Admire'?","commentary":"","meaning":"Hate~Detest~Praise~Criticize~Praise","type":"question"},{"title":"Question 54","passage":"Fill in the blank: He has been working here __ March.","commentary":"","meaning":"since~for~in~on~since","type":"question"},{"title":"Question 55","passage":"Choose the correct preposition: The cat is hiding __ the table.","commentary":"","meaning":"in~on~under~between~under","type":"question"},{"title":"Question 56","passage":"Which of the following is the correct tense: 'She had already left by the time I arrived'?","commentary":"","meaning":"Present Perfect~Future Perfect~Past Perfect~Present Continuous~Past Perfect","type":"question"},{"title":"Question 57","passage":"Select the correct spelling:","commentary":"","meaning":"Accomodate~Accommodate~Acomodate~Acommadate~Accommodate","type":"question"},{"title":"Question 58","passage":"Find the correct sentence:","commentary":"","meaning":"He are going to the park.~He was go to the park.~He is going to the park.~He going to the park.~He is going to the park.","type":"question"},{"title":"Question 59","passage":"Choose the correct antonym of 'Beautiful'.","commentary":"","meaning":"Ugly~Pretty~Attractive~Gorgeous~Ugly","type":"question"},{"title":"Question 60","passage":"Select the correct option to complete the sentence: She is __ intelligent girl.","commentary":"","meaning":"a~an~the~no article~an","type":"question"}],"contentId":"4"}