{"id":4,"title":"English : M4 - Grammar, vocabulary etc","sections":[{"title":"Question 61","passage":"What is the synonym of 'Eloquent'?","commentary":"","meaning":"Silent~Articulate~Murmuring~Rude~Articulate","type":"question"},{"title":"Question 62","passage":"Which of the following is the correct antonym of 'Optimistic'?","commentary":"","meaning":"Hopeful~Realistic~Pessimistic~Positive~Pessimistic","type":"question"},{"title":"Question 63","passage":"Choose the correct option: She __ the movie already.","commentary":"","meaning":"saw~has seen~see~seeing~has seen","type":"question"},{"title":"Question 64","passage":"Fill in the blank: They will __ their new house next week.","commentary":"","meaning":"moving~moved~move~moves~move","type":"question"},{"title":"Question 65","passage":"Which of the following sentences is correct?","commentary":"","meaning":"I am going to my home.~I go to my house now.~I will gone home now.~I am going home now.~I am going home now.","type":"question"},{"title":"Question 66","passage":"What is the meaning of the idiom: 'Spill the beans'?","commentary":"","meaning":"To keep a secret~To reveal a secret~To be careless~To get angry~To reveal a secret","type":"question"},{"title":"Question 67","passage":"Choose the correct spelling:","commentary":"","meaning":"Embarass~Embarras~Embarrass~Embarese~Embarrass","type":"question"},{"title":"Question 68","passage":"Find the correct sentence:","commentary":"","meaning":"She don't have a pen.~She doesn't has a pen.~She doesn’t have a pen.~She isn’t have a pen.~She doesn’t have a pen.","type":"question"},{"title":"Question 69","passage":"Which of the following is the correct passive voice sentence?","commentary":"","meaning":"The game play by them.~The game was played by them.~The game is playing by them.~The game were played by them.~The game was played by them.","type":"question"},{"title":"Question 70","passage":"Select the correct synonym of 'Vigorous'.","commentary":"","meaning":"Weak~Energetic~Lazy~Tired~Energetic","type":"question"},{"title":"Question 71","passage":"Choose the correct preposition: They are dependent __ their parents.","commentary":"","meaning":"on~in~for~with~on","type":"question"},{"title":"Question 72","passage":"Fill in the blank: The meeting was postponed __ further notice.","commentary":"","meaning":"until~up~by~to~until","type":"question"},{"title":"Question 73","passage":"Select the correct sentence:","commentary":"","meaning":"She is a university student.~She is an university student.~She is university student.~She is the university student.~She is a university student.","type":"question"},{"title":"Question 74","passage":"Which of the following is a one-word substitution for 'A person who loves books'?","commentary":"","meaning":"Librarian~Bibliophile~Author~Bookkeeper~Bibliophile","type":"question"},{"title":"Question 75","passage":"Choose the correct antonym of 'Humble'.","commentary":"","meaning":"Arrogant~Polite~Timid~Modest~Arrogant","type":"question"},{"title":"Question 76","passage":"Fill in the blank: She __ here for two years.","commentary":"","meaning":"has been living~is living~was living~lived~has been living","type":"question"},{"title":"Question 77","passage":"Identify the correct meaning of the idiom: 'Piece of cake'.","commentary":"","meaning":"Very easy~Very difficult~Something sweet~A small task~Very easy","type":"question"},{"title":"Question 78","passage":"Which of the following is a synonym of 'Calm'?","commentary":"","meaning":"Nervous~Restless~Serene~Agitated~Serene","type":"question"},{"title":"Question 79","passage":"Choose the correct option to complete the sentence: They __ to the concert last week.","commentary":"","meaning":"are going~gone~went~going~went","type":"question"},{"title":"Question 80","passage":"Find the correct option: __ the meeting, they discussed several ideas.","commentary":"","meaning":"In~At~During~On~During","type":"question"}],"contentId":"4"}