{"id":5,"title":"Analytical Ability : M1 - Series (Number and Alphabet)","sections":[{"title":"Question 1","passage":"Find the next number in the series: 2, 5, 10, 17, 26, __","commentary":"**Solution:** The difference between consecutive terms is increasing by 2: (5-2 = 3), (10-5 = 5), (17-10 = 7), (26-17 = 9). The next difference should be 11. So, 26 + 11 = 37.","meaning":"32~34~37~40~37","type":"question"},{"title":"Question 2","passage":"Find the missing number in the series: 7, 14, 28, 56, __, 224","commentary":"**Solution:** Each number is multiplied by 2 to get the next one. So, 56 x 2 = 112.","meaning":"112~110~120~108~112","type":"question"},{"title":"Question 3","passage":"What comes next in the series: 3, 9, 27, 81, __","commentary":"**Solution:** Each number is multiplied by 3. So, 81 x 3 = 243.","meaning":"121~243~324~231~243","type":"question"},{"title":"Question 4","passage":"Find the missing number: 1, 4, 9, 16, __","commentary":"**Solution:** These are consecutive squares: 1², 2², 3², 4². The next one is 5² = 25.","meaning":"20~21~22~25~25","type":"question"},{"title":"Question 5","passage":"What is the next number in the series: 64, 32, 16, 8, __","commentary":"**Solution:** Each number is divided by 2 to get the next. So, 8 ÷ 2 = 4.","meaning":"10~5~4~3~4","type":"question"},{"title":"Question 6","passage":"Find the next number in the series: 1, 3, 7, 15, __","commentary":"**Solution:** The difference between consecutive terms doubles: (3-1 = 2), (7-3 = 4), (15-7 = 8). The next difference should be 16, so 15 + 16 = 31.","meaning":"22~25~31~32~31","type":"question"},{"title":"Question 7","passage":"Find the next letter in the series: A, C, F, J, __","commentary":"**Solution:** The difference in the alphabetical positions is increasing: A to C (+2), C to F (+3), F to J (+4). So, the next difference should be +5. J + 5 = O.","meaning":"K~M~O~P~O","type":"question"},{"title":"Question 8","passage":"What comes next in the series: B, E, H, K, __","commentary":"**Solution:** Each letter is 3 positions after the previous one: B (+3 = E), E (+3 = H), H (+3 = K). So, K + 3 = N.","meaning":"L~M~N~O~N","type":"question"},{"title":"Question 9","passage":"Find the missing number: 12, 11, 13, 10, 14, 9, __","commentary":"**Solution:** The series alternates between decreasing by 1 and increasing by 2. After 9, it should increase by 2. So, 9 + 2 = 15.","meaning":"11~13~15~12~15","type":"question"},{"title":"Question 10","passage":"Find the next number in the series: 5, 10, 20, 40, __","commentary":"**Solution:** Each number is multiplied by 2. So, 40 x 2 = 80.","meaning":"50~60~80~100~80","type":"question"},{"title":"Question 11","passage":"Find the next letter in the series: D, G, J, M, __","commentary":"**Solution:** The difference between letters is +3: D (+3 = G), G (+3 = J), J (+3 = M). The next letter should be M + 3 = P.","meaning":"N~P~Q~R~P","type":"question"},{"title":"Question 12","passage":"What comes next in the series: 15, 30, 60, 120, __","commentary":"**Solution:** Each number is multiplied by 2. So, 120 x 2 = 240.","meaning":"150~180~240~200~240","type":"question"},{"title":"Question 13","passage":"Find the missing number: 6, 12, 21, 33, __","commentary":"**Solution:** The difference between consecutive numbers is increasing by 3: (12-6 = 6), (21-12 = 9), (33-21 = 12). The next difference is 15, so 33 + 15 = 48.","meaning":"40~45~48~50~48","type":"question"},{"title":"Question 14","passage":"What is the next letter in the series: X, V, T, R, __","commentary":"**Solution:** The letters are moving backward in the alphabet with a gap of 2: X (-2 = V), V (-2 = T), T (-2 = R). The next letter is R - 2 = P.","meaning":"S~Q~P~O~P","type":"question"},{"title":"Question 15","passage":"Find the missing number: 2, 6, 12, 20, __","commentary":"**Solution:** The difference between consecutive numbers is increasing by 2: (6-2 = 4), (12-6 = 6), (20-12 = 8). The next difference should be 10, so 20 + 10 = 30.","meaning":"28~30~32~34~30","type":"question"},{"title":"Question 16","passage":"What comes next in the series: 100, 50, 25, 12.5, __","commentary":"**Solution:** Each number is halved. So, 12.5 ÷ 2 = 6.25.","meaning":"7~6~6.25~5.5~6.25","type":"question"},{"title":"Question 17","passage":"Find the next letter in the series: Z, W, T, Q, __","commentary":"**Solution:** The letters are decreasing by 3 in the alphabet: Z (-3 = W), W (-3 = T), T (-3 = Q). The next letter should be Q - 3 = N.","meaning":"O~M~N~L~N","type":"question"},{"title":"Question 18","passage":"What is the next number in the series: 9, 18, 36, 72, __","commentary":"**Solution:** Each number is multiplied by 2. So, 72 x 2 = 144.","meaning":"90~108~144~160~144","type":"question"},{"title":"Question 19","passage":"Find the missing number: 11, 9, 7, 5, __","commentary":"**Solution:** The series decreases by 2. So, 5 - 2 = 3.","meaning":"4~3~2~1~3","type":"question"},{"title":"Question 20","passage":"Find the next letter in the series: C, E, H, L, __","commentary":"**Solution:** The difference between the letters is increasing by 1: C (+2 = E), E (+3 = H), H (+4 = L). The next difference should be +5. L + 5 = Q.","meaning":"M~N~O~Q~Q","type":"question"}],"contentId":"4"}