{"id":6,"title":"Analytical Ability : M1 - Coding Decoding","sections":[{"title":"Question 1","passage":"If A = 1, B = 2, C = 3, then what is the code for 'CAT'?","commentary":"**Solution:** C = 3, A = 1, T = 20. Therefore, CAT = 3 + 1 + 20 = 24.","meaning":"21~24~27~30~24","type":"question"},{"title":"Question 2","passage":"In a certain code, 'FISH' is written as 'GJTK'. How is 'BIRD' written in that code?","commentary":"**Solution:** Each letter is shifted by +1: B -> C, I -> J, R -> S, D -> E. Therefore, BIRD = CSJE.","meaning":"CSJE~DSKF~CISE~CIEE~CSJE","type":"question"},{"title":"Question 3","passage":"If 'PENCIL' is coded as 'QFODJM', how is 'ERASER' coded?","commentary":"**Solution:** Each letter is shifted by +1: E -> F, R -> S, A -> B, S -> T, E -> F, R -> S. Therefore, ERASER = FSBTFS.","meaning":"FQBSFS~FQATFS~FQBSAR~FSBTFR~FSBTFS","type":"question"},{"title":"Question 4","passage":"If '2' is coded as '4', '4' is coded as '8', what is '6' coded as?","commentary":"**Solution:** Each number is multiplied by 2. So, 6 x 2 = 12.","meaning":"10~12~14~16~12","type":"question"},{"title":"Question 5","passage":"In a certain code, 'LOVE' is coded as '12-15-22-5'. How is 'HATE' coded?","commentary":"**Solution:** H = 8, A = 1, T = 20, E = 5. So, HATE = 8-1-20-5.","meaning":"8-1-20-5~7-0-15-5~8-1-19-5~8-2-20-5~8-1-20-5","type":"question"},{"title":"Question 6","passage":"If '1' is coded as 'A', '2' is coded as 'C', what is '3' coded as?","commentary":"**Solution:** The pattern is +1, so 3 is coded as C (A, C, E).","meaning":"B~C~D~A~C","type":"question"},{"title":"Question 7","passage":"If 'HELLO' is coded as 'KHOOR', what is the code for 'WORLD'?","commentary":"**Solution:** Each letter is shifted by +3: W -> Z, O -> R, R -> U, L -> O, D -> G. Therefore, WORLD = ZRUNG.","meaning":"ZRUNN~ZRUO~ZRUG~ZRUNR~ZRUNG","type":"question"},{"title":"Question 8","passage":"If 'CBA' is coded as '123', what is the code for 'XYZ'?","commentary":"**Solution:** The code corresponds to reverse order of alphabets: A=1, B=2, C=3. Therefore, X=24, Y=25, Z=26 = 242526.","meaning":"252627~232425~262728~242526~242526","type":"question"},{"title":"Question 9","passage":"In a certain code, 'MATH' is coded as 'NBUJ'. How is 'SCIENCE' coded?","commentary":"**Solution:** Each letter is shifted by +1: S -> T, C -> D, I -> J, E -> F, N -> O, C -> D, E -> F. Therefore, SCIENCE = TDJOFDO.","meaning":"TDJOFDF~SDHMEDF~TDJOFDO~SDIENGF~TDJOFDO","type":"question"},{"title":"Question 10","passage":"If '8' is coded as '10', '10' is coded as '12', what is '12' coded as?","commentary":"**Solution:** The pattern adds 2. So, 12 + 2 = 14.","meaning":"12~14~16~18~14","type":"question"},{"title":"Question 11","passage":"In a certain code, 'CAT' is coded as '3120'. How is 'DOG' coded?","commentary":"**Solution:** C=3, A=1, T=20. Therefore, DOG = 4137.","meaning":"4137~4027~4037~317~4137","type":"question"},{"title":"Question 12","passage":"If '5' is coded as 'E', '6' is coded as 'F', what is '7' coded as?","commentary":"**Solution:** The pattern corresponds to numbers +1. So, 7 is coded as G.","meaning":"F~G~H~I~G","type":"question"},{"title":"Question 13","passage":"In a certain code, 'WATER' is written as 'XBTFS'. What is the code for 'FIRE'?","commentary":"**Solution:** Each letter is shifted by +1: F -> G, I -> J, R -> S, E -> F. Therefore, FIRE = GJSF.","meaning":"GJSF~GITR~HITG~FJRG~GJSF","type":"question"},{"title":"Question 14","passage":"If 'Z' is coded as '1', 'Y' as '2', what is 'X' coded as?","commentary":"**Solution:** The code corresponds to reverse order of alphabets. Therefore, X = 3.","meaning":"4~2~3~5~3","type":"question"},{"title":"Question 15","passage":"If 'LATE' is coded as 'MZUF', how is 'HAVE' coded?","commentary":"**Solution:** Each letter is shifted by +1, L -> M, A -> Z, T -> U, E -> F. Therefore, HAVE = IAZF.","meaning":"IAZF~IATF~IAZF~IATZ~IAZF","type":"question"},{"title":"Question 16","passage":"In a certain code, '123' is written as 'ABC'. How is '456' written?","commentary":"**Solution:** The numbers correspond to the first three letters of the alphabet. Therefore, 456 = DEF.","meaning":"DEF~GHI~JKL~ABC~DEF","type":"question"},{"title":"Question 17","passage":"If 'A' = 1, 'B' = 2, what is the code for 'AB'?","commentary":"**Solution:** The code for AB = 1 + 2 = 3.","meaning":"2~4~3~5~3","type":"question"},{"title":"Question 18","passage":"If 'APPLE' is coded as 'BQQMF', what is 'BANANA' coded as?","commentary":"**Solution:** Each letter is shifted by +1: B -> C, A -> B, N -> O, A -> B, N -> O, A -> B. Therefore, BANANA = CBOBOB.","meaning":"CBODNB~CBOAOB~CBOBOB~DBOBAB~CBOBOB","type":"question"},{"title":"Question 19","passage":"In a certain code, 'MOON' is written as 'NPPQ'. What is the code for 'STAR'?","commentary":"**Solution:** Each letter is shifted by +1: S -> T, T -> U, A -> B, R -> S. Therefore, STAR = TUBS.","meaning":"TUBA~TUCS~TUBS~SUCQ~TUBS","type":"question"},{"title":"Question 20","passage":"If 'DOG' is coded as 'EPI', how is 'CAT' coded?","commentary":"**Solution:** Each letter is shifted by +1: C -> D, A -> B, T -> U. Therefore, CAT = DBU.","meaning":"DBU~DQT~DRU~DBS~DBU","type":"question"}],"contentId":"4"}