{"id":7,"title":"Analytical Ability : M1 - Blood Relations","sections":[{"title":"Question 1","passage":"Pointing to a man, Ramesh said, 'He is the son of my mother's only son.' How is Ramesh related to the man?","commentary":"**Solution:** Ramesh's mother's only son is Ramesh himself. Therefore, the man is Ramesh's son.","meaning":"Father~Brother~Son~Uncle~Son","type":"question"},{"title":"Question 2","passage":"Amit said to a lady, 'Your father’s only son is my father.' How is the lady related to Amit?","commentary":"**Solution:** The lady’s father’s only son is her brother, and that brother is Amit’s father. Therefore, the lady is Amit's aunt.","meaning":"Sister~Mother~Aunt~Cousin~Aunt","type":"question"},{"title":"Question 3","passage":"Pointing to a photograph, a man said, 'I have no brothers or sisters, but that man's father is my father's son.' Who is the man in the photograph?","commentary":"**Solution:** The man has no siblings, so his father's son is himself. Therefore, the man in the photograph is his son.","meaning":"Father~Son~Uncle~Cousin~Son","type":"question"},{"title":"Question 4","passage":"Introducing a woman, Ravi said, 'She is the wife of my mother's only son.' How is the woman related to Ravi?","commentary":"**Solution:** Ravi’s mother's only son is Ravi. So, the woman is Ravi's wife.","meaning":"Mother~Wife~Sister~Daughter~Wife","type":"question"},{"title":"Question 5","passage":"Pointing to a girl in the picture, Mr. Sharma said, 'Her mother's brother is the only son of my mother's father.' How is Mr. Sharma related to the girl?","commentary":"**Solution:** Mr. Sharma’s mother’s father’s only son is Mr. Sharma himself. So, Mr. Sharma is the girl's uncle.","meaning":"Father~Uncle~Brother~Cousin~Uncle","type":"question"},{"title":"Question 6","passage":"Pointing to a man, Shyam said, 'He is the brother of the daughter of my wife.' How is the man related to Shyam?","commentary":"**Solution:** The daughter of Shyam’s wife is Shyam's daughter. Her brother is Shyam’s son.","meaning":"Brother~Son~Father~Cousin~Son","type":"question"},{"title":"Question 7","passage":"Pointing to a woman, a man says, 'She is the daughter of my father’s only son.' How is the woman related to the man?","commentary":"**Solution:** The man’s father’s only son is the man himself. Therefore, the woman is his daughter.","meaning":"Wife~Sister~Mother~Daughter~Daughter","type":"question"},{"title":"Question 8","passage":"Pointing to a person, Ram said, 'His mother is the only daughter of my mother.' How is the person related to Ram?","commentary":"**Solution:** The only daughter of Ram’s mother is Ram’s sister, and the person is her child. Therefore, the person is Ram's nephew or niece.","meaning":"Nephew~Son~Brother~Cousin~Nephew","type":"question"},{"title":"Question 9","passage":"If A is the father of B, but B is not A’s son, how are A and B related?","commentary":"**Solution:** If B is not A’s son, then B must be A’s daughter.","meaning":"Son~Father~Daughter~Mother~Daughter","type":"question"},{"title":"Question 10","passage":"Pointing to a photograph, Meera said, 'He is the father of my only daughter.' How is Meera related to the man?","commentary":"**Solution:** Meera is referring to her daughter’s father, so Meera is the man's wife.","meaning":"Mother~Daughter~Wife~Sister~Wife","type":"question"},{"title":"Question 11","passage":"Pointing to a man, Neha says, 'He is the husband of the only sister of my husband's mother.' How is the man related to Neha?","commentary":"**Solution:** Neha's husband’s mother’s only sister is her husband’s aunt, and the man is her aunt's husband. So, the man is Neha's uncle.","meaning":"Father-in-law~Uncle~Brother~Cousin~Uncle","type":"question"},{"title":"Question 12","passage":"Pointing to a woman, a boy said, 'She is the daughter of my grandfather’s only son.' How is the woman related to the boy?","commentary":"**Solution:** The boy’s grandfather’s only son is the boy’s father. Therefore, the woman is the boy’s sister.","meaning":"Mother~Sister~Daughter~Cousin~Sister","type":"question"},{"title":"Question 13","passage":"Ravi is the father of Anu, but Anu is not Ravi's son. How is Anu related to Ravi?","commentary":"**Solution:** If Anu is not Ravi’s son, then Anu must be Ravi’s daughter.","meaning":"Son~Father~Daughter~Mother~Daughter","type":"question"},{"title":"Question 14","passage":"Pointing to a picture, John said, 'She is the mother of my wife’s mother.' How is the woman in the picture related to John?","commentary":"**Solution:** John’s wife’s mother is his mother-in-law, and her mother is John’s wife’s grandmother. Therefore, the woman is John’s grandmother-in-law.","meaning":"Mother~Grandmother~Grandmother-in-law~Aunt~Grandmother-in-law","type":"question"},{"title":"Question 15","passage":"Pointing to a photograph, Sita says, 'He is the father of my brother’s only sister.' How is Sita related to the man?","commentary":"**Solution:** Sita’s brother’s only sister is Sita herself. Therefore, the man is Sita’s father.","meaning":"Uncle~Father~Brother~Cousin~Father","type":"question"},{"title":"Question 16","passage":"Pointing to a person, Ajay said, 'He is the brother of my mother’s daughter.' How is the person related to Ajay?","commentary":"**Solution:** Ajay’s mother’s daughter is Ajay’s sister, and her brother is Ajay’s brother.","meaning":"Father~Brother~Uncle~Cousin~Brother","type":"question"},{"title":"Question 17","passage":"Pointing to a woman, Anil said, 'She is my father’s brother’s daughter.' How is the woman related to Anil?","commentary":"**Solution:** Anil’s father’s brother’s daughter is Anil’s cousin.","meaning":"Mother~Sister~Cousin~Aunt~Cousin","type":"question"},{"title":"Question 18","passage":"Pointing to a picture, Rina said, 'He is the only son of the father of my mother's husband.' How is Rina related to the man in the picture?","commentary":"**Solution:** Rina's mother’s husband is her father, and the only son of her father’s father is her father. Therefore, the man is Rina’s father.","meaning":"Father~Brother~Uncle~Cousin~Father","type":"question"},{"title":"Question 19","passage":"Pointing to a boy, Sita said, 'He is the son of my mother's brother.' How is the boy related to Sita?","commentary":"**Solution:** Sita’s mother’s brother is her maternal uncle, and the boy is his son. Therefore, the boy is Sita’s cousin.","meaning":"Brother~Cousin~Nephew~Uncle~Cousin","type":"question"},{"title":"Question 20","passage":"Pointing to a photograph, Mohan said, 'She is the wife of the only son of my grandfather.' How is the woman in the photograph related to Mohan?","commentary":"**Solution:** The only son of Mohan’s grandfather is Mohan’s father. So, the woman is Mohan’s mother.","meaning":"Mother~Sister~Aunt~Cousin~Mother","type":"question"}],"contentId":"4"}