{"id":8,"title":"Testing : Random test for testing by developers","sections":[{"title":"Question 1","passage":"Who is the prime minister of India?","commentary":"","meaning":"Amit Shah~Narendra Modi~Rahul Gandhi~Chaman Lal~Narendra Modi","type":"question"},{"title":"Question 2","passage":"Choose the correct synonym for the word 'Abundant'.","commentary":"","meaning":"Scarce~Plentiful~Limited~Short~Plentiful","type":"question"},{"title":"Question 3","passage":"Which of the following is the antonym of 'Optimistic'?","commentary":"","meaning":"Cheerful~Pessimistic~Hopeful~Positive~Pessimistic","type":"question"},{"title":"Question 4","passage":"Fill in the blank: The cake was __ by the time I reached the party.","commentary":"","meaning":"eat~ate~eaten~eating~eaten","type":"question"},{"title":"Question 5","passage":"Select the correct meaning of the idiom: 'Bite the bullet'.","commentary":"","meaning":"Avoid a difficult situation~Face a difficult situation bravely~Complain about something~Run away~Face a difficult situation bravely","type":"question"}],"contentId":"4"}