{"id":9,"title":"Analytical Ability : M1 - Direction Sense","sections":[{"title":"Question 1","passage":"A man walks 5 km towards the north, then turns left and walks 3 km. How far is he from the starting point?","commentary":"**Solution:** The man walks 5 km north and 3 km west, forming a right-angled triangle. Using the Pythagoras theorem, distance = √(5² + 3²) = √34 km.","meaning":"5 km~7 km~√34 km~8 km~√34 km","type":"question"},{"title":"Question 2","passage":"A girl walks 2 km west, 3 km south, 2 km east, and 3 km north. How far is she from her starting point?","commentary":"**Solution:** The girl returns to the starting point after completing the journey, so the distance is 0 km.","meaning":"2 km~1 km~0 km~5 km~0 km","type":"question"},{"title":"Question 3","passage":"A person moves 8 km north, then 6 km east. How far is he from the starting point?","commentary":"**Solution:** The person moves 8 km north and 6 km east. Using Pythagoras theorem: distance = √(8² + 6²) = √100 = 10 km.","meaning":"8 km~10 km~12 km~6 km~10 km","type":"question"},{"title":"Question 4","passage":"Ravi starts from his house and walks 6 km east, then turns left and walks 4 km. How far is he from the starting point?","commentary":"**Solution:** Ravi walks 6 km east and 4 km north. Using Pythagoras theorem: distance = √(6² + 4²) = √52 km.","meaning":"10 km~8 km~√52 km~6 km~√52 km","type":"question"},{"title":"Question 5","passage":"If Rina moves 4 km south, then 3 km east, how far is she from the starting point?","commentary":"**Solution:** Rina moves 4 km south and 3 km east. Using Pythagoras theorem: distance = √(4² + 3²) = √25 = 5 km.","meaning":"5 km~4 km~7 km~6 km~5 km","type":"question"},{"title":"Question 6","passage":"A man moves 7 km south and 24 km east. What is the shortest distance between the starting point and the endpoint?","commentary":"**Solution:** Using Pythagoras theorem: distance = √(7² + 24²) = √625 = 25 km.","meaning":"20 km~25 km~26 km~30 km~25 km","type":"question"},{"title":"Question 7","passage":"Anu walks 3 km east and 4 km north. How far is she from the starting point?","commentary":"**Solution:** Anu walks 3 km east and 4 km north. Using Pythagoras theorem: distance = √(3² + 4²) = √25 = 5 km.","meaning":"7 km~4 km~5 km~3 km~5 km","type":"question"},{"title":"Question 8","passage":"A boy moves 4 km east, then 5 km north. How far is he from his starting point?","commentary":"**Solution:** Using Pythagoras theorem: distance = √(4² + 5²) = √41 km.","meaning":"6 km~7 km~√41 km~9 km~√41 km","type":"question"},{"title":"Question 9","passage":"A person travels 6 km north, 8 km east, and 6 km south. How far is he from his starting point?","commentary":"**Solution:** The person moves 8 km east. No other movement affects his distance. So, he is 8 km away from the starting point.","meaning":"12 km~6 km~8 km~10 km~8 km","type":"question"},{"title":"Question 10","passage":"If a person walks 12 km west and then 16 km north, how far is he from the starting point?","commentary":"**Solution:** Using Pythagoras theorem: distance = √(12² + 16²) = √400 = 20 km.","meaning":"12 km~20 km~16 km~24 km~20 km","type":"question"},{"title":"Question 11","passage":"A person walks 9 km east, 12 km north, and 15 km west. How far is he from his starting point?","commentary":"**Solution:** The net east-west distance is 6 km west, and the north-south distance is 12 km north. Using Pythagoras theorem: distance = √(6² + 12²) = √180 km.","meaning":"15 km~12 km~√180 km~18 km~√180 km","type":"question"},{"title":"Question 12","passage":"Rahul moves 10 km towards east, then 15 km towards north. How far is he from the starting point?","commentary":"**Solution:** Using Pythagoras theorem: distance = √(10² + 15²) = √325 km.","meaning":"15 km~25 km~√325 km~30 km~√325 km","type":"question"},{"title":"Question 13","passage":"A man moves 4 km south, 3 km west, and 4 km north. How far is he from the starting point?","commentary":"**Solution:** The net movement is 3 km west. So, the man is 3 km away from the starting point.","meaning":"7 km~5 km~3 km~4 km~3 km","type":"question"},{"title":"Question 14","passage":"A person travels 8 km east, 6 km north, 8 km west, and 6 km south. What is the distance between the starting point and the endpoint?","commentary":"**Solution:** The person returns to the starting point after the journey, so the distance is 0 km.","meaning":"28 km~20 km~14 km~0 km~0 km","type":"question"},{"title":"Question 15","passage":"A person travels 15 km south and then 20 km east. How far is he from the starting point?","commentary":"**Solution:** Using Pythagoras theorem: distance = √(15² + 20²) = √625 = 25 km.","meaning":"20 km~25 km~30 km~35 km~25 km","type":"question"},{"title":"Question 16","passage":"A girl walks 6 km west, 4 km north, and 3 km east. How far is she from the starting point?","commentary":"**Solution:** Net east-west distance = 3 km west, and she moves 4 km north. Using Pythagoras theorem: distance = √(3² + 4²) = 5 km.","meaning":"3 km~5 km~6 km~7 km~5 km","type":"question"},{"title":"Question 17","passage":"A boy moves 5 km east, 4 km south, and 5 km west. How far is he from his starting point?","commentary":"**Solution:** Net east-west movement = 0 km, but he moves 4 km south. So, the distance is 4 km.","meaning":"5 km~4 km~6 km~3 km~4 km","type":"question"},{"title":"Question 18","passage":"A person walks 10 km west and then 24 km north. How far is he from the starting point?","commentary":"**Solution:** Using Pythagoras theorem: distance = √(10² + 24²) = √676 = 26 km.","meaning":"24 km~28 km~26 km~30 km~26 km","type":"question"},{"title":"Question 19","passage":"A man walks 6 km east, 8 km north, and 6 km west. How far is he from his starting point?","commentary":"**Solution:** Net east-west movement = 0 km, and he moves 8 km north. So, the distance is 8 km.","meaning":"6 km~8 km~12 km~10 km~8 km","type":"question"},{"title":"Question 20","passage":"A person travels 7 km north and then 24 km east. How far is he from the starting point?","commentary":"**Solution:** Using Pythagoras theorem: distance = √(7² + 24²) = √625 = 25 km.","meaning":"24 km~28 km~25 km~30 km~25 km","type":"question"}],"contentId":"4"}