{"title":"Design Entrance - Mock Tests","authors":[{"name":"Artifical Intelligence","email":"artificialintelligence@example.com","website":"https://artificialintelligenceex.com","image":"author.jpg","bio":"Artifical Intelligence is a machine driven intelligence that provides assistance to humans and other machines."}],"id":"4","categoryKey":"misc","description":"English, Logical Reasoning, Mathematics, Current Affairs and General Knowledge","coverImage":"https://images.pexels.com/photos/5428832/pexels-photo-5428832.jpeg?auto=compress&cs=tinysrgb&w=1260&h=750&dpr=2","language":"en","partsMetadata":[{"title":"English : M1 - Grammar, vocabulary etc.","id":1,"description":"Grammar, vocabulary, tenses, voice (active/passive), direct/indirect speech, and prepositions. ","sectionCount":20},{"title":"English : M2 - Grammar, vocabulary etc.","id":2,"description":"Grammar, vocabulary, tenses, voice (active/passive), direct/indirect speech, and prepositions. ","sectionCount":20},{"title":"English : M3- Grammar, vocabulary etc.","id":3,"description":"Grammar, vocabulary, tenses, voice (active/passive), direct/indirect speech, and prepositions. ","sectionCount":20},{"title":"English : M4 - Grammar, vocabulary etc.","id":4,"description":"Grammar, vocabulary, tenses, voice (active/passive), direct/indirect speech, and prepositions. ","sectionCount":20},{"title":"Analytical Ability : M1 - Series (Number and Alphabet)","id":5,"description":"Problem-solving and logical thinking. Series (Number and Alphabet): Number series Alphabet series Pattern recognition","sectionCount":20},{"title":"Analytical Ability : M1 - Coding Decoding","id":6,"description":"Logical Reasoning - Letter and number coding-decoding","sectionCount":20},{"title":"Analytical Ability : M1 - Blood Relations","id":7,"description":"Logical Reasoning - Blood Relations: Family trees and relationship puzzles","sectionCount":20},{"title":"Testing : Random test for testing by developers","id":8,"description":"Only for testing - it enables developers to test the questionnaire easily without navigating through a long list","sectionCount":5},{"title":"Analytical Ability : M1 - Direction Sense","id":9,"description":"Logical Reasoning - Problems based on directions and distances","sectionCount":20},{"title":"Analytical Ability : M1 - Analogies","id":10,"description":"Logical Reasoning - Identifying relationships between pairs of words or numbers","sectionCount":20},{"title":"Analytical Ability : M1 - Classification (Odd One Out)","id":11,"description":"Logical Reasoning - Finding the element that doesn't fit in a group","sectionCount":20},{"title":"Analytical Ability : M1 - Syllogisms","id":12,"description":"Logical Reasoning - Logical deductions based on premises","sectionCount":20},{"title":"Analytical Ability : M1 - Seating Arrangements","id":13,"description":"Logical Reasoning - Arranging people or items in rows, circles, or according to conditions","sectionCount":20},{"title":"Analytical Ability : M1 - Puzzles","id":14,"description":"Logical Reasoning - Logical Puzzles and Problem-Solving Scenarios","sectionCount":20},{"title":"Current Affairs: M1 - National and international events","id":15,"description":"National and international events (recent events, political changes, sports, awards)","sectionCount":20},{"id":16,"title":"English: M5 - Grammar, Vocabulary, and Current Affairs","description":"This part contains a set of 10 quiz questions designed to test knowledge in English Grammar, Vocabulary, and Current Affairs. Each question is structured to enhance comprehension and analytical skills in these topics.","sectionCount":10},{"id":17,"title":"Design: Elements and Principles","description":"his quiz tests your understanding of the fundamental elements and principles of design, crucial for NID entrance preparation. It covers concepts like line, shape, form, space, texture, color, balance, contrast, emphasis, movement, pattern, rhythm, and unity","sectionCount":10},{"id":18,"title":"Design: Elements and Principles - Quiz 2","description":"Design: Elements and Principles - Quiz 2","sectionCount":10},{"id":19,"title":"Design: Elements and Principles - Quiz 3","description":"Design: Elements and Principles - Quiz 3","sectionCount":10},{"id":20,"title":"Design: Measurements, Scale & Proportions","description":"Design: Measurements, Scale & Proportions","sectionCount":0}],"createdAt":"2024-10-20T00:25:05.280Z","updatedAt":"2024-12-08T17:17:31.832Z","status":"draft","version":"1.0.0","type":"book"}