{"title":"श्रीमद्भगवद्गीता","author":"Multiple Commentators","id":"101","categoryKey":"atma-gyan","description":"श्रीमद्भगवद्गीता महाभारत का एक हिस्सा है, जो कुरुक्षेत्र के युद्ध के मैदान में कृष्ण और अर्जुन के बीच हुए संवाद को दर्शाता है। यह 18 अध्यायों में विभाजित है और जीवन, कर्म, ज्ञान और भक्ति के बारे में गहन दार्शनिक और आध्यात्मिक शिक्षाएँ प्रदान करता है।","coverImage":"https://vishalmanchanda.github.io/assets/sbg_3.jpg","language":"hi","partsMetadata":[{"title":"अर्जुन विषाद योग","id":1,"description":"अर्जुन युद्ध के मैदान में अपने परिवार और गुरुओं को देखकर विचलित हो जाता है और युद्ध न करने का निर्णय लेता है।","sectionCount":47},{"title":"सांख्य योग","id":2,"description":"कृष्ण आत्मा की अमरता और कर्म योग के महत्व के बारे में समझाते हैं।","sectionCount":72},{"title":"कर्म योग","id":3,"description":"कृष्ण निष्काम कर्म की अवधारणा और समाज के लिए कर्तव्य निभाने के महत्व को समझाते हैं।","sectionCount":43},{"title":"ज्ञान कर्म संन्यास योग","id":4,"description":"कृष्ण ज्ञान की महत्ता और कर्म के माध्यम से मोक्ष प्राप्ति के बारे में बताते हैं।","sectionCount":42},{"title":"कर्म संन्यास योग","id":5,"description":"कृष्ण कर्म योग और ज्ञान योग के बीच संतुलन की व्याख्या करते हैं।","sectionCount":29},{"title":"आत्मसंयम योग","id":6,"description":"कृष्ण ध्यान और योग के अभ्यास के बारे में विस्तार से बताते हैं।","sectionCount":47},{"title":"ज्ञान विज्ञान योग","id":7,"description":"कृष्ण अपने दिव्य स्वरूप और भक्ति के महत्व के बारे में बताते हैं।","sectionCount":30},{"title":"अक्षर ब्रह्म योग","id":8,"description":"कृष्ण ब्रह्म, कर्म और मृत्यु के समय भगवान को याद करने के महत्व के बारे में बताते हैं।","sectionCount":28},{"title":"राजविद्या राजगुह्य योग","id":9,"description":"कृष्ण भक्ति योग और उनकी सर्वव्यापी प्रकृति के बारे में बताते हैं।","sectionCount":34},{"title":"विभूति योग","id":10,"description":"कृष्ण अपनी दिव्य विभूतियों और शक्तियों का वर्णन करते हैं।","sectionCount":42},{"title":"विश्वरूप दर्शन योग","id":11,"description":"कृष्ण अर्जुन को अपना विश्वरूप दिखाते हैं, जो उनके सर्वशक्तिमान और सर्वव्यापी स्वरूप को प्रकट करता है।","sectionCount":55},{"title":"भक्ति योग","id":12,"description":"कृष्ण भक्ति के विभिन्न रूपों और भक्ति योग की श्रेष्ठता के बारे में बताते हैं।","sectionCount":20},{"title":"क्षेत्र क्षेत्रज्ञ विभाग योग","id":13,"description":"कृष्ण प्रकृति, पुरुष और आत्मा के बीच के अंतर को समझाते हैं।","sectionCount":35},{"title":"गुणत्रय विभाग योग","id":14,"description":"कृष्ण प्रकृति के तीन गुणों - सत्व, रज और तम के बारे में विस्तार से बताते हैं।","sectionCount":27},{"title":"पुरुषोत्तम योग","id":15,"description":"कृष्ण संसार के वृक्ष की उपमा देते हुए मोक्ष प्राप्ति के मार्ग को समझाते हैं।","sectionCount":20},{"title":"दैवासुर सम्पद्विभाग योग","id":16,"description":"कृष्ण दैवी और आसुरी स्वभाव के बीच अंतर और उनके परिणामों के बारे में बताते हैं।","sectionCount":24},{"title":"श्रद्धात्रय विभाग योग","id":17,"description":"कृष्ण श्रद्धा के तीन प्रकारों और उनके प्रभावों के बारे में बताते हैं।","sectionCount":28},{"title":"मोक्ष संन्यास योग","id":18,"description":"कृष्ण गीता के मुख्य संदेशों का सारांश देते हैं और पूर्ण आत्मसमर्पण की महत्ता पर जोर देते हैं।","sectionCount":78}],"createdAt":"2023-05-10T12:00:00Z","updatedAt":"2025-01-21T08:46:08.573Z","authors":[{"id":"1","name":"Swami Ramsukhdas","image":"assets/images/guru.jpg","bio":"Ever-steadfast honoring the duty of a sadhu, he stayed for a period of approximately one hundred and two years on earth, living a life of complete renunciation.","website":"","authorKey":"hi_swami_ramsukhdas_commentary_md"},{"id":"2","name":"Swami Mukundananda","image":"https://v1.jkyog.org/sites/default/files/styles/swami_mukundananda_panchamool/public/2018-09/mission.jpg?itok=D-a8flfe","bio":"Swami Mukundananda is a spiritual leader, Vedic scholar, author,[2] and a teacher of spirituality, yoga and meditation from India. He is a senior disciple of Jagadguru Kripaluji Maharaj and the founder of the yogic system called Jagadguru Kripaluji Yog, widely known as JKYog.[3] A proponent of the path of bhakti, Swami Mukundananda is a sannyasi (monk), who has a technical and management background which complements his spiritual knowledge.","website":"www.jkyog.org","authorKey":"sm"},{"id":"3","name":"Swami Chinmayananda","image":"https://upload.wikimedia.org/wikipedia/commons/thumb/b/bc/Sourire_coul_2.jpg/440px-Sourire_coul_2.jpg","bio":"In 1951, he founded Chinmaya Mission, a worldwide nonprofit organisation, in order to spread the knowledge of Advaita Vedanta, the Bhagavad Gita, the Upanishads, and other ancient Hindu scriptures.","website":"https://www.chinmayamission.com/who-we-are/swami-chinmayananda/","authorKey":"hi_swami_chinmayananda_commentary_md"},{"id":"4","name":"Sri Harikrishnadas Goenka","image":"https://cdn-icons-png.flaticon.com/512/3571/3571663.png","bio":"Commentary by illumined author","website":"","authorKey":"hi_sri_harikrishnadas_goenka_commentary_md"}],"status":"draft","version":"1.0.0","keywords":["कृष्ण","कर्म","धर्म","ज्ञान","भक्ति","योग","आत्मा","परमात्मा","कुरुक्षेत्र","अर्जुन"],"type":"book","audios_path":"https://vishalmanchanda.github.io/assets/gita_shloka_chants"}