{"id":1,"title":"Arjuna's Dilemma","description":"","sectionCount":47,"tags":[],"contentId":"102","sections":[{"id":1,"title":"1.1","content":"","type":"verse","passage":"धृतराष्ट्र उवाच |धर्मक्षेत्रे कुरुक्षेत्रे समवेता युयुत्सवः |मामकाः पाण्डवाश्चैव किमकुर्वत सञ्जय ||1||","commentary":"**The Dilemma of King Dhritarashtra**\n=====================================\n\n### The Question\n\n1.1 The two armies had gathered on the battlefield of Kurukshetra, well prepared to fight a war that was inevitable. Still, in this verse, King Dhritarashtra asked Sanjay, what his sons and his brother Pandu's sons were doing on the battlefield? It was apparent that they would fight, then why did he ask such a question?\n\n### The Blind King's Dilemma\n-------------------------\n\nThe blind King Dhritarashtra's fondness for his own sons had clouded his spiritual wisdom and deviated him from the path of virtue. He had usurped the kingdom of Hastinapur from the rightful heirs; the Pandavas, sons of his brother Pandu. Feeling guilty of the injustice he had done towards his nephews, his conscience worried him about the outcome of this battle.\n\n### The Power of Dharma\n------------------------\n\nThe words \"dharma\" (virtuous conduct), \"kṣhetre\" (the land of dharma), and the phrase \"kurukṣhetraṁ deva yajanam\" (the land of dharma) used by Dhritarashtra depict the dilemma he was experiencing. Kurukshetra is described as \"kurukṣhetraṁ deva yajanam\" in the Shatapath Brahman, a Vedic textbook detailing rituals. It means \"Kurukshetra is the sacrificial arena of the celestial gods.\" Hence, it was regarded as the sacred land that nourished dharma.\n\n### Dhritarashtra's Concerns\n-------------------------\n\nDhritarashtra feared that the holy land might influence the minds of his sons. If it aroused the faculty of discrimination, they might turn away from killing their cousins and negotiate a truce. A peaceful settlement meant that the Pandavas would continue being a hindrance for them. He felt great displeasure at these possibilities, instead preferring that this war transpired.\n\n### The King's Uncertainty\n-----------------------\n\nHe was uncertain of the consequences of the war, yet desired to determine the fate of his sons. Therefore, he asked Sanjay about the activities of the two armies on the battleground.\n\n### Conclusion\n-------------\n\nIn this verse, King Dhritarashtra's dilemma is multifaceted. His personal biases and guilt over his past actions are clouding his judgment, leading him to ask questions that might prevent a war from happening. However, he is also uncertain about the outcome of the war and wants to determine his sons' fate.","meaning":" 1.1:\r\n                            Dhritarashtra said: O Sanjay, after gathering on the holy field of Kurukshetra, and desiring to fight, what did my sons and the sons of Pandu do?","wordMeanings":""},{"id":2,"title":"1.2","content":"","type":"verse","passage":"सञ्जय उवाच ।दृष्ट्वा तु पाण्डवानीकं व्यूढं दुर्योधनस्तदा ।आचार्यमुपसङ्गम्य राजा वचनमब्रवीत् ।। 2।।","commentary":"**The Battle of Kurukshetra: Duryodhana's Concerns**\n\n### The King's Distress\n\nSanjay understood Dhritarashtra's concern, who wanted an assurance that the battle would eventuate. Sanjay tried to allay his worry by informing that the Pandava army was standing in a military formation, ready for battle.\n\n### Duryodhana's Ruling Style\n\nAs King Dhritarashtra was blind, his eldest son Duryodhana virtually ruled the kingdom of Hastinapur. In the Mahabharata, he is described as very rude, egoistic, evil and cruel by nature.\n\n#### Duryodhana's Childhood Nature\n\nSince his childhood, he had a strong dislike for the Pandavas and left no opportunity to demean them. He was aware that to rule over the entire kingdom of Hastinapur unchallenged he needed to eliminate them.\n\n#### The Battle Rattles Duryodhana\n\nHowever, standing on the battlefield, when he saw the large Pandava army, he was baffled. He had underestimated the Pandavas, the extent of military might they had gathered was way beyond his expectation.\n\n### Duryodhana's Meeting with Guru Dronacharya\n\nDuryodhana approached his guru Dronacharya with the pretense of offering respect, but his actual purpose was to palliate his own nervousness. His move towards his guru also reveals that the mammoth military formation of the Pandava army unnerved him and he was now fearful of the outcome of this war.\n\n### Duryodhana's Next Nine Verses\n\nThe next nine verses are spoken by Duryodhan.","meaning":" 1.2:\r\n                            Sanjay said: On observing the Pandava army standing in military formation, King Duryodhan approached his teacher Dronacharya, and said the following words.","wordMeanings":""},{"id":3,"title":"1.3","content":"","type":"verse","passage":"पश्यैतां पाण्डुपुत्राणामाचार्य महतीं चमूम् ।व्यूढां द्रुपदपुत्रेण तव शिष्येण धीमता ।। 3।।","commentary":"Duryodhana asked Dronacharya to look at the skillfully arranged military phalanx of the Pandava army led by their commander-in-chief Dhristadyumna, King Dhrupad’s son. He was also one of Dronacharya’s pupils. Duryodhana was subtly reminding his teacher of a mistake he had committed in the past.\nMany years back, Dronacharya along with the Pandavas had defeated King Drupad in a battle and took away half his kingdom. To avenge his defeat, Drupad performed a sacrifice to beget a son. Dhristadyumna was born out of that sacrificial fire, with a boon that he would kill Dronacharya in the future. Even though Dronacharya was aware, when he was approached for Dhristadyumna’s military training, he very humbly accepted and imparted all his knowledge impartially to his pupil.\nDuryodhana was reminding Dronacharya that even though Dhristadyumna was his pupil, he was also Drupad’s son, with a boon to kill him. He wanted to ensure that as in the past, Dhronacharya should not become lenient towards his pupils, now that, they were on the battlefield.\n\n","meaning":" 1.3:\r\n                            Duryodhan said: Respected teacher!  Behold the mighty army of the sons of Pandu, so expertly arrayed for battle by your own gifted disciple, the son of Drupad.","wordMeanings":""},{"id":4,"title":"1.4","content":"","type":"verse","passage":"अत्र शूरा महेष्वासा भीमार्जुनसमा युधि  युयुधानो विराटश्च द्रुपदश्च महारथ: || 4||धृष्टकेतुश्चेकितान: काशिराजश्च वीर्यवान् |पुरुजित्कुन्तिभोजश्च शैब्यश्च नरपुङ्गव: || 5||युधामन्युश्च विक्रान्त उत्तमौजाश्च वीर्यवान् |सौभद्रो द्रौपदेयाश्च सर्व एव महारथा: || 6||","commentary":"Due to his anxiety, the Pandava army seemed much larger to Duryodhan than it actually was. He had never expected his opponents would mobilize an army of warriors with such military prowess, who would be formidable in battle. Out of fear of the looming catastrophe, he started enumerating the names of all the \nmahārathīs \n(warriors who were singly equivalent in strength to ten thousand ordinary warriors) gathered on the Pandava side. They were all exceptional heroes, and great military commanders, equivalent in valor to his cousins Arjun and Bheem.\n\n","meaning":" 1.4-6:\r\n                            Behold in their ranks are many powerful warriors, like Yuyudhan, Virat, and Drupad, wielding mighty bows and equal in military prowess to Bheem and Arjun.  There are also accomplished heroes like Dhrishtaketu, Chekitan, the gallant King of Kashi, Purujit, Kuntibhoj, and Shaibya—all the best of men.  In their ranks, they also have the courageous Yudhamanyu, the gallant Uttamauja, the son of Subhadra, and the sons of Draupadi, who are all great warrior chiefs.","wordMeanings":""},{"id":5,"title":"1.5","content":"","type":"verse","passage":"अत्र शूरा महेष्वासा भीमार्जुनसमा युधि  युयुधानो विराटश्च द्रुपदश्च महारथ: || 4||धृष्टकेतुश्चेकितान: काशिराजश्च वीर्यवान् |पुरुजित्कुन्तिभोजश्च शैब्यश्च नरपुङ्गव: || 5||युधामन्युश्च विक्रान्त उत्तमौजाश्च वीर्यवान् |सौभद्रो द्रौपदेयाश्च सर्व एव महारथा: || 6||","commentary":"Due to his anxiety, the Pandava army seemed much larger to Duryodhan than it actually was. He had never expected his opponents would mobilize an army of warriors with such military prowess, who would be formidable in battle. Out of fear of the looming catastrophe, he started enumerating the names of all the \nmahārathīs \n(warriors who were singly equivalent in strength to ten thousand ordinary warriors) gathered on the Pandava side. They were all exceptional heroes, and great military commanders, equivalent in valor to his cousins Arjun and Bheem.\n\n","meaning":" 1.4-6:\r\n                            Behold in their ranks are many powerful warriors, like Yuyudhan, Virat, and Drupad, wielding mighty bows and equal in military prowess to Bheem and Arjun.  There are also accomplished heroes like Dhrishtaketu, Chekitan, the gallant King of Kashi, Purujit, Kuntibhoj, and Shaibya—all the best of men.  In their ranks, they also have the courageous Yudhamanyu, the gallant Uttamauja, the son of Subhadra, and the sons of Draupadi, who are all great warrior chiefs.","wordMeanings":""},{"id":6,"title":"1.6","content":"","type":"verse","passage":"अत्र शूरा महेष्वासा भीमार्जुनसमा युधि  युयुधानो विराटश्च द्रुपदश्च महारथ: || 4||धृष्टकेतुश्चेकितान: काशिराजश्च वीर्यवान् |पुरुजित्कुन्तिभोजश्च शैब्यश्च नरपुङ्गव: || 5||युधामन्युश्च विक्रान्त उत्तमौजाश्च वीर्यवान् |सौभद्रो द्रौपदेयाश्च सर्व एव महारथा: || 6||","commentary":"Due to his anxiety, the Pandava army seemed much larger to Duryodhan than it actually was. He had never expected his opponents would mobilize an army of warriors with such military prowess, who would be formidable in battle. Out of fear of the looming catastrophe, he started enumerating the names of all the \nmahārathīs \n(warriors who were singly equivalent in strength to ten thousand ordinary warriors) gathered on the Pandava side. They were all exceptional heroes, and great military commanders, equivalent in valor to his cousins Arjun and Bheem.\n\n","meaning":" 1.4-6:\r\n                            Behold in their ranks are many powerful warriors, like Yuyudhan, Virat, and Drupad, wielding mighty bows and equal in military prowess to Bheem and Arjun.  There are also accomplished heroes like Dhrishtaketu, Chekitan, the gallant King of Kashi, Purujit, Kuntibhoj, and Shaibya—all the best of men.  In their ranks, they also have the courageous Yudhamanyu, the gallant Uttamauja, the son of Subhadra, and the sons of Draupadi, who are all great warrior chiefs.","wordMeanings":""},{"id":7,"title":"1.7","content":"","type":"verse","passage":"अस्माकं तु विशिष्टा ये तान्निबोध द्विजोत्तम |नायका मम सैन्यस्य संज्ञार्थं तान्ब्रवीमि ते || 7||","commentary":"Dronacharya was a teacher of military science and not really a warrior. However, he was on the battlefield as one of the commanders of the Kaurava army. An impudent Duryodhana even doubted the loyalty of his own preceptor. Cunning Duryodhana purposefully addressed his teacher as \ndwijottama\n (best amongst the twice-born, or Brahmins). His denigrating and vailed reminder for Dronacharya was that, if he did not display his valor in this battle, he would be considered a lowly Brahmin, who was only interested in the fine food and lavish lifestyle at the king’s palace.\nThen to cover up his vicious words and boost his teacher’s and his own morale; Duryodhana started naming all the great generals present on the Kaurava side, describing their valor and military expertise.\n\n","meaning":" 1.7:\r\n                            O best of Brahmins, hear too about the principal generals on our side, who are especially qualified to lead. These I now recount unto you.","wordMeanings":""},{"id":8,"title":"1.8","content":"","type":"verse","passage":"भवान्भीष्मश्च कर्णश्च कृपश्च समितिञ्जय: |अश्वत्थामा विकर्णश्च सौमदत्तिस्तथैव च || 8||","commentary":"","meaning":" 1.8:\r\n                            There are personalities like yourself, Bheeshma, Karna, Kripa, Ashwatthama, Vikarn, and Bhurishrava, who are ever victorious in battle.","wordMeanings":""},{"id":9,"title":"1.9","content":"","type":"verse","passage":"अन्ये च बहव: शूरा मदर्थे त्यक्तजीविता: |नानाशस्त्रप्रहरणा: सर्वे युद्धविशारदा: || 9||","commentary":"","meaning":" 1.9:\r\n                            Also, there are many other heroic warriors, who are prepared to lay down their lives for my sake. They are all skilled in the art of warfare, and equipped with various kinds of weapons.","wordMeanings":""},{"id":10,"title":"1.10","content":"","type":"verse","passage":"अपर्याप्तं तदस्माकं बलं भीष्माभिरक्षितम् |पर्याप्तं त्विदमेतेषां बलं भीमाभिरक्षितम् || 10||","commentary":"The commander-in-chief of the Kaurava army was Grandsire Bheeshma. Apart from being an exceptional warrior, he had an extraordinary boon. He could choose the time of his death, this meant he was practically invincible. Duryodhana felt that under Bheeshma’s command their army was undefeatable. Whereas, the Pandava army was secured by Duryodhana’s sworn enemy, Bheema. Hence, he started comparing his Grandfather Bheeshma’s strength with his cousin Bheema.\nVinaash kale vipreet buddhi \nas the proverb goes, which means that when the end draws near, egoistic people indulge in vainglory instead of being humble in evaluating their situation. This tragic irony of fate is reflected here in Duryodhana’s self-aggrandizing statement that; their army’s strength secured by Bheeshma was unlimited.\nHowever, both Kauravas and Pandavas were Bheeshma’s grandchildren and as the oldest living member of the Kuru family, he was concerned about their welfare. He was compassionate towards the Pandavas, but was bound by his ethical commitment towards the throne of Hastinapur and its subjects. Therefore, halfheartedly, he led the Kaurava army against them.\nBheeshma was also aware that in this holy war, along with all the great warriors of the world the Supreme Lord Krishna Himself was present. Lord Krishna was with the Pandavas, which meant \nDharma\n was on their side, and no power in the entire universe could make the side of \nAdharma \nwin.\nHe had vowed to protect the kingdom of Hastinapur and its subjects and to fulfill his responsibility towards them Bheeshma led the Kaurava army, even though he was aware of their wrongdoings. This decision of Bheeshma accentuates his strength of character and enigmatic personality.\n\n","meaning":" 1.10:\r\n                            The strength of our army is unlimited and we are safely marshalled by Grandsire Bheeshma, while the strength of the Pandava army, carefully marshalled by Bheem, is limited.","wordMeanings":""},{"id":11,"title":"1.11","content":"","type":"verse","passage":"अयनेषु च सर्वेषु यथाभागमवस्थिता: |भीष्ममेवाभिरक्षन्तु भवन्त: सर्व एव हि || 11||","commentary":"Duryodhana urged all the Kaurava generals to make sure they are around Grandsire Bheeshma and give him full support while they defend their own respective positions in the military phalanx. Duryodhana beheld Bheeshma’s unassailability as an advantage and wanted to use it as strength and inspiration for his army.\n\n","meaning":" 1.11:\r\n                            Therefore, I call upon all the generals of the Kaurava army now to give full support to Grandsire Bheeshma, even as you defend your respective strategic points.","wordMeanings":""},{"id":12,"title":"1.12","content":"","type":"verse","passage":"तस्य सञ्जनयन्हर्षं कुरुवृद्ध: पितामह: |सिंहनादं विनद्योच्चै: शङ्खं दध्मौ प्रतापवान् || 12||","commentary":"Bheeshma was aware that Duryodhana had no chance of victory as the Supreme Lord Shree Krishna was on the opposite side. However, he understood his grand-nephew’s anxiety and to cheer him up he blew his conch shell loudly. In olden days, blowing of the conch shell in the battlefield signaled the start of the war. This also conveyed to Duryodhana that Bheeshma was ready to lead the Kaurava army and he would fight dutifully and spare no pain.\n\n","meaning":" 1.12:\r\n                            Then, the grand old man of the Kuru dynasty, the glorious patriarch Bheeshma, roared like a lion, and blew his conch shell very loudly, giving joy to Duryodhan.","wordMeanings":""},{"id":13,"title":"1.13","content":"","type":"verse","passage":"तत: शङ्खाश्च भेर्यश्च पणवानकगोमुखा: |सहसैवाभ्यहन्यन्त स शब्दस्तुमुलोऽभवत् || 13||","commentary":"On hearing Bheeshma’s call for battle, everyone in the Kaurava army also started playing various instruments eagerly, creating tumultuous sound. \nShaṅkhāḥ\n means conches, \npaṇav\n are drums, \nānak\n kettledrums,\n bhreyah \nbugles, and \ngo-mukh\n are blowing horns. All these instruments playing together created a loud pandemonium.\n\n","meaning":" 1.13:\r\n                            Thereafter, conches, kettledrums, bugles, trumpets, and horns suddenly blared forth, and their combined sound was overwhelming.","wordMeanings":""},{"id":14,"title":"1.14","content":"","type":"verse","passage":"तत: श्वेतैर्हयैर्युक्ते महति स्यन्दने स्थितौ |माधव: पाण्डवश्चैव दिव्यौ शङ्खौ प्रदध्मतु: || 14||","commentary":"The uproar of the Kaurava army had started to wane. Then from the Pandava side, seated on a magnificent chariot the Supreme Lord Shree Krishna and Arjun, both blew their conch shells intrepidly, which ignited the enthusiasm of the Pandava army as well.\nHere, Sanjay has addressed Lord Shree Krishna as “Madhav”. It is a combination of two words, \nMā\n which refers to goddess Lakshmi, the goddess of prosperity and \ndhav\n is used for husband. Goddess Lakshmi is Lord Vishnu’s wife, who is one of the many forms of Shree Krishna. This verse implies that the goddess of prosperity was with the Pandavas, and by her grace, they would be triumphant in this war and reclaim their kingdom soon.\nThe sons of King Pandu are called Pandavas and it may be used for any of the five brothers. In this verse, the Pandava being referred to is Arjun, the third among the five. He was a mighty warrior and a superior archer. His magnificent chariot was a gift from Agni, the celestial god of fire.\n\n","meaning":" 1.14:\r\n                            Then, from amidst the Pandava army, seated in a glorious chariot drawn by white horses, Madhav and Arjun blew their Divine conch shells.","wordMeanings":""},{"id":15,"title":"1.15","content":"","type":"verse","passage":"पाञ्चजन्यं हृषीकेशो देवदत्तं धनञ्जय: |पौण्ड्रं दध्मौ महाशङ्खं भीमकर्मा वृकोदर: || 15||","commentary":"In this verse, Shree Krishna is addressed as “Hrishikesh” which means the Lord of the mind and senses. Shree Krishna is the Sovereign Master of everybody’s minds and senses. Throughout his wonderful pastimes, he displayed complete control over his mind and senses.\n\n","meaning":" 1.15:\r\n                            Hrishikesh blew his conch shell, called Panchajanya, and Arjun blew the Devadutta. Bheem, the voracious eater and performer of herculean tasks, blew his mighty conch, called Paundra.","wordMeanings":""},{"id":16,"title":"1.16","content":"","type":"verse","passage":"अनन्तविजयं राजा कुन्तीपुत्रो युधिष्ठिर: |नकुल: सहदेवश्च सुघोषमणिपुष्पकौ || 16||काश्यश्च परमेष्वास: शिखण्डी च महारथ: |धृष्टद्युम्नो विराटश्च सात्यकिश्चापराजित: || 17||द्रुपदो द्रौपदेयाश्च सर्वश: पृथिवीपते |सौभद्रश्च महाबाहु: शङ्खान्दध्मु: पृथक् पृथक् || 18||","commentary":"Yudhisthtira, the eldest Pandava is being addressed here as “King.” He always displayed royal grace and nobility, whether living in a palace or in a forest when in exile. He also got this title by performing the \nRājasūya Yajña\n a royal sacrifice, which earned him tributes from all the other kings of the world.  \nIn this verse, Sanjay also called Dhritarashtra the “Ruler of the earth.” The real reason for this appellation was to remind him of his duties as the ruler of the country. With so many kings and princes participating from both sides in this war, it was as if the entire earth was split into two parties. It was definite that this mammoth war would cause irreversible destruction. The only person who could stop the war at this juncture was Dhritarashtra, and Sanjay wanted to know if he was willing to do that.\n\n","meaning":" 1.16-18:\r\n                            King Yudhishthir, blew the Anantavijay, while Nakul and Sahadev blew the Sughosh and Manipushpak. The excellent archer and king of Kashi, the great warrior Shikhandi, Dhrishtadyumna, Virat, and the invincible Satyaki, Drupad, the five sons of Draupadi, and the mighty-armed Abhimanyu, son of Subhadra, all blew their respective conch shells, O Ruler of the earth.","wordMeanings":""},{"id":17,"title":"1.17","content":"","type":"verse","passage":"अनन्तविजयं राजा कुन्तीपुत्रो युधिष्ठिर: |नकुल: सहदेवश्च सुघोषमणिपुष्पकौ || 16||काश्यश्च परमेष्वास: शिखण्डी च महारथ: |धृष्टद्युम्नो विराटश्च सात्यकिश्चापराजित: || 17||द्रुपदो द्रौपदेयाश्च सर्वश: पृथिवीपते |सौभद्रश्च महाबाहु: शङ्खान्दध्मु: पृथक् पृथक् || 18||","commentary":"Yudhisthtira, the eldest Pandava is being addressed here as “King.” He always displayed royal grace and nobility, whether living in a palace or in a forest when in exile. He also got this title by performing the \nRājasūya Yajña\n a royal sacrifice, which earned him tributes from all the other kings of the world.  \nIn this verse, Sanjay also called Dhritarashtra the “Ruler of the earth.” The real reason for this appellation was to remind him of his duties as the ruler of the country. With so many kings and princes participating from both sides in this war, it was as if the entire earth was split into two parties. It was definite that this mammoth war would cause irreversible destruction. The only person who could stop the war at this juncture was Dhritarashtra, and Sanjay wanted to know if he was willing to do that.\n\n","meaning":" 1.16-18:\r\n                            King Yudhishthir, blew the Anantavijay, while Nakul and Sahadev blew the Sughosh and Manipushpak. The excellent archer and king of Kashi, the great warrior Shikhandi, Dhrishtadyumna, Virat, and the invincible Satyaki, Drupad, the five sons of Draupadi, and the mighty-armed Abhimanyu, son of Subhadra, all blew their respective conch shells, O Ruler of the earth.","wordMeanings":""},{"id":18,"title":"1.18","content":"","type":"verse","passage":"अनन्तविजयं राजा कुन्तीपुत्रो युधिष्ठिर: |नकुल: सहदेवश्च सुघोषमणिपुष्पकौ || 16||काश्यश्च परमेष्वास: शिखण्डी च महारथ: |धृष्टद्युम्नो विराटश्च सात्यकिश्चापराजित: || 17||द्रुपदो द्रौपदेयाश्च सर्वश: पृथिवीपते |सौभद्रश्च महाबाहु: शङ्खान्दध्मु: पृथक् पृथक् || 18||","commentary":"Yudhisthtira, the eldest Pandava is being addressed here as “King.” He always displayed royal grace and nobility, whether living in a palace or in a forest when in exile. He also got this title by performing the \nRājasūya Yajña\n a royal sacrifice, which earned him tributes from all the other kings of the world.  \nIn this verse, Sanjay also called Dhritarashtra the “Ruler of the earth.” The real reason for this appellation was to remind him of his duties as the ruler of the country. With so many kings and princes participating from both sides in this war, it was as if the entire earth was split into two parties. It was definite that this mammoth war would cause irreversible destruction. The only person who could stop the war at this juncture was Dhritarashtra, and Sanjay wanted to know if he was willing to do that.\n\n","meaning":" 1.16-18:\r\n                            King Yudhishthir, blew the Anantavijay, while Nakul and Sahadev blew the Sughosh and Manipushpak. The excellent archer and king of Kashi, the great warrior Shikhandi, Dhrishtadyumna, Virat, and the invincible Satyaki, Drupad, the five sons of Draupadi, and the mighty-armed Abhimanyu, son of Subhadra, all blew their respective conch shells, O Ruler of the earth.","wordMeanings":""},{"id":19,"title":"1.19","content":"","type":"verse","passage":"स घोषो धार्तराष्ट्राणां हृदयानि व्यदारयत् |नभश्च पृथिवीं चैव तुमुलोऽभ्यनुनादयन् || 19||","commentary":"Sanjay conveyed to Dhritarashtra, that the tremendous sound of the various conch shells from the Pandava army was shattering the hearts of his sons. Whereas, he did not mention any such reaction from the Pandavas, when the Kauravas were creating a commotion. The Kauravas were fearful, as their conscience pricked them for their crimes and misdeeds. They were relying solely on their physical strength to fight the war. However, the Pandavas were confident and felt protected, as the Supreme Lord Shree Krishna was by their side, their victory was definite.\n\n","meaning":" 1.19:\r\n                            The terrific sound thundered across the sky and the earth, and shattered the hearts of your sons, O Dhritarasthra.","wordMeanings":""},{"id":20,"title":"1.20","content":"","type":"verse","passage":"अथ व्यवस्थितान्दृष्ट्वा धार्तराष्ट्रान् कपिध्वज: |प्रवृत्ते शस्त्रसम्पाते धनुरुद्यम्य पाण्डव: ||20||हृषीकेशं तदा वाक्यमिदमाह महीपते |","commentary":"Here Sanjay addresses Arjun by another name, “Kapi Dhwaj,” which means “Monkey Bannered.” This denotes the presence of the mighty Monkey God; Hanuman on Arjun’s chariot. It so happened that, once Arjun became very boastful of his archery skills and quipped at Shree Krishna. He said, “I do not understand why during Lord Rama’s time, the monkeys worked so hard to make a bridge from India to Lanka with heavy stones? If I was there, I would have made a bridge of arrows.” The Omniscient Lord asked him, “Alright, go ahead show me your bridge.”  \nVery skillfully Arjun showered thousands of arrows and made a huge bridge. Now, it was time to test it. Shree Krishna called upon great Hanuman for the job. As soon as Hanuman started walking on the bridge, it started crumbling under his feet. Arjun realized his folly; his bridge of arrows could not have upheld the weight of Lord Rama’s huge army. He asked for their forgiveness. Subsequently, Hanuman gave Arjun lessons on being humble and never be proud of his skills. He also granted Arjun a boon that, during the great war, he would seat himself on Arjun’s chariot. Therefore, Arjun’s chariot flag carried the insignia of the great Hanuman.\n\n","meaning":" 1.20:\r\n                            At that time, the son of Pandu, Arjun, who had the insignia of Hanuman on the flag of his chariot, took up his bow. Seeing your sons arrayed against him, O King, Arjun then spoke the following words to Shree Krishna.","wordMeanings":""},{"id":21,"title":"1.21","content":"","type":"verse","passage":"अर्जुन उवाच |सेनयोरुभयोर्मध्ये रथं स्थापय मेऽच्युत || 21||यावदेतान्निरीक्षेऽहं योद्धुकामानवस्थितान् |कैर्मया सह योद्धव्यमस्मिन् रणसमुद्यमे || 22||","commentary":"Arjun was a skilled warrior, and the most powerful Hanuman was sitting on top of his magnificent chariot. Moreover, his devotion towards the Supreme Lord Shree Krishna was such that, the Lord himself had agreed to be Arjun’s charioteer. Here, Arjun was seated on the passenger seat giving instructions to Shree Krishna, his charioteer. He addresses the Lord as \nAchyuta\n, the most dependable One and requests him to place the chariot in the middle of the battlefield.\nahaṁ bhakta-parādhīno hyasvatantra iva dvija \nsādhubhir grasta-hṛidayo bhaktair bhakta-jana-priyaḥ\n(Bhagavatam 9.4.63)\n“Although I am Supremely Independent, yet I become enslaved by My devotees.  They are very dear to Me, and I become indebted to them for their love.”  Such is the beauty of God’s bond with his devotees that He gets enslaved, beholden by His devotees’ love.\n\n","meaning":" 1.21-22:\r\n                            Arjun said: O Infallible One, please take my chariot to the middle of both armies, so that I may look at the warriors arrayed for battle, whom I must fight in this great combat.","wordMeanings":""},{"id":22,"title":"1.22","content":"","type":"verse","passage":"अर्जुन उवाच |सेनयोरुभयोर्मध्ये रथं स्थापय मेऽच्युत || 21||यावदेतान्निरीक्षेऽहं योद्धुकामानवस्थितान् |कैर्मया सह योद्धव्यमस्मिन् रणसमुद्यमे || 22||","commentary":"Arjun was a skilled warrior, and the most powerful Hanuman was sitting on top of his magnificent chariot. Moreover, his devotion towards the Supreme Lord Shree Krishna was such that, the Lord himself had agreed to be Arjun’s charioteer. Here, Arjun was seated on the passenger seat giving instructions to Shree Krishna, his charioteer. He addresses the Lord as \nAchyuta\n, the most dependable One and requests him to place the chariot in the middle of the battlefield.\nahaṁ bhakta-parādhīno hyasvatantra iva dvija \nsādhubhir grasta-hṛidayo bhaktair bhakta-jana-priyaḥ\n(Bhagavatam 9.4.63)\n“Although I am Supremely Independent, yet I become enslaved by My devotees.  They are very dear to Me, and I become indebted to them for their love.”  Such is the beauty of God’s bond with his devotees that He gets enslaved, beholden by His devotees’ love.\n\n","meaning":" 1.21-22:\r\n                            Arjun said: O Infallible One, please take my chariot to the middle of both armies, so that I may look at the warriors arrayed for battle, whom I must fight in this great combat.","wordMeanings":""},{"id":23,"title":"1.23","content":"","type":"verse","passage":"योत्स्यमानानवेक्षेऽहं य एतेऽत्र समागता: |धार्तराष्ट्रस्य दुर्बुद्धेर्युद्धे प्रियचिकीर्षव: || 23||","commentary":"Arjun was fearless, the Supreme Lord was his charioteer. His outlook was that the Pandavas were legitimately entitled to half the kingdom of Hastinapur, but the wicked sons of Dhritarashtra, the Kauravas had not agreed to share. Arjun was ready for battle, eager to get back what was rightfully theirs and punish them for all their past wrongdoings.\nHis request for the chariot to be placed in the middle of the battlefield was to take a closer look at the Kaurava army. Arjun wanted to see all those who had taken the side of injustice. He wanted to punish them equally, as they had chosen to be on the wrong side, none of them would be spared.\n\n","meaning":" 1.23:\r\n                            I desire to see those who have come here to fight on the side of the evil-minded son of Dhritarasthra, wishing to please him.","wordMeanings":""},{"id":24,"title":"1.24","content":"","type":"verse","passage":"सञ्जय उवाच |एवमुक्तो हृषीकेशो गुडाकेशेन भारत |सेनयोरुभयोर्मध्ये स्थापयित्वा रथोत्तमम् || 24||","commentary":"Here, Dhritarashtra is being addressed as\n Bhārata \nby Sanjay, which means, “O descendant of the great King Bharat.”\n\n","meaning":" 1.24:\r\n                            Sanjay said: O Dhritarasthra, having thus been addressed by Arjun, the conqueror of sleep, Shree Krishna then drew the magnificent chariot between the two armies.","wordMeanings":""},{"id":25,"title":"1.25","content":"","type":"verse","passage":"भीष्मद्रोणप्रमुखत: सर्वेषां च महीक्षिताम् |उवाच पार्थ पश्यैतान्समवेतान्कुरूनिति || 25||","commentary":"Shree Krishna called Arjun “Parth, son of Pritha, another name for his mother Kunti.” Then he pointed at all the warriors like Bhishma, Drona and other kings on the Kaurava side and deliberately used the word “Kuru” to address them. It was to remind Arjun that both Kauravas and Pandavas were all decedents of the great king Kuru. Therefore, the enemy he was so eager to kill was actually his own family and relatives. The Omniscient Lord was sowing the seed of delusion in Arjun’s mind, only to eliminate it later. He was preparing the ground for the gospel he was about to preach - The Bhagavad Geeta, which would benefit the future generations in the age of \nKali\n.\n\n","meaning":" 1.25:\r\n                            In the presence of Bheeshma, Dronacharya, and all the other kings, Shree Krishna said: O Parth, behold these Kurus gathered here.","wordMeanings":""},{"id":26,"title":"1.26","content":"","type":"verse","passage":"तत्रापश्यत्स्थितान् पार्थ: पितृ नथ पितामहान् |आचार्यान्मातुलान्भ्रातृ न्पुत्रान्पौत्रान्सखींस्तथा || 26||श्वशुरान्सुहृदश्चैव सेनयोरुभयोरपि |","commentary":"","meaning":" 1.26:\r\n                            There, Arjun could see stationed in both armies, his fathers, grandfathers, teachers, maternal uncles, brothers, cousins, sons, nephews, grand-nephews, friends, fathers-in-law, and well-wishers.","wordMeanings":""},{"id":27,"title":"1.27","content":"","type":"verse","passage":"तान्समीक्ष्य स कौन्तेय: सर्वान्बन्धूनवस्थितान् || 27||कृपया परयाविष्टो विषीदन्निदमब्रवीत् |","commentary":"Shree Krishna’s words had the desired effect on Arjun. Looking at the armies on both sides of the battlefield, his heart sank, they were all “Kurus” his relatives.  The brave warrior who wanted to punish the Kauravas for all their wickedness a few minutes back suddenly became fearful. Comprehending the devastation this war would cause, his valor started to diminish. Hence, Sanjay has called him \nKaunteyah \nthe son of Kunti, denoting that Arjun had become softhearted, similar to his mother.  However, Arjun was now very confused and his mind filled with questions.\n\n","meaning":" 1.27:\r\n                            Seeing all his relatives present there, Arjun, the son of Kunti, was overwhelmed with compassion, and with deep sorrow, spoke the following words.","wordMeanings":""},{"id":28,"title":"1.28","content":"","type":"verse","passage":"अर्जुन उवाच |दृष्ट्वेमं स्वजनं कृष्ण युयुत्सुं समुपस्थितम् || 28||सीदन्ति मम गात्राणि मुखं च परिशुष्यति |","commentary":"Arjun realized that all the warriors on the battlefield ready to shed blood were none other than his own relatives, friends, and family. He was filled with remorse and fearful of performing his duty of fighting this war. The cause for these sentiments was his attachment towards his bodily relatives. He became forgetful of his spiritual existence, that he was not just the body. His affection for his bodily relatives had blinded his consciousness.\nIn the materialistic concept, we consider ourselves to be only the body, which is emotionally attached to all its bodily relatives. As this attachment is based on ignorance it carries with it the physical burdens of life like pain, sorrow, grief, and death. Only the death of the physical body can end these materialistic attachments. We are more than just the physical body; our eternal souls are beyond life and death. Tangled in the various attachments of the material world, we keep forgetting that the Supreme Lord is our only permanent relative. He is the Father, Mother, Friend, Master, and Beloved of our soul.\n\n","meaning":" 1.28:\r\n                            Arjun said: O Krishna, seeing my own kinsmen arrayed for battle here and intent on killing each other, my limbs are giving way and my mouth is drying up.","wordMeanings":""},{"id":29,"title":"1.29","content":"","type":"verse","passage":"वेपथुश्च शरीरे मे रोमहर्षश्च जायते || 29||गाण्डीवं स्रंसते हस्तात्त्वक्चै व परिदह्यते |न च शक्नोम्यवस्थातुं भ्रमतीव च मे मन: || 30|| निमित्तानि च पश्यामि विपरीतानि केशव |न च श्रेयोऽनुपश्यामि हत्वा स्वजनमाहवे || 31||","commentary":"Here Arjun has addressed Shree Krishna as \nKeśhava\n, killer of a demon called Keshi. Yet, for Arjun the thought of killing his own relatives troubled him to such an extent that, his body started to tremble. He was unable to even hold his magnificent bow \nGāṇḍīv,\n which could emit sounds that petrified even the most powerful enemies. Arjun had become so disillusioned that superstition started gripping him. He could only see bad omens indicating severe devastation. Thus, he felt it would be a sin to engage in such a battle.\n\n","meaning":" 1.29-31:\r\n                            My whole body shudders; my hair is standing on end. My bow, the Gāṇḍīv, is slipping from my hand, and my skin is burning all over. My mind is in quandary and whirling in confusion; I am unable to hold myself steady any longer. O Krishna, killer of the Keshi demon, I only see omens of misfortune. I do not foresee how any good can come from killing my own kinsmen in this battle.","wordMeanings":""},{"id":30,"title":"1.30","content":"","type":"verse","passage":"वेपथुश्च शरीरे मे रोमहर्षश्च जायते || 29||गाण्डीवं स्रंसते हस्तात्त्वक्चै व परिदह्यते |न च शक्नोम्यवस्थातुं भ्रमतीव च मे मन: || 30|| निमित्तानि च पश्यामि विपरीतानि केशव |न च श्रेयोऽनुपश्यामि हत्वा स्वजनमाहवे || 31||","commentary":"Here Arjun has addressed Shree Krishna as \nKeśhava\n, killer of a demon called Keshi. Yet, for Arjun the thought of killing his own relatives troubled him to such an extent that, his body started to tremble. He was unable to even hold his magnificent bow \nGāṇḍīv,\n which could emit sounds that petrified even the most powerful enemies. Arjun had become so disillusioned that superstition started gripping him. He could only see bad omens indicating severe devastation. Thus, he felt it would be a sin to engage in such a battle.\n\n","meaning":" 1.29-31:\r\n                            My whole body shudders; my hair is standing on end. My bow, the Gāṇḍīv, is slipping from my hand, and my skin is burning all over. My mind is in quandary and whirling in confusion; I am unable to hold myself steady any longer. O Krishna, killer of the Keshi demon, I only see omens of misfortune. I do not foresee how any good can come from killing my own kinsmen in this battle.","wordMeanings":""},{"id":31,"title":"1.31","content":"","type":"verse","passage":"वेपथुश्च शरीरे मे रोमहर्षश्च जायते || 29||गाण्डीवं स्रंसते हस्तात्त्वक्चै व परिदह्यते |न च शक्नोम्यवस्थातुं भ्रमतीव च मे मन: || 30|| निमित्तानि च पश्यामि विपरीतानि केशव |न च श्रेयोऽनुपश्यामि हत्वा स्वजनमाहवे || 31||","commentary":"Here Arjun has addressed Shree Krishna as \nKeśhava\n, killer of a demon called Keshi. Yet, for Arjun the thought of killing his own relatives troubled him to such an extent that, his body started to tremble. He was unable to even hold his magnificent bow \nGāṇḍīv,\n which could emit sounds that petrified even the most powerful enemies. Arjun had become so disillusioned that superstition started gripping him. He could only see bad omens indicating severe devastation. Thus, he felt it would be a sin to engage in such a battle.\n\n","meaning":" 1.29-31:\r\n                            My whole body shudders; my hair is standing on end. My bow, the Gāṇḍīv, is slipping from my hand, and my skin is burning all over. My mind is in quandary and whirling in confusion; I am unable to hold myself steady any longer. O Krishna, killer of the Keshi demon, I only see omens of misfortune. I do not foresee how any good can come from killing my own kinsmen in this battle.","wordMeanings":""},{"id":32,"title":"1.32","content":"","type":"verse","passage":"न काङ्क्षे विजयं कृष्ण न च राज्यं सुखानि च |किं नो राज्येन गोविन्द किं भोगैर्जीवितेन वा || 32||येषामर्थे काङ्क्षितं नो राज्यं भोगा: सुखानि च |त इमेऽवस्थिता युद्धे प्राणांस्त्यक्त्वा धनानि च || 33||","commentary":"Taking away someone’s life itself is immoral, and killing a relative is considered even more sinful. Arjun was in a dilemma, what would he gain with victory achieved by such a heinous act? It would not give him any joy; as he would have lost all the people who mattered to him.  \nDetachment to worldly assets is a commendable virtue. Even though Arjun’s thoughts were moral and virtuous, they were not spiritual sentiments. They were budding out of compassion and attachment towards his relatives. Spiritual sentiments bestow peace, harmony, and happiness to a soul. However, Arjun’s situation was not such he was disillusioned, confused, and losing control over his body and mind.\n\n","meaning":" 1.32-33:\r\n                            O Krishna, I do not desire victory, kingdom, or the happiness accruing to it. Of what avail will be a kingdom, pleasures, or even life itself, when the very persons for whom we covet them, are standing before us for battle?","wordMeanings":""},{"id":33,"title":"1.33","content":"","type":"verse","passage":"न काङ्क्षे विजयं कृष्ण न च राज्यं सुखानि च |किं नो राज्येन गोविन्द किं भोगैर्जीवितेन वा || 32||येषामर्थे काङ्क्षितं नो राज्यं भोगा: सुखानि च |त इमेऽवस्थिता युद्धे प्राणांस्त्यक्त्वा धनानि च || 33||","commentary":"Taking away someone’s life itself is immoral, and killing a relative is considered even more sinful. Arjun was in a dilemma, what would he gain with victory achieved by such a heinous act? It would not give him any joy; as he would have lost all the people who mattered to him.  \nDetachment to worldly assets is a commendable virtue. Even though Arjun’s thoughts were moral and virtuous, they were not spiritual sentiments. They were budding out of compassion and attachment towards his relatives. Spiritual sentiments bestow peace, harmony, and happiness to a soul. However, Arjun’s situation was not such he was disillusioned, confused, and losing control over his body and mind.\n\n","meaning":" 1.32-33:\r\n                            O Krishna, I do not desire victory, kingdom, or the happiness accruing to it. Of what avail will be a kingdom, pleasures, or even life itself, when the very persons for whom we covet them, are standing before us for battle?","wordMeanings":""},{"id":34,"title":"1.34","content":"","type":"verse","passage":"आचार्या: पितर: पुत्रास्तथैव च पितामहा: |मातुला: श्वशुरा: पौत्रा: श्याला: सम्बन्धिनस्तथा || 34|| एतान्न हन्तुमिच्छामि घ्नतोऽपि मधुसूदन |अपि त्रैलोक्यराज्यस्य हेतो: किं नु महीकृते || 35||","commentary":"Arjun looked at the vast gathering of warriors on the battlefield and started considering his relationships with them. His teachers, Dronacharya and Kripacharaya; grand uncle Bheeshma and Somadutta; Bhurishrava (Somdatta’s son); Kuntibhoj, Purujit, Shalya, and Shakuni his maternal uncles. The hundred Kauravas were his uncle Dhritarashra’s sons; their sons, grandsons, and several other relatives had all assembled there prepared for a battle till death.\nTwice in this verse, Arjun used the word \napi\n which means “even though.” He addresses Shree Krishna as Madhusudan, the killer of a demon named Madhu and says, “O Madhusudan, I do not wish to kill them even though I am aware they are eager to do so.” Again, he says, “Even though for the sake of victory over the three worlds we fight, what joy would we get by killing our own folks?”\n\n","meaning":" 1.34-35:\r\n                            Teachers, fathers, sons, grandfathers, maternal uncles, grandsons, fathers-in-law, grand-nephews, brothers-in-law, and other kinsmen are present here, staking their lives and riches. O Madhusudan, I do not wish to slay them, even if they attack me. If we kill the sons of Dhritarashtra, what satisfaction will we derive from the dominion over the three worlds, what to speak of this Earth?","wordMeanings":""},{"id":35,"title":"1.35","content":"","type":"verse","passage":"आचार्या: पितर: पुत्रास्तथैव च पितामहा: |मातुला: श्वशुरा: पौत्रा: श्याला: सम्बन्धिनस्तथा || 34|| एतान्न हन्तुमिच्छामि घ्नतोऽपि मधुसूदन |अपि त्रैलोक्यराज्यस्य हेतो: किं नु महीकृते || 35||","commentary":"Arjun looked at the vast gathering of warriors on the battlefield and started considering his relationships with them. His teachers, Dronacharya and Kripacharaya; grand uncle Bheeshma and Somadutta; Bhurishrava (Somdatta’s son); Kuntibhoj, Purujit, Shalya, and Shakuni his maternal uncles. The hundred Kauravas were his uncle Dhritarashra’s sons; their sons, grandsons, and several other relatives had all assembled there prepared for a battle till death.\nTwice in this verse, Arjun used the word \napi\n which means “even though.” He addresses Shree Krishna as Madhusudan, the killer of a demon named Madhu and says, “O Madhusudan, I do not wish to kill them even though I am aware they are eager to do so.” Again, he says, “Even though for the sake of victory over the three worlds we fight, what joy would we get by killing our own folks?”\n\n","meaning":" 1.34-35:\r\n                            Teachers, fathers, sons, grandfathers, maternal uncles, grandsons, fathers-in-law, grand-nephews, brothers-in-law, and other kinsmen are present here, staking their lives and riches. O Madhusudan, I do not wish to slay them, even if they attack me. If we kill the sons of Dhritarashtra, what satisfaction will we derive from the dominion over the three worlds, what to speak of this Earth?","wordMeanings":""},{"id":36,"title":"1.36","content":"","type":"verse","passage":"निहत्य धार्तराष्ट्रान्न: का प्रीति: स्याज्जनार्दन |पापमेवाश्रयेदस्मान्हत्वैतानाततायिन: || 36 || तस्मान्नार्हा वयं हन्तुं धार्तराष्ट्रान्स्वबान्धवान् |स्वजनं हि कथं हत्वा सुखिन: स्याम माधव || 37||","commentary":"Similar to the previous verses, Arjun continues to explicate his unwillingness to kill his relatives by using the words “even though” again. Addressing Shree Krishna as Janardhana, sustainer of the populace, he said, “Even though I am aware that they are willing to attack us, I feel it would be a sin to kill my uncle Dhritarashtra’s sons.”\nThen addressing him as Madhav, Goddess Lakshmi’s husband, Arjun said, “It is not proper on our part to kill our cousins and relatives, how can we ever be happy by doing such a deed?”\nUnder most circumstances killing or taking someone’s life is considered a grave sin, which subsequently causes guilt and repentance.   The Vedas state: \nmā hinsyāt sarvā bhūtāni\n “Do not kill any living being.” Unless absolutely necessary in an extreme situation, violence in any form is a sin and non-violence a superior virtue. In Arjun’s case, even though the enemy’s wrong deeds were unpardonable, he was not willing to kill them considering it to be immoral.  \nHowever, according to Vasiṣhṭh Smṛiti (verse 3.19) under six circumstances it is acceptable to kill; in order to protect themselves from such enemies who have: set fire to their property, tried to poison them, conspired to murder, loot their wealth, kidnap or dishonor their women, or seize their kingdom.  Even the Manu Smṛiti (8.351) mentions that it is not considered a sin if someone kills an attacker in self-defense.\n\n","meaning":" 1.36-37:\r\n                            O Maintainer of all living entities, what pleasure will we derive from killing the sons of Dhritarasthra? Even though they may be aggressors, sin will certainly come upon us if we slay them. Hence, it does not behoove us to kill our own cousins, the sons of Dhritarashtra, and friends. O Madhav (Krishna), how can we hope to be happy by killing our own kinsmen?","wordMeanings":""},{"id":37,"title":"1.37","content":"","type":"verse","passage":"निहत्य धार्तराष्ट्रान्न: का प्रीति: स्याज्जनार्दन |पापमेवाश्रयेदस्मान्हत्वैतानाततायिन: || 36 || तस्मान्नार्हा वयं हन्तुं धार्तराष्ट्रान्स्वबान्धवान् |स्वजनं हि कथं हत्वा सुखिन: स्याम माधव || 37||","commentary":"Similar to the previous verses, Arjun continues to explicate his unwillingness to kill his relatives by using the words “even though” again. Addressing Shree Krishna as Janardhana, sustainer of the populace, he said, “Even though I am aware that they are willing to attack us, I feel it would be a sin to kill my uncle Dhritarashtra’s sons.”\nThen addressing him as Madhav, Goddess Lakshmi’s husband, Arjun said, “It is not proper on our part to kill our cousins and relatives, how can we ever be happy by doing such a deed?”\nUnder most circumstances killing or taking someone’s life is considered a grave sin, which subsequently causes guilt and repentance.   The Vedas state: \nmā hinsyāt sarvā bhūtāni\n “Do not kill any living being.” Unless absolutely necessary in an extreme situation, violence in any form is a sin and non-violence a superior virtue. In Arjun’s case, even though the enemy’s wrong deeds were unpardonable, he was not willing to kill them considering it to be immoral.  \nHowever, according to Vasiṣhṭh Smṛiti (verse 3.19) under six circumstances it is acceptable to kill; in order to protect themselves from such enemies who have: set fire to their property, tried to poison them, conspired to murder, loot their wealth, kidnap or dishonor their women, or seize their kingdom.  Even the Manu Smṛiti (8.351) mentions that it is not considered a sin if someone kills an attacker in self-defense.\n\n","meaning":" 1.36-37:\r\n                            O Maintainer of all living entities, what pleasure will we derive from killing the sons of Dhritarasthra? Even though they may be aggressors, sin will certainly come upon us if we slay them. Hence, it does not behoove us to kill our own cousins, the sons of Dhritarashtra, and friends. O Madhav (Krishna), how can we hope to be happy by killing our own kinsmen?","wordMeanings":""},{"id":38,"title":"1.38","content":"","type":"verse","passage":"यद्यप्येते न पश्यन्ति लोभोपहतचेतस: |कुलक्षयकृतं दोषं मित्रद्रोहे च पातकम् || 38||कथं न ज्ञेयमस्माभि: पापादस्मान्निवर्तितुम् |कुलक्षयकृतं दोषं प्रपश्यद्भिर्जनार्दन || 39||","commentary":"Arjun was a proclaimed warrior, but due to his righteous nature, he tried to avoid violence whenever possible. This side of his character is well revealed in an incident that took place towards the end of the Mahabharat war.\nDuryodhana was badly injured, and only a handful of warriors were remaining on the Kaurava side. Ashwatthama was one of them. He wanted to avenge his father Dronacharaya and his friends Kauravas' death. He sneaked into the Pandava camp at night while everyone was fast asleep and went on a carnage. Several warriors including Draupadi’s five sons were killed in this attack. The Pandavas, along with Draupadi and Shree Krishna were away that night. When they returned to the camp, they were devasted. Arjun went after Ashwatthama, caught him and threw him at the feet of Draupadi, who was grieving the death of her young sons. Bheem was raged and wanted to kill Ashwatthama right way, but Draupadi was a soft-hearted lady of forgiving nature. She said that Ashwatthama was their Guru Drona’s son and a Brahmin, therefore, they should forgive him. Arjun was unsure what to do next and wanted guidance from Shree Krishna, who then said, “A respect-worthy Brahmin must be forgiven even if he may have temporarily fallen from virtue.  But a person who approaches to kill with a lethal weapon must certainly be punished.”  Arjun understood what the Lord meant; he did not kill Ashwatthama. Instead, he cut his brahmin’s tuft, removed the jewel of immense power from his forehead, and let him go.\nṛitvikpurohitāchāryair mātulātithisanśhritaiḥ\nbālavṛiddhāturair vaidyair jñātisam bandhibāndhavaiḥ\n(Manu Smṛiti 4.179)\n“One should not squabble with, the Brahmin who performs the fire sacrifice, the family priest, teacher, maternal uncle, guest, dependent children, elders, doctor or relatives.” \nArjun was aware that killing one’s own relatives was a great sin. He said to Shree Krishna, “Greed has blinded them (Kauravas) and they do not realize that it is a great sin to kill their own relatives and friends, but why should we do the same thing, when we can avoid this transgression?”\n\n","meaning":" 1.38-39:\r\n                            Their thoughts are overpowered by greed and they see no wrong in annihilating their relatives or wreaking treachery upon friends. Yet, O Janardan (Krishna), why should we, who can clearly see the crime in killing our kindred, not turn away from this sin?","wordMeanings":""},{"id":39,"title":"1.39","content":"","type":"verse","passage":"यद्यप्येते न पश्यन्ति लोभोपहतचेतस: |कुलक्षयकृतं दोषं मित्रद्रोहे च पातकम् || 38||कथं न ज्ञेयमस्माभि: पापादस्मान्निवर्तितुम् |कुलक्षयकृतं दोषं प्रपश्यद्भिर्जनार्दन || 39||","commentary":"Arjun was a proclaimed warrior, but due to his righteous nature, he tried to avoid violence whenever possible. This side of his character is well revealed in an incident that took place towards the end of the Mahabharat war.\nDuryodhana was badly injured, and only a handful of warriors were remaining on the Kaurava side. Ashwatthama was one of them. He wanted to avenge his father Dronacharaya and his friends Kauravas' death. He sneaked into the Pandava camp at night while everyone was fast asleep and went on a carnage. Several warriors including Draupadi’s five sons were killed in this attack. The Pandavas, along with Draupadi and Shree Krishna were away that night. When they returned to the camp, they were devasted. Arjun went after Ashwatthama, caught him and threw him at the feet of Draupadi, who was grieving the death of her young sons. Bheem was raged and wanted to kill Ashwatthama right way, but Draupadi was a soft-hearted lady of forgiving nature. She said that Ashwatthama was their Guru Drona’s son and a Brahmin, therefore, they should forgive him. Arjun was unsure what to do next and wanted guidance from Shree Krishna, who then said, “A respect-worthy Brahmin must be forgiven even if he may have temporarily fallen from virtue.  But a person who approaches to kill with a lethal weapon must certainly be punished.”  Arjun understood what the Lord meant; he did not kill Ashwatthama. Instead, he cut his brahmin’s tuft, removed the jewel of immense power from his forehead, and let him go.\nṛitvikpurohitāchāryair mātulātithisanśhritaiḥ\nbālavṛiddhāturair vaidyair jñātisam bandhibāndhavaiḥ\n(Manu Smṛiti 4.179)\n“One should not squabble with, the Brahmin who performs the fire sacrifice, the family priest, teacher, maternal uncle, guest, dependent children, elders, doctor or relatives.” \nArjun was aware that killing one’s own relatives was a great sin. He said to Shree Krishna, “Greed has blinded them (Kauravas) and they do not realize that it is a great sin to kill their own relatives and friends, but why should we do the same thing, when we can avoid this transgression?”\n\n","meaning":" 1.38-39:\r\n                            Their thoughts are overpowered by greed and they see no wrong in annihilating their relatives or wreaking treachery upon friends. Yet, O Janardan (Krishna), why should we, who can clearly see the crime in killing our kindred, not turn away from this sin?","wordMeanings":""},{"id":40,"title":"1.40","content":"","type":"verse","passage":"कुलक्षये प्रणश्यन्ति कुलधर्मा: सनातना: |धर्मे नष्टे कुलं कृत्स्नमधर्मोऽभिभवत्युत || 40||","commentary":"The elder members of the family bear age-old traditions, customs, ideals and noble values of a community, which they pass on to their next generations. These traditions help nurture moral values in families and build religious propriety in a society. If the elders die early, their valuable knowledge goes with them and in the absence of proper guidance, the next generation sways away from the virtuous path. Therefore, Arjun was of the opinion that the elders of a family should be spared.\n\n","meaning":" 1.40:\r\n                            When a dynasty is destroyed, its traditions get vanquished, and the rest of the family becomes involved in irreligion.","wordMeanings":""},{"id":41,"title":"1.41","content":"","type":"verse","passage":"अधर्माभिभवात्कृष्ण प्रदुष्यन्ति कुलस्त्रिय: |स्त्रीषु दुष्टासु वार्ष्णेय जायते वर्णसङ्कर: || 41||","commentary":"Women occupied a very high status in Vedic society. For families to be religious, and societies to be moral, it is necessary that their women be virtuous.  According to the Manu Smṛiti: \nyatra nāryas tu pūjyante ramante tatra devatāḥ \n(3.56) “Societies where women are worshiped, for they are chaste and virtuous, the celestial gods are joyous.”\nArjun became concerned and started comprehending, “What would happen to the society in the absence of guidance and protection of elders? The women of the family may get misled.” Therefore, Arjun said to Shree Krishna that if the women of the family turn towards immorality, and commit adultery, they would bear illegitimate children. This would not only destroy peace and happiness of the future generations but also deprive the ancestors of their Vedic rites. Family traditions will be abandoned and the welfare of society will be at stake.\n\n","meaning":" 1.41:\r\n                            With the preponderance of vice, O Krishna, the women of the family become immoral; and from the immorality of women, O descendent of Vrishni, unwanted progeny are born.","wordMeanings":""},{"id":42,"title":"1.42","content":"","type":"verse","passage":"सङ्करो नरकायैव कुलघ्नानां कुलस्य च |पतन्ति पितरो ह्येषां लुप्तपिण्डोदकक्रिया: || 42||","commentary":"","meaning":" 1.42:\r\n                            An increase in unwanted children results in hellish life both for the family and for those who destroy the family. Deprived of sacrificial offerings, the ancestors of such corrupt families also fall.","wordMeanings":""},{"id":43,"title":"1.43","content":"","type":"verse","passage":"दोषैरेतै: कुलघ्नानां वर्णसङ्करकारकै: |उत्साद्यन्ते जातिधर्मा: कुलधर्माश्च शाश्वता: || 43||","commentary":"","meaning":" 1.43:\r\n                            Through the evil deeds of those who destroy the family tradition and thus give rise to unwanted progeny, a variety of social and family welfare activities are ruined.","wordMeanings":""},{"id":44,"title":"1.44","content":"","type":"verse","passage":"उत्सन्नकुलधर्माणां मनुष्याणां जनार्दन |नरकेऽनियतं वासो भवतीत्यनुशुश्रुम || 44||","commentary":"","meaning":" 1.44:\r\n                            O Janardan (Krishna), I have heard from the learned that those who destroy family traditions dwell in hell for an indefinite period of time.","wordMeanings":""},{"id":45,"title":"1.45","content":"","type":"verse","passage":"अहो बत महत्पापं कर्तुं व्यवसिता वयम् |यद्राज्यसुखलोभेन हन्तुं स्वजनमुद्यता: || 45||यदि मामप्रतीकारमशस्त्रं शस्त्रपाणय: |धार्तराष्ट्रा रणे हन्युस्तन्मे क्षेमतरं भवेत् || 46||","commentary":"Arjun was surprised; despite being aware that this war would only bring misfortune to all, those who were in the battlefield and the families they would leave behind; they were all hankering to commit this sin. He started with the word “\naho,\n” which means ‘alas’. He had enumerated all the possible catastrophes that were imminent if this war took place, but he was ignoring the very fact that if the wrongdoers were not punished, it would cause greater damage to the society.\nOften, we keep blaming the circumstances or others but turn a blind eye towards our own weaknesses. Arjun’s justification for not killing his greedy cousins and relatives was driven by his own attachment and compassion towards them. Even though he felt it was a sin to kill them, as they were his relatives, he did not realize that his sentiments were actually materialistic and not transcendental. Blinded by compassion, he had forgotten his \ndharma\n as a warrior; that he was beyond this material body. His delusion had come to a point where he was willing to drop his weapons and allow his enemy to kill him unarmed.\n\n","meaning":" 1.45-46:\r\n                            Alas! How strange it is that we have set our mind to perform this great sin with horrifying consequences. Driven by the desire for kingly pleasures, we are intent on killing our own kinsmen. It would be better if, with weapons in hand, the sons of Dhritarashtra kill me unarmed and unresisting on the battlefield.","wordMeanings":""},{"id":46,"title":"1.46","content":"","type":"verse","passage":"अहो बत महत्पापं कर्तुं व्यवसिता वयम् |यद्राज्यसुखलोभेन हन्तुं स्वजनमुद्यता: || 45||यदि मामप्रतीकारमशस्त्रं शस्त्रपाणय: |धार्तराष्ट्रा रणे हन्युस्तन्मे क्षेमतरं भवेत् || 46||","commentary":"Arjun was surprised; despite being aware that this war would only bring misfortune to all, those who were in the battlefield and the families they would leave behind; they were all hankering to commit this sin. He started with the word “\naho,\n” which means ‘alas’. He had enumerated all the possible catastrophes that were imminent if this war took place, but he was ignoring the very fact that if the wrongdoers were not punished, it would cause greater damage to the society.\nOften, we keep blaming the circumstances or others but turn a blind eye towards our own weaknesses. Arjun’s justification for not killing his greedy cousins and relatives was driven by his own attachment and compassion towards them. Even though he felt it was a sin to kill them, as they were his relatives, he did not realize that his sentiments were actually materialistic and not transcendental. Blinded by compassion, he had forgotten his \ndharma\n as a warrior; that he was beyond this material body. His delusion had come to a point where he was willing to drop his weapons and allow his enemy to kill him unarmed.\n\n","meaning":" 1.45-46:\r\n                            Alas! How strange it is that we have set our mind to perform this great sin with horrifying consequences. Driven by the desire for kingly pleasures, we are intent on killing our own kinsmen. It would be better if, with weapons in hand, the sons of Dhritarashtra kill me unarmed and unresisting on the battlefield.","wordMeanings":""},{"id":47,"title":"1.47","content":"","type":"verse","passage":"सञ्जय उवाच |एवमुक्त्वार्जुन: सङ्ख्ये रथोपस्थ उपाविशत् |विसृज्य सशरं चापं शोकसंविग्नमानस: || 47||","commentary":"Arjun’s reluctance to fight the war had now reached its climax. He had now surrendered to his grief and slumped into deep dejection. His condition was the creation of his own material attachments and caused his dereliction of duty. This was a completely unexpected behavior from someone who was considered the epitome of devotion and self-surrender to God. In fact, before the battle, when both parties were mobilizing their armies; given a choice between the entire armed Yadu army and the unarmed Lord Shree Krishna; Arjun chose the Lord, as he had complete faith in him.\nAt this point let us consider who Arjun really was. He was definitely not a novice, bereft of spiritual knowledge. His celestial father was Indra, the king of heaven. Arjun had been to his abode and received several boons from him and other celestial beings. In his past life, Arjun was \nNar\n, part of the twin descensions the \nNar-Narayan\n; where \nNar\n was the perfected soul situated in transcendental knowledge and \nNarayan\n the Supreme Lord. Then why in the battlefield of Kurukshetra, a grand warrior of such stature was dropping his weapons? What was the cause of his misery? \nFor the benefit of future generations, Shree Krishna wanted to bring forth the knowledge of the Bhagavad Gita. By intentionally confusing Arjun, the Lord had created this opportunity. In this chapter, Arjun put forth to the Lord several arguments and justifications why he should not fight this war, and in the subsequent chapters Shree Krishna has elaborated upon why Arjun’s arguments were inappropriate, and the way forward.\n\n","meaning":" 1.47:\r\n                            Sanjay said: Speaking thus, Arjun cast aside his bow and arrows, and sank into the seat of his chariot, his mind in distress and overwhelmed with grief.","wordMeanings":""}]}