{"id":10,"title":"The Opulence of the Absolute","description":"","sectionCount":42,"tags":[],"contentId":"102","sections":[{"id":1,"title":"10.1","content":"","type":"verse","passage":"श्रीभगवानुवाच |भूय एव महाबाहो शृणु मे परमं वच: |यत्तेऽहं प्रीयमाणाय वक्ष्यामि हितकाम्यया || 1||","commentary":"Shree Krishna is delighted with Arjun’s keen interest in hearing his glories. Now, to further enhance his joy and fan his enthusiasm for loving devotion, Shree Krishna declares that he will narrate his sublime glories and incomparable attributes. He uses the words te \nprīyamāṇāya\n, implying “You are my beloved confidant, and so I am revealing this very special knowledge to you.”\n\n","meaning":" 10.1:\r\n                            The Lord said: Listen again to My divine teachings, O mighty armed one. Desiring your welfare because you are My beloved friend, I shall reveal them to you.","wordMeanings":""},{"id":2,"title":"10.2","content":"","type":"verse","passage":"न मे विदु: सुरगणा: प्रभवं न महर्षय: |अहमादिर्हि देवानां महर्षीणां च सर्वश: || 2||","commentary":"A father knows about the birth and life of his son, because he witnesses it. But the birth and childhood of his father are beyond the ken of the son, because they occurred before he was born. Likewise, the \ndevatās\n (celestial gods) and the \nṛiṣhis\n (sages) cannot comprehend the real nature of the origin of God, who existed before they were even born. And so, the Rig Veda states:\nko addhā veda ka iha prāvochat, kuta ā jātā kuta iyaṁ viśhrushtiḥ\narvāgdevā asya visarjanāya, athā ko veda yata ābabhūva\n(10.129.6)[v1]\n“Who in the world can know clearly? Who can proclaim from where this universe was born? Who can state where this creation has come from? The \ndevatās\n came after creation. Therefore, who knows from where the universe arose?” Again, the Īśhopaniṣhad states:\nnainaddevā āpnuvan pūrvamarṣhat\n(Īśhopaniṣhad 4)[v2]\n“God cannot be known by the celestial \ndevatās\n, as he existed before them.” Yet, such inaccessible knowledge will now be given by Shree Krishna to nurture the devotion of his dear friend.\n\n","meaning":" 10.2:\r\n                            Neither celestial gods nor the great sages know of My origin. I am the source from which the gods and great seers come.","wordMeanings":""},{"id":3,"title":"10.3","content":"","type":"verse","passage":"यो मामजमनादिं च वेत्ति लोकमहेश्वरम् |असम्मूढ: स मर्त्येषु सर्वपापै: प्रमुच्यते || 3||","commentary":"Having said that no one can know him, Shree Krishna now states that some people do know him. Is he contradicting himself? No, he means that by self-efforts no one can know God, but if God himself bestows his grace upon someone, that fortunate soul gets to know him. Hence, all those who come to know God do so by virtue of his divine grace. As he mentions in verse 10 of this chapter: “To those whose minds are always united with me in loving devotion, I give the divine knowledge by which they can attain me.” Here, Shree Krishna says that those who know him as the Supreme Lord of all lords are not deluded. Such blessed souls become free from all reactions to their past and present actions, and develop loving devotion toward him.\nTo make the distinction between the souls and himself, Shree Krishna declares that he is \nloka maheśhwaram\n (the great Lord of all the abodes of existence). The same declaration has been made in the Śhwetāśhvatar Upaniṣhad:\ntamīśhwarāṇāṁ paramaṁ maheśhwaraṁ\ntaṁ devatānāṁ paramaṁ cha daivataṁ\npatiṁ patīnāṁ paramaṁ parastād\nvidāma devaṁ bhuvaneśhamīḍyam\n(6.7)[v3]\n“The Supreme Lord is the Controller of all controllers; he is the God of all gods. He is the Beloved of all beloveds; he is the Ruler of the world, and beyond the material energy.”\n\n","meaning":" 10.3:\r\n                            Those who know Me as unborn and beginningless, and as the Supreme Lord of the universe, they among mortals are free from illusion and released from all evils.","wordMeanings":""},{"id":4,"title":"10.4","content":"","type":"verse","passage":"बुद्धिर्ज्ञानमसम्मोह: क्षमा सत्यं दम: शम: |सुखं दु:खं भवोऽभावो भयं चाभयमेव च || 4||अहिंसा समता तुष्टिस्तपो दानं यशोऽयश: |भवन्ति भावा भूतानां मत्त एव पृथग्विधा: || 5||","commentary":"In these two verses, Lord Krishna continues to confirm his Supreme Lordship and absolute dominion over all that exists in creation. Here, he mentions twenty emotions that manifest in a variety of degrees and combinations in different people to form the individual fabric of human nature. He declares that the various moods, temperaments, and dispositions of humankind all emanate from him.\nBuddhi\n is the ability to analyze things in their proper perspective.\nJñānam\n is the ability to discriminate spiritual from material.\nAsammoham\n is the absence of confusion.\nKṣhamā\n is the ability to forgive those who have harmed us.\nSatyam\n is the veracity to declare the truth for the benefit of all.\nDam\n means restraining the senses from the sense objects.\nŚham\n is restraint and control of the mind.\nSukham\n is the emotion of joy and delight.\nDuḥkham\n is the emotion of sorrow and affliction.\nBhavaḥ\n is the perception of one’s existence “I am.”\nAbhāvaḥ\n is the experience of death.\nBhaya\n is the fear of oncoming difficulties.\nAbhaya\n is freedom from fear.\nAhinsā\n is abstinence from harming any being through word, deed, or thought.\nSamatā\n is equanimity in good and bad situations.\nTuṣhṭi\n is feeling content in whatever comes by ones karma.\nTapa\n is voluntary austerities for spiritual benefit, in accordance with the Vedas.\nDān\n is giving in charity to one who is worthy.\nYaśh\n is fame arising from possessing good qualities.\nAyaśh\n is infamy for possessing bad qualities.\nShree Krishna states that all these qualities manifest in individuals to the extent sanctioned by him alone. Hence, he is the source of all good and bad natures in living beings. This can be likened to the electric power supplied by the power house being used by various gadgets. The same electric power passing through different gadgets creates different effects. It creates sound in one, light in the other, and heat in the third. Although the manifestations are different, their source is the same electric supply from the powerhouse. Similarly, the energy of God manifests in us positively or negatively according to our \npuruṣhārth\n (the actions we perform by exercising our freedom of choice) in the present and past lives.\n\n","meaning":" 10.4-5:\r\n                            From Me alone arise the varieties of qualities in humans, such as intellect, knowledge, clarity of thought, forgiveness, truthfulness, control over the senses and mind, joy and sorrow, birth and death, fear and courage, non-violence, equanimity, contentment, austerity, charity, fame, and infamy.","wordMeanings":""},{"id":5,"title":"10.5","content":"","type":"verse","passage":"बुद्धिर्ज्ञानमसम्मोह: क्षमा सत्यं दम: शम: |सुखं दु:खं भवोऽभावो भयं चाभयमेव च || 4||अहिंसा समता तुष्टिस्तपो दानं यशोऽयश: |भवन्ति भावा भूतानां मत्त एव पृथग्विधा: || 5||","commentary":"In these two verses, Lord Krishna continues to confirm his Supreme Lordship and absolute dominion over all that exists in creation. Here, he mentions twenty emotions that manifest in a variety of degrees and combinations in different people to form the individual fabric of human nature. He declares that the various moods, temperaments, and dispositions of humankind all emanate from him.\nBuddhi\n is the ability to analyze things in their proper perspective.\nJñānam\n is the ability to discriminate spiritual from material.\nAsammoham\n is the absence of confusion.\nKṣhamā\n is the ability to forgive those who have harmed us.\nSatyam\n is the veracity to declare the truth for the benefit of all.\nDam\n means restraining the senses from the sense objects.\nŚham\n is restraint and control of the mind.\nSukham\n is the emotion of joy and delight.\nDuḥkham\n is the emotion of sorrow and affliction.\nBhavaḥ\n is the perception of one’s existence “I am.”\nAbhāvaḥ\n is the experience of death.\nBhaya\n is the fear of oncoming difficulties.\nAbhaya\n is freedom from fear.\nAhinsā\n is abstinence from harming any being through word, deed, or thought.\nSamatā\n is equanimity in good and bad situations.\nTuṣhṭi\n is feeling content in whatever comes by ones karma.\nTapa\n is voluntary austerities for spiritual benefit, in accordance with the Vedas.\nDān\n is giving in charity to one who is worthy.\nYaśh\n is fame arising from possessing good qualities.\nAyaśh\n is infamy for possessing bad qualities.\nShree Krishna states that all these qualities manifest in individuals to the extent sanctioned by him alone. Hence, he is the source of all good and bad natures in living beings. This can be likened to the electric power supplied by the power house being used by various gadgets. The same electric power passing through different gadgets creates different effects. It creates sound in one, light in the other, and heat in the third. Although the manifestations are different, their source is the same electric supply from the powerhouse. Similarly, the energy of God manifests in us positively or negatively according to our \npuruṣhārth\n (the actions we perform by exercising our freedom of choice) in the present and past lives.\n\n","meaning":" 10.4-5:\r\n                            From Me alone arise the varieties of qualities in humans, such as intellect, knowledge, clarity of thought, forgiveness, truthfulness, control over the senses and mind, joy and sorrow, birth and death, fear and courage, non-violence, equanimity, contentment, austerity, charity, fame, and infamy.","wordMeanings":""},{"id":6,"title":"10.6","content":"","type":"verse","passage":"महर्षय: सप्त पूर्वे चत्वारो मनवस्तथा |मद्भावा मानसा जाता येषां लोक इमा: प्रजा: || 6||","commentary":"Here, Shree Krishna continues explaining how he is the source of everything that exists. Previously, he mentioned twenty emotions; now, he mentions twenty-five elevated personalities. These are the seven great Sages, the four great Saints, and the fourteen Manus. He also gives a genealogical synopsis of the universe that is born of him.\nBrahma was born from the \nHiraṇyagarbh\n energy of Vishnu (the form of God that is responsible for administering the material creation). From Brahma were born the four great saints, who are Sanak, Sanandan, Sanat, Sanatan. They are also called the four Kumars. In our universe, the four Kumars are the eldest children of Brahma. Since theirs was an asexual birth from the mind of their father alone, they have no mother. Being eternally liberated souls and experts in the science of Yog, they were empowered to help others attain liberation through spiritual \nsādhanā\n. After the four Kumars, came the seven sages. These are Mareech, Angira, Atri, Pulastya, Pulaha, Kratu, and Vasishtha. They were empowered with the task of procreation of the human population. Then come the fourteen Manus, Svayambhuva, Swarochisha, Uttam, Tamas, Raivat, Chakshusha, Vaivasvat, Savarni, Dakshasavarni, Brahmasavarni, Dharmasavarni, Rudra-putra, Rochya, and Bhautyaka. They were empowered for the administration of humankind from the celestial abodes, and for the establishment and protection of Vedic dharma. We are presently in the era of the seventh Manu, who is called Vaivasvat Manu. This era is thus called Vaivasvat Manvantar. In the present \nkalp\n (day of Brahma), there will be seven more Manus.\nIn the celestial abodes, there are many \ndevatās\n who are discharging the function of maintaining the universe. All these personalities are sons and grandsons of Brahma, who in turn was born from Lord Vishnu, who in turn is a non-different expansion of Shree Krishna. Therefore, we can say that Shree Krishna is the original forefather of all forefathers (\nprapitāmaha\n).\n\n","meaning":" 10.6:\r\n                            The seven great Sages, the four great Saints before them, and the fourteen Manus, are all born from My mind. From them, all the people in the world have descended.","wordMeanings":""},{"id":7,"title":"10.7","content":"","type":"verse","passage":"एतां विभूतिं योगं च मम यो वेत्ति तत्त्वत: |सोऽविकम्पेन योगेन युज्यते नात्र संशय: || 7||","commentary":"The word \nvibhūti\n refers to the great \nśhaktis\n (powers) of God manifesting in the universe. The word \nyogam\n refers to God’s connection with these wonderful powers. In this verse, Shree Krishna explains that when we become aware of the magnificence of the Supreme Lord and become convinced about his glory, we naturally become inclined to engage in his devotion.\nKnowledge of the greatness of God nourishes the love of the devotees and enhances their devotion. There is a direct relationship between knowledge and love, as the following example reveals. Let us say that your friend shows you a black pebble-like stone. You have no knowledge of its importance, and thus, you have no love for it either. Your friend says, “This is a \nśhāligrām\n, and a saintly personality has gifted it to me.” A \nśhāligrām\n is a special kind of fossil stone worshipped as a representation of Lord Vishnu. If you are aware of the significance of \nśhāligrāms\n, when you receive this knowledge that the stone is a \nśhāligrām\n, your appreciation for it will increase. Let us say your friend further adds, “Do you know it used to be worshipped five hundred years ago by the great saint, Swami Ramananda?” The moment you hear this piece of knowledge, your respect for the stone will increase further. Each time, it is the knowledge that is boosting your reverence for the stone. Similarly, proper knowledge of God enhances devotion toward him. Thus, having described God’s majestic splendors that manifest in the wondrous workings of unlimited universes, Shree Krishna states that those who become situated in this knowledge naturally become united with him through unflinching \nbhakti\n.\n\n","meaning":" 10.7:\r\n                            Those who know in truth My glories and divine powers become united with Me through unwavering Bhakti Yog. Of this there is no doubt.","wordMeanings":""},{"id":8,"title":"10.8","content":"","type":"verse","passage":"अहं सर्वस्य प्रभवो मत्त: सर्वं प्रवर्तते |इति मत्वा भजन्ते मां बुधा भावसमन्विता: || 8||","commentary":"Shree Krishna begins the verse by saying \nahaṁ sarvasya prabhavo\n, meaning “I am the Supreme Ultimate Truth and the cause of all causes.” He has repeated this multiple times in the \nBhagavad Gita\n, in verses 7.7, 7.12, 10.2-3, and 15.15. It is also strongly proclaimed in all the other scriptures. The Rig Veda states:\nyaṁ kāmaye taṁ taṁ ugraṁ kṛiṣhṇomi taṁ brahmāṇaṁ taṁ ṛiṣhiṁ taṁ sumedhsam\n(10.125.5)[v4]\n“I make the persons I love exceedingly mighty; I make them men or women; I make them wise sages; I make a soul empowered for the seat of Brahma.” The wise who comprehend this truth develop firm faith and worship him with loving devotion.\nThus, Shree Krishna is the Supreme Lord of both the material and spiritual creations. However, administering creation is not the primary work of God. Chaitanya Mahaprabhu states:\nswayaṁ bhagavānera karma nahe bhāra-haraṇa\n(Chaitanya Charitāmṛit, Ādi Leela 4.8)[v5]\n“Shree Krishna does not directly involve himself in the works of creating, maintaining, and dissolving the material universes.” Shree Krishna’s primary activity is to engage in eternal loving pastimes with the liberated souls in Golok, his divine abode. For the purpose of material creation, he expands himself as Karanodakshayi Vishnu, who is also called Maha Vishnu.\nMaha Vishnu is thus the form of the Lord that presides over the material realm, consisting of infinite material universes. Maha Vishnu is also known as \nPratham Puruṣh\n (first expansion of God in the material realm). He resides in the divine water of the \nkāraṇ\n (causal) ocean and manifests innumerable material universes from the pores of his body. He then expands himself to reside at the bottom of each universe as Garbhodakshayi Vishnu, who is called \nDwitīya Puruṣh\n (second expansion of God in the material realm).\nFrom Garbhodakshayi Vishnu, Brahma is born. He guides the process of creation—creating the various gross and subtle elements of the universe, the laws of nature, the galaxies and planetary systems, the forms of life residing in them, etc. Hence, Brahma is often referred to as the creator of the universe. However, he is actually the secondary creator.\nGarbhodakashayi Vishnu further expands himself as Kshirodakshayi Vishnu, and resides at the top of each universe, in a place called \nKṣhīra Sāgar\n. Kshirodakshayi Vishnu is also known as \nTṛitīya Puruṣh\n (third expansion of God in the material realm). He resides at the top of the universe, but he also resides as the Supreme soul, in the heart of all living beings in the universe, noting their karmas, keeping an account, and giving the results at the appropriate time. He is thus known as the maintainer of the universe.\nAll the three forms of Lord Vishnu mentioned here are non-different from Shree Krishna. Thus, in this verse, Shree Krishna states that all spiritual and material creation emanate from him. Shree Krishna is also called the \nAvatārī\n (the source of all the \nAvatārs\n). The Śhrīmad Bhāgvatam states: \nete chāṁśha kalāḥ puṁsaḥ kṛiṣhṇas tu bhagavān svayam \n(1.3.28)[v6] “All the forms of God are the expansions, or the expansions of the expansions of Shree Krishna, who is the primordial form of God.” And so, the secondary creator Brahma prays to Shree Krishna:\nyasyaikaniśhvasita kālamathāvalambya\njīvanti lomavilajā jagadaṇḍanāthāḥ\nviṣhṇurmahān saihayasya kalāviśheṣho\ngovindamādi puruṣhaṁ tamahaṁ bhajāmi\n(Brahma Samhitā 5.48)[v7]\n“Infinite universes—each having Shankar, Brahma, and Vishnu—manifest from the pores of Maha Vishnu’s body when he breathes in, and again dissolve into him when he breathes out. I worship Shree Krishna of whom Maha Vishnu is an expansion.”\n\n\nShree Krishna now goes on to explain how devotees worship him.\n\n","meaning":" 10.8:\r\n                            I am the origin of all creation. Everything proceeds from Me. The wise who know this perfectly worship Me with great faith and devotion.","wordMeanings":""},{"id":9,"title":"10.9","content":"","type":"verse","passage":"मच्चित्ता मद्गतप्राणा बोधयन्त: परस्परम् |कथयन्तश्च मां नित्यं तुष्यन्ति च रमन्ति च || 9||","commentary":"The nature of the mind is to become absorbed in what it likes most. Devotees of the Lord become absorbed in remembering him because they develop deep adoration for him. His devotion becomes the basis of their life, from which they derive meaning, purpose, and the strength to live. They feel it as essential to remember God as a fish feels it essential to have water.\nWhat is most dear to people’s hearts can be determined by where they dedicate their mind, body, and wealth. The Bible states: “For where your treasure is, there your heart will also be.” (Matthew 6:21)[v8]. You can see where people’s hearts are by studying their checkbooks and credit card statements. If they are spending money on fancy cars, that’s where their heart is. If they are spending on luxurious holidays, that’s what is most dear to them. If they are donating in charity to African children with AIDS, that is what absorbs their attention the most. The love of parents for their children is visible in the fact that they are willing to sacrifice their time and wealth in their welfare. Likewise, the love of the devotees manifests in their dedicating themselves to God. Shree Krishna says: \nmad-gata-prāṇāḥ\n, implying, “My devotees surrender their lives to me.”\nFrom such surrender, comes contentment. Since devotees offer the results of their activities to their beloved Lord, they see every situation as coming from him. Hence, they gladly accept both positive and negative circumstances as the will of God, and remain equipoised in both.\nWhile the devotees’ love for God is displayed in the form of the above characteristics, it also manifests on their lips. They find great relish in conversing about the glories of God, and his names, forms, virtues, pastimes, abodes, and devotees. In this way, by engaging in \nkīrtan \n(chanting) and \nshravaṇa\n (hearing) regarding the glories of God, they relish his sweetness for themselves and share it with others as well. They contribute to one another’s progress by enlightening others about divine knowledge of God (\nbodhayanti\n). Speaking and singing about the glories of God gives the devotees great satisfaction (\ntuṣhyanti\n), and delight (\nramanti\n). In this way, they worship him through the processes of remembering, hearing, and chanting. This is the threefold \nbhakti\n comprising of \nshravaṇa, kīrtan,\n and \nsmaraṇa\n. This has previously been described in the commentary on verse 9.14.\nHaving described how his devotees worship him, Shree Krishna now explains how he responds to their devotional activities.\n\n","meaning":" 10.9:\r\n                            With their minds fixed on Me and their lives surrendered to Me, My devotees remain ever content in Me. They derive great satisfaction and bliss in enlightening one another about Me and in conversing about My glories.","wordMeanings":""},{"id":10,"title":"10.10","content":"","type":"verse","passage":"तेषां सततयुक्तानां भजतां प्रीतिपूर्वकम् |ददामि बुद्धियोगं तं येन मामुपयान्ति ते || 10||","commentary":"Divine knowledge of God is not attained by the flight of our intellect. No matter how powerful a mental machine we may possess, we have to admit the fact that our intellect is made from the material energy. Hence, our thoughts, understanding, and wisdom are confined to the material realm; God and his divine realm remain entirely beyond the scope of our corporeal intellect. The Vedas emphatically declare:\nyasyā mataṁ tasya mataṁ mataṁ yasya na veda saḥ\navijñātaṁ vijānatāṁ vijñātamavijānatām\n(Kenopaniṣhad 2.3)[v9]\n“Those who think they can understand God with their intellects have no understanding of God. Only those who think that he is beyond the scope of their comprehension truly understand him.”\nThe Bṛihadāraṇyak Upaniṣhad states:\nsa eṣha neti netyātmā gṛihyoḥ \n(3.9.26)[v10]\n“One can never comprehend God by self-effort based upon the intellect.” The Ramayan states:\nrāma atarkya buddhi mana bānī, mata hamāra asa sunahi sayānī \n[v11]\n“Lord Ram is beyond the scope of our intellect, mind, and words.” Now, if these statements on the topic of knowing God plainly declare that it is not possible to know him, how then can God-realization be possible for anyone? Shree Krishna reveals here how knowledge of God can be gained. He says that it is God who bestows divine knowledge upon the soul, and the fortunate soul who receives his grace is able to know him. The Yajur Veda states:\ntasya no rāsva tasya no dhehī \n[v12]\n“Without bathing oneself in the nectar emanating from the lotus feet of God, no one can know him.” Thus, true knowledge of God is not a result of intellectual gymnastics but a consequence of divine grace. Shree Krishna also mentions in this verse that he does not choose the recipient of his grace in a whimsical manner. Rather, he bestows it upon those who unite their minds with him in devotion.\n\n\nHe next talks about what happens when we receive divine grace.\n\n","meaning":" 10.10:\r\n                            To those whose minds are always united with Me in loving devotion, I give the divine knowledge by which they can attain Me.","wordMeanings":""},{"id":11,"title":"10.11","content":"","type":"verse","passage":"तेषामेवानुकम्पार्थमहमज्ञानजं तम: |नाशयाम्यात्मभावस्थो ज्ञानदीपेन भास्वता || 11||","commentary":"In this verse, Shree Krishna further elaborates the concept of grace. Previously, he had explained that he bestows it upon those who lovingly absorb their minds in him and make him the paramount object of their plans, thoughts, and activities. Now, he reveals what happens when someone receives his grace. He says that he destroys the darkness in their heart with the lamp of wisdom.\n\n\nIgnorance is often symbolized as darkness, but what is this lamp of wisdom that God talks about? At present, our senses, mind, and intellect are all material, while God is divine. Hence, we are unable to see him, hear him, know him, or be united with him. When God bestows his grace, he confers his divine \nYogmaya\n energy upon the soul. It is also called \nśhuddha sattva\n (divine mode of goodness), which is distinct from the \nsattva guṇa\n (mode of goodness) of Maya. When we receive that \nśhuddha sattva\n energy, our sense, mind, and intellect become divine. To put it simply, by his grace, God bestows his divine senses, divine mind, and divine intellect to the soul. Equipped with these divine instruments, the soul is able to see God, hear God, know God, and be united with God. Hence, the Vedānt Darśhan states: \nviśheṣhānugrahaśh cha\n (3.4.38)[v13] “Only by God’s grace does one gain divine knowledge.” In this way, the torchlight that Shree Krishna refers to is his divine power. By the light of God’s divine power the darkness of the material energy is dispelled.\n\n","meaning":" 10.11:\r\n                            Out of compassion for them, I, who dwell within their hearts, destroy the darkness born of ignorance, with the luminous lamp of knowledge.","wordMeanings":""},{"id":12,"title":"10.12","content":"","type":"verse","passage":"अर्जुन उवाच |परं ब्रह्म परं धाम पवित्रं परमं भवान् |पुरुषं शाश्वतं दिव्यमादिदेवमजं विभुम् || 12||आहुस्त्वामृषय: सर्वे देवर्षिर्नारदस्तथा |असितो देवलो व्यास: स्वयं चैव ब्रवीषि मे || 13||","commentary":"Commentators on the Vedic scriptures are sometimes fond of saying that Shree Krishna, Shree Ram etc. are not the Supreme Entity. They claim that the Ultimate Reality is formless and without attributes it takes on forms and manifests as \nAvatārs\n, and thus these \nAvatārs\n are a step removed from God. However, Arjun refutes such viewpoints by declaring that Shree Krishna in his personal form is the supreme cause of all causes.\nUpon hearing the previous four verses, Arjun is convinced entirely about the supreme position of Shree Krishna, and emphatically vents the deep conviction that he now feels within himself. When great authorities testify knowledge, its credibility gets established. The great saints are the authorities for spiritual knowledge. Thus, Arjun quotes the saints, such as Narad, Asit, Deval, and Vyas, who have proclaimed Shree Krishna as the Supreme Divine Personality and the cause of all causes. In the Bheeshma Parva of the Mahabharat, there is a poem in which many sages eulogize Shree Krishna. Sage Narad says: “Shree Krishna is the creator of all the worlds and the knower of all feelings. He is the Lord of the celestial gods, who administer the universe.” (Verse 68.2) Sage Markandeya states: “Lord Krishna is the goal of all religious sacrifices and the essence of austerities. He is the present, past, and future of everything.” (Verse 68.3) Sage Bhrigu says: “He is the God of gods and the first original form of Lord Vishnu.” (Verse 68.4) Sage Ved Vyas states: “O Lord Krishna, You are the Lord of the Vasus. You have conferred power on Indra and the other celestial gods.” (Verse 68.5) Sage Angira says: “Lord Krishna is the creator of all beings. All the three worlds exist in his stomach. He is the Supreme Personality of Godhead.” (Verse 68.6) Elsewhere in the Mahabharat, Sage Asit and Deval declare: “Shree Krishna is the creator of Brahma, who is the creator of the three worlds.” (Mahabharat Vana Parva 12.50) Quoting these great authorities, Arjun says that now Shree Krishna is himself reconfirming their statements by declaring that he is the supreme cause of all creation.\n\n","meaning":" 10.12-13:\r\n                            Arjun said: You are the Supreme Divine Personality, the Supreme Abode, the Supreme Purifier, the Eternal God, the Primal Being, the Unborn, and the Greatest. The great sages, like Narad, Asit, Deval, and Vyas, proclaimed this, and now You are declaring it to me Yourself.","wordMeanings":""},{"id":13,"title":"10.13","content":"","type":"verse","passage":"अर्जुन उवाच |परं ब्रह्म परं धाम पवित्रं परमं भवान् |पुरुषं शाश्वतं दिव्यमादिदेवमजं विभुम् || 12||आहुस्त्वामृषय: सर्वे देवर्षिर्नारदस्तथा |असितो देवलो व्यास: स्वयं चैव ब्रवीषि मे || 13||","commentary":"Commentators on the Vedic scriptures are sometimes fond of saying that Shree Krishna, Shree Ram etc. are not the Supreme Entity. They claim that the Ultimate Reality is formless and without attributes it takes on forms and manifests as \nAvatārs\n, and thus these \nAvatārs\n are a step removed from God. However, Arjun refutes such viewpoints by declaring that Shree Krishna in his personal form is the supreme cause of all causes.\nUpon hearing the previous four verses, Arjun is convinced entirely about the supreme position of Shree Krishna, and emphatically vents the deep conviction that he now feels within himself. When great authorities testify knowledge, its credibility gets established. The great saints are the authorities for spiritual knowledge. Thus, Arjun quotes the saints, such as Narad, Asit, Deval, and Vyas, who have proclaimed Shree Krishna as the Supreme Divine Personality and the cause of all causes. In the Bheeshma Parva of the Mahabharat, there is a poem in which many sages eulogize Shree Krishna. Sage Narad says: “Shree Krishna is the creator of all the worlds and the knower of all feelings. He is the Lord of the celestial gods, who administer the universe.” (Verse 68.2) Sage Markandeya states: “Lord Krishna is the goal of all religious sacrifices and the essence of austerities. He is the present, past, and future of everything.” (Verse 68.3) Sage Bhrigu says: “He is the God of gods and the first original form of Lord Vishnu.” (Verse 68.4) Sage Ved Vyas states: “O Lord Krishna, You are the Lord of the Vasus. You have conferred power on Indra and the other celestial gods.” (Verse 68.5) Sage Angira says: “Lord Krishna is the creator of all beings. All the three worlds exist in his stomach. He is the Supreme Personality of Godhead.” (Verse 68.6) Elsewhere in the Mahabharat, Sage Asit and Deval declare: “Shree Krishna is the creator of Brahma, who is the creator of the three worlds.” (Mahabharat Vana Parva 12.50) Quoting these great authorities, Arjun says that now Shree Krishna is himself reconfirming their statements by declaring that he is the supreme cause of all creation.\n\n","meaning":" 10.12-13:\r\n                            Arjun said: You are the Supreme Divine Personality, the Supreme Abode, the Supreme Purifier, the Eternal God, the Primal Being, the Unborn, and the Greatest. The great sages, like Narad, Asit, Deval, and Vyas, proclaimed this, and now You are declaring it to me Yourself.","wordMeanings":""},{"id":14,"title":"10.14","content":"","type":"verse","passage":"सर्वमेतदृतं मन्ये यन्मां वदसि केशव |न हि ते भगवन्व्यक्तिं विदुर्देवा न दानवा: || 14||","commentary":"Listening attentively to Shree Krishna’s divine opulence and unlimited supremacy in brief, Arjun’s thirst for hearing more has increased. Wanting Shree Krishna to further describe his glories, he wishes to assure the Lord that he is fully convinced. By using the word \nyat\n, Arjun means that whatever Shree Krishna has said to him from the seventh to the ninth chapters, he holds as true. He asserts that all Shree Krishna has stated is factual and not any metaphorical description. He addresses Shree Krishna as \nBhagavān\n, or the Supreme Lord. The word \nBhagavān\n is defined in Devī Bhāgavat Purāṇ in the following manner:\naiśhwaryasya samagrasya dharmasya yaśhasaḥ śhriyaḥ\njñānavairāgyośhchaiva ṣaṇṇāṁ bhagavānniḥ \n[v14]\n“\nBhagavān\n is he who possesses these six opulences to the infinite extent—strength, knowledge, beauty, fame, opulence, and renunciation.” The \ndevatās\n (celestial gods), \ndānavas\n (demons), \nmānavas\n (human beings) all have finite abilities to understand. They cannot comprehend the full identity of \nBhagavān\n.\n\n","meaning":" 10.14:\r\n                            O Krishna, I totally accept everything You have told me as the Truth. O Lord, neither gods nor the demons can understand Your true personality.","wordMeanings":""},{"id":15,"title":"10.15","content":"","type":"verse","passage":"स्वयमेवात्मनात्मानं वेत्थ त्वं पुरुषोत्तम |भूतभावन भूतेश देवदेव जगत्पते || 15||","commentary":"Emphasizing that Shree Krishna is the Supreme Divine Personality, Arjun refers to him as:\nBhūta-bhāvana\n – the Creator of all beings, the Universal Father.\nBhūteśh\n – the Supreme Controller, the Lord of all beings.\nJagat-pate\n – the Lord and Master of creation.\nDeva-deva\n – the God of all the celestial gods.\nThe Śhwetāśhvatar Upaniṣhad declares the same fact:\nyasmāt paraṁ nāparamasti kiñchid\n (3.9)[v15]\n“God can never be surpassed; he is beyond everything.”\nThe previous verse stated that God cannot be known by anyone. This is clearly logical. All souls possess finite intellects, while God is infinite, and hence he is beyond the reach of their intellects. This does not belittle him; rather, it exalts him. The western philosopher F.A. Jacobi stated: “God whom we could know would be no God.” However in this verse, Arjun states that there is after all one personality who knows God, and that is God himself. Thus, Shree Krishna alone knows himself, and if he decides to grant his powers upon a soul, then that fortunate soul comes to know him as well.\n\n","meaning":" 10.15:\r\n                            Indeed, You alone know Yourself by Your inconceivable energy, O Supreme Personality, the Creator and Lord of all beings, the God of gods, and the Lord of the universe!","wordMeanings":""},{"id":16,"title":"10.16","content":"","type":"verse","passage":"वक्तुमर्हस्यशेषेण दिव्या ह्यात्मविभूतय: |याभिर्विभूतिभिर्लोकानिमांस्त्वं व्याप्य तिष्ठसि || 16||कथं विद्यामहं योगिंस्त्वां सदा परिचिन्तयन् |केषु केषु च भावेषु चिन्त्योऽसि भगवन्मया || 17||","commentary":"Here, Yog refers to \nYogmaya\n (God’s divine power), and yogi refers to the Master of \nYogmaya\n. Arjun has understood that Shree Krishna is \nBhagavān\n. He now wishes to know in what other ways, yet untold, is Shree Krishna’s \nvibhūti\n (transcendental majestic opulence) displayed throughout creation. He wishes to hear about Shree Krishna’s eminence and paramount position as the Supreme Controller of all creation. Thus, he implores, “I am inquisitive to know your divine manifestations so that I may be endowed with unfaltering devotion. But the revelation of your personality is impossible to receive without your grace. So please be merciful and reveal your many glories by which I may perceive you.”\n\n","meaning":" 10.16-17:\r\n                            Please describe to me Your divine opulences, by which You pervade all the worlds and reside in them. O Supreme Master of Yog, how may I know You and think of You. And while meditating, in what forms can I think of You, O Supreme Divine Personality?","wordMeanings":""},{"id":17,"title":"10.17","content":"","type":"verse","passage":"वक्तुमर्हस्यशेषेण दिव्या ह्यात्मविभूतय: |याभिर्विभूतिभिर्लोकानिमांस्त्वं व्याप्य तिष्ठसि || 16||कथं विद्यामहं योगिंस्त्वां सदा परिचिन्तयन् |केषु केषु च भावेषु चिन्त्योऽसि भगवन्मया || 17||","commentary":"Here, Yog refers to \nYogmaya\n (God’s divine power), and yogi refers to the Master of \nYogmaya\n. Arjun has understood that Shree Krishna is \nBhagavān\n. He now wishes to know in what other ways, yet untold, is Shree Krishna’s \nvibhūti\n (transcendental majestic opulence) displayed throughout creation. He wishes to hear about Shree Krishna’s eminence and paramount position as the Supreme Controller of all creation. Thus, he implores, “I am inquisitive to know your divine manifestations so that I may be endowed with unfaltering devotion. But the revelation of your personality is impossible to receive without your grace. So please be merciful and reveal your many glories by which I may perceive you.”\n\n","meaning":" 10.16-17:\r\n                            Please describe to me Your divine opulences, by which You pervade all the worlds and reside in them. O Supreme Master of Yog, how may I know You and think of You. And while meditating, in what forms can I think of You, O Supreme Divine Personality?","wordMeanings":""},{"id":18,"title":"10.18","content":"","type":"verse","passage":"विस्तरेणात्मनो योगं विभूतिं च जनार्दन |भूय: कथय तृप्तिर्हि शृण्वतो नास्ति मेऽमृतम् || 18||","commentary":"Arjun says, “… hearing your nectar,” instead of “… hearing your words that are like nectar.” He has omitted “your words that are like.” This is a literary technique called \natiśhayokti\n, or hyperbole (statement of extreme expression), in which the subject of comparison is omitted. He also addresses Shree Krishna as Janardan, which means “a benevolent person from whom distressed people ask for relief.”\nDescriptions of God’s glories are like nectar for those who love him. He has been drinking Shree Krishna’s ambrosial nectar-like words with his ears, and he now cheers him, by saying \nbhūyaḥ kathaya\n, “Once more! My thirst for hearing your glories is not satiated.” That is the nature of divine nectar. It satiates us while simultaneously increasing the thirst for more. The sages of Naimisharanya made a similar statement while hearing the Śhrīmad Bhāgavatam from Suta Goswami:\nvayaṁ tu na vitṛipyāma uttamaśhlokavikrame\nyachchhṛiṇvatāṁ rasajñānāṁ svādu svādu pade pade \n(1.1.19)[v16]\n“Those who are devoted to Lord Krishna never tire of hearing descriptions of his divine pastimes. The nectar of these pastimes is such that the more it is relished the more it increases.”\n\n","meaning":" 10.18:\r\n                            Tell me again in detail Your divine glories and manifestations, O Janardan. I can never tire of hearing your nectar.","wordMeanings":""},{"id":19,"title":"10.19","content":"","type":"verse","passage":"श्रीभगवानुवाच |हन्त ते कथयिष्यामि दिव्या ह्यात्मविभूतय: |प्राधान्यत: कुरुश्रेष्ठ नास्त्यन्तो विस्तरस्य मे ||19||","commentary":"The Amar Kosh (ancient Sanskrit dictionary that is widely respected) defines \nvibhūti\n as \nvibhūtir bhūtir aiśhwaryam\n [v17] (power and wealth). God’s powers and wealth are unlimited. Actually, everything about him is unlimited. He has unlimited forms, unlimited names, unlimited abodes, unlimited descensions, unlimited pastimes, unlimited devotees, and so on. Hence, the Vedas refer to him by the name \nanant\n (unlimited):\nanantaśhchātmā viśhwarūpo hyakartā\n(Śhwetāśhvatar Upaniṣhad 1.9)[v18]\n“God is infinite and manifests in innumerable forms in the universe. Although he administers the universe, he is yet the non-doer.” The Ramayan states:\nhari ananta hari kathā anantā \n[v19]\n“God is unlimited, and the pastimes he enacts in his unlimited \nAvatārs\n are also unlimited.” Sage Ved Vyas goes to the extent of saying:\nyo vā anantasya guṇānanantān anukramiṣhyan sa tu bāla-buddhiḥ\nrajānsi bhūmer gaṇayet kathañchit kālena naivākhilaśhakti dhāmnaḥ\n(Bhāgavatam 11.4.2)[v20]\n“Those who think they can count the glories of God have a childish intellect. We may be successful in counting the specks of dust on the crest of the earth, but we can never count the unlimited glories of God.” Therefore, Shree Krishna says here that he will only be describing a small fraction of his \nvibhūtis\n.\n\n","meaning":" 10.19:\r\n                            The Lord spoke: I shall now briefly describe My divine glories to you, O best of the Kurus, for there is no end to their detail.","wordMeanings":""},{"id":20,"title":"10.20","content":"","type":"verse","passage":"अहमात्मा गुडाकेश सर्वभूताशयस्थित: |अहमादिश्च मध्यं च भूतानामन्त एव च || 20||","commentary":"Shree Krishna declares that he is not far from the soul—in fact he is closer than the closest. The \nātmā\n or eternal soul is enthroned in the etheric heart of all living beings. The Vedas state: \nya ātmani tiṣhṭhati \n[v21] “God is seated within our soul.” Seated inside, he grants the power of consciousness and eternality to the soul. If he were to subtract his power, our soul itself would become insentient and perish. We souls are thus eternal and sentient, not by our own power, but because the supremely sentient and eternal God is seated within, and is granting his powers to us. Hence, Shree Krishna declares that he is situated in the heart of all living beings.\nOur soul is the body of God, who is the Soul of our soul. The Bhāgavatam states:\nharirhi sākṣhādbhagavān śharīriṇāmātmā jhaṣhāṇāmiva toyamīpsitam\n(5.18.13)[v22]\n“God is the \nātmā\n of the \nātmā\n (Soul of the soul) of all living beings.” In the Bhāgavatam again, when Shukadev described how the \ngopīs\n used to leave their own children to go and see baby Shree Krishna, Parikshit asked him how this was possible:\nbrahman parodbhave kṛiṣhṇe iyān premā kathaṁ bhavet\n(10.14.49)[v23]\n“O Brahmin, all mothers are attached to their own children. How did the \ngopīs\n develop such intense attachment to Shree Krishna, which they did not even feel toward their own child?” Shukadev replied:\nkṛiṣhṇamenamavehi tvamātmānamakhilātmanām\n(Bhāgavatam 10.14.55)[v24]\n“Please understand that Lord Krishna is the Supreme Soul of all living beings in the universe. For the benefit of humankind, he has appeared in a human form by his \nYogmaya\n power.”\nShree Krishna further states that he is the beginning, middle, and end of all living beings. They have emanated from him, and so he is their beginning. All life that exists in creation is sustained by his energy, and so he is the middle. And those who attain liberation go to his divine abode to live eternally with him. Hence, God is also the end of all living beings. Amongst the various definitions of God given by the Vedas, one of them is:\nyato vā imāni bhūtāni jāyante yena jātāni jīvanti, yatprayantyabhisaṁviśhanti\n(Taittirīya Upaniṣhad 3.1.1)[v25]\n“God is he from whom all living beings have emanated; God is he within whom all living beings are situated; God is he into whom all living beings shall unite.”\n\n","meaning":" 10.20:\r\n                            O Arjun, I am seated in the heart of all living entities. I am the beginning, middle, and end of all beings.","wordMeanings":""},{"id":21,"title":"10.21","content":"","type":"verse","passage":"आदित्यानामहं विष्णुर्ज्योतिषां रविरंशुमान् |मरीचिर्मरुतामस्मि नक्षत्राणामहं शशी || 21||","commentary":"From the Puranas we learn that Sage Kashyap had two wives— Aditi and Diti. From his first wife, Aditi, he fathered twelve celestial personalities—Dhata, Mitra, Aryama, Shakra, Varun, Amsha, Bhaga, Vivasvan, Pusha, Savita, Twashta, and Vaman. Amongst these, Vaman was the Avatar of the Supreme Lord Vishnu. Thus, Shree Krishna states that amongst the Adityas (twelve sons of Aditi), Vishnu (in the form of Vaman) reveals his opulence.\nAmongst luminous objects, the sun is supreme. The Ramayan states:\nrākāpati ṣhoṛasa uahiñ tārāgana samudāi,\nsakala girinha dava lāia binu rabi rāti na jāi \n[v26]\n“At night, all the lamps along with all the stars in the sky and the moon as well are together insufficient in removing the darkness of the night. But the moment the sun rises, the night gets dispelled.” That is the power of the sun, which Shree Krishna reveals as his \nvibhūti\n.\nThen, he comes to the night sky. There is the well-known saying, “One moon is better than a thousand stars.” Shree Krishna says that amongst all the constellations and stars in the night sky, he is the moon because it best reveals his opulence.\nThe Puranas further relate that Sage Kashyap fathered \ndaityas\n (demons) from his second wife Diti. However, apart from the \ndaityas\n, Diti desired to have a son more powerful than Indra (the king of the celestial gods). So she kept her baby in her womb for a year. Indra then used a thunderbolt and split her fetus into many pieces, but it turned into many fetuses. These became the \nmaruts\n, or the 49 kinds of winds that flow in the universe, doing tremendous good. The major ones amongst them are Avaha, Pravaha, Nivaha, Purvaha, Udvaha, Samvaha, and Parivaha. The chief wind, known as Parivaha, also bears the name Marichi. Shree Krishna states that his \nvibhūti\n (opulence) manifests in the wind called “Marichi.”\n\n","meaning":" 10.21:\r\n                            Amongst the twelve sons of Aditi I am Vishnu; amongst luminous objects I am the sun. Know Me to be Marichi amongst the maruts, and the moon amongst the stars in the night sky.","wordMeanings":""},{"id":22,"title":"10.22","content":"","type":"verse","passage":"वेदानां सामवेदोऽस्मि देवानामस्मि वासव: |इन्द्रियाणां मनश्चास्मि भूतानामस्मि चेतना || 22||","commentary":"There are four Vedas—\nṚig Veda, Yajur Veda, Sama Veda,\n and \nAtharva Veda.\n Amongst these, the \nSama Veda\n describes God’s glories as they manifest in the celestial gods, who are in charge of administering the universe. The Sāma Veda is also the most musical and is sung in praise of the Lord. It is enchanting to those who understand it and it evokes devotion amongst its listeners.\nVasava is another name for Indra, the chief of the celestial gods. He is unparalleled among souls in fame, power, and rank. Only a soul with many lifetimes of pious deeds is promoted to the position of Indra. Thus, Indra reflects the resplendent glories of God.\nThe five senses function correctly only if the mind is attentive to them. If the mind wanders away, the senses cannot function properly. For example, you hear with your ears what people say, but if your mind wanders away while they are speaking, their words are lost to you. So the mind is the king of the senses. Shree Krishna speaks of it as reflecting his power, and later in the \nBhagavad Gita\n, he mentions it as the sixth and most important sense (verse 15.7).\nConsciousness is the quality of the soul that distinguishes it from insentient matter. The difference between a living person and a dead person is the presence of consciousness in the living person’s body and its absence in a dead person’s body. Consciousness exists in the soul by the divine power of God. Hence, the Vedas state: \nchetanaśhchetanānām \n(Kaṭhopaniṣhad 2.2.13)[v27] “God is the sentience in the sentient.”\n\n","meaning":" 10.22:\r\n                            I am the Samaveda amongst the Vedas, and Indra amongst the celestial gods. Amongst the senses I am the mind; amongst the living beings I am consciousness.","wordMeanings":""},{"id":23,"title":"10.23","content":"","type":"verse","passage":"रुद्राणां शङ्करश्चास्मि वित्तेशो यक्षरक्षसाम् |वसूनां पावकश्चास्मि मेरु: शिखरिणामहम् || 23||","commentary":"The \nrudras\n are the eleven forms of Lord Shiv—Hara, Bahurupa, Tryambaka, Aparajita, Vrisakapi, Shankar, Kapardi, Raivata, Mrigavyadha, Sarva, Kapali. The Puranas have named them differently in different places. Amongst these, Shankar is the original form of Lord Shiv in the universe.\nYakṣhas\n (semi-celestial beings) are beings who are very fond of acquiring wealth and hoarding it. Their leader, Kuber, is the god of wealth and the treasurer of the celestial gods. He thus reflects the \nvibhūti\n of God amongst the demons.\nThere are eight \nvasus\n—land, water, fire, air, space, sun, moon, and stars. They constitute the gross structure of the universe. Amongst these, \nagni\n (fire) gives warmth and energy to the rest of the elements. Thus, Shree Krishna mentions it as his special manifestation.\nMeru is a mountain in the celestial abodes famed for its rich natural resources. It is believed to be the axis around which many heavenly bodies rotate. Shree Krishna thus speaks of it as his glory. As wealth distinguishes a wealthy person, these glories reveal the \nvibhūtis\n of God.\n\n","meaning":" 10.23:\r\n                            Amongst the rudras know Me to be Shankar; amongst the semi-celestial beings and demons I am Kuber. I am Agni amongst the vasus and Meru amongst the mountains.","wordMeanings":""},{"id":24,"title":"10.24","content":"","type":"verse","passage":"पुरोधसां च मुख्यं मां विद्धि पार्थ बृहस्पतिम् |सेनानीनामहं स्कन्द: सरसामस्मि सागर: || 24||","commentary":"A priest discharges the function of performing ritualistic worship and ceremonies in temples and homes. Brihaspati is the chief priest in heaven. He is thus the topmost of all priests. Here, Shree Krishna says that amongst priests, he is Brihaspati. However, in the Śhrīmad Bhāgavatam, verse 11.16.22, Shree Krishna states that amongst the priests he is Vashishtha. Why is he differing in the two places? This implies that we should not attach importance to the object, but to the opulence of God that manifests in that object. All the objects of glory that Shree Krishna is describing here should also be understood in the same light. It is not the object that is being emphasized, rather God’s opulence that is manifesting in it.\nKartikeya, the son of Lord Shiv, who is also called Skanda, is the commander-in-chief of the celestial gods. He is thus the chief of all military commanders, and best reflects the opulence of God. Shree Krishna further says that amongst stagnant bodies of water, he is the grave and mighty ocean.\n\n","meaning":" 10.24:\r\n                            O Arjun, amongst priests, I am Brihaspati; amongst warrior chiefs I am Kartikeya; and amongst reservoirs of water, know Me to be the ocean.","wordMeanings":""},{"id":25,"title":"10.25","content":"","type":"verse","passage":"महर्षीणां भृगुरहं गिरामस्म्येकमक्षरम् |यज्ञानां जपयज्ञोऽस्मि स्थावराणां हिमालय: || 25||","commentary":"While all fruits and flowers grow from the same land, only the best amongst them are selected for an exhibition. Similarly, everything that is manifest and unmanifest in the universe is the glory of God, but the prominent amongst them are singled out for mention as his opulence.\nAmongst the sages in the celestial planes of existence, Bhrigu is special. He possesses wisdom, glory, and devotion. Lord Vishnu holds the mark of his foot on his chest as a consequence of a divine pastime described in the Puranas in which Bhrigu tested the trinity of Brahma, Vishnu, and Shiv. Shree Krishna’s glory is revealed best through him.\nWorshippers of God in his formless aspect like to meditate on the “Om” vibration, which is another \nvibhūti\n of God. Shree Krishna had declared previously, in verses 7.8 and 8.13, the syllable “Om” to be a sacred sound. It is the \nanāhat nād\n (the sound vibration that pervades creation). It is often present in the beginning of Vedic mantras for invoking auspiciousness. It is said that from the mono-syllable “Om” the Gayatri mantra was revealed, and from the Gayatri mantra, the Vedas were revealed.\nThe Himalayas are a mountain range lying at the north of India. Since ages, they have inspired spiritual awe and wonder in billions of devotees. Their atmosphere, environment, and solitude are conducive to the performance of austerities for spiritual progress. Thus, many great sages reside in the Himalayas in their subtle bodies, practicing penance for their own advancement and for the benefit of humankind. And so, of the multitude of mountain ranges in this world, the Himalayas best display his opulence.\nYajña\n is the act of dedicating ourselves to the Supreme. The simplest of all \nyajñas\n is the chanting of the holy names of God. This is called \njapa\n\n\nyajña\n, or the sacrifice of the devotional repetition of the divine names of God. For the practice of ritualistic \nyajñas\n, a number of rules are applicable, all of which need to be meticulously followed. However, in \njapa\n\n\nyajña\n, there are no rules. It can be done anywhere and at any time, and is more purifying than the other forms of \nyajñas\n. In the present age of \nKali\n, the chanting of the names of God is even more emphasized.\nkalijuga kevala nāma ādhārā, sumiri sumiri nara utarahiṅ pārā \n(Ramayan)[v28]\n“In the age of \nKali\n, the chanting and remembrance of the names of God is the most powerful means of crossing the ocean of material existence.”\n\n","meaning":" 10.25:\r\n                            I am Bhrigu amongst the great seers and the transcendental Om amongst sounds. Amongst chants know Me to be the repetition of the Holy Name; amongst immovable things I am the Himalayas.","wordMeanings":""},{"id":26,"title":"10.26","content":"","type":"verse","passage":"अश्वत्थ: सर्ववृक्षाणां देवर्षीणां च नारद: |गन्धर्वाणां चित्ररथ: सिद्धानां कपिलो मुनि: || 26||","commentary":"The peepal tree (sacred fig tree) has a very soothing effect on people who sit under it. Since it expands by sending down aerial roots, it is huge and provides cooling shade in a large area. The Buddha meditated and attained enlightenment under a peepal tree (sacred fig tree).\nThe celestial sage Narad is the Guru of many great personalities such as Ved Vyas, Valmiki, Dhruv, and Prahlad. He is always engaged in singing the glories of God and doing divine works throughout the three worlds. He is also famous for deliberately creating quarrels and problems, and people sometimes misunderstand him to be a mischief-maker. However, it is his desire to purify famous personalities that makes him create quarrels around them, which ultimately result in self-introspection and purification.\nThe G\nandharva\n planet is inhabited by beings who sing beautifully, and amongst them the best singer is Chitrarath. The \nsiddhas\n are yogis who have spiritual perfection. Amongst these, Sage Kapil revealed the \nSānkhya\n system of philosophy and also taught the glories of \nbhakti yog\n (described in detail in the Śhrīmad Bhāgavatam, third canto). He was an \nAvatār\n of God and thus Shree Krishna makes special mention of him as a manifestation of his glory.\n\n","meaning":" 10.26:\r\n                            Amongst trees I am the peepal tree (sacred fig tree); of the celestial sages I am Narad. Amongst the gandharvas I am Chitrath, and amongst the siddhas I am sage Kapil.","wordMeanings":""},{"id":27,"title":"10.27","content":"","type":"verse","passage":"उच्चै:श्रवसमश्वानां विद्धि माममृतोद्भवम् |ऐरावतं गजेन्द्राणां नराणां च नराधिपम् || 27||","commentary":"Shree Krishna continues naming the most magnificent in each category to reveal his glories to Arjun. Ucchaihshrava is a celestial winged-horse that belongs to Indra, the king of the celestial abodes. It is white in color and is the fastest horse in the universe. It emerged during the pastime of the churning of the ocean by \ndevas\n (celestial gods) and \nasuras\n (demons). Airavata is a white elephant that serves as the vehicle of Indra. It is also called \nardha-mātang\n, or “the elephant of the clouds.”\n\n","meaning":" 10.27:\r\n                            Amongst horses know Me to be Ucchaihshrava, begotten from the churning of the ocean of nectar. I am Airavata amongst all lordly elephants, and the king amongst humans.","wordMeanings":""},{"id":28,"title":"10.28","content":"","type":"verse","passage":"आयुधानामहं वज्रं धेनूनामस्मि कामधुक् |प्रजनश्चास्मि कन्दर्प: सर्पाणामस्मि वासुकि: || 28||","commentary":"The Puranas relate the story of the sacrifice offered by the great sage Dadhichi, which was unparalleled in history. Indra, the king of heaven was once driven out of his celestial kingdom by a demon named Vritrasura. The demon had a boon whereby he could not be killed by any weapon known till then. In desperation, Indra approached Lord Shiv for help, who took him to Lord Vishnu. Vishnu revealed to Indra that the only weapon that could kill Vritrasura was a thunderbolt made from the bones of the sage Dadhichi. Indra then beseeched Dadhichi to make the ultimate sacrifice of laying down his life so that his bones could be used for making the thunderbolt. Dadhichi accepted the request, but desired to first go on a pilgrimage to all the holy rivers. Indra then brought together all the waters of the holy rivers to Naimisharanya, thereby allowing the sage to have his wish fulfilled without further loss of time. Dadhichi then gave up his body by the practice of yogic techniques. The thunderbolt made from his bones was then used to defeat the demon Vritrasura, allowing Indra to regain his place as the king of the celestial abodes. Shree Krishna deliberately refers to this thunderbolt here as the representation of the glory of God, preferring it above the mace and disc that are always held in the hands of Lord Vishnu.\nIn this verse, Shree Krishna also reveals that the act of sexual intercourse is not unholy when it is performed for the sole purpose of begetting good children. Kaamdev, the god of love (cupid), is responsible for the force of attraction between the opposite sexes that facilitates the continuance of humankind through procreation. This sexual urge has its origin in God, and should not be mis-utilized for sensual enjoyment, but rather be used solely for the purpose of begetting worthy progeny. In verse 7.11 as well, Shree Krishna had declared that he is the sexual desire that is not in conflict with virtue and scriptural injunctions.\n\n","meaning":" 10.28:\r\n                            I am the Vajra (thunderbolt) amongst weapons and Kamadhenu amongst the cows. I am Kaamdev, the god of love, amongst all causes for procreation; and amongst serpents, I am Vasuki.","wordMeanings":""},{"id":29,"title":"10.29","content":"","type":"verse","passage":"अनन्तश्चास्मि नागानां वरुणो यादसामहम् |पितृणामर्यमा चास्मि यम: संयमतामहम् || 29||","commentary":"Anant is the divine serpent on whom Lord Vishnu rests. He possesses ten thousand hoods. It is said that he has been describing the glories of God with each of his hoods since the beginning of creation, but the description has not yet been completed.\n\n\nVarun is the celestial god of the ocean. Aryama is the third son of Aditi. He is worshipped as the head of the departed ancestors. Yamraj is the celestial god of death. He arranges to take the soul from its mortal frame after death. He dispenses justice on behalf of God for the soul’s actions in this life, granting punishment or reward in the next life. He does not deviate an inch from his duties though they may be gruesome and painful. He reflects the glory of God as the perfect dispenser of justice.\n\n","meaning":" 10.29:\r\n                            Amongst the snakes I am Anant; amongst aquatics I am Varun. Amongst the departed ancestors I am Aryama; amongst dispensers of law I am Yamraj, the lord of death.","wordMeanings":""},{"id":30,"title":"10.30","content":"","type":"verse","passage":"प्रह्लादश्चास्मि दैत्यानां काल: कलयतामहम् |मृगाणां च मृगेन्द्रोऽहं वैनतेयश्च पक्षिणाम् || 30||","commentary":"Prahlad was born as the son of the powerful demon king, Hiranyakashipu. However, he turned out to be one of the greatest devotees of Lord Vishnu. Thus, amongst the demons, Prahlad best reflects God’s glory. Time is the great subduer that wears down even the biggest and mightiest entities of the universe.\n\n\nThe majestic lion is the king of the jungle, and amongst the animals the power of the Lord indeed reveals itself in the lion. Garud is the divine vehicle of Lord Vishnu, and the greatest amongst the birds.\n\n","meaning":" 10.30:\r\n                            I am Prahlad amongst the demons; amongst all that controls I am time. Know me to be the lion amongst animals, and Garud amongst the birds.","wordMeanings":""},{"id":31,"title":"10.31","content":"","type":"verse","passage":"पवन: पवतामस्मि राम: शस्त्रभृतामहम् |झषाणां मकरश्चास्मि स्रोतसामस्मि जाह्नवी || 31||","commentary":"In nature, wind performs the work of purification very effectively. It converts impure water into water vapor; it carries away the dirty smells of the earth; it makes fire burn by fuelling it with oxygen. It is thus the great purifier of nature.\nLord Ram was the most powerful warrior on the earth and his bow was the deadliest weapon. Yet, he never once abused his dominant superiority. Every time he utilized his weapon, it was only for good. He was thus the perfect wielder of weapons. Ram was also an \nAvatār\n of God, and thus Shree Krishna identifies with him.\nThe Ganges is a holy river that has its beginning from the divine feet of the Lord. It descended on earth from the celestial abodes. Many great sages have performed austerities on its banks, adding to the holiness of its waters. Unlike normal water, if water from the Ganges is gathered in a vessel, it does not putrefy for years. This phenomenon was very pronounced earlier, but has reduced in intensity in modern times because of the millions of gallons of pollutants being poured into the Ganges.\n\n","meaning":" 10.31:\r\n                            Amongst purifiers, I am the wind, and amongst wielders of weapons, I am Lord Ram. Of water creatures, I am the crocodile, and of flowing rivers, I am the Ganges.","wordMeanings":""},{"id":32,"title":"10.32","content":"","type":"verse","passage":"सर्गाणामादिरन्तश्च मध्यं चैवाहमर्जुन |अध्यात्मविद्या विद्यानां वाद: प्रवदतामहम् || 32||","commentary":"Earlier in the twentieth verse, Shree Krishna had stated that he is the beginning, middle, and end of all living beings. Now, he states the same for all creation, “All that is created, such as space, air, fire, water, and earth, is called \nsarga\n. I am the Creator (\nādi\n), Maintainer (\nmadhya\n), and Annihilator (\nanta\n) of these. Therefore, the processes of creation, maintenance, and dissolution can be meditated upon as my \nvibhūtis\n.”\nVidyā\n is the education that a person acquires in relation to subjects of knowledge. The scriptures describe eighteen types of \nvidyās\n. Amongst them, fourteen are prominent:\naṅgāni vedāśhchatvāro mīmānsā nyāya vistaraḥ \npurāṇaṁ dharmaśhāstraṁ cha vidyā hyetāśhchaturdaśha\nāyurvedo dhanurvedo gāndharvaśhchaiva te trayaḥ\narthaśhāstraṁ chaturthaṁ tu vidyā hyaṣhṭādaśhaiva tāḥ\n(Viṣhṇu Purāṇ 3.6.27-28)[v29]\n“Śhikśhā, Kalp, Vyākaraṇ, Nirukti, Jyotiṣh, Chhanda—these are the six types of knowledge known as Vedāṅg (limbs of the Vedas). Ṛig, Yajur, Sāma, Atharva—these are the four branches of Vedic knowledge. Along with Mīmānsā, Nyāya, Dharma Śhāstra\n,\n and the Puranas, these comprise the fourteen chief \nvidyās\n.” Practice of these \nvidyās\n cultivates the intellect, deepens the knowledge, and increases awareness of the path of dharma. Additionally, the science of spirituality liberates human beings from material bondage and gives them immortality. Thus, it is superior to the previously mentioned \nvidyās\n. This is mentioned in the Śhrīmad Bhāgavatam as well: \nsā vidyā tanmatiryayā\n (Verse 4.29.49)[v30] “The best knowledge is that by which the intellect becomes attached to the lotus feet of God.”\nIn the field of argument and logic, \njalpa\n means to find fault with the opponent’s statements, for the sake of establishing one’s own opinion. \nVitaṇḍa\n means to avoid proper deliberation on the truth through evasion and frivolous arguments. \nVāda\n is the logical conclusion of the discussion. Logic is the basis for communication of ideas and establishment of truths. It is because of a universal sense of logic that knowledge can be easily cultivated, taught, and learnt in human society. The universal principles of logic are a manifestation of the power of God.\n\n","meaning":" 10.32:\r\n                            O Arjun, know Me to be the beginning, middle, and end of all creation. Amongst sciences I am the science of spirituality, and in debates I am the logical conclusion.","wordMeanings":""},{"id":33,"title":"10.33","content":"","type":"verse","passage":"अक्षराणामकारोऽस्मि द्वन्द्व: सामासिकस्य च |अहमेवाक्षय: कालो धाताहं विश्वतोमुख: || 33||","commentary":"### In Sanskrit, all letters are formed by combining a half-letter with “a.” For example,\n\n\nक्\n + \nअ\n = \nक\n (\nk\n + \na\n = \nka\n). Hence, the letter “a” is the most important in the Sanskrit alphabet. “A” is also the first vowel of the alphabet, and since the vowels are written before the consonants, “A” comes at the very beginning.\n\n\nAlthough Sanskrit is such an ancient language, it is highly refined and sophisticated. A common procedure in Sanskrit language is to combine words to form compound words. When, in the process of making one compound word, two or more words give up their case endings, it is called \nsamāsa\n, and the resulting word is called \nsamāsa pada\n, or compound word. There are primarily six kinds of \nsamāsa\n: 1) \ndwandva\n, 2) \nbahubṛihi\n, 3) \nkarm dhāray\n, 4) \ntatpuruṣh\n, 5) \ndwigu\n, 6) \navyayī bhāv\n. Amongst these, \ndwandva\n is the best because both words remain prominent in it, while in the others, either one word becomes more prominent, or both words combine together to give the meaning of a third word. The dual word Radha-Krishna is an example of \ndwandva\n. Shree Krishna highlights it as his \nvibhūti\n.\n\n\nCreation is a magnificent act and awesome to behold. Humankind’s most sophisticated and technologically advanced inventions pale in comparison. Therefore, Lord Krishna singles out the first-born Brahma, who made the entire universe, and says that amongst creators, the creative ability of Brahma best reflects the glory of God.\n\n","meaning":" 10.33:\r\n                            I am the beginning “A” amongst all letters; I am the dual word in grammatical compounds. I am the endless Time, and amongst creators I am Brahma.","wordMeanings":""},{"id":34,"title":"10.34","content":"","type":"verse","passage":"मृत्यु: सर्वहरश्चाहमुद्भवश्च भविष्यताम् |कीर्ति: श्रीर्वाक्च नारीणां स्मृतिर्मेधा धृति: क्षमा || 34||","commentary":"There is a phrase in English, “as sure as death.” For one who is born, death is certain. All life inevitably ends in death, and thus the phrase, “dead end.” God is not merely the force of creation; he is also the force of destruction. He devours everything in the form of death. In the cycle of life and death, those who die are born again. Shree Krishna states that he is also the generating principle of all future beings.\nCertain qualities are seen as adornments in the personality of women, while other qualities are viewed as especially praiseworthy in men. Ideally, a well-rounded personality is one that possesses both kinds of qualities. Here, Shree Krishna lists fame, prosperity, perfect speech, memory, intelligence, courage, and forgiveness, as virtues that make women glorious. The first three of these qualities manifest on the outside, while the next four manifest on the inside.\nBesides this, the progenitor of humankind Prajapati Daksha had twenty-four daughters. Five of these were considered the best of women—Kirti, Smriti, Medha, Dhriti, and Kshama. Shree was the daughter of Sage Bhrigu. Vak was the daughter of Brahma. In accordance with their respective names, these seven women are the presiding deities of the seven qualities mentioned in this verse. Here, Shree Krishna enlists these qualities as his \nvibhūtis\n.\n\n","meaning":" 10.34:\r\n                            I am the all-devouring death, and I am the origin of those things that are yet to be. Amongst feminine qualities I am fame, prosperity, fine speech, memory, intelligence, courage, and forgiveness.","wordMeanings":""},{"id":35,"title":"10.35","content":"","type":"verse","passage":"बृहत्साम तथा साम्नां गायत्री छन्दसामहम् |मासानां मार्गशीर्षोऽहमृतूनां कुसुमाकर: || 35||","commentary":"Earlier Shree Krishna had said that of the Vedas he is the Sāma Veda, which is rich with beautiful devotional songs. Now he says that within the Sāma Veda, he is the Brihatsama, which has an exquisite melody. It is typically sung at midnight.\nThe Sanskrit language, like other languages, has distinctive systems of rhymes and meters for writing poetry. The poetry of the Vedas is in many meters. Amongst these, the Gayatri meter is very attractive and melodious. A famous mantra set in this meter is the Gayatri mantra. It is also a deeply meaningful prayer:\nbhūrbhuvaḥ swaḥ tatsaviturvareṇyaṁ bhargo devasya dhīmahi dhiyo yo naḥ prachodayāt \n(Rig Veda 3.62.10)[v31]\n“We meditate upon the Lord who is illuminating the three worlds and is worthy of our worship. He is the remover of all sins and the destroyer of ignorance. May he illumine our intellects in the proper direction.” The Gayatri mantra is a part of the sacred thread ceremony for young males, and is recited as a part of the daily rituals. The Devi Gayatri, the Rudra Gayatri, the Brahma Gayatri, the Paramhansa Gayatri, and several other Gayatri mantras are also found in the Vedas.\nMargsheersh is the ninth month of the Hindu calendar. It falls in November-December. The temperature at that time in India is just right—neither too hot nor too cold. The crops in the field are harvested at this time of the year. For these reasons it is often the favorite month of the people.\nBasant\n (spring season) is known as \nṛitu rāja\n, or the king of seasons. It is a time when nature seems to be euphorically bursting forth with life. Many festivals are celebrated in spring, epitomizing the joy that pervades the atmosphere. Thus, amongst the seasons, spring manifests God’s opulence the most.\n\n","meaning":" 10.35:\r\n                            Amongst the hymns in the Samaveda know me to be the Brihatsama; amongst poetic meters I am the Gayatri. Of the twelve months of the Hindu calendar I am Margsheersh, and of seasons I am spring, which brings forth flowers.","wordMeanings":""},{"id":36,"title":"10.36","content":"","type":"verse","passage":"द्यूतं छलयतामस्मि तेजस्तेजस्विनामहम् |जयोऽस्मि व्यवसायोऽस्मि सत्त्वं सत्त्ववतामहम् || 36||","commentary":"Shree Krishna mentions not only virtue but also vice as his opulence. Gambling is a dangerous vice that ruins families, businesses, and lives. It was Yudhishthir’s weakness for gambling that led to the Mahabharat war. But if gambling is also God’s glory, then is there no harm in it, and why is it forbidden?\nThe answer is that God grants his power to the soul, and along with it, he gives the freedom of choice. If we choose to forget him, he gives us the power to forget. This is just as electric power can be used both to heat and cool a house. The user is free to choose how to utilize the power. However, the powerhouse that supplies the energy is not responsible for either the use or misuse of the power. Similarly, a gambler too possesses intellect and ability that is supplied by God. But if he decides to misuse these God-given gifts, then God is not responsible for the sinful deeds.\nEveryone likes victory; it reveals the glory of the Lord. Also, Shree Krishna has laid great emphasis on the quality of determination. It was previously mentioned in verse 2.41, 2.44, and 9.30 as well. The goodness of the virtuous is also a manifestation of God’s power. All virtues, achievements, glory, victory, and firm resolve originate from God. Instead of considering these as our own, we should see them as coming from him.\n\n","meaning":" 10.36:\r\n                            I am the gambling of the cheats and the splendor of the splendid. I am the victory of the victorious, the resolve of the resolute, and the virtue of the virtuous.","wordMeanings":""},{"id":37,"title":"10.37","content":"","type":"verse","passage":"वृष्णीनां वासुदेवोऽस्मि पाण्डवानां धनञ्जय: |मुनीनामप्यहं व्यास: कवीनामुशना कवि: || 37||","commentary":"Lord Krishna took birth on the earth in the Vrishni dynasty as the son of Vasudev. Since no soul can excel the Lord, he is naturally the most glorious personality of the Vrishni dynasty. The Pandavas were the five sons of Pandu—Yudhishthir, Bheem, Arjun, Nakul, and Sahadev. Amongst them, Arjun was an archer par-excellence, and was a very intimate devotee of Shree Krishna. He looked upon the Lord as his dear friend.\n\n\nVed Vyas is special amongst the sages. He is also known by the names “Badarayan” and “Krishna Dwaipayan.” He revealed Vedic knowledge in various ways and wrote many scriptures for the welfare of the people. In fact, Ved Vyas was an \nAvatār\n of Shree Krishna himself and is mentioned in the list of \nAvatārs\n in the Śhrīmad Bhāgavatam.\n\n\nShukracharya was a very learned sage known for his expertise in the science of ethics. He was compassionate to accept the demons as his disciples and guide their progress. By virtue of his learning, he has been declared as a \nvibhūti\n of God.\n\n","meaning":" 10.37:\r\n                            Amongst the descendants of Vrishni, I am Krishna, and amongst the Pandavas I am Arjun. Know me to be Ved Vyas amongst the sages, and Shukracharya amongst the great thinkers.","wordMeanings":""},{"id":38,"title":"10.38","content":"","type":"verse","passage":"दण्डो दमयतामस्मि नीतिरस्मि जिगीषताम् |मौनं चैवास्मि गुह्यानां ज्ञानं ज्ञानवतामहम् || 38||","commentary":"Human nature is such that mere sermons are not sufficient for ensuring good behavior amongst people. Punishment, when meted out in a timely and just manner, is an important tool for reforming sinful behavior in people and training them in right conduct. One of its goals is meant to deter those in society that might be inclined to perform wrong actions. Modern management theory describes very nicely how even one minute of proper punishment for wrong actions and one minute of suitable reward for good actions can rectify people’s behaviors.\n\n\nThe desire for victory is universal, but those with the strength of character are not willing to sacrifice morals or ethics to achieve it. That victory which is won by the path of righteousness signifies the power of God.\n\n\nA secret is that which is hidden from public knowledge for a specific purpose. There is a saying in English, “A secret known to one person is a secret; a secret known to two people is no longer a secret; and a secret known to three people is news shouted out to the rest of the world.” Thus, the greatest secret is that which is hidden in silence.\n\n\nTrue wisdom comes to a person with the maturing of spiritual knowledge through self or God realization. A person endowed with it develops the perspective of seeing all events, persons, and objects in the light of their relationship with God. Such wisdom purifies, fulfills, satisfies, and elevates one. It gives direction to life, the strength to cope with its vicissitudes, and determination to persevere till the end is reached. Shree Krishna says that he is such wisdom that manifests in the wise.\n\n","meaning":" 10.38:\r\n                            I am just punishment amongst means of preventing lawlessness, and proper conduct amongst those who seek victory. Amongst secrets I am silence, and in the wise I am their wisdom.","wordMeanings":""},{"id":39,"title":"10.39","content":"","type":"verse","passage":"यच्चापि सर्वभूतानां बीजं तदहमर्जुन |न तदस्ति विना यत्स्यान्मया भूतं चराचरम् || 39||","commentary":"Shree Krishna is both the efficient cause of all creation and also the material cause. Efficient cause means that he is the creator who performs the work involved in manifesting the world. Material cause means that he is the material from which creation happens. In verses 7.10 and 9.18, Shree Krishna declared himself as “the eternal seed.” Again here, he states that he is “the generating seed.” He is stressing that he is the origin of everything, and without his potency nothing can exist.\nLiving beings are born in four ways: \nAṇḍaj\n—born from eggs, such as birds, snakes, and lizards; \nJarāyuj\n—born from the womb, such as humans, cows, dogs, and cats; \nSwedaj\n—born from sweat, such as lice, ticks, etc; \nUdbhij\n—sprouting from the earth, such as trees, creepers, grass, and corn. There are also other life forms, such as ghosts, evil spirits, manes, etc. Shree Krishna is the origin of all of them.\n\n","meaning":" 10.39:\r\n                            I am the generating seed of all living beings, O Arjun. No creature moving or non-moving can exist without Me.","wordMeanings":""},{"id":40,"title":"10.40","content":"","type":"verse","passage":"नान्तोऽस्ति मम दिव्यानां विभूतीनां परन्तप |एष तूद्देशत: प्रोक्तो विभूतेर्विस्तरो मया || 40||","commentary":"Shree Krishna is now concluding the topic of his opulences. From verses 20 to 39, he has described 82 of his infinite opulences. He now says that he has spoken only one portion (\nuddeśhataḥ\n) of the breadth of the topic (\nvistāraḥ\n).\nThe question can be asked that if everything is the opulence of God, then what was the need of mentioning these? The answer is that Arjun had asked Shree Krishna how he should think of him, and these glories have been described in response to Arjun’s question. The mind is naturally drawn to specialties, and thus, the Lord has revealed these specialties amongst his powers. Whenever we see a special splendor manifesting anywhere, if we look on it as God’s glory, then our mind will naturally be transported to him. In the larger scheme of things, however, since God’s glories are in all things big and small, one can think of the whole world as providing innumerable examples for enhancing our devotion. A paint company in India would advertise, “Whenever you see colors think of us.” In this case, Shree Krishna’s statement is tantamount to saying, “Wherever you see a manifestation of glory, think of me.”\n\n","meaning":" 10.40:\r\n                            There is no end to My divine manifestations, O conqueror of enemies. What I have declared to you is a mere sample of My infinite glories.","wordMeanings":""},{"id":41,"title":"10.41","content":"","type":"verse","passage":"यद्यद्विभूतिमत्सत्त्वं श्रीमदूर्जितमेव वा |तत्देवावगच्छ त्वं मम तेजोंऽशसम्भवम् || 41||","commentary":"Electricity flowing through a speaker creates sound, but one who does not know the principle behind how it works may think that the sound comes from the speaker itself. Similarly, whenever we observe extraordinary splendor anywhere, whatever catches our imagination, sends us in raptures, and infuses us with bliss, we should know it to be but a spark of the glory of God. He is the infinite reservoir of beauty, glory, power, knowledge, and opulence. He is the powerhouse from where all beings and things get their splendor. Thus, we must make God, who is the source of all glory, the object of our worship.\n\n","meaning":" 10.41:\r\n                            Whatever you see as beautiful, glorious, or powerful, know it to spring from but a spark of My splendor.","wordMeanings":""},{"id":42,"title":"10.42","content":"","type":"verse","passage":"अथवा बहुनैतेन किं ज्ञातेन तवार्जुन |विष्टभ्याहमिदं कृत्स्नमेकांशेन स्थितो जगत् || 42||","commentary":"Shree Krishna’s statement indicates that he has already answered the question. Now, of his own accord, he wants to tell something remarkable. Having revealed many amazing aspects of his splendor, he says that the magnitude of his glory cannot be judged even from the sum total of what he has described, for the entire creation of unlimited universes is held within a fraction of his being.\nWhy does he make a reference to a fraction of his being here? The reason is that the entire material creation consisting of unlimited universes is only one-fourth of God’s entire manifestation; the remaining three-fourths is the spiritual creation.\npādo ’sya viśhwā bhūtāni tripādasyāmṛitaṁ divi \n(Puruṣh Sūktam Mantra 3)[v32]\n“This temporary world made from the material energy is but one part of the Supreme Divine Personality. The other three parts are his eternal abodes that are beyond the phenomenon of life and death.”\nInterestingly, Shree Krishna is in front of Arjun, within the world, yet he reveals that the entire world is within a fraction of his being. This is like the story of Ganesh and Lord Shiv. Once, Sage Narad gave Lord Shiv a very special fruit. Lord Shiv’s two children, Kartikeya and Ganesh both began demanding the fruit from him. Lord Shiv thought that if he would give it to any one of them, the other would think that their father was biased. So Lord Shiv announced a competition for his two children. Whoever circumambulated the entire universe and came back to him first would get the fruit.\nOn hearing this, Kartikeya immediately started off to circumambulate the universe. He was athletically and powerfully built and decided to take advantage of it. In comparison, Ganesh had a plump body and felt he was handicapped in competing with his brother. So, Ganesh decided to make up for it by using his intellect. Lord Shiv and Parvati were standing there. Ganesh circumambulated them thrice, and then announced, “Father, I have done it. Please give me the fruit.” Lord Shiv, “But how have you gone around the universe? You have been with us all the while.” Ganesh said, “Father, you are God. The entire universe exists within you. If I have gone around you, I have gone around the entire universe.” Lord Shiv had to agree that his son Ganesh was very smart, and indeed he had won the competition.\nJust as Lord Shiv was standing in one place, and yet the entire world was contained in him, similarly, Shree Krishna announces to Arjun that the entire creation, consisting of unlimited material universes, is held within a fraction of his being.\n\n","meaning":" 10.42:\r\n                            What need is there for all this detailed knowledge, O Arjun? Simply know that by one fraction of My being, I pervade and support this entire creation.","wordMeanings":""}]}