{"id":14,"title":"The Three Modes of Material Nature","description":"","sectionCount":27,"tags":[],"contentId":"102","sections":[{"id":1,"title":"14.1","content":"","type":"verse","passage":"श्रीभगवानुवाच |परं भूय: प्रवक्ष्यामि ज्ञानानां ज्ञानमुत्तमम् |यज्ज्ञात्वा मुनय: सर्वे परां सिद्धिमितो गता: || 1||","commentary":"In the previous chapter, Shree Krishna had explained that all life forms are a combination of soul and matter. He had also elucidated that \nprakṛiti\n (material nature) is responsible for creating the field of activities for the \npuruṣh\n (soul). He added that this does not happen independently, but under the direction of the Supreme Lord, who is also seated within the body of the living being. In this chapter, he goes on to elaborate in detail about the three-fold qualities of material nature (the \nguṇas\n). By gaining this knowledge and imbibing it into our consciousness as realized wisdom, we can ascend to the highest perfection.\n\n","meaning":" 14.1:\r\n                            The Divine Lord said: I shall once again explain to you the supreme wisdom, the best of all knowledge; by knowing which, all the great saints attained the highest perfection.","wordMeanings":""},{"id":2,"title":"14.2","content":"","type":"verse","passage":"इदं ज्ञानमुपाश्रित्य मम साधर्म्यमागता: |सर्गेऽपि नोपजायन्ते प्रलये न व्यथन्ति च || 2||","commentary":"Shree Krishna assures Arjun that those who equip themselves with the knowledge he is about to bestow will no longer have to accept repeated confinement in a mother’s womb. They will also not be obliged to stay in a state of suspended animation in the womb of God at the time of the universal dissolution, or be reborn along with the next creation. The three \nguṇas\n (modes of material nature) are indeed the cause of bondage, and knowledge of them will illumine the path out of bondage.\nShree Krishna repeatedly uses the strategy of proclaiming the results of what he is about to teach, to bring his student to rapt attention. The words \nna vyathanti\n mean “they will not experience misery.” The word \nsādharmyam\n means they will acquire “a similar divine nature” as God himself. When the soul is released from the bondage of the material energy, it comes under the dominion of God’s divine \nYogmaya\n energy. The divine energy equips it with God’s divine knowledge, love, and bliss. As a result, the soul becomes of the nature of God—it acquires divine godlike qualities.\n\n","meaning":" 14.2:\r\n                            Those who take refuge in this wisdom will be united with Me. They will not be reborn at the time of creation nor destroyed at the time of dissolution.","wordMeanings":""},{"id":3,"title":"14.3","content":"","type":"verse","passage":"मम योनिर्महद् ब्रह्म तस्मिन्गर्भं दधाम्यहम् |सम्भव: सर्वभूतानां ततो भवति भारत || 3||सर्वयोनिषु कौन्तेय मूर्तय: सम्भवन्ति या: |तासां ब्रह्म महद्योनिरहं बीजप्रद: पिता || 4||","commentary":"As explained in chapters 7 and 8, the material creation follows cycles of creation, maintenance, and dissolution. During dissolution, souls who are \nvimukh\n (have their backs) toward God remain in a state of suspended animation within the body of Maha Vishnu. The material energy, \nprakṛiti\n, also lies unmanifest in God’s \nmahodar\n (big stomach). When he desires to activate the process of creation, he glances at \nprakṛiti\n. It then begins to unwind, and sequentially, the entities \nmahān, ahankār, pañch-tanmātrās,\n and \npañch-mahābhūta\n are created. Also, with the help of the secondary creator Brahma, the material energy creates various life forms, and God casts the souls into appropriate bodies, determined by their past karmas. Thus, Shree Krishna states that \nprakṛiti\n is like the womb and the souls are like the sperms. He places the souls in the womb of Mother Nature to give birth to multitudes of living beings. Sage Ved Vyas also describes it in the same fashion in Śhrīmad Bhāgavatam:\ndaivāt kṣhubhita-dharmiṇyāṁ svasyāṁ yonau paraḥ pumān\nādhatta vīryaṁ sāsūta mahat-tattvaṁ hiraṇmayam \n(3.26.19)[v1]\n“In the womb of the material energy the Supreme Lord impregnates the souls. Then, inspired by the karmas of the individual souls, the material nature gets to work to create suitable life forms for them.” He does not cast all souls into the material world, rather only those who are \nvimukh\n.\n\n","meaning":" 14.3-4:\r\n                            The total material substance, prakṛiti, is the womb. I impregnate it with the individual souls, and thus all living beings are born. O son of Kunti, for all species of life that are produced, the material nature is the womb, and I am the seed-giving Father.","wordMeanings":""},{"id":4,"title":"14.4","content":"","type":"verse","passage":"मम योनिर्महद् ब्रह्म तस्मिन्गर्भं दधाम्यहम् |सम्भव: सर्वभूतानां ततो भवति भारत || 3||सर्वयोनिषु कौन्तेय मूर्तय: सम्भवन्ति या: |तासां ब्रह्म महद्योनिरहं बीजप्रद: पिता || 4||","commentary":"As explained in chapters 7 and 8, the material creation follows cycles of creation, maintenance, and dissolution. During dissolution, souls who are \nvimukh\n (have their backs) toward God remain in a state of suspended animation within the body of Maha Vishnu. The material energy, \nprakṛiti\n, also lies unmanifest in God’s \nmahodar\n (big stomach). When he desires to activate the process of creation, he glances at \nprakṛiti\n. It then begins to unwind, and sequentially, the entities \nmahān, ahankār, pañch-tanmātrās,\n and \npañch-mahābhūta\n are created. Also, with the help of the secondary creator Brahma, the material energy creates various life forms, and God casts the souls into appropriate bodies, determined by their past karmas. Thus, Shree Krishna states that \nprakṛiti\n is like the womb and the souls are like the sperms. He places the souls in the womb of Mother Nature to give birth to multitudes of living beings. Sage Ved Vyas also describes it in the same fashion in Śhrīmad Bhāgavatam:\ndaivāt kṣhubhita-dharmiṇyāṁ svasyāṁ yonau paraḥ pumān\nādhatta vīryaṁ sāsūta mahat-tattvaṁ hiraṇmayam \n(3.26.19)[v1]\n“In the womb of the material energy the Supreme Lord impregnates the souls. Then, inspired by the karmas of the individual souls, the material nature gets to work to create suitable life forms for them.” He does not cast all souls into the material world, rather only those who are \nvimukh\n.\n\n","meaning":" 14.3-4:\r\n                            The total material substance, prakṛiti, is the womb. I impregnate it with the individual souls, and thus all living beings are born. O son of Kunti, for all species of life that are produced, the material nature is the womb, and I am the seed-giving Father.","wordMeanings":""},{"id":5,"title":"14.5","content":"","type":"verse","passage":"सत्त्वं रजस्तम इति गुणा: प्रकृतिसम्भवा: |निबध्नन्ति महाबाहो देहे देहिनमव्ययम् || 5||","commentary":"Having explained that all life-forms are born from \npuruṣh\n and \nprakṛiti\n, Shree Krishna now explains in the next fourteen verses how \nprakṛiti\n binds the soul. Although it is divine, its identification with the body ties it to material nature. The material energy possess three \nguṇas\n—goodness, passion, and ignorance. Hence the body, mind, and intellect that are made from \nprakṛiti\n also possess these three modes.\nConsider the example of three-color printing. If any one of the colors is released in excess by the machine on the paper, then the picture acquires a hue of that color. Similarly, \nprakṛiti\n has the ink of the three colors. Based upon one’s internal thoughts, the external circumstances, past \nsanskārs\n, and other factors, one or the other of these modes becomes dominant for that person. And the mode that predominates creates its corresponding shade upon that person’s personality. Hence, the soul is swayed by the influence of these dominating modes. Shree Krishna now describes the impact of these modes upon the living being.\n\n","meaning":" 14.5:\r\n                            O mighty-armed Arjun, the material energy consists of three guṇas (modes)—sattva (goodness), rajas (passion), and tamas (ignorance). These modes bind the eternal soul to the perishable body.","wordMeanings":""},{"id":6,"title":"14.6","content":"","type":"verse","passage":"तत्र सत्त्वं निर्मलत्वात्प्रकाशकमनामयम् |सुखसङ्गेन बध्नाति ज्ञानसङ्गेन चानघ || 6||","commentary":"The word \nprakāśhakam\n means “illuminating.” The word \nanāmayam\n means “healthy and full of well-being.” By extension, it also means “of peaceful quality,” devoid of any inherent cause for pain, discomfort, or misery. The mode of goodness is serene and illuminating. Thus, \nsattva guṇa\n engenders virtue in one’s personality and illuminates the intellect with knowledge. It makes a person become calm, satisfied, charitable, compassionate, helpful, serene, and tranquil. It also nurtures good health and freedom from sickness. While the mode of goodness creates an effect of serenity and happiness, attachment to them itself binds the soul to material nature.\nLet us understand this through an example. A traveler was passing through a forest, when three robbers attacked him. The first said, “Let us kill him and steal all his wealth.” The second said, “No, let us not kill him. We will simply bind him, and take away his possessions.” Following the advice of the second robber, they tied him up in ropes and stole his wealth. When they had gone some distance away, the third robber returned. He opened the ropes of the traveler, and took him to the edge of the forest. He showed the way out, and said, “I cannot go out myself, but if you follow this path, you will be able to get out of the forest.”\nThe first robber was \ntamo guṇa\n, the mode of ignorance, which literally wants to kill the soul, by degrading it into sloth, languor, and nescience. The second robber was \nrajo guṇa\n, the mode of passion, which excites the passions of the living being, and binds the soul in innumerable worldly desires. The third robber was \nsattva guṇa\n, the mode of goodness, which reduces the vices of the living being, eases the material discomfort and puts the soul on the path of virtue. Yet, even \nsattva guṇa\n is within the realm of material nature. We must not get attached to it; instead, we must use it to step up to the transcendental platform.\nBeyond these three, is \nśhuddha sattva\n, the transcendental mode of goodness. It is the mode of the divine energy of God that is beyond material nature. When the soul becomes God-realized, by his grace, God bestows \nśhuddha sattva\n upon the soul, making the senses, mind, and intellect divine.\n\n","meaning":" 14.6:\r\n                            Amongst these, sattva guṇa, the mode of goodness, being purer than the others, is illuminating and full of well-being. O sinless one, it binds the soul by creating attachment for a sense of happiness and knowledge.","wordMeanings":""},{"id":7,"title":"14.7","content":"","type":"verse","passage":"रजो रागात्मकं विद्धि तृष्णासङ्गसमुद्भवम् | तन्निबध्नाति कौन्तेय कर्मसङ्गेन देहिनम् || 7||","commentary":"Shree Krishna now explains the working of \nrajo guṇa\n, and how it binds the soul to material existence. The Patañjali Yog Darśhan describes material activity as the primary manifestation of \nrajo guṇa\n. Here, Shree Krishna describes its principal manifestation as attachment and desire.\n\n\nThe mode of passion fuels the lust for sensual enjoyment. It inflames desires for mental and physical pleasures. It also promotes attachment to worldly things. Persons influenced by \nrajo guṇa\n get engrossed in worldly pursuits of status, prestige, career, family, and home. They look on these as sources of pleasure and are motivated to undertake intense activity for the sake of these. In this way, the mode of passion increases desires, and these desires further fuel an increase of the mode of passion. They both nourish each other and trap the soul in worldly life.\n\n\n### The way to break out of this is to engage in \nkarm\n\n\nyog\n, i.e. to begin offering the results of one’s activities to God. This creates detachment from the world, and pacifies the effect of \nrajo guṇa\n.\n\n","meaning":" 14.7:\r\n                            O Arjun, rajo guṇa is of the nature of passion. It arises from worldly desires and affections, and binds the soul through attachment to fruitive actions.","wordMeanings":""},{"id":8,"title":"14.8","content":"","type":"verse","passage":"तमस्त्वज्ञानजं विद्धि मोहनं सर्वदेहिनाम् |प्रमादालस्यनिद्राभिस्तन्निबध्नाति भारत || 8||","commentary":"Tamo guṇa\n is the antithesis of \nsattva guṇa\n. Persons influenced by it get pleasure through sleep, laziness, intoxication, violence, and gambling. They lose their discrimination of what is right and what is wrong, and do not hesitate in resorting to immoral behavior for fulfilling their self-will. Doing their duty becomes burdensome to them and they neglect it, becoming more inclined to sloth and sleep. In this way, the mode of ignorance leads the soul deeper into the darkness of ignorance. It becomes totally oblivious of its spiritual identity, its goal in life, and the opportunity for progress that the human form provides.\n\n","meaning":" 14.8:\r\n                            O Arjun, tamo guṇa, which is born of ignorance, is the cause of illusion for the embodied souls. It deludes all living beings through negligence, laziness, and sleep.","wordMeanings":""},{"id":9,"title":"14.9","content":"","type":"verse","passage":"सत्त्वं सुखे सञ्जयति रज: कर्मणि भारत |ज्ञानमावृत्य तु तम: प्रमादे सञ्जयत्युत || 9||","commentary":"In the mode of goodness, the miseries of material existence reduce, and worldly desires become subdued. This gives rise to a feeling of contentment with one’s condition. This is a good thing, but it can have a negative side too. For instance, those who experience pain in the world and are disturbed by the desires in their mind feel impelled to look for a solution to their problems, and this impetus sometimes brings them to the spiritual path. However, those in goodness can easily become complacent and feel no urge to progress to the transcendental platform. Also, \nsattva guṇa\n illumines the intellect with knowledge. If this is not accompanied by spiritual wisdom, then knowledge results in pride and that pride comes in the way of devotion to God. This is often seen in the case of scientists, academicians, scholars, etc. The mode of goodness usually predominates in them, since they spend their time and energy cultivating knowledge. And yet, the knowledge they possess often makes them proud, and they begin to feel that there can be no truth beyond the grasp of their intellect. Thus, they find it difficult to develop faith toward either the scriptures or the God-realized Saints.\nIn the mode of passion, the souls are impelled toward intense activity. Their attachment to the world and preference for pleasure, prestige, wealth, and bodily comforts, propels them to work hard in the world for achieving these goals, which they consider to be the most important in life. \nRajo guṇa\n increases the attraction between man and woman, and generates \nkām\n (lust). To satiate that lust, man and woman enter into the relationship of marriage and have a home. The upkeep of the home creates the need for wealth, so they begin to work hard for economic development. They engage in intense activity, but each action creates karmas, which further bind them in material existence.\nThe mode of ignorance clouds the intellect of the living being. The desire for happiness now manifests in perverse manners. For example, everyone knows that cigarette smoking is injurious to health. Every cigarette pack carries a warning to that extent issued by the government authorities. Cigarette smokers read this, and yet do not refrain from smoking. This happens because the intellect loses its discriminative power and does not hesitate to inflict self-injury to get the pleasure of smoking. As someone jokingly said, “A cigarette is a pipe with a fire at one end and a fool at the other.” That is the influence of \ntamo guṇa\n, which binds the soul in the darkness of ignorance.\n\n","meaning":" 14.9:\nSattva binds one to material happiness; rajas conditions the soul toward actions; and tamas clouds wisdom and binds one to delusion.","wordMeanings":""},{"id":10,"title":"14.10","content":"","type":"verse","passage":"रजस्तमश्चाभिभूय सत्त्वं भवति भारत |रज: सत्त्वं तमश्चैव तम: सत्त्वं रजस्तथा || 10||","commentary":"Shree Krishna now explains how the same individual’s temperament oscillates amongst the three \nguṇas\n. These three \nguṇas\n are present in the material energy, and our mind is made from the same energy. Hence, all the three \nguṇas\n are present in our mind as well. They can be compared to three wrestlers competing with each other. Each keeps throwing the others down, and so, sometimes the first is on top, sometimes the second, and sometimes the third. In the same manner, the three \nguṇas\n keep gaining dominance over the individual’s temperament, which oscillates amongst the three modes. Depending upon the external environment, the internal contemplation, and the \nsanskārs\n (tendencies) of past lives, one or the other \nguṇa\n begins to dominate. There is no rule for how long it stays—one \nguṇa\n may dominate the mind and intellect for as short as a moment or for as long as an hour.\nIf \nsattva guṇa\n dominates, one becomes peaceful, content, generous, kind, helpful, serene, and tranquil. When \nrajo guṇa\n gains prominence, one becomes passionate, agitated, ambitious, envious of others success, and develops a gusto for sense pleasures. When \ntamo guna\n becomes prominent, one is overcome by sleep, laziness, hatred, anger, resentment, violence, and doubt.\nFor example, let us suppose you are sitting in your library, engaged in study. There is no worldly disturbance, and your mind has become \nsāttvic\n. After finishing your study, you sit in your living room and switch on the television. Seeing all the images makes your mind \nrājasic\n, and increases your hankering for sense pleasures. While you are watching your favorite channel, your family member comes and changes the channel. This disturbance causes \ntamo guṇa\n to increase in your mind, and you are filled with anger. In this way, the mind sways amongst the three \nguṇas\n and adopts their qualities.\n\n","meaning":" 14.10:\r\n                            Sometimes goodness (sattva) prevails over passion (rajas) and ignorance (tamas), O scion of Bharat. Sometimes passion (rajas) dominates goodness (sattva) and ignorance (tamas), and at other times ignorance (tamas) overcomes goodness (sattva) and passion (rajas).","wordMeanings":""},{"id":11,"title":"14.11","content":"","type":"verse","passage":"सर्वद्वारेषु देहेऽस्मिन्प्रकाश उपजायते |ज्ञानं यदा तदा विद्याद्विवृद्धं सत्त्वमित्युत || 11||लोभ: प्रवृत्तिरारम्भ: कर्मणामशम: स्पृहा |रजस्येतानि जायन्ते विवृद्धे भरतर्षभ || 12||अप्रकाशोऽप्रवृत्तिश्च प्रमादो मोह एव च |तमस्येतानि जायन्ते विवृद्धे कुरुनन्दन || 13||","commentary":"Shree Krishna once again repeats how the three modes influence one’s thinking. \nS\nattva guṇa\n leads to the development of virtues and the illumination of knowledge. \nRajo guṇa\n leads to greed, inordinate activity for worldly attainments, and restlessness of the mind. \nTamo guṇa\n results in delusion of the intellect, laziness, and inclination toward intoxication and violence.\nIn fact, these modes even influence our attitudes toward God and the spiritual path. To give an example, when the mode of goodness becomes prominent in the mind, we may start thinking, “I have received so much grace from my Guru. I should endeavor to progress rapidly in my \nsādhanā\n, since the human form is precious and it should not be wasted in mundane pursuits.” When the mode of passion becomes prominent, we may think, “I must surely progress on the spiritual path, but what is the hurry? At present, I have many responsibilities to discharge, and they are more important.” When the mode of ignorance dominates, we could think, “I am not really sure if there is any God or not, for no one has ever seen him. So why waste time in \nsādhanā\n?” Notice how the same person’s thoughts have oscillated from such heights to the depths of devotion.\nFor the mind to fluctuate due to the three \nguṇas\n is very natural. However, we are not to be dejected by this state of affairs, rather, we should understand why it happens and work to rise above it. \nSādhanā\n means to fight with the flow of the three \nguṇas\n in the mind, and force it to maintain the devotional feelings toward God and Guru. If our consciousness remained at the highest consciousness all day, there would be no need for \nsādhanā\n. Though the mind’s natural sentiments may be inclined toward the world, yet with the intellect, we have to force it into the spiritual realm. Initially, this may seem difficult, but with practice it becomes easy. This is just as driving a car is difficult initially, but with practice it becomes natural.\nShree Krishna now begins to explain the destinations bestowed by the three guṇas, and the need for making it our goal to transcend them.\n\n","meaning":" 14.11-13:\r\n                            When all the gates of the body are illumined by knowledge, know it to be a manifestation of the mode of goodness. When the mode of passion predominates, O Arjun, the symptoms of greed, exertion for worldly gain, restlessness, and craving develop. O Arjun, nescience, inertia, negligence, and delusion—these are the dominant signs of the mode of ignorance.","wordMeanings":""},{"id":12,"title":"14.12","content":"","type":"verse","passage":"सर्वद्वारेषु देहेऽस्मिन्प्रकाश उपजायते |ज्ञानं यदा तदा विद्याद्विवृद्धं सत्त्वमित्युत || 11||लोभ: प्रवृत्तिरारम्भ: कर्मणामशम: स्पृहा |रजस्येतानि जायन्ते विवृद्धे भरतर्षभ || 12||अप्रकाशोऽप्रवृत्तिश्च प्रमादो मोह एव च |तमस्येतानि जायन्ते विवृद्धे कुरुनन्दन || 13||","commentary":"Shree Krishna once again repeats how the three modes influence one’s thinking. \nS\nattva guṇa\n leads to the development of virtues and the illumination of knowledge. \nRajo guṇa\n leads to greed, inordinate activity for worldly attainments, and restlessness of the mind. \nTamo guṇa\n results in delusion of the intellect, laziness, and inclination toward intoxication and violence.\nIn fact, these modes even influence our attitudes toward God and the spiritual path. To give an example, when the mode of goodness becomes prominent in the mind, we may start thinking, “I have received so much grace from my Guru. I should endeavor to progress rapidly in my \nsādhanā\n, since the human form is precious and it should not be wasted in mundane pursuits.” When the mode of passion becomes prominent, we may think, “I must surely progress on the spiritual path, but what is the hurry? At present, I have many responsibilities to discharge, and they are more important.” When the mode of ignorance dominates, we could think, “I am not really sure if there is any God or not, for no one has ever seen him. So why waste time in \nsādhanā\n?” Notice how the same person’s thoughts have oscillated from such heights to the depths of devotion.\nFor the mind to fluctuate due to the three \nguṇas\n is very natural. However, we are not to be dejected by this state of affairs, rather, we should understand why it happens and work to rise above it. \nSādhanā\n means to fight with the flow of the three \nguṇas\n in the mind, and force it to maintain the devotional feelings toward God and Guru. If our consciousness remained at the highest consciousness all day, there would be no need for \nsādhanā\n. Though the mind’s natural sentiments may be inclined toward the world, yet with the intellect, we have to force it into the spiritual realm. Initially, this may seem difficult, but with practice it becomes easy. This is just as driving a car is difficult initially, but with practice it becomes natural.\nShree Krishna now begins to explain the destinations bestowed by the three guṇas, and the need for making it our goal to transcend them.\n\n","meaning":" 14.11-13:\r\n                            When all the gates of the body are illumined by knowledge, know it to be a manifestation of the mode of goodness. When the mode of passion predominates, O Arjun, the symptoms of greed, exertion for worldly gain, restlessness, and craving develop. O Arjun, nescience, inertia, negligence, and delusion—these are the dominant signs of the mode of ignorance.","wordMeanings":""},{"id":13,"title":"14.13","content":"","type":"verse","passage":"सर्वद्वारेषु देहेऽस्मिन्प्रकाश उपजायते |ज्ञानं यदा तदा विद्याद्विवृद्धं सत्त्वमित्युत || 11||लोभ: प्रवृत्तिरारम्भ: कर्मणामशम: स्पृहा |रजस्येतानि जायन्ते विवृद्धे भरतर्षभ || 12||अप्रकाशोऽप्रवृत्तिश्च प्रमादो मोह एव च |तमस्येतानि जायन्ते विवृद्धे कुरुनन्दन || 13||","commentary":"Shree Krishna once again repeats how the three modes influence one’s thinking. \nS\nattva guṇa\n leads to the development of virtues and the illumination of knowledge. \nRajo guṇa\n leads to greed, inordinate activity for worldly attainments, and restlessness of the mind. \nTamo guṇa\n results in delusion of the intellect, laziness, and inclination toward intoxication and violence.\nIn fact, these modes even influence our attitudes toward God and the spiritual path. To give an example, when the mode of goodness becomes prominent in the mind, we may start thinking, “I have received so much grace from my Guru. I should endeavor to progress rapidly in my \nsādhanā\n, since the human form is precious and it should not be wasted in mundane pursuits.” When the mode of passion becomes prominent, we may think, “I must surely progress on the spiritual path, but what is the hurry? At present, I have many responsibilities to discharge, and they are more important.” When the mode of ignorance dominates, we could think, “I am not really sure if there is any God or not, for no one has ever seen him. So why waste time in \nsādhanā\n?” Notice how the same person’s thoughts have oscillated from such heights to the depths of devotion.\nFor the mind to fluctuate due to the three \nguṇas\n is very natural. However, we are not to be dejected by this state of affairs, rather, we should understand why it happens and work to rise above it. \nSādhanā\n means to fight with the flow of the three \nguṇas\n in the mind, and force it to maintain the devotional feelings toward God and Guru. If our consciousness remained at the highest consciousness all day, there would be no need for \nsādhanā\n. Though the mind’s natural sentiments may be inclined toward the world, yet with the intellect, we have to force it into the spiritual realm. Initially, this may seem difficult, but with practice it becomes easy. This is just as driving a car is difficult initially, but with practice it becomes natural.\nShree Krishna now begins to explain the destinations bestowed by the three guṇas, and the need for making it our goal to transcend them.\n\n","meaning":" 14.11-13:\r\n                            When all the gates of the body are illumined by knowledge, know it to be a manifestation of the mode of goodness. When the mode of passion predominates, O Arjun, the symptoms of greed, exertion for worldly gain, restlessness, and craving develop. O Arjun, nescience, inertia, negligence, and delusion—these are the dominant signs of the mode of ignorance.","wordMeanings":""},{"id":14,"title":"14.14","content":"","type":"verse","passage":"यदा सत्त्वे प्रवृद्धे तु प्रलयं याति देहभृत् |तदोत्तमविदां लोकानमलान्प्रतिपद्यते || 14||रजसि प्रलयं गत्वा कर्मसङ्गिषु जायते |तथा प्रलीनस्तमसि मूढयोनिषु जायते || 15||","commentary":"Shree Krishna explains that the destiny awaiting the souls is based upon the \nguṇas\n of their personalities. We get what we deserve is God’s law, the law of karma. Those who cultivated virtues, knowledge, and a service attitude toward others are born in families of pious people, scholars, social workers, etc. Or else, they go to the higher celestial abodes. Those who permitted themselves to be overcome by greed, avarice, and worldly ambitions are born in families focused on intense material activity, very often the business class. Those who were inclined to intoxication, violence, laziness, and dereliction of duty are born amongst families of drunks and illiterate people. Otherwise, they are made to descend down the evolutionary ladder and are born into the animal species.\nMany people wonder whether having once attained the human form, it is possible to slip back into the lower species. This verse reveals that the human form does not remain permanently reserved for the soul. Those who do not put it to good use are subject to the terrible danger of moving downward into the animal forms again. Thus, all the paths are open at all times. The soul can climb upward in its spiritual evolution, remain at the same level, or even slide down, based upon the intensity and frequency of the \nguṇas\n it adopts.\n\n","meaning":" 14.14-15:\r\n                            Those who die with predominance of sattva reach the pure abodes (which are free from rajas and tamas) of the learned. Those who die with prevalence of the mode of passion are born among people driven by work, while those dying in the mode of ignorance take birth in the animal kingdom.","wordMeanings":""},{"id":15,"title":"14.15","content":"","type":"verse","passage":"यदा सत्त्वे प्रवृद्धे तु प्रलयं याति देहभृत् |तदोत्तमविदां लोकानमलान्प्रतिपद्यते || 14||रजसि प्रलयं गत्वा कर्मसङ्गिषु जायते |तथा प्रलीनस्तमसि मूढयोनिषु जायते || 15||","commentary":"Shree Krishna explains that the destiny awaiting the souls is based upon the \nguṇas\n of their personalities. We get what we deserve is God’s law, the law of karma. Those who cultivated virtues, knowledge, and a service attitude toward others are born in families of pious people, scholars, social workers, etc. Or else, they go to the higher celestial abodes. Those who permitted themselves to be overcome by greed, avarice, and worldly ambitions are born in families focused on intense material activity, very often the business class. Those who were inclined to intoxication, violence, laziness, and dereliction of duty are born amongst families of drunks and illiterate people. Otherwise, they are made to descend down the evolutionary ladder and are born into the animal species.\nMany people wonder whether having once attained the human form, it is possible to slip back into the lower species. This verse reveals that the human form does not remain permanently reserved for the soul. Those who do not put it to good use are subject to the terrible danger of moving downward into the animal forms again. Thus, all the paths are open at all times. The soul can climb upward in its spiritual evolution, remain at the same level, or even slide down, based upon the intensity and frequency of the \nguṇas\n it adopts.\n\n","meaning":" 14.14-15:\r\n                            Those who die with predominance of sattva reach the pure abodes (which are free from rajas and tamas) of the learned. Those who die with prevalence of the mode of passion are born among people driven by work, while those dying in the mode of ignorance take birth in the animal kingdom.","wordMeanings":""},{"id":16,"title":"14.16","content":"","type":"verse","passage":"कर्मण: सुकृतस्याहु: सात्त्विकं निर्मलं फलम् |रजसस्तु फलं दु:खमज्ञानं तमस: फलम् || 16||","commentary":"Those influenced by \nsattva\n are equipped with a measure of purity, virtue, knowledge, and selflessness. Hence, their actions are performed with a relatively pure intention and the results are uplifting and satisfying. Those influenced by \nrajas\n are agitated by the desires of their senses and mind. The intention behind their works is primarily self-aggrandizement and sense-gratification for themselves and their dependents. Thus, their works lead to the enjoyment of sense pleasures, which further fuels their sensual desires. Those who are predominated by \ntamas\n have no respect for scriptural injunctions and codes of conduct. They commit sinful deeds to relish perverse pleasures, which only result in further immersing them in delusion.\n\n","meaning":" 14.16:\r\n                            It is said the fruit of actions performed in the mode of goodness bestow pure results. Actions done in the mode of passion result in pain, while those performed in the mode of ignorance result in darkness.","wordMeanings":""},{"id":17,"title":"14.17","content":"","type":"verse","passage":"सत्त्वात्सञ्जायते ज्ञानं रजसो लोभ एव च |प्रमादमोहौ तमसो भवतोऽज्ञानमेव च || 17||","commentary":"Having mentioned the variation in the results that accrue from the three \nguṇas\n, Shree Krishna now gives the reason for this. \nSattva guṇa\n gives rise to wisdom, which confers the ability to discriminate between right and wrong. It also pacifies the desires of the senses for gratification, and creates a concurrent feeling of happiness and contentment. People influenced by it are inclined toward intellectual pursuits and virtuous ideas. Thus, the mode of goodness promotes wise actions. \nRajo guṇa\n inflames the senses, and puts the mind out of control, sending it into a spin of ambitious desires. The living being is trapped by it and over-endeavors for wealth and pleasures that are meaningless from the perspective of the soul. \nTamo guṇa\n covers the living being with inertia and nescience. Shrouded in ignorance, a person performs wicked and impious deeds and bears consequent results.\n\n","meaning":" 14.17:\r\n                            From the mode of goodness arises knowledge, from the mode of passion arises greed, and from the mode of ignorance arise negligence and delusion.","wordMeanings":""},{"id":18,"title":"14.18","content":"","type":"verse","passage":"ऊर्ध्वं गच्छन्ति सत्त्वस्था मध्ये तिष्ठन्ति राजसा: |जघन्यगुणवृत्तिस्था अधो गच्छन्ति तामसा: || 18||","commentary":"Shree Krishna explains that the reincarnation of the souls in their next birth is linked to the \nguṇas\n that predominates their personality. Upon completion of their sojourn in the present life, the souls reach the kind of place that corresponds to their \nguṇas\n. This can be compared to students applying for college admission after completing school. There are many colleges in the country. Those students with good qualifying criteria at the school level gain admission in the best colleges, while those with poor grades and other scores are admitted to the worst ones. Likewise, the Bhāgavatam says:\nsattve pralīnāḥ svar yānti nara-lokaṁ rajo-layāḥ\ntamo-layās tu nirayaṁ yānti mām eva nirguṇāḥ\n (11.25.22)[v2]\n“Those who are in \nsattva guṇa\n reach the higher celestial abodes; those who are in \nrajo guṇa\n return to the earth planet; and those who are in \ntamo guṇa\n go to the nether worlds; while those who are transcendental to the three modes attain Me.”\n\n","meaning":" 14.18:\r\n                            Those situated in the mode of goodness rise upward; those in the mode of passion stay in the middle; and those in the mode of ignorance go downward.","wordMeanings":""},{"id":19,"title":"14.19","content":"","type":"verse","passage":"नान्यं गुणेभ्य: कर्तारं यदा द्रष्टानुपश्यति |गुणेभ्यश्च परं वेत्ति मद्भावं सोऽधिगच्छति || 19||","commentary":"Having revealed the complex workings of the three \nguṇas\n, Shree Krishna now shows the simple solution for breaking out of their bondage. All the living entities in the world are under the grip of the three \nguṇas\n, and hence the \nguṇas\n are the active agents in all the works being done in the world. But the Supreme Lord is beyond them. Therefore, he is called \ntri-guṇātīt\n (transcendental to the modes of material nature). Similarly, all the attributes of God—his names, forms, virtues, pastimes, abodes, saints—are also \ntri-guṇātīt\n.\nIf we attach our mind to any personality or object within the realm of the three \nguṇas\n, it results in increasing their corresponding color on our mind and intellect. However, if we attach our mind to the divine realm, it transcends the \nguṇas\n and becomes divine. Those who understand this principle start loosening their relationship with worldly objects and people, and strengthening it, through \nbhakti\n, with God and the Guru. This enables them to transcend the three \nguṇas\n, and attain the divine nature of God. This is further elaborated in verse 14.26.\n\n","meaning":" 14.19:\r\n                            When wise persons see that in all work there is no agent of action other than the three guṇas, and they know Me to be transcendental to these guṇas, they attain My divine nature.","wordMeanings":""},{"id":20,"title":"14.20","content":"","type":"verse","passage":"गुणानेतानतीत्य त्रीन्देही देहसमुद्भवान् |जन्ममृत्युजरादु:खैर्विमुक्तोऽमृतमश्रुते || 20||","commentary":"If we drink water from a dirty well, we are bound to get a stomach upset. Similarly, if we are influenced by the three modes, we are bound to experience their consequences, which are repeated birth within the material realm, disease, old age, and death. These four are the primary miseries of material life. It was by seeing these that the Buddha first realized that the world is a place of misery, and then searched for the way out of misery.\nThe Vedas prescribe a number of codes of conduct, social duties, rituals, and regulations for human beings. These prescribed duties and codes of conduct are together called \nkarm dharma\n, or \nvarṇāśhram\n\n\n### dharma\n, or \nśhārīrik\n\n\ndharma\n. They help elevate us from \ntamo guṇa\n and \nrajo guṇa\n to \nsattva guṇa\n. However, to reach \nsattva guṇa\n is not enough; it is also a form of bondage. The mode of goodness can be equated to being fettered with chains of gold. Our goal lies even beyond it—to get out of the prison house of material existence.\nShree Krishna explains that when we transcend the three modes, then Maya no longer binds the living being. Thus, the soul gets released from the cycle of life and death and attains immortality. Factually, the soul is always immortal. However, its identification with the material body makes it suffer the illusion of birth and death. This illusory experience is against the eternal nature of the soul, which seeks release from it. Hence, the material illusion is naturally discomforting to our inner being and, from within, we all seek the taste of immortality.\n\n","meaning":" 14.20:\r\n                            By transcending the three modes of material nature associated with the body, one becomes free from birth, death, old age, and misery, and attains immortality.","wordMeanings":""},{"id":21,"title":"14.21","content":"","type":"verse","passage":"अर्जुन उवाच |कैर्लिङ्गैस्त्रीन्गुणानेतानतीतो भवति प्रभो |किमाचार: कथं चैतांस्त्रीन्गुणानतिवर्तते || 21||","commentary":"Arjun heard from Shree Krishna about transcending the three \nguṇas\n. So, now he asks three questions in relation to the \nguṇas\n. The word \nliṅgais\n means “symptoms.” His first question is: “What are the symptoms of those who have transcended the three \nguṇas\n?” The word \nāchāraḥ\n means “conduct.” Arjun’s second question is: “In what manner do such transcendentalists conduct themselves?” The word \nativartate\n means “transcend.” The third question he asks is: “How does one transcend the three \nguṇas\n?” \nShree Krishna answers his questions systematically.\n\n","meaning":" 14.21:\r\n                            Arjun inquired: What are the characteristics of those who have gone beyond the three guṇas, O Lord? How do they act? How do they go beyond the bondage of the guṇas?","wordMeanings":""},{"id":22,"title":"14.22","content":"","type":"verse","passage":"श्रीभगवानुवाच |प्रकाशं च प्रवृत्तिं च मोहमेव च पाण्डव |न द्वेष्टि सम्प्रवृत्तानि न निवृत्तानि काङ् क्षति || 22||उदासीनवदासीनो गुणैर्यो न विचाल्यते |गुणा वर्तन्त इत्येवं योऽवतिष्ठति नेङ्गते || 23||","commentary":"Shree Krishna now clarifies the traits of those who have transcended the three \nguṇas\n. They are not disturbed when they see the \nguṇas\n functioning in the world, and their effects manifesting in persons, objects, and situations around them. Illumined persons do not hate ignorance when they see it, nor get implicated in it. Worldly-minded become overly concerned with the condition of the world. They spend their time and energy brooding about the state of things in the world. The enlightened souls also strive for human welfare, but they do so because it is their nature to help others. At the same time, they realize that the world is ultimately in the hands of God. They simply have to do their duty to the best of their ability, and leave the rest in the hands of God. Having come into God’s world, our first duty is how to purify ourselves. Then, with a pure mind, we will naturally do good and beneficial works in the world, without allowing worldly situations to bear too heavily upon us. As Mahatma Gandhi said: “Be the change that you wish to see in the world.”\n\n\nShree Krishna explains that persons of illumination, who know themselves to be transcendental to the functioning of the modes, are neither miserable nor jubilant when the modes of nature perform their natural functions in the world. In fact, even when they perceive these \nguṇas\n in their mind, they do not feel disturbed. The mind is made from the material energy, and thus contains the three modes of Maya. So it is natural for the mind to be subjected to the influence of the \nguṇas\n, and their corresponding thoughts. The problem is that in bodily consciousness we do not see the mind as different from ourselves. And so, when the mind presents a disturbing thought, we feel, “Oh! I am thinking in this negative manner.” We begin to associate with the poisonous thoughts, allowing them to reside in us and damage us spiritually. To the extent that even if the mind presents a thought against God and Guru, we accept the thought as ours. If, at that time, we could see the mind as separate from us, we would be able to dissociate ourselves from negative thoughts. We would then reject the thoughts of the mind, “I will have nothing to do with any thought that is not conducive to my devotion.” Persons on the transcendental platform have mastered the art of distancing themselves from all negative thoughts arising in the mind from the flow of the \nguṇas\n.\n\n","meaning":" 14.22-23:\r\n                            The Supreme Divine Personality said: O Arjun, The persons who are transcendental to the three guṇas neither hate illumination (which is born of sattva), nor activity (which is born of rajas), nor even delusion (which is born of tamas), when these are abundantly present, nor do they long for them when they are absent. They remain neutral to the modes of nature and are not disturbed by them. Knowing it is only the guṇas that act, they stay established in the self, without wavering.","wordMeanings":""},{"id":23,"title":"14.23","content":"","type":"verse","passage":"श्रीभगवानुवाच |प्रकाशं च प्रवृत्तिं च मोहमेव च पाण्डव |न द्वेष्टि सम्प्रवृत्तानि न निवृत्तानि काङ् क्षति || 22||उदासीनवदासीनो गुणैर्यो न विचाल्यते |गुणा वर्तन्त इत्येवं योऽवतिष्ठति नेङ्गते || 23||","commentary":"Shree Krishna now clarifies the traits of those who have transcended the three \nguṇas\n. They are not disturbed when they see the \nguṇas\n functioning in the world, and their effects manifesting in persons, objects, and situations around them. Illumined persons do not hate ignorance when they see it, nor get implicated in it. Worldly-minded become overly concerned with the condition of the world. They spend their time and energy brooding about the state of things in the world. The enlightened souls also strive for human welfare, but they do so because it is their nature to help others. At the same time, they realize that the world is ultimately in the hands of God. They simply have to do their duty to the best of their ability, and leave the rest in the hands of God. Having come into God’s world, our first duty is how to purify ourselves. Then, with a pure mind, we will naturally do good and beneficial works in the world, without allowing worldly situations to bear too heavily upon us. As Mahatma Gandhi said: “Be the change that you wish to see in the world.”\n\n\nShree Krishna explains that persons of illumination, who know themselves to be transcendental to the functioning of the modes, are neither miserable nor jubilant when the modes of nature perform their natural functions in the world. In fact, even when they perceive these \nguṇas\n in their mind, they do not feel disturbed. The mind is made from the material energy, and thus contains the three modes of Maya. So it is natural for the mind to be subjected to the influence of the \nguṇas\n, and their corresponding thoughts. The problem is that in bodily consciousness we do not see the mind as different from ourselves. And so, when the mind presents a disturbing thought, we feel, “Oh! I am thinking in this negative manner.” We begin to associate with the poisonous thoughts, allowing them to reside in us and damage us spiritually. To the extent that even if the mind presents a thought against God and Guru, we accept the thought as ours. If, at that time, we could see the mind as separate from us, we would be able to dissociate ourselves from negative thoughts. We would then reject the thoughts of the mind, “I will have nothing to do with any thought that is not conducive to my devotion.” Persons on the transcendental platform have mastered the art of distancing themselves from all negative thoughts arising in the mind from the flow of the \nguṇas\n.\n\n","meaning":" 14.22-23:\r\n                            The Supreme Divine Personality said: O Arjun, The persons who are transcendental to the three guṇas neither hate illumination (which is born of sattva), nor activity (which is born of rajas), nor even delusion (which is born of tamas), when these are abundantly present, nor do they long for them when they are absent. They remain neutral to the modes of nature and are not disturbed by them. Knowing it is only the guṇas that act, they stay established in the self, without wavering.","wordMeanings":""},{"id":24,"title":"14.24","content":"","type":"verse","passage":"समदु:खसुख: स्वस्थ: समलोष्टाश्मकाञ्चन: |तुल्यप्रियाप्रियो धीरस्तुल्यनिन्दात्मसंस्तुति: || 24||मानापमानयोस्तुल्यस्तुल्यो मित्रारिपक्षयो: |सर्वारम्भपरित्यागी गुणातीत: स उच्यते || 25||","commentary":"Like God, the soul too is beyond the three \nguṇas\n. In bodily consciousness, we identify with the pain and pleasures of the body, and consequently vacillate between the emotions of elation and dejection. But those who are established on the transcendental platform of the self do not identify either with the happiness or the distress of the body. Such self-realized mystics do perceive the dualities of the world but remain unaffected by them. Thus, they become \nnirguṇa\n (beyond the influence of the \nguṇas\n). This gives them an equal vision, with which they see a piece of stone, a lump of earth, gold, favorable and unfavorable situations, criticisms and glorifications as all the same.\n\n","meaning":" 14.24-25:\r\n                            Those who are alike in happiness and distress; who are established in the self; who look upon a clod, a stone, and a piece of gold as of equal value; who remain the same amidst pleasant and unpleasant events; who are intelligent; who accept both blame and praise with equanimity; who remain the same in honor and dishonor; who treat both friend and foe alike; and who have abandoned all enterprises – they are said to have risen above the three guṇas.","wordMeanings":""},{"id":25,"title":"14.25","content":"","type":"verse","passage":"समदु:खसुख: स्वस्थ: समलोष्टाश्मकाञ्चन: |तुल्यप्रियाप्रियो धीरस्तुल्यनिन्दात्मसंस्तुति: || 24||मानापमानयोस्तुल्यस्तुल्यो मित्रारिपक्षयो: |सर्वारम्भपरित्यागी गुणातीत: स उच्यते || 25||","commentary":"Like God, the soul too is beyond the three \nguṇas\n. In bodily consciousness, we identify with the pain and pleasures of the body, and consequently vacillate between the emotions of elation and dejection. But those who are established on the transcendental platform of the self do not identify either with the happiness or the distress of the body. Such self-realized mystics do perceive the dualities of the world but remain unaffected by them. Thus, they become \nnirguṇa\n (beyond the influence of the \nguṇas\n). This gives them an equal vision, with which they see a piece of stone, a lump of earth, gold, favorable and unfavorable situations, criticisms and glorifications as all the same.\n\n","meaning":" 14.24-25:\r\n                            Those who are alike in happiness and distress; who are established in the self; who look upon a clod, a stone, and a piece of gold as of equal value; who remain the same amidst pleasant and unpleasant events; who are intelligent; who accept both blame and praise with equanimity; who remain the same in honor and dishonor; who treat both friend and foe alike; and who have abandoned all enterprises – they are said to have risen above the three guṇas.","wordMeanings":""},{"id":26,"title":"14.26","content":"","type":"verse","passage":"मां च योऽव्यभिचारेण भक्तियोगेन सेवते |स गुणान्समतीत्यैतान्ब्रह्मभूयाय कल्पते || 26||","commentary":"Having explained the traits of those who are situated beyond the three \nguṇas\n, Shree Krishna now reveals the one and only method of transcending these modes of material nature. The above verse indicates that mere knowledge of the self and its distinction with the body is not enough. With the help of \nbhakti\n yog, the mind has to be fixed on the Supreme Lord, Shree Krishna. Then alone will the mind become \nnirguṇa\n (untouched by the three modes), just as Shree Krishna is \nnirguṇa\n.\nMany people are of the view that if the mind is fixed upon the personal form of God, it will not rise to the transcendental platform. Only when it is attached to the formless \nBrahman\n, will the mind become transcendental to the modes of material nature. However, this verse refutes such a view. Although the personal form of God possesses infinite \nguṇas\n (qualities), these are all divine and beyond the modes of material nature. Hence, the personal form of God is also \nnirguṇa\n (beyond the three material modes). Sage Ved Vyas explains how the personal form of God is \nnirguṇa\n:\nyastu nirguṇa ityuktaḥ śhāstreṣhu jagadīśhvaraḥ\nprākṛitairheya sanyuktairguṇairhīnatvamuchyate\n (Padma Purāṇ)[v3]\n“Wherever the scriptures refer to God as \nnirguṇa\n (without attributes), they mean that he is without material attributes. Nevertheless, his divine personality is not devoid of qualities—he possesses infinite divine attributes.”\nThis verse also reveals the proper object of meditation. Transcendental meditation does not mean to meditate upon nothingness. The entity transcendental to the three modes of material nature is God. And so, only when the object of our meditation is God can it truly be called transcendental meditation.\n\n","meaning":" 14.26:\r\n                            Those who serve Me with unalloyed devotion rise above the three modes of material nature and come to the level of the Brahman.","wordMeanings":""},{"id":27,"title":"14.27","content":"","type":"verse","passage":"ब्रह्मणो हि प्रतिष्ठाहममृतस्याव्ययस्य च |शाश्वतस्य च धर्मस्य सुखस्यैकान्तिकस्य च || 27||","commentary":"The previous verse may give rise to the question about the relationship between Shree Krishna and the formless \nBrahman\n. It was previously stated that the all-powerful God has both aspects to his personality—the formless and the personal form. Here, Shree Krishna reveals that the \nBrahman\n which the \njñānīs\n worship is the light from the personal form of God. Padma Purāṇ states:\nyannakhenduruchirbrahma dhyeyaṁ brahmādibhiḥ suraiḥ\nguṇatrayamatītaṁ taṁ vande vṛindāvaneśhvaram\n(Patal Khand 77.60)[v4]\n“The light that emanates from the toe nails of the feet of the Lord of Vrindavan, Shree Krishna, is the transcendental \nBrahman\n that the \njñānīs\n and even the celestial gods meditate upon.” Similarly, Chaitanya Mahaprabhu said:\ntāñhāra aṅgera śhuddha kiraṇa-maṇḍala\nupaniṣhat kahe tāñre brahma sunirmala\n(Chaitanya Charitāmṛit, Ādi Leela 2.12) [v5]\n“The effulgence emanating from the divine body of God is described by the Upaniṣhads as \nBrahman\n.” Thus, in this verse, Shree Krishna unequivocally confirms that the panacea for the disease of the three \nguṇas\n is to engage in unwavering devotion to the personal form of the Supreme Lord.\n\n","meaning":" 14.27:\r\n                            I am the basis of the formless Brahman, the immortal and imperishable, of eternal dharma, and of unending divine bliss.","wordMeanings":""}]}