{"id":4,"title":"Path of Knowledge and Action","description":"","sectionCount":42,"tags":[],"contentId":"102","sections":[{"id":1,"title":"4.1","content":"","type":"verse","passage":"श्रीभगवानुवाच |इमं विवस्वते योगं प्रोक्तवानहमव्ययम् |विवस्वान्मनवे प्राह मनुरिक्ष्वाकवेऽब्रवीत् || 1||","commentary":"Merely imparting invaluable knowledge to someone is not enough. The recipients of that knowledge must appreciate its value and have faith in its authenticity. Only then will they put in the effort required to implement it practically in their lives. In this verse, Shree Krishna establishes the credibility and importance of the spiritual wisdom he is bestowing on Arjun. Shree Krishna informs Arjun that the knowledge being imparted unto him is not newly created for the convenience of motivating him into battle. It is the same eternal science of Yog that he originally taught to Vivasvan, or Surya, Sun God, who imparted it to Manu, the original progenitor of humankind; Manu in turn taught it to Ikshvaku, first king of the Solar dynasty. This is the descending process of knowledge, where someone who is a perfect authority on the knowledge passes it down to another who wishes to know.\nIn contrast to this is the ascending process of acquiring knowledge, where one endeavors to enhance the frontiers of understanding through self-effort. The ascending process is laborious, imperfect, and time-consuming. For example, if we wish to learn Physics, we could either try to do it by the ascending process, where we speculate about its principles with our own intellect and then reach conclusions, or we could do it by the descending process, where we approach a good teacher of the subject. The ascending process is exceedingly time-consuming, and we may not even be able to complete the inquiry in our lifetime. We can also not be sure about the validity of our conclusions. In comparison, the descending process gives us instant access to the deepest secrets of Physics. If our teacher has perfect knowledge of Physics, then it is very straightforward—simply listen to the science from him and digest what he says. This descending process of receiving knowledge is both easy and faultless.\nEvery year, thousands of self-help books are released in the market, which present the authors’ solutions to the problems encountered in life. These books may be helpful in a limited way, but because they are based upon the ascending process of attaining knowledge, they are imperfect. Every few years, a new theory comes along that overthrows the current ones. This ascending process is unsuitable for knowing the Absolute Truth. Divine knowledge does not need to be created by self-effort. It is the energy of God, and has existed ever since he has existed, just as heat and light are as old as the fire from which they emanate.\nGod and the individual soul are both eternal, and so the science of Yog that unites the soul and God is also eternal. There is no need to speculate and formulate new theories about it. An amazing endorsement of this truism is the \nBhagavad Gita\n itself, which continues to astound people with the sagacity of its perennial wisdom that remains relevant to our daily lives even fifty centuries after it was spoken. Shree Krishna states here that the knowledge of Yog, which he is revealing to Arjun, is eternal and it was passed down in ancient times through the descending process, from Guru to disciple.\n\n","meaning":" 4.1:\r\n                            The Supreme Lord Shree Krishna said: I taught this eternal science of Yog to the Sun God, Vivasvan, who passed it on to Manu; and Manu, in turn, instructed it to Ikshvaku.","wordMeanings":""},{"id":2,"title":"4.2","content":"","type":"verse","passage":"एवं परम्पराप्राप्तमिमं राजर्षयो विदु: |स कालेनेह महता योगो नष्ट: परन्तप || 2||","commentary":"In the descending process of receiving divine knowledge, the disciple understands the science of God-realization from the Guru, who in turn received it from his Guru. It was in such a tradition that saintly kings like Nimi and Janak understood the science of Yog. This tradition starts from God himself, who is the first Guru of the world.\ntene brahma hṛidā ya ādi-kavaye muhyanti yat sūrayaḥ \n (Bhāgavatam 1.1.1)[v1]\nGod revealed this knowledge at the beginning of creation in the heart of the first-born Brahma, and the tradition continued from him. Shree Krishna stated in the last verse that he also revealed this knowledge to the Sun God, Vivasvan, from whom the tradition continued as well. However, the nature of this material world is such, that with the passage of time, this knowledge got lost. Materially-minded and insincere disciples interpret the teachings according to their blemished perspectives. Within a few generations, its pristine purity is contaminated. When this happens, by his causeless grace, God reestablishes the tradition for the benefit of humankind. He may do so, either by himself descending in the world, or through a great God-realized Saint, who becomes a conduit for God’s work on Earth.\nJagadguru Shree Kripaluji Maharaj, who is the fifth original Jagadguru in Indian history, is such a God-inspired Saint who has reestablished the ancient knowledge in modern times. When he was only thirty-four years old, the Kashi Vidvat Parishat, the supreme body of 500 Vedic scholars in the holy city of Kashi, honored him with the title of Jagadguru, or “Spiritual Master of the world.” He became the fifth Saint in Indian history to receive the original title of Jagadguru, after Jagadguru Shankaracharya, Jagadguru Nimbarkacharya, Jagadguru Ramanujacharya, and Jagadguru Madhvacharya. This commentary on the \nBhagavad Gita\n has been written based upon its insightful understanding, as revealed to me by Jagadguru Shree Kripaluji Maharaj.\n\n","meaning":" 4.2:\r\n                            O subduer of enemies, the saintly kings thus received this science of Yog in a continuous tradition. But with the long passage of time, it was lost to the world.","wordMeanings":""},{"id":3,"title":"4.3","content":"","type":"verse","passage":"स एवायं मया तेऽद्य योग: प्रोक्त: पुरातन: |भक्तोऽसि मे सखा चेति रहस्यं ह्येतदुत्तमम् || 3||","commentary":"Shree Krishna tells Arjun that the ancient science being imparted to him is an uncommonly known secret. Secrecy in the world is maintained for two reasons: either due to selfishness in keeping the truth to oneself, or to protect the abuse of knowledge. The science of Yog remains a secret, not for either of these reasons, but because it requires a qualification to be understood. That qualification is revealed in this verse as devotion. The deep message of the \nBhagavad Gita\n is not amenable to being understood merely through scholasticism or mastery of the Sanskrit language. It requires devotion, which destroys the subtle envy of the soul toward God and enables us to accept the humble position as his tiny parts and servitors.\nArjun was a fit student of this science because he was a devotee of the Lord. Devotion to God can be practiced in any of the five sequentially higher \nbhāvas\n, or sentiments: 1) \nŚhānt bhāv\n: adoring God as our King. 2) \nDāsya bhav\n: the sentiment of servitude toward God as our Master. 3) \nSakhya bhāv\n: considering God as our Friend. 4) \nVātsalya bhāv\n: considering God as our Child. 5) \nMādhurya bhāv\n: worshipping God as our Soul-beloved. Arjun worshipped God as his Friend, and so Shree Krishna speaks to him as his friend and devotee.\nWithout a devotional heart, one cannot truly grasp the message of the Bhagavad Gita. This verse also invalidates the commentaries on the Bhagavad Gita written by scholars, \njñānīs, yogis, tapasvīs,\n etc., who lack \nbhakti\n (devotion) toward God. According to this verse, since they are not devotees, they cannot comprehend the true import of the supreme science that was revealed to Arjun, and hence their commentaries are inaccurate and/or incomplete.\n\n","meaning":" 4.3:\r\n                            The same ancient knowledge of Yog, which is the supreme secret, I am today revealing unto you, because you are My friend as well as My devotee, who can understand this transcendental wisdom.","wordMeanings":""},{"id":4,"title":"4.4","content":"","type":"verse","passage":"अर्जुन उवाच |अपरं भवतो जन्म परं जन्म विवस्वत: |कथमेतद्विजानीयां त्वमादौ प्रोक्तवानिति || 4||","commentary":"Arjun is puzzled by the apparent incongruity of events in Shree Krishna’s statement. The Sun god has been present since almost the beginning of creation, while Shree Krishna has only recently been born in the world. If Shree Krishna is the son of Vasudev and Devaki, then his statement that he taught this science to Vivasvan, the Sun god appears inconsistent to Arjun, and he inquires about it. \nArjun’s question invites an exposition on the concept of the divine descension of God, and Shree Krishna responds to it in the subsequent verses.\n\n","meaning":" 4.4:\r\n                            Arjun said: You were born much after Vivasvan. How am I to understand that in the beginning You instructed this science to him?","wordMeanings":""},{"id":5,"title":"4.5","content":"","type":"verse","passage":"श्रीभगवानुवाच |बहूनि मे व्यतीतानि जन्मानि तव चार्जुन |तान्यहं वेद सर्वाणि न त्वं वेत्थ परन्तप || 5||","commentary":"Shree Krishna explains that merely because he is standing before Arjun in the human form, he should not be equated with human beings. The president of a country sometimes decides to visit the prison, but if we see the president standing in the jail, we do not erroneously conclude that he is also a convict. We know that he is in the jail merely for an inspection. Similarly, God sometimes descends in the material world, but he is never divested of his divine attributes and powers.\nIn his commentary upon this verse, Shankaracharya states: \nyā vāsudeve anīśhvarāsarvajñāśhaṅkā mūrkhāṇāṁ tāṁ pariharan śhrī-bhagavān uvācha \n(\nŚhārīrak Bhāṣhya\n on verse 4.5)[v2]\n\n\n“This verse has been spoken by Shree Krishna to refute foolish people who doubt that he is not God.” Non-believers argue that Shree Krishna too was born like the rest of us, and he ate, drank, slept, like we all do, and so he could not have been God. Here, Shree Krishna emphasizes the difference between the soul and God by stating that although he descends in the world innumerable times, he still remains omniscient, unlike the soul whose knowledge is finite.\nThe individual soul and the Supreme Soul, God, have many similarities—both are \nsat-chit-ānand\n (eternal, sentient, and blissful). However, there are also many differences. God is all-pervading, while the soul only pervades the body it inhabits; God is all-powerful, while the soul does not even have the power to liberate itself from Maya without God’s grace; God is the creator of the laws of nature, while the soul is subject to these laws; God is the upholder of the entire creation, while the soul is upheld by him; God is all-knowing, while the soul does not have complete knowledge even in one subject.\nShree Krishna calls Arjun in this verse as “Parantapa,” meaning “subduer of the enemies.” He implies, “Arjun, you are a valiant warrior who has slayed so many powerful enemies. Now, do not accept defeat before this doubt that has crept into your mind. Use the sword of knowledge that I am giving you to slay it and be situated in wisdom.”\n\n","meaning":" 4.5:\r\n                            The Supreme Lord said: Both you and I have had many births, O Arjun. You have forgotten them, while I remember them all, O Parantapa.","wordMeanings":""},{"id":6,"title":"4.6","content":"","type":"verse","passage":"अजोऽपि सन्नव्ययात्मा भूतानामीश्वरोऽपि सन् |प्रकृतिं स्वामधिष्ठाय सम्भवाम्यात्ममायया || 6||","commentary":"Many people revolt at the idea of a God who possesses a form. They are more comfortable with a formless God, who is all-pervading, incorporeal, and subtle. God is definitely incorporeal and formless, but that does not mean that he cannot simultaneously have a form as well. Since God is all-powerful, he has the power to manifest in a form if he wishes. If someone stipulates that God cannot have a form, it means that person does not accept him as all-powerful. Thus to say, “God is formless,” is an incomplete statement. On the other hand, to say, “God manifests in a personal form,” is also only a partial truth. The all-powerful God has both aspects to his divine personality—the personal form and the formless aspect. Hence, the Bṛihadāraṇyak Upaniṣhad states:\ndwe vāva brahmaṇo rūpe mūrtaṁ chaiva amūrtaṁ cha \n (2.3.1)[v3]\n“God appears in both ways—as the formless \nBrahman\n and as the personal God.” They are both dimensions of his personality.\nIn fact, the individual soul also has these two dimensions to its existence. It is formless, and hence, when it leaves the body upon death, it cannot be seen. Yet it takes on a body—not once, but innumerable times—as it transmigrates from birth to birth. When the tiny soul is able to possess a body, can the all-powerful God not have a form? Or is it that God says, “I do not have the power to manifest in a form, and hence I am only a formless light.” For him to be perfect and complete, he must be both personal and formless.\nThe difference is that while our form is created from the material energy, Maya, God’s form is created by his divine energy, \nYogmaya\n. It is thus divine, and beyond material defects. This has been nicely stated in the Padma Purāṇ:\nyastu nirguṇa ityuktaḥ śhāstreṣhu jagadīśhvaraḥ\nprākṛitairheya sanyuktairguṇairhīnatvamuchyate \n [v4]\n“Wherever the Vedic scriptures state that God does not have a form, they imply that his form is not subject to the blemishes of the material energy; rather, it is a divine form.”\n\n","meaning":" 4.6:\r\n                            Although I am unborn, the Lord of all living entities, and have an imperishable nature, yet I appear in this world by virtue of Yogmaya, My divine power.","wordMeanings":""},{"id":7,"title":"4.7","content":"","type":"verse","passage":"यदा यदा हि धर्मस्य ग्लानिर्भवति भारत |अभ्युत्थानमधर्मस्य तदात्मानं सृजाम्यहम् || 7||","commentary":"Dharma\n is verily the prescribed actions that are conducive to our spiritual growth and progress; the reverse of this is \nadharma\n (unrighteousness). When unrighteousness prevails, the creator and administrator of the world intervenes by descending and reestablishing \ndharma\n. Such a descension of God is called an \nAvatār\n. The word “Avatar” has been adopted from Sanskrit into English and is commonly used for people’s images on the media screen. In this text, we will be using it in its original Sanskrit connotation, to refer to the divine descension of God. Twenty four such descensions have been listed in the Śhrīmad Bhāgavatam. However, the Vedic scriptures state that there are innumerable descensions of God:\njanma-karmābhidhānāni santi me ’ṅga sahasraśhaḥ\nna śhakyante ’nusaṅkhyātum anantatvān mayāpi hi\n(Bhāgavatam 10.51.37)[v5]\n“Nobody can count the infinite Avatars of God since the beginning of eternity.” These Avatars are classified in four categories, as stated below:\n1. \nĀveśhāvatār\n—when God manifests his special powers in an individual soul and acts through him. The sage Narad is an example of \nĀveśhāvatār\n. The Buddha is also an example of \nĀveśhāvatār\n.\n2. \nPrābhavāvatār\n—these are the descensions of God in the personal form, where he displays some of his divine powers. \nPrābhavāvatārs\n are also of two kinds:\na) Where God reveals himself only for a few moments, completes his work, and then departs. Hansavatar is an example of this, where God manifested before the Kumaras, answered their question, and left.\nb) Where the Avatar remains on the earth for many years. Ved Vyas, who wrote the eighteen Puranas and the Mahabharat, and divided the Vedas into four parts, is an example of such an Avatar.\n3. \nVaibhavāvatār\n—when God descends in his divine form, and manifests more of his divine powers. Matsyavatar, Kurmavatar, Varahavatar are all examples of \nVaibhavāvatār\n.\n4. \nParāvasthāvatār\n—when God manifests all his divine powers in his personal divine form. Shree Krishna, Shree Ram, and Nrisinghavatar are all \nParāvasthāvatār\n.\nThis classification does not imply that any one \nAvatār\n is bigger than the other. Ved Vyas, who is himself an \nAvatār\n, clearly states this: \nsarve pūrṇāḥ śhāśhvatāśhcha dehāstasya paramātmanaḥ \n(Padma Purāṇ)[v6] “All the descensions of God are replete with all divine powers; they are all perfect and complete.” Hence, we should not differentiate one Avatar as bigger and another as smaller. However, in each descension, God manifests his powers based on the objectives he wishes to accomplish during that particular descension. The remaining powers reside latently within the Avatar. Hence, the above classifications were created.\n\n","meaning":" 4.7:\r\n                            Whenever there is a decline in righteousness and an increase in unrighteousness, O Arjun, at that time I manifest Myself on earth.","wordMeanings":""},{"id":8,"title":"4.8","content":"","type":"verse","passage":"परित्राणाय साधूनां विनाशाय च दुष्कृताम् |धर्मसंस्थापनार्थाय सम्भवामि युगे युगे || 8||","commentary":"Having stated in the last verse that God descends in the world, he now states the three reasons for doing so: 1) To annihilate the wicked. 2) To protect the pious. 3) To establish dharma. However, if we closely study these three points, none of the three reasons seem very convincing:\nTo protect the righteous.\n God is seated in the hearts of his devotees, and always protects them from within. There is no need to take an Avatar for this purpose.\nTo annihilate the wicked.\n God is all-powerful, and can kill the wicked merely by wishing it. Why should he have to take an Avatar to accomplish this?\nTo establish dharma. \n Dharma is eternally described in the Vedas. God can reestablish it through a Saint; he does not need to descend himself, in his personal form, to accomplish this.\nHow then do we make sense of the reasons that have been stated in this verse? Let’s delve a little deeper to grasp the import of what Shree Krishna is stating.\nThe biggest dharma that the soul can engage in is devotion to God. That is what God strengthens by taking an \nAvatār\n. When God descends in the world, he reveals his divine forms, names, virtues, pastimes, abodes, and associates. This provides the souls with an easy basis for devotion. Since the mind needs a form to focus upon and to connect with, the formless aspect of God is very difficult to worship. On the other hand, devotion to the personal form of God is easy for people to comprehend, simple to perform, and sweet to engage in.\nThus, since the descension of Lord Krishna 5,000 years ago, billions of souls have made his divine \nleelas\n (pastimes) as the basis of their devotion, and purified their minds with ease and joy. Similarly, the Ramayan has provided the souls with a popular basis for devotion for innumerable centuries. When the TV show, Ramayan, first began airing on Indian national television on Sunday mornings, all the streets of India would become empty. The pastimes of Lord Ram held such fascination for the people that they would be glued to their television sets to see the \nleelas\n on the screen. This reveals how Lord Ram’s descension provided the basis for devotion to billions of souls in history. The Ramayan says:\nrām eka tāpasa tiya tārī, nāma koṭi khala kumati sudhārī \n[v7]\n“In his descension period, Lord Ram helped only one Ahalya (Sage Gautam’s wife, whom Lord Ram released from the body of stone). However, since then, by chanting the divine name “Ram,” billions of fallen souls have elevated themselves.” So a deeper understanding of this verse is:\nTo establish dharma:\n God descends to establish the dharma of devotion by providing souls with his names, forms, pastimes, virtues, abodes, and associates, with the help of which they may engage in \nbhakti\n and purify their minds.\nTo kill the wicked:\n Along with God, to help facilitate his divine pastimes, some liberated Saints descend and pretend to be miscreants. For example, Ravan and Kumbhakarna were Jaya and Vijaya who descended from the divine abode of God. They pretended to be demons and opposed and fought with Ram. They could not have been killed by anyone else, since they were divine personalities. So, God slayed such demons as a part of his \nleelas\n. And having killed them, he sent them to his divine abode, since that was where they came from in the first place.\nTo protect the righteous:\n Many souls had become sufficiently elevated in their \nsādhanā\n (spiritual practice) to qualify to meet God face-to-face. When Shree Krishna descended in the world, these eligible souls got their first opportunity to participate in God’s divine pastimes. For example, some \ngopīs\n (cowherd women of Vrindavan, where Shree Krishna manifested his pastimes) were liberated souls who had descended from the divine abode to assist in Shree Krishna’s \nleelas\n. Other \ngopīs\n were materially bound souls who got their first chance to meet and serve God, and participate in his \nleelas\n. So when Shree Krishna descended in the world, such qualified souls got the opportunity to perfect their devotion by directly participating in the pastimes of God.\nThis is the deeper meaning of the verse. However, it is not wrong if someone wishes to cognize the verse more literally or metaphorically.\n\n","meaning":" 4.8:\r\n                            To protect the righteous, to annihilate the wicked, and to reestablish the principles of dharma I appear on this earth, age after age.","wordMeanings":""},{"id":9,"title":"4.9","content":"","type":"verse","passage":"जन्म कर्म च मे दिव्यमेवं यो वेत्ति तत्त्वत: |त्यक्त्वा देहं पुनर्जन्म नैति मामेति सोऽर्जुन || 9||","commentary":"Understand this verse in the light of the previous one. Our mind gets cleansed by engaging it in devotional remembrance of God. This devotion can either be toward the formless aspect of God or toward his personal form. Devotion toward the formless is intangible and nebulous to most people. They find nothing to focus upon or feel connected with during such devotional meditation. Devotion to the personal form of God is tangible and simple. Such devotion requires divine sentiments toward the personality of God. For people to engage in devotion to Shree Krishna, they must develop divine feelings toward his names, form, virtues, pastimes, abode, and associates. For example, people purify their minds by worshipping stone deities because they harbor the divine sentiments that God resides in these deities. It is these sentiments that purify the devotee’s mind. The progenitor Manu says:\nna kāṣhṭhe vidyate devo na śhilāyāṁ na mṛitsu cha\nbhāve hi vidyate devastasmātbhāvaṁ samācharet \n[v8]\n“God resides neither in wood nor in stone, but in a devotional heart. Hence, worship the deity with loving sentiments.”\nSimilarly, if we wish to engage in devotion toward Lord Krishna, we must learn to harbor divine sentiments toward his \nleelas\n. Those commentators who give a figurative interpretation to the Mahabharat and the \nBhagavad Gita\n, do grave injustice by destroying the basis of people’s faith in devotion toward Shree Krishna. In this verse, Shree Krishna has emphasized the need for divine sentiments toward his pastimes, for enhancing our devotion.\nTo develop such divine feelings, we must understand the difference between God’s actions and ours. We materially bound souls have not yet attained divine bliss, and hence the longing of our soul is not yet satiated. Thus, our actions are motivated by self-interest and the desire for personal fulfillment. However, God’s actions have no personal motive because he is perfectly satiated by the infinite bliss of his own personality. He does not need to achieve further personal bliss by performing actions. Therefore, whatever he does is for the welfare of the materially conditioned souls. Such divine actions that God performs are termed as \n“\nleelas\n”\n while the actions we perform are called “work.”\nSimilarly, God’s birth is also divine, and unlike ours, it does not take place from a mother’s womb. The all-Blissful God has no requirement to hang upside down in a mother’s womb. The Bhāgavatam states:\ntam adbhutaṁ bālakam ambujekṣhaṇaṁ\nchatur-bhujaṁ śhaṅkha gadādyudāyudham\n(10.3.9) [v9]\n“When Shree Krishna manifested upon birth before Vasudev and Devaki, he was in his four-armed Vishnu form.” This full-sized form could definitely not have resided in Devaki’s womb. However, to create in her the feeling that he was there, by his \nYogmaya\n power, he simply kept expanding Devaki’s womb. Finally, he manifested from the outside, revealing that he had never been inside her:\nāvirāsīd yathā prāchyāṁ diśhīndur iva puṣhkalaḥ\n(Bhāgavatam 10.3.8) [v10]\n“As the moon manifests in its full glory in the night sky, similarly the Supreme Lord Shree Krishna manifested before Devaki and Vasudev.” This is the divine nature of God’s birth. If we can develop faith in the divinity of his pastimes and birth, then we will be able to easily engage in devotion to his personal form, and attain the supreme destination.\n\n","meaning":" 4.9:\r\n                            Those who understand the divine nature of My birth and activities, O Arjun, upon leaving the body, do not have to take birth again, but come to My eternal abode.","wordMeanings":""},{"id":10,"title":"4.10","content":"","type":"verse","passage":"वीतरागभयक्रोधा मन्मया मामुपाश्रिता: |बहवो ज्ञानतपसा पूता मद्भावमागता: || 10||","commentary":"In the previous verse, Lord Krishna explained that those who truly know the divine nature of his birth and pastimes attain him. He now confirms that legions of human beings in all ages became God-realized by this means. They achieved this goal by purifying their minds through devotion. Shree Aurobindo put it very nicely: “You must keep the temple of the heart clean, if you wish to install therein the living presence.” The Bible states: “Blessed are the pure in heart, for they shall see God.” (Matthew 5.8) [v11]\nNow, how does the mind get purified? By giving up attachment, fear, and anger, and absorbing the mind in God. Actually, attachment is the cause of both fear and anger. Fear arises out of apprehension that the object of our attachment will be snatched away from us. And anger arises when there is an obstruction in attaining the object of our attachment. Attachment is thus the root cause of the mind getting dirty.\nThis world of Maya consists of the three modes of material nature—\nsattva, rajas,\n and \ntamas\n (goodness, passion, and ignorance). All objects and personalities in the world come within the realm of these three modes. When we attach our mind to a material object or person, our mind too becomes affected by the three modes. Instead, when we absorb the same mind in God, who is beyond the three modes of material nature, such devotion purifies the mind. Thus, the sovereign recipe to cleanse the mind from the defects of lust, anger, greed, envy, and illusion, is to detach it from the world and attach it to the Supreme Lord. Hence, the Ramayan states:\nprema bhagati jala binu raghurāī, abhiantara mala \nkabahuñ na jāī\n“Without devotion to God, the dirt of the mind will not be washed away.” Even the ardent propagator of \njñāna yog\n, Shankaracharya, stated:\nśhuddhayati hi nāntarātmā kṛiṣhṇapadāmbhoja bhaktimṛite \n(Prabodh Sudhākar)[v13]\n“Without engaging in devotion to the lotus feet of Lord Krishna, the mind will not be cleansed.”\nOn reading the previous verse, a question may arise whether Lord Krishna is partial in bestowing his grace upon those who absorb their minds in him versus the worldly-minded souls. The Supreme Lord addresses this in the next verse.\n\n","meaning":" 4.10:\r\n                            Being free from attachment, fear, and anger, becoming fully absorbed in Me, and taking refuge in Me, many persons in the past became purified by knowledge of Me, and thus attained My divine love.","wordMeanings":""},{"id":11,"title":"4.11","content":"","type":"verse","passage":"ये यथा मां प्रपद्यन्ते तांस्तथैव भजाम्यहम् |मम वर्त्मानुवर्तन्ते मनुष्या: पार्थ सर्वश: || 11||","commentary":"Here, Lord Krishna states that he reciprocates with everyone as they surrender to him. For those who deny the existence of God, he meets them in the form of the law of karma—he sits inside their hearts, notes their actions, and dispenses the results. But such atheists too cannot get away from serving him; they are obliged to serve God’s material energy, Maya, in its various apparitions, as wealth, luxuries, relatives, prestige, etc. Maya holds them under the sway of anger, lust, and greed. On the other hand, for those who turn their mind away from worldly attractions and look upon God as the goal and refuge, he takes care of them just as a mother takes care of her child.\nShree Krishna uses the word \nbhajāmi\n, which means “to serve.” He serves the surrendered souls, by destroying their accumulated karmas of endless lifetimes, cutting the bonds of Maya, removing the darkness of material existence, and bestowing divine bliss, divine knowledge, and divine love. And when the devotee learns to love God selflessly, he willingly enslaves himself to their love. Shree Ram thus tells Hanuman:\nekaikasyopakārasya prāṇān dāsyāmi te kape\nśheṣhasyehopakārāṇāṁ bhavām ṛiṇino vayaṁ\n(Vālmīki Ramayan)[v14]\n“O Hanuman, to release myself from the debt of one service you performed for me, I shall have to offer my life to you. For all the other devotional services done by you, I shall remain eternally indebted.” In this way, God reciprocates with everyone as they surrender to him.\nIf God is so merciful upon his devotees, why do some people worship the celestial gods instead? He explains in the following verse.\n\n","meaning":" 4.11:\r\n                            In whatever way people surrender unto Me, I reciprocate accordingly. Everyone follows My path, knowingly or unknowingly, O son of Pritha.","wordMeanings":""},{"id":12,"title":"4.12","content":"","type":"verse","passage":"काङ् क्षन्त: कर्मणां सिद्धिं यजन्त इह देवता: |क्षिप्रं हि मानुषे लोके सिद्धिर्भवति कर्मजा || 12||","commentary":"Persons who seek worldly gain worship the celestial gods and seek boons from them. The boons the celestial gods bestow are material and temporary, and they are given only by virtue of the power they have received from the Supreme Lord. There is a beautiful instructive story in this regard:\nSaint Farid went to the court of Emperor Akbar, a powerful king in Indian history. He waited in the court for an audience, while Akbar was praying in the next room. Farid peeped into the room to see what was going on, and was amused to hear Akbar praying to God for more powerful army, a bigger treasure chest, and success in battle. Without disturbing the king, Farid returned to the royal court.\nAfter completing his prayers, Akbar came and gave him audience. He asked the great Sage if there was anything that he wanted. Farid replied, “I came to ask the Emperor for things I required for my \nāśhram\n. However, I find that the Emperor is himself a beggar before the Lord. Then why should I ask him for any favors, and not directly from the Lord himself?”\nThe celestial gods give boons only by the powers bestowed upon them by the Supreme Lord. People with small understanding approach them, but those who are intelligent realize that there is no point in going to the intermediary and they approach the Supreme Lord for the fulfillment of their aspirations. \nPeople are of various kinds, possessing higher and lower aspirations. Shree Krishna now mentions four categories of qualities and works.\n\n","meaning":" 4.12:\r\n                            In this world, those desiring success in material activities worship the celestial gods, since material rewards manifest quickly.","wordMeanings":""},{"id":13,"title":"4.13","content":"","type":"verse","passage":"चातुर्वर्ण्यं मया सृष्टं गुणकर्मविभागश: |तस्य कर्तारमपि मां विद्ध्यकर्तारमव्ययम् || 13||","commentary":"The Vedas classify people into four categories of occupations, not according to their birth, but according to their natures. Such varieties of occupations exist in every society. Even in communist nations where equality is the overriding principle, the diversity in human beings cannot be smothered. There are the philosophers who are the communist party think-tanks, there are the military men who protect the country, there are the farmers who engage in agriculture, and there are the factory workers.\nThe Vedic philosophy explains this variety in a more scientific manner. It states that the material energy is constituted of three \nguṇas\n (modes): \nsattva guṇa\n (mode of goodness), \nrajo guṇa\n (mode of passion), and \ntamo guṇa\n (mode of ignorance). The Brahmins are those who have a preponderance of the mode of goodness. They are predisposed toward teaching and worship. The Kshatriyas are those who have a preponderance of the mode of passion mixed with a smaller amount of the mode of goodness. They are inclined toward administration and management. The Vaishyas are those who possess the mode of passion mixed with some mode of ignorance. Accordingly, they form the business and agricultural class. Then there are the Shudras, who are predominated by the mode of ignorance. They form the working class. This classification was neither meant to be according to birth, nor was it unchangeable. Shree Krishna explains in this verse that the classification of the \nVarṇāśhram\n system was according to people’s qualities and activities.\nAlthough God is the creator of the scheme of the world, yet he is the non-doer. This is similar to the rain. Just as rain water falls equally on the forest, yet from some seeds huge banyan trees sprout, from other seeds beautiful flowers bloom, and from some thorny bushes emerge. The rain, which is impartial, is not answerable for this difference. In the same way, God provides the souls with the energy to act, but they are free in determining what they wish to do with it; God is not responsible for their actions.\n\n","meaning":" 4.13:\r\n                            The four categories of occupations were created by Me according to people’s qualities and activities. Although I am the Creator of this system, know Me to be the Non-doer and Eternal.","wordMeanings":""},{"id":14,"title":"4.14","content":"","type":"verse","passage":"न मां कर्माणि लिम्पन्ति न मे कर्मफले स्पृहा |इति मां योऽभिजानाति कर्मभिर्न स बध्यते || 14||","commentary":"God is all-pure, and whatever he does also becomes pure and auspicious. The Ramayan states:\nsamaratha kahuñ nahiṅ doṣhu gosāīṅ, rabi pāvaka surasari kī nāīṅ. \n[v15]\n“Pure personalities are never tainted by defects even in contact with impure situations and entities, like the sun, the fire, and the Ganges.” The sun does not get tainted if sunlight falls on a puddle of urine. The sun retains its purity, while also purifying the dirty puddle. Similarly, if we offer impure objects into the fire, it still retains its purity—the fire is pure, and whatever we pour into it also gets purified. In the same manner, numerous gutters of rainwater merge into the holy Ganges, but this does not make the Ganges a gutter—the Ganges is pure and in transforms all those dirty gutters into the holy Ganges. Likewise, God is not tainted by the activities he performs.\nActivities bind one in karmic reactions when they are performed with the mentality of enjoying the results. However, God’s actions are not motivated by selfishness; his every act is driven by compassion for the souls. Therefore, although he administers the world directly or indirectly, and engages in all kinds of activities in the process, he is never tainted by any reactions. Lord Krishna states here that he is transcendental to the fruitive reactions of work.\nEven Saints who are situated in God-consciousness become transcendental to the material energy. Since all their activities are effectuated in love for God, such pure-hearted Saints are not bound by the fruitive reactions of work. The Śhrīmad Bhāgavatam states:\nyat pāda paṅkaja parāga niṣheva tṛiptā\nyoga prabhāva vidhutākhila karma bandhāḥ\nsvairaṁ charanti munayo ’pi na nahyamānās\ntasyechchhayātta vapuṣhaḥ kuta eva bandhaḥ\n(10.33.35) [v16]\n“Material activities never taint the devotees of God who are fully satisfied in serving the dust of his lotus feet. Nor do material activities taint those wise sages who have freed themselves from the bondage of fruitive reactions by the power of Yog. So where is the question of bondage for the Lord himself who assumes his transcendental form according to his own sweet will?”\n\n","meaning":" 4.14:\r\n                            Activities do not taint Me, nor do I desire the fruits of action. One who knows Me in this way is never bound by the karmic reactions of work.","wordMeanings":""},{"id":15,"title":"4.15","content":"","type":"verse","passage":"एवं ज्ञात्वा कृतं कर्म पूर्वैरपि मुमुक्षुभि: |कुरु कर्मैव तस्मात्त्वं पूर्वै: पूर्वतरं कृतम् || 15||","commentary":"The sages who aspire for God are not motivated to work for material gain. Why then do they engage in activities in this world? The reason is that they wish to serve God, and are inspired to do works for his pleasure. The knowledge of the previous verse assures them that they themselves will never be bound by welfare work that is done in the spirit of devotion. They are also moved by compassion on seeing the sufferings of the materially bound souls who are bereft of God consciousness, and are inspired to work for their spiritual elevation. The Buddha once said, “After attaining enlightenment, you have two options—either you do nothing, or you help others attain enlightenment.”\nThus, even sages who have no selfish motive for work still engage in activities for the pleasure of God. Working in devotion also attracts the grace of God. Shree Krishna is advising Arjun to do the same. \n Having asked Arjun to perform actions that do not bind one, the Lord now begins expounding the philosophy of action.\n\n","meaning":" 4.15:\r\n                            Knowing this truth, even seekers of liberation in ancient times performed actions. Therefore, following the footsteps of those ancient sages, you too should perform your duty.","wordMeanings":""},{"id":16,"title":"4.16","content":"","type":"verse","passage":"किं कर्म किमकर्मेति कवयोऽप्यत्र मोहिता: |तत्ते कर्म प्रवक्ष्यामि यज्ज्ञात्वा मोक्ष्यसेऽशुभात् || 16||","commentary":"The principles of dharma cannot be determined by mental speculation. Even intelligent persons become confused in the maze of apparently contradictory arguments presented by the scriptures and the sages. For example, the Vedas recommend non-violence. Accordingly in the Mahabharat, Arjun wishes to follow the same course of action and shun violence but Shree Krishna says that his duty here is to engage in violence. If duty varies with circumstance, then to ascertain one’s duty in any particular situation is a complex matter. Yamraj, the celestial god of Death, stated:\ndharmaṁ tu sākṣhād bhagavat praṇītaṁ na vai vidur ṛiṣhayo nāpi devāḥ\n(Śhrīmad Bhāgavatam 6.3.19)[v17]\n“What is proper action and what is improper action? This is difficult to determine even for the great \nṛiṣhis\n and the celestial gods. Dharma has been created by God himself, and he alone is its true knower.”\n\n\nLord Krishna says to Arjun that he shall now reveal to him the esoteric science of action and inaction through which he may free himself from material bondage.\n\n","meaning":" 4.16:\r\n                            What is action and what is inaction? Even the wise are confused in determining this. Now I shall explain to you the secret of action, by knowing which, you may free yourself from material bondage.","wordMeanings":""},{"id":17,"title":"4.17","content":"","type":"verse","passage":"कर्मणो ह्यपि बोद्धव्यं बोद्धव्यं च विकर्मण: |अकर्मणश्च बोद्धव्यं गहना कर्मणो गति: || 17||","commentary":"Work has been divided by Shree Krishna into three categories—action (\nkarm\n), forbidden action (\nvikarm\n), and inaction (\nakarm\n).\nAction.\n\n\nKarm\n is auspicious actions recommended by the scriptures for regulating the senses and purifying the mind.\nForbidden action.\n\n\nVikarm\n is inauspicious actions prohibited by the scriptures since they are detrimental and result in degradation of the soul.\nInaction.\n\n\nAkarm\n is actions that are performed without attachment to the results, merely for the pleasure of God. They neither have any karmic reactions nor do they entangle the soul.\n\n","meaning":" 4.17:\r\n                            You must understand the nature of all three—recommended action, wrong action, and inaction. The truth about these is profound and difficult to understand.","wordMeanings":""},{"id":18,"title":"4.18","content":"","type":"verse","passage":"कर्मण्यकर्म य: पश्येदकर्मणि च कर्म य: |स बुद्धिमान्मनुष्येषु स युक्त: कृत्स्नकर्मकृत् || 18||","commentary":"Action in inaction.\n There is one kind of inaction where persons look upon their social duties as burdensome, and renounce them out of indolence. They give up actions physically, but their mind continues to contemplate upon the objects of the senses. Such persons may appear to be inactive, but their lethargic idleness is actually sinful action. When Arjun suggested that he wishes to shy away from his duty of fighting the war, Shree Krishna explained to him that it would be a sin, and he would go to the hellish regions for such inaction.\nInaction in action.\n There is another kind of inaction performed by \nkarm yogis\n. They execute their social duties without attachment to results, dedicating the fruits of their actions to God. Although engaged in all kinds of activities, they are not entangled in karmic reactions, since they have no motive for personal enjoyment. There were many great kings in Indian history—Dhruv, Prahlad, Yudhisthir, Prithu, and Ambarish—who discharged their kingly duties to the best of their abilities, and yet because their minds were not entangled in material desires, their actions were termed \nAkarm\n, or inaction. Another name for \nakarm\n is \nkarm yog\n, which has been discussed in detail in the previous two chapters as well.\n\n","meaning":" 4.18:\r\n                            Those who see action in inaction and inaction in action are truly wise amongst humans. Although performing all kinds of actions, they are yogis and masters of all their actions.","wordMeanings":""},{"id":19,"title":"4.19","content":"","type":"verse","passage":"यस्य सर्वे समारम्भा: कामसङ्कल्पवर्जिता: |ज्ञानाग्निदग्धकर्माणं तमाहु: पण्डितं बुधा: || 19||","commentary":"The soul, being a tiny part of God who is an ocean of bliss, naturally seeks bliss for itself. However, covered by the material energy, the soul mistakenly identifies itself with the material body. In this ignorance, it performs actions to attain bliss from the world of matter. Since these actions are motivated by the desire for sensual and mental enjoyment, they bind the soul in karmic reactions.\nIn contrast, when the soul is illumined with divine knowledge, it realizes that the bliss it seeks will be attained not from the objects of the senses, but in loving service to God. It then strives to perform every action for the pleasure of God. “Whatever you do, whatever you eat, whatever you offer as oblation to the sacred fire, whatever you bestow as a gift, and whatever austerities you perform, O son of Kunti, do them as an offering to me.” (\nBhagavad Gita\n 9.27) Since such an enlightened soul renounces selfish actions for material pleasures and dedicates all actions to God, the works performed produce no karmic reactions. They are said to be burnt in the fire of divine knowledge.\n\n","meaning":" 4.19:\r\n                            The enlightened sages call those persons wise, whose every action is free from the desire for material pleasures and who have burnt the reactions of work in the fire of divine knowledge.","wordMeanings":""},{"id":20,"title":"4.20","content":"","type":"verse","passage":"त्यक्त्वा कर्मफलासङ्गं नित्यतृप्तो निराश्रय: |कर्मण्यभिप्रवृत्तोऽपि नैव किञ्चित्करोति स: || 20||","commentary":"Actions cannot be classified by external appearances. It is the state of the mind that determines what is inaction and action. The minds of enlightened persons are absorbed in God. Being fully satisfied in devotional union with him, they look upon God as their only refuge and do not depend upon external supports. In this state of mind, all their actions are termed as \nakarm\n, or inactions.\nThere is a beautiful story in the Puranas to illustrate this point. The \ngopīs\n (cowherd women) of Vrindavan once kept a fast. The ceremony of breaking the fast required them to feed a sage. Shree Krishna advised them to feed Sage Durvasa, the elevated ascetic, who lived on the other side of River Yamuna. The \ngopīs\n prepared a delicious feast and started off, but found the river was very turbulent that day, and no boatman was willing to ferry them across.\nThe \ngopīs\n asked Shree Krishna for a solution. He said, “Tell River Yamuna that if Shree Krishna is an \nakhaṇḍ brahmacharī\n (perfectly celibate since birth), it should give them way.” The \ngopīs\n started laughing, because they felt that Shree Krishna used to dote upon them, and so there was no question of his being an \nakhaṇḍ brahmacharī.\n Nevertheless, when they requested River Yamuna in that manner, the river gave them way and a bridge of flowers manifested for their passage across.\nThe \ngopīs\n were astonished. They went across to the \nāśhram\n of Sage Durvasa. They requested him to accept the delicious meal they had brought for him. Being an ascetic, he ate only a small portion, which disappointed the \ngopīs\n. So, Durvasa decided to fulfill their expectations, and using his mystic powers, he ate everything they had brought. The \ngopīs\n were amazed to see him eat so much, but were very pleased that he had done justice to their cooking.\nThe \ngopīs\n now asked Durvasa for help to cross the Yamuna and return to the other side. He replied, “Tell River Yamuna that if Durvasa has not eaten anything today except \ndoob\n (a kind of grass which was the only thing Durvasa used to eat), the river should give way.” The \ngopīs\n again started laughing, for they had seen him eat such an extravagant meal. Yet to their utmost surprise, when they beseeched River Yamuna in that manner, the river again gave them way.\nThe \ngopīs\n asked Shree Krishna the secret behind what had happened. He explained that while God and the Saints appear to engage in material activities externally, internally they are always transcendentally situated. Thus, even while doing all kinds of actions, they are still considered to be non-doers. Although interacting with the \ngopīs\n externally, Shree Krishna was an \nakhaṇḍ brahmacharī\n internally. And though Durvasa ate the delectable meal offered by the \ngopīs\n, internally his mind only tasted the \ndoob\n grass. Both these were illustrations of inaction in action.\n\n","meaning":" 4.20:\r\n                            Such people, having given up attachment to the fruits of their actions, are always satisfied and not dependent on external things. Despite engaging in activities, they do not do anything at all.","wordMeanings":""},{"id":21,"title":"4.21","content":"","type":"verse","passage":"निराशीर्यतचित्तात्मा त्यक्तसर्वपरिग्रह: |शारीरं केवलं कर्म कुर्वन्नाप्नोति किल्बिषम् || 21||","commentary":"Even according to worldly law, acts of violence that happen accidentally are not considered as punishable offences. If one is driving a car in the correct lane, at the correct speed, with eyes fixed ahead, and someone suddenly comes and falls in front of the car and dies as a result, the court of law will not consider it as a culpable offence, provided it can be proved that the person had no intention to maim or kill. It is the intention of the mind that is of primary importance, and not the action. Similarly, the mystics who work in divine consciousness are released from all sins, because their mind is free from attachment and proprietorship, and their every act is performed with the divine intention of pleasing God.\n\n","meaning":" 4.21:\r\n                            Free from expectations and the sense of ownership, with the mind and intellect fully controlled, they incur no sin even though performing actions by their body.","wordMeanings":""},{"id":22,"title":"4.22","content":"","type":"verse","passage":"यदृच्छालाभसन्तुष्टो द्वन्द्वातीतो विमत्सर: |सम: सिद्धावसिद्धौ च कृत्वापि न निबध्यते || 22||","commentary":"Just like there are two sides to a coin, so too God created this world full of dualities—there is day and night, sweet and sour, hot and cold, rain and drought, etc. The same rose bush has a beautiful flower and also an ugly thorn. Life too brings its share of dualities—happiness and distress, victory and defeat, fame and notoriety. Lord Ram himself, in his divine pastimes, was exiled to the forest the day before he was to be crowned as the king of Ayodhya.\nWhile living in this world, nobody can hope to neutralize the dualities to have only positive experiences. Then how can we successfully deal with the dualities that come our way in life? The solution is to take these dualities in stride, by learning to rise above them in equipoise in all situations. This happens when we develop detachment to the fruits of our actions, concerning ourselves merely with doing our duty in life without yearning for the results. When we perform works for the pleasure of God, we see both positive and negative fruits of those works as the will of God, and joyfully accept both.\n\n","meaning":" 4.22:\r\n                            Content with whatever gain comes of its own accord, and free from envy, they are beyond the dualities of life. Being equipoised in success and failure, they are not bound by their actions, even while performing all kinds of activities.","wordMeanings":""},{"id":23,"title":"4.23","content":"","type":"verse","passage":"गतसङ्गस्य मुक्तस्य ज्ञानावस्थितचेतस: |यज्ञायाचरत: कर्म समग्रं प्रविलीयते || 23||","commentary":"In this verse, Lord Krishna summarizes the conclusion of the previous five verses. Dedication of all one’s actions to God results from the understanding that the soul is eternal servitor of God. Chaitanya Mahaprabhu said: \njīvera svarūpa haya kṛiṣhṇera nitya-dāsa \n(Chaitanya Charitāmṛit, Madhya Leela, 20.108)[v18] “The soul is by nature the servant of God.” Those who are established in this knowledge perform all their actions as an offering to him and are released from the sinful reactions of their work.\nWhat is the kind of vision that such souls develop? Shree Krishna explains this in the next verse.\n\n","meaning":" 4.23:\r\n                            They are released from the bondage of material attachments and their intellect is established in divine knowledge. Since they perform all actions as a sacrifice (to God), they are freed from all karmic reactions.","wordMeanings":""},{"id":24,"title":"4.24","content":"","type":"verse","passage":"ब्रह्मार्पणं ब्रह्म हविर्ब्रह्माग्नौ ब्रह्मणा हुतम् |ब्रह्मैव तेन गन्तव्यं ब्रह्मकर्मसमाधिना || 24||","commentary":"Factually, the objects of the world are made from Maya, the material energy of God. Energy is both one with its energetic and also different from it. For example, light is the energy of fire. It can be considered as different from the fire, because it exists outside it. But it can also be reckoned as a part of the fire itself. Hence, when the rays of the sun enter the room through a window, people say, “The sun has come.” Here, they are bundling the sunrays with the sun. The energy is both distinct from the energetic and yet a part of it.\nThe soul too is the energy of God—it is a spiritual energy, called \njīva śhakti\n. Shree Krishna states this in verse 7.5.\nChaitanya Mahaprabhu stated:\njīva-tattva śhakti, kṛiṣhṇa-tattva śhaktimān\ngītā-viṣhṇupurāṇādi tāhāte pramāṇa\n(Chaitanya Charitāmṛit, Ādi Leela, 7.117)[v19]\n“Lord Krishna is the energetic and the soul is his energy. This has been stated in \nBhagavad Gita\n, Viṣhṇu Purāṇ, etc.” Thus, the soul is also simultaneously one with and different from God. Hence, those whose minds are fully absorbed in God-consciousness see the whole world in its unity with God as non-different from him. The Śhrīmad Bhāgavatam states:\nsarva-bhūteṣhu yaḥ paśhyed bhagavad-bhāvam ātmanaḥ\nbhūtāni bhagavatyātmanyeṣha bhāgavatottamaḥ\n(11.2.45)[v20]\n“One who sees God everywhere and in all beings is the highest spiritualist.” For such advanced spiritualists whose minds are completely absorbed in God-consciousness, the person making the sacrifice, the object of the sacrifice, the instruments of the sacrifice, the sacrificial fire, and the act of sacrifice, are all perceived as non-different from God.\nHaving explained the spirit in which sacrifice is to be done, Lord Krishna now relates the different kinds of sacrifice people perform in this world for purification.\n\n","meaning":" 4.24:\r\n                            For those who are completely absorbed in God-consciousness, the oblation is Brahman, the ladle with which it is offered is Brahman, the act of offering is Brahman, and the sacrificial fire is also Brahman. Such persons, who view everything as God, easily attain Him.","wordMeanings":""},{"id":25,"title":"4.25","content":"","type":"verse","passage":"दैवमेवापरे यज्ञं योगिन: पर्युपासते |ब्रह्माग्नावपरे यज्ञं यज्ञेनैवोपजुह्वति || 25||","commentary":"Sacrifice, or \nyajña\n, should be performed in divine consciousness as an offering to the Supreme Lord. However, people vary in their understanding, and hence perform sacrifice in different manners with dissimilar consciousness. Persons with lesser understanding, and wanting material rewards, make offerings to the celestial gods.\nOthers with deeper understanding of the meaning of \nyajña\n offer their own selves as sacrifice to the Supreme. This is called \nātma samarpaṇ,\n or \nātmāhutī\n, or offering one’s soul to God. Yogi Shri Krishna Prem explained this very well: “In this world of dust and din, whenever one makes \nātmāhutī\n in the flame of divine love, there is an explosion, which is grace, for no true \nātmāhutī\n can ever go in vain.” But what is the process of offering one’s own self as sacrifice? This is performed by surrendering oneself completely to God. Such surrender has six aspects to it, which have been explained in verse 18.66. Here, Shree Krishna continues to explain the different kinds of sacrifice that people perform.\n\n","meaning":" 4.25:\r\n                            Some yogis worship the celestial gods with material offerings unto them. Others worship perfectly who offer the self as sacrifice in the fire of the Supreme Truth.","wordMeanings":""},{"id":26,"title":"4.26","content":"","type":"verse","passage":"श्रोत्रादीनीन्द्रियाण्यन्ये संयमाग्निषु जुह्वति |शब्दादीन्विषयानन्य इन्द्रियाग्निषु जुह्वति || 26||","commentary":"Fire transforms the nature of things consigned into it. In external ritualistic Vedic sacrifices, it physically consumes oblations offered to it. In the internal practice of spirituality, fire is symbolic. The fire of self-discipline burns the desires of the senses.\nHere, Shree Krishna distinguishes between two diametrically opposite approaches to spiritual elevation. One is the path of negation of the senses, which is followed in the practice of \nhaṭha yog\n. In this type of \nyajña\n (sacrifice), the actions of the senses are suspended, except for the bare maintenance of the body. The mind is completely withdrawn from the senses and made introvertive, by force of will-power.\nOpposite to this is the practice of \nbhakti yog\n. In this second type of \nyajña\n, the senses are made to behold the glory of the Creator that manifests in every atom of his creation. The senses no longer remain as instruments for material enjoyment; rather they are sublimated to perceive God in everything. In verse 7.8, Shree Krishna says: \nraso ‘ham apsu kaunteya \n“Arjun, know me to be the taste in water.” Accordingly, \nbhakti yogis\n practice to behold God through all their senses, in everything they see, hear, taste, feel, and smell. This \nyajña\n of devotion is simpler than the path of \nhaṭha yog\n; it is joyous to perform, and involves a smaller risk of downfall from the path. If one is riding a bicycle and presses the brakes to stop the forward motion, he will be in an unstable condition, but if the cyclist simply turns the handle to the left or right, the bicycle will very easily stop its forward motion and still remain stably balanced.\n\n","meaning":" 4.26:\r\n                            Others offer hearing and other senses in the sacrificial fire of restraint. Still others offer sound and other objects of the senses as sacrifice in the fire of the senses.","wordMeanings":""},{"id":27,"title":"4.27","content":"","type":"verse","passage":"सर्वाणीन्द्रियकर्माणि प्राणकर्माणि चापरे |आत्मसंयमयोगाग्नौ जुह्वति ज्ञानदीपिते || 27||","commentary":"There are some yogis who follow the path of discrimination, or \njñāna yog\n, and take the help of knowledge to withdraw their senses from the world. While \nhaṭha yogis\n strive to restrain the senses with brute will-power, \njñāna yogis\n accomplish the same goal with the repeated practice of discrimination based on knowledge. They engage in deep contemplation upon the illusory nature of the world, and the identity of the self as distinct from the body, mind, intellect, and ego. The senses are withdrawn from the world, and the mind is engaged in meditation upon the self. The goal is to become practically situated in self-knowledge, in the assumption that the self is identical with the Supreme Ultimate reality. As aids to contemplation, they chant aphorisms such as: \ntattvamasi \n“I am That,” (Chhāndogya Upaniṣhad 6.8.7)[v21] and \nahaṁ brahmāsmi\n\n\n“I am the Supreme Entity.” (Bṛihadāraṇyak Upaniṣhad 1.4.10) [v22]\nThe practice of \njñāna yog\n is a very difficult path, which requires a very determined and trained intellect. The Śhrīmad Bhāgavatam (11.20.7) states: \nnirviṇṇānāṁ jñānayogaḥ \n[v23] “Success in the practice of \njñāna yog\n is only possible for those who are at an advanced stage of renunciation.”\n\n","meaning":" 4.27:\r\n                            Some, inspired by knowledge, offer the functions of all their senses and their life energy in the fire of the controlled mind.","wordMeanings":""},{"id":28,"title":"4.28","content":"","type":"verse","passage":"द्रव्ययज्ञास्तपोयज्ञा योगयज्ञास्तथापरे |स्वाध्यायज्ञानयज्ञाश्च यतय: संशितव्रता: || 28||","commentary":"Human beings differ from each other in their natures, motivations, activities, professions, aspirations, and \nsanskārs\n (tendencies carrying forward from past lives). Shree Krishna brings Arjun to the understanding that sacrifices can take on hundreds of forms, but when they are dedicated to God, they become means of purification of the mind and senses and elevation of the soul. In this verse, he mentions three such \nyajñas\n that can be performed.\nDravya yajña.\n There are those who are inclined toward earning wealth and donating it in charity toward a divine cause. Although they may engage in large and complicated business endeavors, yet their inner motivation remains to serve God with the wealth they earn. In this manner, they offer their propensity for earning money as sacrifice to God in devotion. John Wesley, the British preacher and founder of the Methodist Church would instruct his followers: “Make all you can. Save all you can. Give all you can.”\nYog yajña.\n In Indian philosophy the Yog Darśhan is one of the six philosophical treatises written by six learned sages. Jaimini wrote “Mīmānsā Darśhan,” Ved Vyas wrote “Vedānt Darśhan,” Gautam wrote “Nyāya Darśhan,” Kanad wrote “Vaiśheṣhik Darśhan,” Kapil wrote “Sānkhya Darśhan,” and Patañjali wrote “Yog Darśhan.” The Patañjali Yog Darśhan describes an eight-fold path, called \naṣhṭāṅg yog\n, for spiritual advancement, starting with physical techniques and ending in conquest of the mind. Some people find this path attractive and practice it as sacrifice. However, Patañjali Yog Darśhan clearly states:\nsamādhisiddhirīśhvara praṇidhānāt\n (2.45)[v24]\n“To attain perfection in Yog, you must surrender to God.” So when persons inclined toward \naṣhṭang yog\n learn to love God, they offer their yogic practice as \nyajña\n in the fire of devotion. An example of this is the yogic system “Jagadguru Kripaluji Yog,” where the physical postures of \naṣhṭaṅg yog\n are practiced as \nyajña\n to God, along with the chanting of his divine names. Such a combination of yogic postures along with devotion results in the physical, mental, and spiritual purification of the practitioner.\nJñāna yajña\n. Some persons are inclined toward the cultivation of knowledge. This propensity finds its perfect employment in the study of scriptures for enhancing one’s understanding and love for God. \nsā vidyā tanmatiryayā \n(Bhāgavatam 4.29.49)[v25] “True knowledge is that which increases our devotion to God.” Thus, studiously inclined \nsādhaks\n engage in the sacrifice of knowledge, which when imbued with the spirit of devotion, leads to loving union with God.\n\n","meaning":" 4.28:\r\n                            Some offer their wealth as sacrifice, while others offer severe austerities as sacrifice. Some practice the eight-fold path of yogic practices, and yet others study the scriptures and cultivate knowledge as sacrifice, while observing strict vows.","wordMeanings":""},{"id":29,"title":"4.29","content":"","type":"verse","passage":"अपाने जुह्वति प्राणं प्राणेऽपानं तथापरे |प्राणापानगती रुद्ध्वा प्राणायामपरायणा: || 29||अपरे नियताहारा: प्राणान्प्राणेषु जुह्वति |सर्वेऽप्येते यज्ञविदो यज्ञक्षपितकल्मषा: || 30||","commentary":"Some persons are drawn to the practice of \nprāṇāyām\n, which is loosely translated as “control of breath.” This involves:\nPūrak\n—the process of drawing the breath into the lungs.\nRechak\n—the process of emptying the lungs of breath.\nAntar kumbhak\n—holding the breath in the lungs after inhalation. The outgoing breath gets suspended in the incoming breath during the period of suspension.\nBāhya kumbhak\n—keeping the lungs empty after exhalation. The incoming breath gets suspended in the outgoing breath during the period of suspension.\nBoth the \nkumbhaks\n are advanced techniques and should only be practiced under the supervision of qualified teachers, else they can cause harm. Yogis who are inclined toward the practice of \nprāṇāyām\n utilize the process of breath control to help tame the senses and bring the mind into focus. Then they offer the controlled mind in the spirit of \nyajña\n to the Supreme Lord.\nPrāṇ\n is not exactly breath; it is a subtle life force energy that pervades the breath and varieties of animate and inanimate objects. The Vedic scriptures describe five kinds of \nprāṇas\n in the body—\nprāṇ, apān, vyān, samān, udān\n—that help regulate various physiological bodily functions. Amongst these, \nsamān\n is responsible for the bodily function of digestion. Some people may also be inclined toward fasting. They curtail their eating with the knowledge that diet impacts character and behavior. Such fasting has been employed as a spiritual technique in India since ancient times and also considered here a form of \nyajña\n. When the diet is curtailed, the senses become weak and the \nsamān\n, which is responsible for digestion, is made to neutralize itself. This is the nature of the sacrifice that some people perform.\nPeople perform these various kinds of austerities for the purpose of purification. It is desire for gratification of the senses and the mind which leads to the heart becoming impure. The aim of all these austerities is to curtail the natural propensity of the senses and mind to seek pleasure in material objects. When these austerities are performed as a sacrifice to the Supreme, they result in the purification of the heart (as mentioned before, the word “heart” is often used to refer to the internal machinery of the mind and intellect).\n\n","meaning":" 4.29-30:\r\n                            Still others offer as sacrifice the outgoing breath in the incoming breath, while some offer the incoming breath into the outgoing breath. Some arduously practice prāṇāyām and restrain the incoming and outgoing breaths, purely absorbed in the regulation of the life-energy. Yet others curtail their food intake and offer the breath into the life-energy as sacrifice. All these knowers of sacrifice are cleansed of their impurities as a result of such performances.","wordMeanings":""},{"id":30,"title":"4.30","content":"","type":"verse","passage":"अपाने जुह्वति प्राणं प्राणेऽपानं तथापरे |प्राणापानगती रुद्ध्वा प्राणायामपरायणा: || 29||अपरे नियताहारा: प्राणान्प्राणेषु जुह्वति |सर्वेऽप्येते यज्ञविदो यज्ञक्षपितकल्मषा: || 30||","commentary":"Some persons are drawn to the practice of \nprāṇāyām\n, which is loosely translated as “control of breath.” This involves:\nPūrak\n—the process of drawing the breath into the lungs.\nRechak\n—the process of emptying the lungs of breath.\nAntar kumbhak\n—holding the breath in the lungs after inhalation. The outgoing breath gets suspended in the incoming breath during the period of suspension.\nBāhya kumbhak\n—keeping the lungs empty after exhalation. The incoming breath gets suspended in the outgoing breath during the period of suspension.\nBoth the \nkumbhaks\n are advanced techniques and should only be practiced under the supervision of qualified teachers, else they can cause harm. Yogis who are inclined toward the practice of \nprāṇāyām\n utilize the process of breath control to help tame the senses and bring the mind into focus. Then they offer the controlled mind in the spirit of \nyajña\n to the Supreme Lord.\nPrāṇ\n is not exactly breath; it is a subtle life force energy that pervades the breath and varieties of animate and inanimate objects. The Vedic scriptures describe five kinds of \nprāṇas\n in the body—\nprāṇ, apān, vyān, samān, udān\n—that help regulate various physiological bodily functions. Amongst these, \nsamān\n is responsible for the bodily function of digestion. Some people may also be inclined toward fasting. They curtail their eating with the knowledge that diet impacts character and behavior. Such fasting has been employed as a spiritual technique in India since ancient times and also considered here a form of \nyajña\n. When the diet is curtailed, the senses become weak and the \nsamān\n, which is responsible for digestion, is made to neutralize itself. This is the nature of the sacrifice that some people perform.\nPeople perform these various kinds of austerities for the purpose of purification. It is desire for gratification of the senses and the mind which leads to the heart becoming impure. The aim of all these austerities is to curtail the natural propensity of the senses and mind to seek pleasure in material objects. When these austerities are performed as a sacrifice to the Supreme, they result in the purification of the heart (as mentioned before, the word “heart” is often used to refer to the internal machinery of the mind and intellect).\n\n","meaning":" 4.29-30:\r\n                            Still others offer as sacrifice the outgoing breath in the incoming breath, while some offer the incoming breath into the outgoing breath. Some arduously practice prāṇāyām and restrain the incoming and outgoing breaths, purely absorbed in the regulation of the life-energy. Yet others curtail their food intake and offer the breath into the life-energy as sacrifice. All these knowers of sacrifice are cleansed of their impurities as a result of such performances.","wordMeanings":""},{"id":31,"title":"4.31","content":"","type":"verse","passage":"यज्ञशिष्टामृतभुजो यान्ति ब्रह्म सनातनम् |नायं लोकोऽस्त्ययज्ञस्य कुतोऽन्य: कुरुसत्तम || 31||","commentary":"The secret of sacrifice, as mentioned previously, is the understanding that it should be performed for the pleasure of God, and then the remnants can be taken as his \nprasād\n (grace). For example, devotees of the Lord partake of food after offering it to him. After cooking the food, they place it on the altar and pray to God to accept their offering. In their mind, they meditate on the sentiment that God is actually eating from the plate. At the end of the offering, the remnants on the plate are accepted as \nprasād\n, or the grace of God. Partaking of such nectar-like \nprasād\n leads to illumination, purification, and spiritual advancement.\nIn the same mood, devotees offer clothes to God and then wear them as his \nprasād\n. They install his deity in their house, and then live in it with the attitude that their home is the temple of God. When objects or activities are offered as sacrifice to God, then the remnants, or \nprasād\n, are a nectar-like blessing for the soul. The great devotee Uddhav told Shree Krishna:\ntvayopabhukta-srag-gandha-vāso ’laṅkāra-charchitāḥ\nuchchhiṣhṭa-bhojino dāsās tava māyāṁ jayema hi \n (Bhāgavatam 11.6.46)[v26]\n“I will only eat, smell, wear, live in, and talk about objects that have first been offered to you. In this way, by accepting the remnants as your \nprasād\n, I will easily conquer Maya.” Those who do not perform sacrifice remain entangled in the fruitive reactions of work and continue to experience the torments of Maya.\n\n","meaning":" 4.31:\r\n                            Those who know the secret of sacrifice, and engaging in it, partake of its remnants that are like nectar, advance toward the Absolute Truth. O best of the Kurus, those who perform no sacrifice find no happiness either in this world or the next.","wordMeanings":""},{"id":32,"title":"4.32","content":"","type":"verse","passage":"एवं बहुविधा यज्ञा वितता ब्रह्मणो मुखे |कर्मजान्विद्धि तान्सर्वानेवं ज्ञात्वा विमोक्ष्यसे || 32||","commentary":"One of the beautiful features of the Vedas is that they recognize and cater to the wide variety of human natures. Different kinds of sacrifice have thus been described for different kinds of performers. The common thread running through them is that they are to be done with devotion, as an offering to God. With this understanding, one is not bewildered by the multifarious instructions in the Vedas, and by pursuing the particular \nyajña\n suitable to one’s nature, one can be released from material bondage.\n\n","meaning":" 4.32:\r\n                            All these different kinds of sacrifice have been described in the Vedas. Know them as originating from different types of work; this understanding cuts the knots of material bondage.","wordMeanings":""},{"id":33,"title":"4.33","content":"","type":"verse","passage":"श्रेयान्द्रव्यमयाद्यज्ञाज्ज्ञानयज्ञ: परन्तप |सर्वं कर्माखिलं पार्थ ज्ञाने परिसमाप्यते || 33||","commentary":"Shree Krishna now puts the previously described sacrifices in proper perspective. He tells Arjun that it is good to do physical acts of devotion, but not good enough. Ritualistic ceremonies, fasts, mantra chants, holy pilgrimages, are all fine, but if they are not performed with knowledge, they remain mere physical activities. Such mechanical activities are better than not doing anything at all, but they are not sufficient to purify the mind.\nMany people chant God’s name on rosary beads, sit in recitations of the scriptures, visit holy places, and perform worship ceremonies, with the belief that the physical act itself is sufficient for liberating them from material bondage. However, Saint Kabir rejects this idea very eloquently:\nmālā pherata yuga phirā, phirā na mana kā pher,\nkar kā manakā ḍāri ke, manakā manakā pher \n[v27]\n“O spiritual aspirant, you have been rotating the chanting beads for many ages, but the mischief of the mind has not ceased. Now put those beads down, and rotate the beads of the mind.” Jagadguru Shree Kripaluji Maharaj says:\nbandhan aur mokṣha kā, kāraṇ manahi bakhān\nyāte kauniu bhakti karu, karu man te haridhyān\n(Bhakti Shatak verse 19)[v28]\n“The cause of bondage and liberation is the mind. Whatever form of devotion you do, engage your mind in meditating upon God.”\nDevotional sentiments are nourished by the cultivation of knowledge. For example, let us say that it is your birthday party, and people are coming and handing you gifts. Someone comes and gives you a ragged bag. You look at it disdainfully, thinking it is insignificant in comparison to the other wonderful gifts you have received. That person requests you to look inside the bag. You open it and find a stack of one hundred notes of $100 denomination. You immediately hug the bag to your chest, and say, “This is the best gift I have received.” Knowledge of its contents developed love for the object. Similarly, cultivating knowledge of God and our relationship with him nurtures devotional sentiments. Hence, Shree Krishna explains to Arjun that sacrifices performed in knowledge are superior to the sacrifice of material things.\n\n\nHe now explains the process of acquiring knowledge.\n\n","meaning":" 4.33:\r\n                            O subduer of enemies, sacrifice performed in knowledge is superior to any mechanical material sacrifice. After all, O Parth, all sacrifices of work culminate in knowledge.","wordMeanings":""},{"id":34,"title":"4.34","content":"","type":"verse","passage":"तद्विद्धि प्रणिपातेन परिप्रश्नेन सेवया |उपदेक्ष्यन्ति ते ज्ञानं ज्ञानिनस्तत्त्वदर्शिन: || 34||","commentary":"On hearing that sacrifice should be performed in knowledge, the natural question that follows is, how can we obtain spiritual knowledge? Shree Krishna gives the answer in this verse. He says: 1) Approach a spiritual master. 2) Inquire from him submissively. 3) Render service to him.\nThe Absolute Truth cannot be understood merely by our own contemplation. The Bhāgavatam states:\nanādyavidyā yuktasya puruṣhasyātma vedanam\nsvato na sambhavād anyas tattva-jño jñāna-do bhavet\n(11.22.10)[v29]\n“The intellect of the soul is clouded by ignorance from endless lifetimes. Covered with nescience, the intellect cannot overcome its ignorance simply by its own effort. One needs to receive knowledge from a God-realized Saint who knows the Absolute Truth.”\nThe Vedic scriptures advise us repeatedly on the importance of the Guru on the spiritual path.\nāchāryavān puruṣho veda\n(Chhāndogya Upaniṣhad 6.14.2)[v30]\n“Only through a Guru can you understand the Vedas.” The Pañchadaśhī states:\ntatpādāmburu hadvandva sevā nirmala chetasām\nsukhabodhāya tattvasya viveko ’yaṁ vidhīyate\n(1.2)[v31]\n“Serve the Guru with a pure mind, giving up doubts. He will then bring you great happiness by bestowing knowledge of the scriptures and discrimination.” Jagadguru Shankaracharya stated: \nyāvat gururna kartavyo tāvanmuktirna labhyate\n[v32] “Until you surrender to a Guru you cannot be liberated from the material energy.”\nOne of the most magnanimous graces of God is when he brings the soul in contact with a true Guru. But the process of transfer of spiritual knowledge from the teacher to the student is very different from that of material knowledge. Secular education does not require deep respect for the teacher. The transmission of knowledge can be purchased simply by paying the teacher’s fees. However, spiritual edification is not imparted to the student by a mechanical teaching process, nor is it purchased for a price. It is revealed in the heart of the disciple by the Guru’s grace, when the disciple develops humility, and the Guru is pleased with the service attitude of the disciple. That is why Prahlad Maharaj said:\nnaiṣhāṁ matis tāvad urukramāṅghriṁ spṛiśhatyanarthāpagamo yadarthaḥ\nmahīyasāṁ pāda rajo ’bhiṣhekaṁ niṣhkiñchanānāṁ na vṛiṇīta yāvat\n(Bhāgavatam 7.5.32)[v33]\n“Until we bathe ourselves in the dust of the lotus feet of a Saint, we can never have an experience of the transcendental platform.” Hence, in this verse Shree Krishna mentions the need for approaching a Guru with reverence, inquiring about the Truth from him with humility, and pleasing him by rendering service.\n\n","meaning":" 4.34:\r\n                            Learn the Truth by approaching a spiritual master. Inquire from him with reverence and render service unto him. Such an enlightened Saint can impart knowledge unto you because he has seen the Truth.","wordMeanings":""},{"id":35,"title":"4.35","content":"","type":"verse","passage":"यज्ज्ञात्वा न पुनर्मोहमेवं यास्यसि पाण्डव |येन भूतान्यशेषेण द्रक्ष्यस्यात्मन्यथो मयि || 35||","commentary":"Just as darkness can never engulf the sun, similarly, illusion can never again overcome the soul who has once attained enlightenment. \nTadviṣhṇoḥ paramaṁ padaṁ sadā paśhyanti sūrayaḥ\n “Those who have realized God always remain in God-consciousness.”\nUnder the illusion of Maya, we see the world as separate from God, and establish friendship or enmity with other human beings depending upon whether they satisfy or harm our self-interest. Divine knowledge that comes with enlightenment changes our perspective and vision of the world. Enlightened Saints see the world as the energy of God, and utilize whatever comes their way in the service of God. They also see all human beings as parts of God and harbor a divine attitude toward everyone. Thus, Hanuman says:\nsīyā rāmamaya saba jaga jānī, karauñ pranāma jori juga pānī. \n(Ramayan)[v34]\n“I see the forms of Lord Ram and Mother Sita in everyone, and so I fold my hands and offer my respects to all.”\n\n","meaning":" 4.35:\r\n                            Following this path and having achieved enlightenment from a Guru, O Arjun, you will no longer fall into delusion. In the light of that knowledge, you will see that all living beings are but parts of the Supreme, and are within Me.","wordMeanings":""},{"id":36,"title":"4.36","content":"","type":"verse","passage":"अपि चेदसि पापेभ्य: सर्वेभ्य: पापकृत्तम: |सर्वं ज्ञानप्लवेनैव वृजिनं सन्तरिष्यसि || 36||","commentary":"Material existence is like a vast ocean, where one is tossed around by the waves of birth, disease, old age, and death. The material energy subjects everyone to the three-fold miseries: \nādiātmik\n—miseries due to one’s own body and mind, \nādibhautik\n—miseries due to other living entities, and \nādidaivik\n—miseries due to climactic and environmental conditions. In this state of material bondage, there is no respite for the soul, and endless lifetimes have gone by being subjected to these conditions. Like a football being kicked around the field, the soul is elevated to the celestial abodes, dropped to the hellish planes of existence, and brought back to the earthly realm, etc. according to its karmas of righteous or sinful deeds.\nDivine knowledge provides the boat to cross over the material ocean. The ignorant perform karmas and get bound by them. Performing the same karmas as a \nyajña\n to God liberates the knowledgeable. Thus, knowledge becomes the means of cutting material bondage. The Kaṭhopaniṣhad states:\nvijñānasār\na\nthiryastu manaḥ pragrahavān naraḥ\nso ’dhvanaḥ pāramāpnoti tadviṣhṇoḥ paramaṁ padam\n (1.3.9)\n“Illumine your intellect with divine knowledge; then with the illumined intellect, control the unruly mind, to cross over the material ocean and reach the divine realm.”\n\n","meaning":" 4.36:\r\n                            Even those who are considered the most immoral of all sinners can cross over this ocean of material existence by seating themselves in the boat of divine knowledge.","wordMeanings":""},{"id":37,"title":"4.37","content":"","type":"verse","passage":"यथैधांसि समिद्धोऽग्निर्भस्मसात्कुरुतेऽर्जुन |ज्ञानाग्नि: सर्वकर्माणि भस्मसात्कुरुते तथा || 37||","commentary":"Even a spark of fire has the potential to become a major conflagration and burn down a huge heap of combustible material. In 1666, the Great Fire of London began as only a little flame in a small bakery, but as it grew it consigned to flames 13,200 houses, 87 churches, and most of the city offices.\nWe too have a heap of karmas attached to each of us, consisting of the reactions of the sinful and righteous deeds performed by us over infinite lifetimes. If we endeavor to exhaust these karmas by reaping their results, it will take many more lifetimes, and in the meantime further karmas will accumulate in an endless process. But Shree Krishna assures Arjun that knowledge has the power to burn our heap of karmas in this lifetime itself. That is because knowledge of the soul and its relationship with God leads us to surrender to him. When we surrender to God, he burns our stockpile of endless lifetimes of karmas and releases us from material bondage.\n\n","meaning":" 4.37:\r\n                            As a kindled fire reduces wood to ashes, O Arjun, so does the fire of knowledge burn to ashes all reactions from material activities.","wordMeanings":""},{"id":38,"title":"4.38","content":"","type":"verse","passage":"न हि ज्ञानेन सदृशं पवित्रमिह विद्यते |तत्स्वयं योगसंसिद्ध: कालेनात्मनि विन्दति || 38||","commentary":"Knowledge has the power to purify, elevate, liberate, and unite a person with God. It is thus supremely sublime and pure. But a distinction needs to be made between two kinds of knowledge—theoretical information and practical realization.\nThere is one kind of knowledge that is acquired by reading the scriptures and hearing from the Guru. This theoretical information is insufficient by itself. It is just as if someone has memorized a cookbook but has never entered the kitchen. Such theoretical knowledge of cooking does not help in satiating one’s hunger. Similarly, one may acquire theoretical knowledge on the topics of the soul, God, Maya, \nkarm\n, \njñāna\n, and \nbhakti\n from the Guru, but that by itself does not make a person God-realized. When one practices \nsādhanā\n in accordance with the theory, it results in purification of the mind. Then, from within one gets realization of the nature of the self and its relationship with God. The Sage Patañjali states:\nśhrutānumāna-prajñābhyām anya-viṣhayā viśheṣhārthatvāt \n(Yog Darśhan 1.49)[v36]\n“The knowledge attained by realization from within through the practice of Yog is far superior to theoretical knowledge of the scriptures.” Such realized knowledge is being extolled by Shree Krishna as the purest sublime thing.\n\n","meaning":" 4.38:\r\n                            In this world, there is nothing as purifying as divine knowledge. One who has attained purity of mind through prolonged practice of Yog, receives such knowledge within the heart, in due course of time.","wordMeanings":""},{"id":39,"title":"4.39","content":"","type":"verse","passage":"श्रद्धावान् लभते ज्ञानं तत्पर: संयतेन्द्रिय: |ज्ञानं लब्ध्वा परां शान्तिमचिरेणाधिगच्छति || 39||","commentary":"Shree Krishna now introduces the concept of faith in the context of knowledge. Not all spiritual truths are immediately perceptible; some of them can only be experienced after having attained sufficient elevation on the path. If we only accept what we can presently verify or comprehend, we will be bereft of the higher spiritual secrets. Faith helps us accept what we cannot understand at present. Jagadguru Shankaracharya has defined faith as follows:\nguru\n\n\nvedānta vākyeṣhu dṛiḍho viśhvāsaḥ śhraddhā \n[v37]\n“Faith means firm confidence in the words of the Guru and the scriptures.” When such faith is placed upon a wrong personality, it can lead to disastrous consequences. But when it is placed on the true Guru, it opens the pathway for eternal welfare.\nHowever, blind faith is not a desirable thing. Before placing it on any Guru, we must use our intellect to confirm that the Guru has realized the Absolute Truth, and he is teaching it in accordance with the eternal Vedic scriptures. Once this is confirmed, then we should strive to deepen our faith in such a Guru, and surrender to God under his guidance. The Shvetashvatar Upaniṣhad states:\nyasya deve parā bhaktir yathā deve tathā gurau\ntasyaite kathitā hyarthāḥ prakāśhante mahātmanaḥ\n(6.23)[v38]\n“The imports of all the Vedic knowledge is revealed within the hearts of those who engage with unflinching faith in devotion toward Guru and God.”\n\n","meaning":" 4.39:\r\n                            Those whose faith is deep and who have practiced controlling their mind and senses attain divine knowledge. Through such transcendental knowledge, they quickly attain everlasting supreme peace.","wordMeanings":""},{"id":40,"title":"4.40","content":"","type":"verse","passage":"अज्ञश्चाश्रद्दधानश्च संशयात्मा विनश्यति |नायं लोकोऽस्ति न परो न सुखं संशयात्मन: || 40||","commentary":"The Bhakti Rasāmṛit Sindhu classifies \nsādhaks\n into three classes based on the degree of faith and knowledge:\nśhāstre yuktau cha nipuṇaḥ sarvathā dṛiḍha-niśhchayaḥ\nprauḍha-śhraddho ‘dhikārī yaḥ sa bhaktāvuttamo mataḥ\nyaḥ śhāstrādiṣhvanipuṇaḥ śhraddhāvān sa tu madhyamaḥ\nyo bhavet komala śhraddhaḥ sa kaniṣhṭho nigadyate \n(1.2.17-19)[v39]\n“The highest \nsādhak\n (spiritual aspirant) is one who possesses knowledge of the scriptures and is also endowed with firm faith. The medium class \nsādhak\n is one who does not have knowledge of the scriptures, but is endowed with faith toward God and Guru. The lowest class \nsādhak\n is one, who neither has scriptural knowledge nor is endowed with faith.” For the third category, Shree Krishna says that such persons cannot attain peace either in this life or hereafter.\nEven worldly activities require the exercise of faith. For example, if a woman goes to a restaurant and places an order for the meal, she has faith that the restaurant will not mix poison in her food. If, however, she is besieged with doubts and wants to subject every food item to a chemical test first, how will she ever enjoy and finish her meal? Similarly, a man goes to barber shop to get a shave, and sits on the chair while the barber moves the sharp edge of his knife over his throat. Now, if the man doubts the barber and suspects his having the intention of murder, he will not be able to sit still for the barber to be able to shave him. Hence, Shree Krishna says in this verse that for the doubting person there is no happiness either in this world or in the next.\n\n","meaning":" 4.40:\r\n                            But persons who possess neither faith nor knowledge, and who are of a doubting nature, suffer a downfall. For the skeptical souls, there is no happiness either in this world or the next.","wordMeanings":""},{"id":41,"title":"4.41","content":"","type":"verse","passage":"योगसंन्यस्तकर्माणं ज्ञानसञ्छिन्नसंशयम् |आत्मवन्तं न कर्माणि निबध्नन्ति धनञ्जय || 41||","commentary":"Karm\n is actions involved in prescribed rituals and social duties, \nsanyās\n means “to renounce,” while \n“yog”\n means “to unite with God.” Here, Shree Krishna has used the word \nyogasanyasta karmāṇaṁ\n, referring to “those who renounce all ritualistic \nkarm\n, dedicating their body, mind, and soul to God.” Such persons do their every action as a service to God. Shree Krishna says that their work performed in devotion do not bind them.\nOnly those actions bind one in karma, which are performed to fulfill one’s self-interest. When work is done only for the pleasure of God, such action becomes free from all karmic reaction. They are like multiplying numbers with 0 (zero). If we multiply 0 with 10, the result will be 0; if we multiply 0 with 1000, the result will remain 0; and if we multiply 0 with 1 million, the result will still be 0. Similarly, the works that enlightened souls perform in the world do not bind them, because they are offered to God in the fire of Yog, i.e. they are done for the pleasure of God. Thus, although doing all kinds of works, the Saints remain unfettered from the bonds of karma.\n\n","meaning":" 4.41:\r\n                            O Arjun, actions do not bind those who have renounced karm in the fire of Yog, whose doubts have been dispelled by knowledge, and who are situated in knowledge of the self.","wordMeanings":""},{"id":42,"title":"4.42","content":"","type":"verse","passage":"तस्मादज्ञानसम्भूतं हृत्स्थं ज्ञानासिनात्मन: |छित्त्वैनं संशयं योगमातिष्ठोत्तिष्ठ भारत || 42||","commentary":"The use of the word heart does not imply the physical machine housed in the chest that pumps blood in the body. The Vedas state that one’s physical brain resides in the head, but the subtle mind resides in the region of the heart. That is the reason why in love and hatred one experiences pain in the heart. In this sense, the heart is the source of compassion, love, sympathy, and all the good emotions. So when Shree Krishna mentions doubts that have arisen in the heart, he means doubts that have arisen in the mind, which is the subtle machine that resides in the region of the heart.\nIn the role of being the Spiritual Master of Arjun, the Lord has imparted to his disciple the knowledge of how to gain insightful wisdom from the practice of \nkarm yog\n. He now advises Arjun to utilize both wisdom and faith to cleave out the doubts from his mind. Then, he gives the call of action and asks Arjun to rise up and do his duty in the spirit of \nkarm yog\n. The dual instructions to both refrain from action and to engage in action still create confusion in Arjun’s mind, which he reveals in the opening of the next chapter.\n\n","meaning":" 4.42:\r\n                            Therefore, with the sword of knowledge, cut asunder the doubts that have arisen in your heart. O scion of Bharat, establish yourself in karm yog. Arise, stand up, and take action!","wordMeanings":""}]}