{"id":5,"title":"Karma Yoga - Action in Krishna Consciousness","description":"","sectionCount":29,"tags":[],"contentId":"102","sections":[{"id":1,"title":"5.1","content":"","type":"verse","passage":"अर्जुन उवाच |संन्यासं कर्मणां कृष्ण पुनर्योगं च शंससि |यच्छ्रेय एतयोरेकं तन्मे ब्रूहि सुनिश्चितम् || 1||","commentary":"This is the fifth of Arjun’s sixteen questions.  Shree Krishna praised both the renunciation of works and work with devotion.  Arjun is confused by these apparently equivocal instructions and wishes to understand which of the two is more auspicious for him.  Let us review the context of the question.\nThe first chapter described the nature of Arjun’s grief and created the setting for Shree Krishna to begin to relate spiritual knowledge to him.  In the second chapter, Shree Krishna revealed to Arjun the science of the self and explained that since the soul is immortal, nobody would die in the war, and hence it was foolish to lament.  He then reminded Arjun that his \nkarm\n (social duty) as a warrior was to fight the war on the side of righteousness.  But, since \nkarm\n binds one to the fruits of actions, Shree Krishna encouraged Arjun to dedicate the fruits of his works to God.  His actions would then become \nkarm-yog\n, or “united with God through works.” \nIn the third chapter, the Supreme Lord explained that performing one’s duties is necessary because it helps to purify the mind.  But He also said that a person who has already developed purity of mind is not obliged to perform any social duty (verse 3.17).  \nIn the fourth chapter, the Lord explained the various kinds of sacrifices (works that can be done for the pleasure of God).  He concluded by saying that sacrifice performed in knowledge is better than mechanical ritualistic sacrifice.  He also said that all sacrifice ends in the knowledge of one’s relationship with God.  Finally, in verse 4.41, He introduced the principle of \nkarm sanyās\n, in which ritualistic duties and social obligations are renounced and one engages in devotional service with the body, mind, and soul.  \nThese instructions perplexed Arjun.  He thought that \nkarm sanyās\n (renunciation of works) and \nkarm-yog\n (work in devotion) have opposite natures, and it is not possible to perform both simultaneously.  Hence, he raises his doubt before Shree Krishna.\n\n","meaning":" 5.1:\r\n                            Arjun said: O Shree Krishna, You praised karm sanyās  (the path of renunciation of actions), and You also advised to do karm yog (work with devotion).  Please tell me decisively which of the two is more beneficial?","wordMeanings":""},{"id":2,"title":"5.2","content":"","type":"verse","passage":"श्रीभगवानुवाच |संन्यास: कर्मयोगश्च नि:श्रेयसकरावुभौ |तयोस्तु कर्मसंन्यासात्कर्मयोगो विशिष्यते || 2||","commentary":"In this verse, Shree Krishna compares \nkarm sanyās\n and \nkarm-yog\n.  It is a very deep verse; so let’s understand it one word at a time.\nA \nkarm yogi\n is one who does both, spiritual and social, duties.  Social duties are done with the body while the mind is attached to God.  Jagadguru Kripaluji Maharaj states:\nsochu mana yaha karm mama saba lakhata hari guru pyāre   \n(Sādhan Bhakti Tattva) \n“Dear one!  Think always that all your actions are being observed by God and Guru.”  This is the \nsādhanā\n of \nkarm-yog\n, by which we gradually elevate ourselves from bodily consciousness to spiritual consciousness. \nKarm sanyās\n is for elevated souls, who have already risen beyond the bodily platform.  A \nkarm sanyāsī\n is one who discards social duties due to complete absorption in God, and engages entirely in the performance of spiritual duties (devotional service to God).  This sentiment of \nkarm sanyās\n was nicely expressed by Lakshman, when Lord Ram asked him to fulfill his worldly duties:\nmore sabai eka tumha swāmī, dīnabandhu ura antarayāmī\n   (Ramayan)\nLakshman said to Ram, “You are my Master, Father, Mother, Friend, and everything.  I will only fulfill my duty toward You with all my might.  So please do not tell me about any of my bodily duties.”\nThose who practice \nkarm sanyās\n do not consider themselves to be the body, and as a result, they do not feel obligated to discharge their bodily duties.  Such \nkarm sanyāsīs\n dedicate their full time and energy to spirituality, while \nkarm yogis\n have to split their time between worldly and spiritual duties.  The \nkarm sanyāsīs\n can thus move much faster toward God, while the \nkarm yogis\n are encumbered with social duties. \nHowever, in this verse, Shree Krishna extols \nkarm-yog\n beyond \nkarm sanyās\n and recommends it to Arjun as the preferred path.  This is because \nkarm sanyāsīs\n are exposed to a danger.  If, having renounced their duties they cannot absorb their mind in God, they are left neither here nor there.  In India, there are tens of thousands of such sadhus, who felt they were detached, and thus, renounced the world, but their mind was not yet attached to God.  Consequently, they could not experience the divine bliss of the spiritual path.  And so, although wearing the saffron clothes of mendicants, they indulge in grossly sinful activities such as smoking opium.  Only the ignorant mistake their sloth as detachment from the world. \nOn the other hand, \nkarm yogis\n do both their worldly duties and spiritual practice.  So if their mind turns away from spirituality, at least they have their work to fall back upon.  \nKarm-yog\n is thus the safer path for majority of the people, while \nkarm sanyās\n is only to be pursued under the expert guidance of a Guru.\n\n","meaning":" 5.2:\r\n                            The Supreme Lord said: Both the path of karm sanyās (renunciation of actions) and karm yog (working in devotion) lead to the supreme goal. But karm yog is superior to karm sanyās.","wordMeanings":""},{"id":3,"title":"5.3","content":"","type":"verse","passage":"ज्ञेय: स नित्यसंन्यासी यो न द्वेष्टि न काङ् क्षति |निर्द्वन्द्वो हि महाबाहो सुखं बन्धात्प्रमुच्यते || 3||","commentary":"Karm yogis\n continue to discharge their worldly duties while internally practicing detachment.  Hence, they accept both positive and negative outcomes with equanimity, as the grace of God.  The Lord has designed this world so beautifully that it makes us experience both happiness and distress for our gradual elevation.  If we continue to lead our regular lives and tolerate whatever comes our way, while happily doing our duty, the world naturally pushes us toward gradual spiritual elevation.\n\n\nThere is a sweet story that illustrates this concept.  There was once a piece of wood.  It went to a sculptor and said, “Can you please make me beautiful?”  The sculptor said, “I am ready to do that.  But are you ready for it?”  The wood replied, “Yes, I am also ready.”  The sculptor took out his tools and began hammering and chiseling.  The wood screamed, “What are you doing?  Please stop!  This is so painful.”  The sculptor replied wisely, “If you wish to become beautiful, you will have to bear the pain.”  “All right,” said the wood, “Go ahead and do it.  But please be gentle and considerate.”  The sculptor continued his work again.  The wood kept screaming, “Enough for today; I can’t bear it any further.  Please do it tomorrow.”  The sculptor was undeterred in his task, and in a few days, the wood was transformed into a beautiful deity, fit to sit on the altar of the temple. \nIn the same way, our hearts are rough and unfinished because of endless lifetimes of attachment in the world.  If we wish to become internally beautiful, we must be willing to tolerate pain and let the world do its job of purifying us.  So \nkarm yogis\n work with devotion, are equipoised in the results, and practice attaching their mind to God.\n\n","meaning":" 5.3:\r\n                            The karm yogis, who neither desire nor hate anything, should be considered always renounced.  Free from all dualities, they are easily liberated from the bonds of material energy.","wordMeanings":""},{"id":4,"title":"5.4","content":"","type":"verse","passage":"साङ्ख्ययोगौ पृथग्बाला: प्रवदन्ति न पण्डिता: |एकमप्यास्थित: सम्यगुभयोर्विन्दते फलम् || 4||","commentary":"Here, Shree Krishna uses the word \nsānkhya\n to refer to \nkarm sanyās\n, or the renunciation of actions with the cultivation of knowledge.  It is important to understand here that renunciation is of two kinds:  \nphalgu vairāgya \nand\n yukt vairāgya\n.  \nPhalgu vairāgya\n is where people look upon the world as cumbersome, and renounce it with the desire of getting rid of responsibilities and hardships.  Such \nphalgu vairāgya\n is an escapist attitude and is unstable.  The renunciation of such persons is motivated by the desire to run away from difficulties.  When such persons encounter difficulties on the spiritual path, they become detached from there as well, and desire to run back to worldly life.  \nYukt vairāgya\n is where people see the whole world as the energy of God.  They do not see what they possess as belonging to them, and do not wish to enjoy it for themselves.  Instead, they are motivated by the desire to serve God with whatever He has given to them.  \nYukt vairāgya\n is stable and undeterred by difficulties.\nThe \nkarm yogis\n, while conducting their daily duties externally, develop the sentiment of \nyukt vairāgya\n, or stable renunciation.  They see themselves as the servants and God as the enjoyer, and hence they become fixed in the consciousness of doing everything for His pleasure.  Thus, their internal state becomes the same as that of the \nkarm sanyāsīs\n, who are completely absorbed in divine consciousness.  Externally, they may appear to be worldly people, but internally they are no less than \nsanyāsīs\n. \nThe Puranas and Itihās relate the examples of great kings in Indian history, who, though externally discharging their kingly duties with diligence and living in royal opulence, were mentally completely absorbed in God-consciousness.  Prahlad, Dhruv, Ambarish, Prithu, Vibheeshan, Yudhishthir, etc. were all such exemplary \nkarm yogis\n.  The Shreemad Bhagavatam states: \ngṛihītvāpīndriyair arthān yo na dveṣhṭi na hṛiṣhyati\nviṣhṇor māyām idaṁ paśhyan sa vai bhāgavatottamaḥ   \n(11.2.48)\n“One who accepts the objects of the senses, neither yearning for them nor running away from them, in the divine consciousness that everything is the energy of God and is to be used in His service, such a person is the highest devotee.”  Thus, the truly learned see no difference between \nkarm-yog\n and \nkarm sanyās\n.  By following one of them, the results of both are achieved.\n\n","meaning":" 5.4:\r\n                            Only the ignorant speak of sānkhya (renunciation of actions, or karm sanyās) and karm yog (work in devotion) as different.  Those who are truly learned say that by applying ourselves to any one of these paths, we can achieve the results of both.","wordMeanings":""},{"id":5,"title":"5.5","content":"","type":"verse","passage":"यत्साङ्ख्यै: प्राप्यते स्थानं तद्योगैरपि गम्यते |एकं साङ्ख्यं च योगं च य: पश्यति स पश्यति || 5||","commentary":"In spiritual practice, the intention of the mind is what matters, not the external activities.  One may be living in the holy land of Vrindavan, but if the mind contemplates on eating \nrasgullās\n in Kolkata, one will be deemed to be living in Kolkata.  Conversely, if a person lives amidst the hubbub of Kolkata and keeps the mind absorbed in the divine land of Vrindavan, he will get the benefit of residing there.  All the Vedic scriptures state that our level of consciousness is determined by the state of our mind:\nmana eva manuṣhyāṇāṁ kāraṇaṁ bandha mokṣhayoḥ\n(Pañchadaśhī)\n“The mind is the cause of bondage, and the mind is the cause of liberation.”  Jagadguru Shree Kripaluji Maharaj states the same principle:\nbandhan aur mokṣha kā, kāraṇ manahi bakhān\nyāte kauniu bhakti karu, karu mana te haridhyān\n(Bhakti Śhatak verse 19)\n“Bondage and liberation depend upon the state of the mind.  Whatever form of devotion you choose to do, keep the mind engaged in meditation upon God.”\nThose who do not possess this spiritual vision see the external distinction between a \nkarm sanyāsī\n\n\nand a \nkarm yogi\n, and declare the \nkarm sanyāsī\n to be superior because of the external renunciation.  But those who are learned see that both the \nkarm sanyāsī \nand the \nkarm yogi\n have absorbed their minds in God, and so they are both identical in their internal consciousness.\n\n","meaning":" 5.5:\r\n                            The supreme state that is attained by means of karm sanyās is also attained by working in devotion. Hence, those who see karm sanyās and karm yog to be identical, truly see things as they are.","wordMeanings":""},{"id":6,"title":"5.6","content":"","type":"verse","passage":"संन्यासस्तु महाबाहो दु:खमाप्तुमयोगत: |योगयुक्तो मुनिर्ब्रह्म नचिरेणाधिगच्छति || 6||","commentary":"Living in a cave in the Himalayas, a yogi may feel that he has renounced, but the test of that renunciation comes when he returns to the city.  For instance, one sadhu\n\n\npracticed austerities for twelve years in the mountains of Garhwal.  He came down to Haridwar to participate in the holy fair called \nKumbh Melā\n.  In the hustle and bustle of the fair, someone accidentally placed his shoe on the sadhu’s bare foot.  The sadhu\n\n\nwas infuriated, and screamed, “Are you blind?  Can you not see where you are going?”  Later he repented for permitting anger to overcome him, and lamented, “Twelve years of austerities in the mountains got washed away by living one day in the city!”  The world is the arena where our renunciation gets tested.\nIn this verse, Shree Krishna says that while performing one’s duties in the world, a person should slowly learn to rise above anger, greed, and desire.  Instead, if one first gives up duties, it is very difficult to purify the mind; and without a pure mind, true detachment remains a distant dream. \nWe are all propelled to work by our nature.  Arjun was a warrior, and if he had artificially renounced his duty, to retire to the forest, his nature would make him work there as well.  He would probably gather a few tribesmen and declare himself their king.  Instead, it would be more fruitful to use his natural inclinations and talents in the service of God.  So the Lord instructs him, “Continue to fight, but make one change.  At first, you came to this battleground on the presumption of saving a kingdom.  Now, instead, simply dedicate your service unselfishly to God.  In this way, you will naturally purify the mind and achieve true renunciation from within.” \nA tender and unripe fruit clings fast to the tree that bears and nourishes it.  But the same fruit, when fully ripe, severs its connection from its sustainer.  Similarly from the material existence, the \nkarm yogi\n gets the experience that matures into wisdom.  Just as sound sleep is only possible for those who have worked hard, deep meditation comes to those who have purified their minds through \nkarm-yog\n.\n\n","meaning":" 5.6:\r\n                            Perfect renunciation (karm sanyās) is difficult to attain without performing work in devotion (karm yog), O mighty-armed Arjun, but the sage who is adept in karm yog quickly attains the Supreme.","wordMeanings":""},{"id":7,"title":"5.7","content":"","type":"verse","passage":"योगयुक्तो विशुद्धात्मा विजितात्मा जितेन्द्रिय: |सर्वभूतात्मभूतात्मा कुर्वन्नपि न लिप्यते || 7||","commentary":"The word \nātmā\n has been used in multiple ways in the Vedic literature: for God, for the soul, for the mind, and for the intellect.  This verse typifies all these uses.  Shree Krishna describes the \nkarm yogi\n who is \nyog yukt\n (united in consciousness with God).  He says that such a noble soul is:  1) \nviśhuddhātmā\n, of purified intellect, 2) \nvijitātmā\n, who has conquered the mind, and 3) \njitendriya\n, one who has controlled the senses.    \nSuch \nkarm yogis\n, with purified intellect, see God situated in all living beings, and behave respectfully toward everyone without attachment.  Since their actions are not motivated by the desire for self-enjoyment, their knowledge is progressively clarified.  As their desires are eliminated, the senses, mind, and intellect that were being propelled for sense pleasures come under control.  These instruments are now available for the service of the Lord.  Devotional service leads to realized knowledge from within.  In this way, \nkarm-yog\n naturally brings about these successive stages of enlightenment, and hence is no different from \nkarm sanyās\n.\n\n","meaning":" 5.7:\r\n                            The karm yogis, who are of purified intellect, and who control the mind and senses, see the Soul of all souls in every living being.  Though performing all kinds of actions, they are never entangled.","wordMeanings":""},{"id":8,"title":"5.8","content":"","type":"verse","passage":"नैव किञ्चित्करोमीति युक्तो मन्येत तत्त्ववित् |पश्यञ्शृण्वन्स्पृशञ्जिघ्रन्नश्नन्गच्छन्स्वपञ्श्वसन् || 8||प्रलपन्विसृजन्गृह्ण्न्नुन्मिषन्निमिषन्नपि |इन्द्रियाणीन्द्रियार्थेषु वर्तन्त इति धारयन् || 9||","commentary":"Whenever we accomplish anything substantial, we are overcome with the pride that we have done something great.  The pride of being the doer of one’s actions is a stumbling block to rising beyond material consciousness.  However, the God-conscious \nkarm yogis\n overcome this obstacle with ease.  With purified intellect, they see themselves as separate from the body, and hence they do not attribute their bodily actions to themselves.  The body is made from the material energy of God, and thus they attribute all their works as done by the power of God.  Since they have surrendered to the will of God, they depend upon Him to inspire their mind and intellect in accordance with His divine will.  So, they remain situated in the understanding that God is the doer of everything.\n\n\nThe Sage Vasishth advised Lord Ram:\nkartā bahirkartāntarloke vihara rāghava  \n (Yog Vāsiṣhṭh)\n“O Ram, externally engage in actions diligently, but internally practice to see yourself as the non-doer and God as the prime mover of all your activities.”  In this divine consciousness, the \nkarm yogis\n see themselves as mere instruments in the hands of God.  \nShree Krishna explains in the following verse the consequences of work done in this consciousness.\n\n","meaning":" 5.8-9:\r\n                            Those steadfast in karm yog, always think, “I am not the doer,” even while engaged in seeing, hearing, touching, smelling, moving, sleeping, breathing, speaking, excreting, grasping, and opening or closing the eyes. With the light of divine knowledge, they see that it is only the material senses that are moving amongst their objects.","wordMeanings":""},{"id":9,"title":"5.9","content":"","type":"verse","passage":"नैव किञ्चित्करोमीति युक्तो मन्येत तत्त्ववित् |पश्यञ्शृण्वन्स्पृशञ्जिघ्रन्नश्नन्गच्छन्स्वपञ्श्वसन् || 8||प्रलपन्विसृजन्गृह्ण्न्नुन्मिषन्निमिषन्नपि |इन्द्रियाणीन्द्रियार्थेषु वर्तन्त इति धारयन् || 9||","commentary":"Whenever we accomplish anything substantial, we are overcome with the pride that we have done something great.  The pride of being the doer of one’s actions is a stumbling block to rising beyond material consciousness.  However, the God-conscious \nkarm yogis\n overcome this obstacle with ease.  With purified intellect, they see themselves as separate from the body, and hence they do not attribute their bodily actions to themselves.  The body is made from the material energy of God, and thus they attribute all their works as done by the power of God.  Since they have surrendered to the will of God, they depend upon Him to inspire their mind and intellect in accordance with His divine will.  So, they remain situated in the understanding that God is the doer of everything.\n\n\nThe Sage Vasishth advised Lord Ram:\nkartā bahirkartāntarloke vihara rāghava  \n (Yog Vāsiṣhṭh)\n“O Ram, externally engage in actions diligently, but internally practice to see yourself as the non-doer and God as the prime mover of all your activities.”  In this divine consciousness, the \nkarm yogis\n see themselves as mere instruments in the hands of God.  \nShree Krishna explains in the following verse the consequences of work done in this consciousness.\n\n","meaning":" 5.8-9:\r\n                            Those steadfast in karm yog, always think, “I am not the doer,” even while engaged in seeing, hearing, touching, smelling, moving, sleeping, breathing, speaking, excreting, grasping, and opening or closing the eyes. With the light of divine knowledge, they see that it is only the material senses that are moving amongst their objects.","wordMeanings":""},{"id":10,"title":"5.10","content":"","type":"verse","passage":"ब्रह्मण्याधाय कर्माणि सङ्गं त्यक्त्वा करोति य: |लिप्यते न स पापेन पद्मपत्रमिवाम्भसा || 10||","commentary":"Both Hindu and Buddhist scriptures abound with analogies of the lotus flower.  The word is used as a respectful appellation while describing various parts of God’s divine body.  Hence \ncharaṇ-kamal\n means “lotus-like feet,” \nkamalekṣhaṇa\n means “lotus-like eyes,” \nkar-kamal\n means “lotus-like hands,” etc.\nAnother word for the lotus flower is \npaṅkaj\n, which means “born from mud.”  The lotus flower grows from the mud found at the bottom of the lake, yet it rises above the water and blossoms toward the sun.  Thus, the lotus flower is often used in Sanskrit literature as an example of something that is born amidst the dirt, and rises above it while retaining its beautiful purity. \nFurther, the lotus plant has large leaves that float atop the water surface of the lake.  Lotus leaves are used in Indian villages for plates, as they are waterproof, and liquid poured on them does not soak through, but runs off.  The beauty of the lotus leaf is that, although the lotus owes its birth, growth, and sustenance to the water, the leaf does not permit itself to be wetted.  Water poured on the lotus leaf runs off the side, due to the small hair growing on its surface. \nWith the help of the beautiful analogy of the lotus leaf, Shree Krishna says that just as it floats atop the surface of the lake, but does not allow itself to be wetted by the water, similarly, the \nkarm yogis\n remain untouched by sin, although performing all kinds of works, because they perform their works in divine consciousness.\n\n","meaning":" 5.10:\r\n                            Those who dedicate their actions to God, abandoning all attachment, remain untouched by sin, just as a lotus leaf is untouched by water.","wordMeanings":""},{"id":11,"title":"5.11","content":"","type":"verse","passage":"कायेन मनसा बुद्ध्या केवलैरिन्द्रियैरपि |योगिन: कर्म कुर्वन्ति सङ्गं त्यक्त्वात्मशुद्धये || 11||","commentary":"The yogis understand that pursuing material desires in the pursuit of happiness is as futile as chasing the mirage in the desert.  Realizing this, they renounce selfish desires, and perform all their actions for the pleasure of God, who alone is the \nbhoktāraṁ yajña tapasām\n (Supreme enjoyer of all activities).  However, in this verse, Shree Krishna brings a new twist to the \nsamarpaṇ\n (dedication of works to God).  He says the enlightened yogis perform their works for the purpose of purification.  How then do the works get dedicated to God? \nThe fact is that God needs nothing from us.  He is the Supreme Lord of everything that exists and is perfect and complete in Himself.  What can a tiny soul offer to the Almighty God, that God does not already possess?  Hence, it is customary while making an offering to God to say:  \ntvadiyaṁ vastu govinda tubhyameva samarpitaṁ\n “O God, I am offering Your item back to You.”  Expressing a similar sentiment, Saint Yamunacharya states:\nmama nātha yad asti yo ’smyahaṁ sakalam taddhī tavaiva mādhava\nniyata-svam iti prabuddha-dhāir atha vā kiṁ nu samarpayāmi te \n(Śhrī Stotra Ratna, 50)\n“O Lord Vishnu, husband of the Goddess of Fortune, when I was in ignorance, I thought I would give You many things.  But now when I have gained knowledge, I realize that everything I own is already Yours.  What then can I offer to You?”\nHowever, there is one activity that is in our hands and not in God’s hands; that is the purification of our own heart (mind and intellect).  When we purify our heart and engage it in devotion to God, it pleases Him more than anything else.  Realizing this, the great yogis make purification of their heart as the foremost goal, not out of selfishness, rather for the pleasure of God.\nThus, the yogis understand that the biggest thing they can give to God is the purity of their own hearts and they work to achieve it.  In the Ramayan, there is a sweet illustration of this principle.  Lord Ram found Sugreev to be somewhat frightened before the battle of Lanka so He consoled him in the following manner:\npiśhāchān dānavān yakṣhān pṛithivyāṁ chaiva rākṣhasān\naṅgugreṇa tānhanyā michchhan harī gaṇeśhvaraḥ   \n(Vālmīki Ramayan)\nLord Ram said, “If I, the Supreme Lord, merely bend the little finger of My left hand, what to speak of Ravan and Kumbhakarn, all the demons in the world will die.”  Sugreev responded, “If that is the case, my Lord, then in order to kill Ravan, what is the need for collecting this army?”  The Lord replied, “That is merely to give you all the opportunity to engage in devotional service for your own purification.  However, do not assume that I need your help in annihilating these demons.” \nOur only permanent asset is the purity that we achieve.  It goes with us into the next life, while all material assets get left behind.  Hence in the final analysis, the success and failure of our life is determined by the extent to which we manage to achieve purity of heart.  With this in view, elevated yogis welcome adverse circumstances, because they see them as opportunities for purifying the heart.  Saint Kabir states:\nnindak niyare rākhiye āngan kuṭi chhabāya\nnita sābun pānī binā nirmala kare subhāya\n“If you are desirous of quickly cleansing your heart, cultivate the company of a critic.  When you tolerate his acrimonious words, your heart will be cleansed without water and soap.”  Thus, when purification of the heart is made the prime motive of actions, adversarial circumstances are then welcomed as God-sent opportunities for further progress, and one remains in equanimity in both success and failure.  As we work for the pleasure of God, the heart gets purified; and as the heart gets purified, we naturally offer the results of all our actions to the Supreme Lord.\n\n","meaning":" 5.11:\r\n                            The yogis, while giving up attachment, perform actions with their body, senses, mind, and intellect, only for the purpose of self-purification.","wordMeanings":""},{"id":12,"title":"5.12","content":"","type":"verse","passage":"युक्त: कर्मफलं त्यक्त्वा शान्तिमाप्नोति नैष्ठिकीम् |अयुक्त: कामकारेण फले सक्तो निबध्यते || 12||","commentary":"How is it to be understood that performing the same actions some people are bound to material existence and others are released from material bondage?  Shree Krishna gives the answer in this verse.  Those who are unattached and unmotivated by material rewards are never bound by karma.  But those craving reward and obsessed with the desire to enjoy material pleasures become entangled in the reactions of work.\nThe word \nyukt\n means “united in consciousness with God.”  It can also mean “not wanting any reward other than purification of the heart.”  Persons who are \nyukt\n relinquish desire for the rewards of their actions, and instead engage in works for the purpose of self-purification.  Therefore, they soon attain divine consciousness and eternal beatitude.  \nOn the other hand, \nayukt\n means “not united with God in consciousness.”  It can also denote “desiring mundane rewards not beneficial to the soul.”  Such persons, incited by cravings, lustfully desire the rewards of actions.  The reactions of work performed in this consciousness bind these \nayukt\n persons to the \nsamsara\n or the cycle of life and death.\n\n","meaning":" 5.12:\r\n                            Offering the results of all activities to God, the karm yogis attain everlasting peace.  Whereas those who, being impelled by their desires, work with a selfish motive become entangled because they are attached to the fruits of their actions.","wordMeanings":""},{"id":13,"title":"5.13","content":"","type":"verse","passage":"सर्वकर्माणि मनसा संन्यस्यास्ते सुखं वशी |नवद्वारे पुरे देही नैव कुर्वन्न कारयन् || 13||","commentary":"Shree Krishna compares the body with its openings to a city of nine gates.  The soul is like the king of the city, whose administration is carried out by the ministry of the ego, intellect, mind, senses, and life-energy.  The reign over the body continues until time, in the form of death, snatches away the corporeal frame.  However, even while the reign continues, the enlightened yogis do not see themselves as the body nor do they consider themselves as the lord of the body.  Rather, they hold the body and all activities performed by it as belonging to God.  Renouncing all actions through the mind, such enlightened souls remain happily situated in their body.  This is also called \nsākṣhī bhāv\n, or the attitude of being the detached observer of all that is happening around. \nThe analogy in this verse is also given in the Śhwetāśhvatar Upaniṣhad:\nnavadwāre pure dehī hanso lelāyate bahiḥ\nvaśhī sarvasya lokasya sthāvarasya charasya cha   \n(3.18)\n“The body consists of nine gates—two ears, one mouth, two nostrils, two eyes, anus, and genitals.  In material consciousness, the soul residing with the body identifies itself with this city of nine gates.  Within this body also sits the Supreme Lord, who is the controller of all living beings in the world.  When the soul establishes its connection with the Lord, it becomes free like Him, even while residing in the body.”\nIn this verse, Shree Krishna declared that the embodied soul is neither the doer nor the cause of anything.  Then the question arises whether God is the actual cause of actions in the world.  This is answered in the next verse.\n\n","meaning":" 5.13:\r\n                            The embodied beings who are self-controlled and detached reside happily in the city of nine gates free from thoughts that they are the doers or the cause of anything.","wordMeanings":""},{"id":14,"title":"5.14","content":"","type":"verse","passage":"न कर्तृत्वं न कर्माणि लोकस्य सृजति प्रभु: |न कर्मफलसंयोगं स्वभावस्तु प्रवर्तते || 14||","commentary":"In this verse, the word \nPrabhu\n has been used for God, to indicate that He is the Lord of the world.  He is also omnipotent and controls the entire universe.  Yet, though He conducts the activities of the universe, He remains the non-doer.  He is neither the director of our actions, nor does He decree whether we will perform a particular virtuous or evil deed.  Had He been our director, there would be no need for elaborate instructions on good and bad actions.  All the scriptures would have ended in three short sentences: “O souls, I am the director of all your works.  So you do not need to understand what good or bad action is.  I will make you do as I wish.” \nSimilarly, God is not responsible for our getting stuck with the sense of doership.  If He had deliberately created the pride of doing in us, then again we could have blamed Him for our misdoings.  But the fact is that the soul brings this pride onto itself out of ignorance.  If the soul chooses to do away with the ignorance, then God helps dispel it with His grace. \nThus, renunciation of the sense of doership is the responsibility of the soul.  The body is constituted of the three modes of material nature, and all actions are performed by the modes.  But out of ignorance, the soul identifies with the body and becomes implicated as the doer of actions, which are in fact done by material nature (verse 3.27).\n\n","meaning":" 5.14:\r\n                            Neither the sense of doership nor the nature of actions comes from God; nor does He create the fruits of actions.  All this is enacted by the modes of material nature (guṇas).","wordMeanings":""},{"id":15,"title":"5.15","content":"","type":"verse","passage":"नादत्ते कस्यचित्पापं न चैव सुकृतं विभु: |अज्ञानेनावृतं ज्ञानं तेन मुह्यन्ति जन्तव: || 15||","commentary":"God is not responsible either for anyone’s virtuous deeds or sinful actions.  God’s work in this regard is threefold:  1) He provides the soul with the power to act.  2) Once we have performed actions with the power supplied to us, He notes our actions.  3) He gives us the results of our karmas.\nThe individual soul has the freedom to perform good or bad actions by the exercise of its own free will.  That free will is the basis of the play of creation and it accounts for the varieties of consciousness amongst the souls in existence.  God’s work is like that of an umpire in a cricket match.  He keeps giving the results, “Four runs!”  “Six runs!”  “He’s out!”  The umpire cannot be blamed for the decision, for it was based upon the way the player performed. \nOne may ask why God granted free will to the soul.  It is because the soul is a tiny part of God and it possesses His qualities to a minuscule extent.  God is \nabhijña swarāṭ\n\n\n(supremely independent), and so the soul also possesses a tiny amount of independence to utilize its senses, mind, and intellect in the manner it wishes. \nAlso, without free will there can be no love.  A machine cannot love since it has no independence to choose.  Only a personality that has the ability to choose possesses the option to love.  Since God has created us to love Him, He has endowed us with free will.  The exercise of our own free will results in good and bad deeds, and we must not blame God for them. \nIn ignorance, some souls do not even realize that they possess the freedom to choose their actions and hold God responsible for their mistakes.  Others realize they possess a free will, but they harbor the pride of doership in the egoistic notion of being the body.  This is again a sign of ignorance.  \nShree Krishna explains next how such ignorance can be dispelled.\n\n","meaning":" 5.15:\r\n                            The omnipresent God does not involve Himself in the sinful or virtuous deeds of anyone.  The living entities are deluded because their inner knowledge is covered by ignorance.","wordMeanings":""},{"id":16,"title":"5.16","content":"","type":"verse","passage":"ज्ञानेन तु तदज्ञानं येषां नाशितमात्मन: |तेषामादित्यवज्ज्ञानं प्रकाशयति तत्परम् || 16||","commentary":"The sun’s power in removing the darkness of night is incomparable.  The Ramayan  states:\nrākāpati ṣhoṛasa uahiñ tārāgana samudāi\nsakala girinha dava lāia binu rabi rāti na jāi  \n“Despite the combined light of the full moon and all the visible stars in a cloudless sky, the night does not go.  But the moment the sun rises, the night makes a hasty exit.”  The light of the sun is such that the darkness cannot remain before it.  The light of God’s knowledge has a similar effect in dispelling the darkness of ignorance.  \nDarkness is responsible for creating illusions.  In the darkness of the cinema hall, the light falling on the screen creates the illusion of reality, and people get absorbed in watching it.  However, when the main lights in the cinema hall are switched on, the illusion is dispelled and people wake up from their reverie to realize that they were only watching a movie.  Similarly, in the darkness of ignorance, we identify ourselves with the body, and consider ourselves to be the doers and enjoyers of our actions.  When the light of God’s knowledge begins shining brightly, the illusion beats a hasty retreat, and the soul wakes up to its true spiritual identity, even while it lives in the city of nine gates.  The soul had fallen into illusion because God’s material energy (\navidyā śhakti\n) had covered it in darkness.  The illusion is dispelled when God’s spiritual energy (\nvidyā śhakti\n) illumines it with the light of knowledge.\n\n","meaning":" 5.16:\r\n                            But for those whose ignorance is destroyed by divine knowledge, the Supreme Entity is revealed, just as the sun illumines everything when it rises.","wordMeanings":""},{"id":17,"title":"5.17","content":"","type":"verse","passage":"तद्बुद्धयस्तदात्मानस्तन्निष्ठास्तत्परायणा: |गच्छन्त्यपुनरावृत्तिं ज्ञाननिर्धूतकल्मषा: || 17||","commentary":"Just as ignorance causes one to suffer in \nsamsara\n, or the perpetual cycle of life and death, knowledge has the power to release one from material bondage.  Such knowledge is always accompanied with devotion to God.  This verse makes very emphatic use of words denoting complete God-consciousness.\nTadbuddhayaḥ\n means the intellect is directed toward God.\nTadātmanaḥ\n means the heart (mind and intellect) is solely absorbed in God.\nTanniṣhṭhāḥ\n means the intellect has firm faith in God. \nTatparāyaṇaḥ\n means striving after God as the supreme goal and refuge.\nThus, the sign of true knowledge is that it leads to love for God.  \nImbued with such love, devotees see Him everywhere. Such a divine vision is described in the next verse.\n\n","meaning":" 5.17:\r\n                            Those whose intellect is fixed in God, who are completely absorbed in God, with firm faith in Him as the supreme goal, such persons quickly reach the state from which there is no return, their sins having been dispelled by the light of knowledge.","wordMeanings":""},{"id":18,"title":"5.18","content":"","type":"verse","passage":"विद्याविनयसम्पन्ने ब्राह्मणे गवि हस्तिनि |शुनि चैव श्वपाके च पण्डिता: समदर्शिन: || 18||","commentary":"When we perceive things through the perspective of knowledge, it is called \nprajñā chakṣhu\n, which means “with the eyes of knowledge.”  Shree Krishna uses the words \nvidyā sampanne\n to the same effect, but He also adds \nvinaya\n, meaning “humbleness.”  The sign of divine knowledge is that it is accompanied by a sense of humility, while shallow bookish knowledge is accompanied with the pride of scholarship. \nShree Krishna reveals in this verse how divine knowledge bestows a vision so different from physical sight.  Endowed with knowledge, devotees see all living beings as souls who are fragments of God, and are therefore divine in nature.  The examples given by Shree Krishna are of diametrically contrasting species and life forms.  A Vedic Brahmin who conducts worship ceremonies is respected, while a dog-eater is usually looked down upon as an outcaste; a cow is milked for human consumption, but not a dog; an elephant is used for ceremonial parades, while neither the cow or the dog are.  From the physical perspective, these species are sharp contrasts in the spectrum of life on our planet.  However, a truly learned person endowed with spiritual knowledge sees them all as eternal souls, and hence views them with an equal eye.\nThe Vedas do not support the view that the Brahmins (priestly class) are of higher caste, while the Shudras (labor class) are of lower caste.  The perspective of knowledge is that even though the Brahmins conduct worship ceremonies, the \nKṣhatriyas\n administer society, the \nVaiśhyas\n conduct business, and the Shudras engage in labor, yet they are all eternal souls, who are tiny parts of God, and hence alike.\n\n","meaning":" 5.18:\r\n                            The truly learned, with the eyes of divine knowledge, see with equal vision a Brahmin, a cow, an elephant, a dog, and a dog-eater.","wordMeanings":""},{"id":19,"title":"5.19","content":"","type":"verse","passage":"इहैव तैर्जित: सर्गो येषां साम्ये स्थितं मन: |निर्दोषं हि समं ब्रह्म तस्माद् ब्रह्मणि ते स्थिता: || 19||","commentary":"Sri Krishna uses the word \nsāmye\n to mean one possessed of an equal vision toward all living beings, as explained in the previous verse.  Further, equality in vision also means to rise beyond likes and dislikes, happiness and misery, pleasure and pain.  Shree Krishna says that those who are able to do so transcend the \nsamsara\n of repeated birth and death.\nSo long as we think of ourselves as the body, we cannot attain this equality of vision because we will experience continued desires and aversions for bodily pleasures and discomforts.  Saints rise above bodily consciousness and absorb their minds in God, giving up all worldly attachments.  The Ramayan states:\nsevahiṅ lakhanu sīya raghubīrahi, jimi abibekī puruṣha sarīrahi.\n“Lakshman served Lord Ram and Sita, just as an ignorant person serves his body.” \nWhen one’s mind is situated in this divine consciousness, attachment to bodily pleasures and pains get transcended, and one reaches a state of equanimity.  This equipoise that comes through the sacrifice of selfish bodily desires makes one godlike in demeanor.  The Mahabharat states: \nyo na kāmayate kiñchit brahma bhūyāya kalpate \n “One who gives up desires becomes like God.”\n\n","meaning":" 5.19:\r\n                            Those whose minds are established in equality of vision conquer the cycle of birth and death in this very life.  They possess the flawless qualities of God, and are therefore seated in the Absolute Truth.","wordMeanings":""},{"id":20,"title":"5.20","content":"","type":"verse","passage":"न प्रहृष्येत्प्रियं प्राप्य नोद्विजेत्प्राप्य चाप्रियम् |स्थिरबुद्धिरसम्मूढो ब्रह्मविद् ब्रह्मणि स्थित: || 20||","commentary":"The section of this verse—neither rejoicing in pleasure, nor lamenting the unpleasant—is the highest ideal of the \nVipassanā\n tradition of meditation in Buddhism.  Rigorous training is undertaken to reach this state of clarity and precision, ultimately leading to equanimity, and destruction of self-will.  However, the same state is naturally reached in devotion to God, when we surrender our will to the divine.  In accordance with verse 5.17, when we unite our will to the will of God, then both pleasure and pain are serenely accepted as His grace. \nA beautiful story illustrates this attitude.  A wild horse once ran into a farm.  People congratulated the farmer on his good luck.  He said, “Good luck, bad luck, who knows?  It is all the will of God.”  A few days later, the horse ran away, back into the forest.  His neighbors commiserated with his bad luck.  He said, “Bad luck, good luck, who knows?  It is all God’s will.”  A few more days went by, and the horse returned with twenty more wild horses.  Again people congratulated the farmer on his stroke of good luck.  He wisely reflected, “What is good and bad luck?  This is all God’s will.”  A few days later, the farmer’s son broke his leg while riding one of the horses.  The neighbors came to express grief.  The wise farmer responded, “Pleasant and unpleasant, it is only God’s will.”  Some more days went by, and the king’s soldiers came to recruit all young men into the army for the war that had just broken out.  All the young men in the neighborhood were taken into the army, but the farmer’s son was left behind because his leg was broken. \nDivine knowledge brings the understanding that our self-interest lies in giving pleasure to God.  This leads to surrender to the will of God, and when the self-will gets merged in the divine will, one develops the equanimity to serenely accept both pleasure and pain as His grace.  This is the symptom of a person situated in transcendence.\n\n","meaning":" 5.20:\r\n                            Established in God, having a firm understanding of divine knowledge and not hampered by delusion, they neither rejoice in getting something pleasant nor grieve on experiencing the unpleasant.","wordMeanings":""},{"id":21,"title":"5.21","content":"","type":"verse","passage":"बाह्यस्पर्शेष्वसक्तात्मा विन्दत्यात्मनि यत्सुखम् |स ब्रह्मयोगयुक्तात्मा सुखमक्षयमश्नुते || 21||","commentary":"The Vedic scriptures repeatedly describe God as an ocean of unlimited divine bliss:\nānando brahmeti vyajānāt \n  (Taittirīya Upaniṣhad 3.6)\n“Know God to be bliss.”\nkevalānubhavānanda svarūpaḥ parameśhvaraḥ\n   (Bhagavatam 7.6.23)\n“God’s form is made of pure bliss.”\nānanda mātra kara pāda mukhodarādi   \n(Padma Purāṇ)\n“God’s hands, feet, face, stomach, etc. are all made of bliss.”\njo ānand sindhu sukharāsī   \n(Ramayan)\n“God is an ocean of bliss and happiness.”\nAll these mantras and verses from the scriptures emphasize that divine bliss is the nature of God’s personality.  The yogi, who absorbs the senses, mind, and intellect in God, begins to experience the infinite bliss of God who is seated within\n\n","meaning":" 5.21:\r\n                            Those who are not attached to external sense pleasures realize divine bliss in the self.  Being united with God through Yog, they experience unending happiness.","wordMeanings":""},{"id":22,"title":"5.22","content":"","type":"verse","passage":"ये हि संस्पर्शजा भोगा दु:खयोनय एव ते |आद्यन्तवन्त: कौन्तेय न तेषु रमते बुध: || 22||","commentary":"The senses create sensations of pleasure in contact with the sense objects.  The mind, which is like the sixth sense, derives pleasure from honor, praise, circumstances, success, etc.  All these pleasures of body and mind are known as \nbhog\n (material enjoyment).  Such worldly pleasures cannot satisfy the soul for the following reasons:\nWorldly pleasures are finite, and hence the feeling of deficiency remains inherent in them.  One may feel happiness on becoming a millionaire, but the same millionaire becomes discontented on seeing a billionaire, and thinks, “If only I also had one billion, then I too would be happy.”  In contrast, the bliss of God is infinite, and so it gives complete satisfaction.\nWorldly pleasures are temporary.  Once they finish, they again leave one with the feeling of misery.  For example, an alcoholic enjoys the pleasure of drinking alcohol at night, but the next morning, the hangover gives him a splitting headache.  However, the bliss of God is eternal, and once attained, it remains forever.\nWorldly pleasures are insentient, and hence they continuously decrease.  When people see a new Academy Award prize-winning movie, they are overjoyed, but if they have to see the movie a second time to give company to a friend, their joy dries up.  And if a second friend insists that they see it a third time, they say, “Give me any punishment, but don’t ask me to see that movie again.”  The pleasure from material objects keeps decreasing as we enjoy it.  In Economics, this is defined as the Law of Diminishing Returns.  But the bliss of God is sentient; it is \nsat-chit-ānand\n (eternal ever-fresh divine bliss).  Hence, one can go on chanting the same divine Name of God all day long, and relish ever-new devotional satisfaction in it.\nNo sane person enjoying a delicious dessert would be willing to give it up and eat mud instead.  Similarly, when one begins to enjoy divine bliss, the mind loses all taste for material pleasures.  Those endowed with the faculty of discrimination understand the above three drawbacks of material pleasures, and restrain their senses from them.   \nShree Krishna emphasizes this in the next verse.\n\n","meaning":" 5.22:\r\n                            The pleasures that arise from contact with the sense objects, though appearing as enjoyable to worldly-minded people, are verily a source of misery.  O son of Kunti, such pleasures have a beginning and an end, so the wise do not delight in them.","wordMeanings":""},{"id":23,"title":"5.23","content":"","type":"verse","passage":"शक्नोतीहैव य: सोढुं प्राक्शरीरविमोक्षणात् |कामक्रोधोद्भवं वेगं स युक्त: स सुखी नर: || 23||","commentary":"The human body presents a golden opportunity for the soul to reach the Supreme goal of God-realization.  In this body, we possess the faculty of discrimination, while animals are driven by their nature.  Shree Krishna emphasizes that this power of discrimination should be exercised to restrain the impulses of desire and anger.\nOne meaning of the word \nkām\n is lust, but in this verse \nkām\n is used for all kinds of desires of the body and mind for material pleasures.  When the mind does not attain the object of its desire, it modifies its state to exhibit anger.  The urges of desire and anger are very powerful, like the strong current of a river.  Even animals are subject to these urges, but unlike humans they are not bestowed with the discrimination to restrain them.  However, the human intellect has been bestowed with the power of discrimination.  The word \nsodhum\n means “to withstand.”  This verse instructs us to withstand the urges of desire and anger.  Sometimes one restrains the urges of the mind out of embarrassment.  Let us say there is a man sitting at the airport.  A beautiful lady comes and sits by his side.  His mind desires the pleasure of putting his arm around her, but the intellect resists with the thought, “This is improper conduct.  The lady may even slap me for it.”  To avoid the shame of censure, he restrains himself.  Here Shree Krishna is not asking Arjun to restrain the mind out of embarrassment, fear, or apprehension, but through discrimination based on knowledge.  \nThe resolute intellect should be used to check the mind.  As soon as the thought of savoring a material pleasure comes to the mind, one should bring the knowledge to the intellect that these are sources of misery.  The Shreemad Bhagavatam states: \nnāyaṁ deho deha-bhājāṁ nṛiloke \nkaṣhṭān kāmān arhate viḍ-bhujāṁ ye\ntapo divyaṁ putrakā yena sattvaṁ \nśhuddhyed yasmād brahma-saukhyaṁ tvanantam   \n(5.5.1)\n“In the human form, one should not undertake great hardships to obtain sensual pleasures, which are available even to creatures that eat excreta (hogs).  Instead, one should practice austerities to purify one’s heart, and enjoy the unlimited bliss of God.”  This opportunity to practice discrimination is available only while the human body exists, and one who is able to check the forces of desire and anger while living, becomes a yogi.  Such a person alone tastes the divine bliss within and becomes happy.\n\n","meaning":" 5.23:\r\n                            Those persons are yogis, who before giving up the body are able to check the forces of desire and anger; and they alone are happy.","wordMeanings":""},{"id":24,"title":"5.24","content":"","type":"verse","passage":"योऽन्त:सुखोऽन्तरारामस्तथान्तज्र्योतिरेव य: ।स योगी ब्रह्मनिर्वाणं ब्रह्मभूतोऽधिगच्छति ।। 24।।","commentary":"“Inner light” is the divine knowledge that is bestowed from within in the form of realization, by the grace of God, when we surrender to Him.  The Yog Darśhan states:\nṛitambharā tatra prajñā   \n(1.48)\nIn the state of samadhi, one's intellect becomes filled with realization of the Truth.\nAfter instructing Arjun about the need to withstand the impulses of desire and anger, Shree Krishna reveals the confidential means of practicing this.  The words \nyo’ntah sukho\n mean “one who is internally happy.”  There is one kind of happiness that we get from external objects, and another kind of happiness that we experience from within when we absorb the mind in God.  If we do not experience happiness within, we will not be able to permanently resist external temptations.  But when the bliss of God starts flowing within the heart, then the fleeting external pleasures seem trivial in comparison and are easy to renounce. \nSaint Yamunacharya states:\nyadāvadhi mama chetaḥ kṛiṣhṇa-padāravinde\nnava-nava-rasa-dhāmanudyata rantum āsīt\ntadāvadhi bata nārī-saṅgame smaryamāne\nbhavati mukha-vikāraḥ suṣhṭu niṣhṭhīvanaṁ cha\n“Ever since I have begun meditating upon the lotus-like feet of Lord Krishna, I have been experiencing ever-increasing bliss.  If by chance the thought of sex pleasure comes to my mind, I spit at the thought and curl my lips in distaste.”\n\n","meaning":" 5.24:\r\n                            Those who are happy within themselves, enjoying the delight of God within, and are illumined by the inner light, such yogis are united with the Lord and are liberated from material existence.","wordMeanings":""},{"id":25,"title":"5.25","content":"","type":"verse","passage":"लभन्ते ब्रह्मनिर्वाणमृषय: क्षीणकल्मषा: |छिन्नद्वैधा यतात्मान: सर्वभूतहिते रता: || 25||","commentary":"In the preceding verse, Shree Krishna explained the state of the sages who experience the pleasure of God within themselves.  In this verse, He describes the state of the sages who are actively engaged in the welfare of all beings.  The Ramayan states:\npara upakāra bachana mana kāyā, santa sahaja subhāu khagarāyā\n“The trait of compassion is the intrinsic nature of saints.  Motivated by it, they use their words, mind, and body for the welfare of others.” \nHuman welfare is a praiseworthy endeavor.  However, welfare schemes that are only committed to bodily care only result in temporary welfare.  A person is hungry; he is given food, and his hunger is satiated.  But after four hours, he is hungry again.  Spiritual welfare goes right to the root of all material suffering, and endeavors to revive the God-consciousness of the soul.  Hence, the highest welfare activity is to help a person unite his or her consciousness with God.  This is the kind of welfare work that elevated souls with purified minds engage in.  Such welfare activity further attracts God’s grace, which elevates them even further on the path.  Finally, when they have achieved complete purification of the mind and perfected their surrender to God, they are liberated to the spiritual realm and the divine Abode. \nThus far in this chapter, Shree Krishna has extolled the path of \nkarm-yog\n.  He now speaks the remaining verses for the \nkarm sanyāsīs\n, revealing that they too attain the final goal.\n\n","meaning":" 5.25:\r\n                            Those holy persons, whose sins have been purged, whose doubts are annihilated, whose minds are disciplined, and who are devoted to the welfare of all beings, attain God and are liberated from material existence.","wordMeanings":""},{"id":26,"title":"5.26","content":"","type":"verse","passage":"कामक्रोधवियुक्तानां यतीनां यतचेतसाम् |अभितो ब्रह्मनिर्वाणं वर्तते विदितात्मनाम् || 26||","commentary":"Karm-yog\n is the safer path to take for most people, as explained in verse 5.2, and that is why Shree Krishna has strongly recommended it to Arjun.  However, for someone who is truly detached from the world, \nkarm sanyās\n is also suitable.  It is advantageous in that there is no diversion of time and energy toward worldly duties, and one can dedicate oneself fully to the practice of spirituality.  There have been many accomplished \nsanyāsīs\n in history.  Shree Krishna states that such true \nkarm sanyāsīs\n also make rapid progress and experience peace everywhere.  By eliminating the urges of desire and anger and subduing their mind, they attain perfect peace both in this life and here-after.  \nWe often harbor the misconception that external circumstances are at fault for the lack of peace in our lives, and we hope for the day when the situation will become conducive to peace of mind.  However, peace is not dependent upon the external situation; it is a product of purified senses, mind, and intellect.  The \nsanyāsīs\n, with their mind and thoughts turned inward, find the ocean of peace within, independent of external circumstances.  And then, with the internal machinery in order, they experience the same peace everywhere, and are liberated in this world itself.\n\n","meaning":" 5.26:\r\n                            For those sanyāsīs, who have broken out of anger and lust through constant effort, who have subdued their mind, and are self-realized, liberation from material existence is both here and hereafter.","wordMeanings":""},{"id":27,"title":"5.27","content":"","type":"verse","passage":"स्पर्शान्कृत्वा बहिर्बाह्यांश्चक्षुश्चैवान्तरे भ्रुवो: |प्राणापानौ समौ कृत्वा नासाभ्यन्तरचारिणौ || 27||यतेन्द्रियमनोबुद्धिर्मुनिर्मोक्षपरायण: |विगतेच्छाभयक्रोधो य: सदा मुक्त एव स: || 28||","commentary":"Often renunciants are more inclined toward \naṣhṭāṅg-yog\n or \nhaṭha-yog\n along with their practice of asceticism.  Their extreme detachment makes them disinterested in the path of devotion, which requires meditation on the Names, Forms, Pastimes, and Abodes of God.  Shree Krishna here describes the path that the ascetics take. \nHe says that such ascetics shut out thoughts of sense objects by controlling their sight and breath.  They focus their gaze between their eyebrows.  If the eyes are fully closed, sleep may overtake one; and if they are wide open, they may get distracted by the objects around them.  In order to avoid both these defects, the ascetics concentrate their gaze, with eyes half-open, between the eyebrows or the tip of the nose.  They also harmonize the \nprāṇ\n (outgoing breath) with the \napān\n (incoming breath), until both become suspended in yogic trance.  This yogic process enables the controlling of the senses, mind, and intellect.  Such persons make liberation from the material energy as their only goal. \nSuch ascetic practices lead to \nātma jñāna\n (knowledge of the self), not to \nbrahma jñāna\n (knowledge of God).  Hence, the ascetic path must also be consummated through devotion to God, as stated in the next verse.\n\n","meaning":" 5.27-28:\r\n                            Shutting out all thoughts of external enjoyment, with the gaze fixed on the space between the eye-brows, equalizing the flow of the incoming and outgoing breath in the nostrils, and thus controlling the senses, mind, and intellect, the sage who becomes free from desire, fear, and anger, always lives in freedom.","wordMeanings":""},{"id":28,"title":"5.28","content":"","type":"verse","passage":"स्पर्शान्कृत्वा बहिर्बाह्यांश्चक्षुश्चैवान्तरे भ्रुवो: |प्राणापानौ समौ कृत्वा नासाभ्यन्तरचारिणौ || 27||यतेन्द्रियमनोबुद्धिर्मुनिर्मोक्षपरायण: |विगतेच्छाभयक्रोधो य: सदा मुक्त एव स: || 28||","commentary":"Often renunciants are more inclined toward \naṣhṭāṅg-yog\n or \nhaṭha-yog\n along with their practice of asceticism.  Their extreme detachment makes them disinterested in the path of devotion, which requires meditation on the Names, Forms, Pastimes, and Abodes of God.  Shree Krishna here describes the path that the ascetics take. \nHe says that such ascetics shut out thoughts of sense objects by controlling their sight and breath.  They focus their gaze between their eyebrows.  If the eyes are fully closed, sleep may overtake one; and if they are wide open, they may get distracted by the objects around them.  In order to avoid both these defects, the ascetics concentrate their gaze, with eyes half-open, between the eyebrows or the tip of the nose.  They also harmonize the \nprāṇ\n (outgoing breath) with the \napān\n (incoming breath), until both become suspended in yogic trance.  This yogic process enables the controlling of the senses, mind, and intellect.  Such persons make liberation from the material energy as their only goal. \nSuch ascetic practices lead to \nātma jñāna\n (knowledge of the self), not to \nbrahma jñāna\n (knowledge of God).  Hence, the ascetic path must also be consummated through devotion to God, as stated in the next verse.\n\n","meaning":" 5.27-28:\r\n                            Shutting out all thoughts of external enjoyment, with the gaze fixed on the space between the eye-brows, equalizing the flow of the incoming and outgoing breath in the nostrils, and thus controlling the senses, mind, and intellect, the sage who becomes free from desire, fear, and anger, always lives in freedom.","wordMeanings":""},{"id":29,"title":"5.29","content":"","type":"verse","passage":"भोक्तारं यज्ञतपसां सर्वलोकमहेश्वरम् |सुहृदं सर्वभूतानां ज्ञात्वा मां शान्तिमृच्छति || 29||","commentary":"The ascetic \nsādhanā\n, explained in the previous two verses, can lead to \nātma jñāna\n (knowledge of the self).  But \nbrahma jñāna\n (knowledge of God) requires the grace of God, which comes through devotion.  The words \nsarva loka maheśhwaram\n mean “Sovereign Lord of all the worlds,” and \nsuhṛidaṁ sarva-bhūtānāṁ\n means “benevolent well-wisher of all living beings.”  In this way, He emphasizes that the ascetic path too is consummated in surrender to God, with the knowledge that the Supreme Lord is the enjoyer of all austerities and sacrifices.  Jagadguru Shree Kripaluji Maharaj has put this very nicely:\nhari kā viyogī jīva govind rādhe, sañcho yog soī jo hari se milāde\n(Rādhā Govind Geet)\n“The soul is disconnected from God since eternity.  True Yog is that which unites the soul with the Lord.”  Hence, no system of Yog is complete without the inclusion of bhakti.\nIn His “Song of God,” Shree Krishna beautifully includes all the genuine paths of spiritual practice, but each time, at the end He qualifies them by stating that success in these paths also requires bhakti.  For example, He uses this system of presentation in verses 6.46-47, 8.22, 11.53-54, 18.54-55, etc.  Here too, Shree Krishna ends the topic revealing the necessity of devotion.\n\n","meaning":" 5.29:\r\n                            Having realized Me as the enjoyer of all sacrifices and austerities, the Supreme Lord of all the worlds and the selfless friend of all living beings, My devotee attains peace.","wordMeanings":""}]}