{"id":"102","title":"Srimad Bhagavad Gita","description":"The Srimad Bhagavad Gita is a part of the Mahabharata, depicting the dialogue between Krishna and Arjuna on the battlefield of Kurukshetra. It is divided into 18 chapters and provides profound philosophical and spiritual teachings about life, karma, knowledge, and devotion.","status":"draft","categoryKey":"atma-gyan","type":"book","language":"en","coverImage":"https://vishalmanchanda.github.io/assets/sbg_3.jpg","zipUrl":"","authors":[{"id":"1","name":"Swami Sivananda","bio":"Founder of the Divine Life Society (DLS) in 1936, Yoga-Vedanta Forest Academy (1948) and author of over 200 books on yoga, Vedanta, and a variety of subjects. ","image":"https://upload.wikimedia.org/wikipedia/commons/3/34/Swami_Shivananda_Liebe.jpg","website":"https://www.shriswamiramsukhdasjimaharaj.com/index1.html","authorKey":"en_swami_sivananda_commentary_md"},{"id":"2","name":"Swami Gambirananda","bio":"The Swami was an erudite scholar. His English version of the ten Major Upanishads, the Bhagavad Gita and the Brahmasutras with Shankara’s Commentary, and the Bengali version of the eleven major Upanishads, Stavakusumanjali, Siddhanta-Lesa-Samgraha, earned appreciation from all quarters. ","image":"https://vedantastl.org/wp-content/uploads/2018/04/swamigambhirananda125.jpg","website":"https://biographies.rkmm.org/m/monks/a/gambhirananda-swami","authorKey":"en_swami_gambirananda_commentary_md"},{"id":"3","name":"Swami Adidevananda","bio":"During his 17 years of spiritual ministration at Mangalore, he translated into Kannada many of Sanskrit scriptures","image":"assets/images/guru.jpg","website":"https://en.wikipedia.org/wiki/Swami_Adidevananda","authorKey":"en_swami_adidevananda_commentary_md"},{"id":"4","name":"Swami Mukundananda","bio":"Swami Mukundananda is a spiritual leader, Vedic scholar, author,[2] and a teacher of spirituality, yoga and meditation from India. He is a senior disciple of Jagadguru Kripaluji Maharaj and the founder of the yogic system called Jagadguru Kripaluji Yog, widely known as JKYog.[3] A proponent of the path of bhakti, Swami Mukundananda is a sannyasi (monk), who has a technical and management background which complements his spiritual knowledge.","image":"https://v1.jkyog.org/sites/default/files/styles/swami_mukundananda_panchamool/public/2018-09/mission.jpg?itok=D-a8flfe","website":"www.jkyog.org","authorKey":"en_swami_mukundananda_commentary_md"},{"id":"5","name":"Sri A C Bhaktivedanta Prabhupad","bio":"was a spiritual, philosophical, and religious teacher from India who spread the Hare Krishna mantra and the teachings of Krishna consciousness to the world. ","image":"https://encrypted-tbn0.gstatic.com/images?q=tbn:ANd9GcQ8X8x6X8sLqX2vt3oJylgyHGXmd1JPxE7KoTxbp_N9lg8gvxUN3c6ERAwsez3z_4C5gOzpiJlKwL0vrH2zidPyYQ","website":"https://en.wikipedia.org/wiki/A._C._Bhaktivedanta_Swami_Prabhupada","authorKey":"en_ac_bhaktivendanta_prabhupad_commentary_md"},{"id":"6","name":"Dr S Sankaranarayan","bio":"Dr S Sankaranarayan researched and tranlated on the works of Abhinav Gupta","image":"https://cdn-icons-png.flaticon.com/512/3571/3571663.png","website":"","authorKey":"en_dr_s_sankaranarayan_commentary_md"}],"version":"1.0","keywords":["Karma","Dharma","Gyana","Bhakti","Yoga","Atman","Krishna","Gunas","Detachment"],"createdAt":"2024-10-23T12:00:00Z","updatedAt":"2025-01-21T08:46:36.500Z","multiAuthorCommentary":false,"partsMetadata":[{"id":1,"title":"Arjuna's Dilemma","description":"Arjuna becomes distressed upon seeing his family and teachers on the battlefield and decides not to fight.","sectionCount":47,"tags":null},{"id":2,"title":"Transcendental Knowledge","description":"Krishna explains the immortality of the soul and the importance of karma yoga.","sectionCount":72,"tags":null},{"id":3,"title":"Path of Karma Yoga","description":"Krishna explains the concept of selfless action and the importance of fulfilling one's duty for society.","sectionCount":43,"tags":null},{"id":4,"title":"Path of Knowledge and Action","description":"Krishna talks about the importance of knowledge and attaining liberation through action.","sectionCount":42,"tags":null},{"id":5,"title":"Karma Yoga - Action in Krishna Consciousness","description":"Krishna explains the balance between karma yoga and jnana yoga.","sectionCount":29,"tags":null},{"id":6,"title":"Path of Meditation","description":"Krishna elaborates on the practice of meditation and yoga.","sectionCount":47,"tags":null},{"id":7,"title":"Knowledge of the Absolute","description":"Krishna speaks about His divine nature and the importance of devotion.","sectionCount":30,"tags":null},{"id":8,"title":"Attaining the Supreme","description":"Krishna talks about Brahman, karma, and the importance of remembering God at the time of death.","sectionCount":28,"tags":null},{"id":9,"title":"The Most Confidential Knowledge","description":"Krishna speaks about bhakti yoga and His all-pervading nature.","sectionCount":34,"tags":null},{"id":10,"title":"The Opulence of the Absolute","description":"Krishna describes His divine glories and powers.","sectionCount":42,"tags":null},{"id":11,"title":"The Universal Form","description":"Krishna shows Arjuna His universal form, revealing His all-powerful and all-encompassing nature.","sectionCount":55,"tags":null},{"id":12,"title":"Path of Devotion","description":"Krishna speaks about different forms of devotion and the superiority of bhakti yoga.","sectionCount":20,"tags":null},{"id":13,"title":"Nature, the Enjoyer, and Consciousness","description":"Krishna explains the difference between nature, the individual, and the soul.","sectionCount":35,"tags":null},{"id":14,"title":"The Three Modes of Material Nature","description":"Krishna elaborates on the three modes of nature - goodness, passion, and ignorance.","sectionCount":27,"tags":null},{"id":15,"title":"The Supreme Person","description":"Krishna explains the path to liberation using the analogy of the world tree.","sectionCount":20,"tags":null},{"id":16,"title":"The Divine and Demoniac Natures","description":"Krishna describes the difference between divine and demoniac natures and their consequences.","sectionCount":24,"tags":null},{"id":17,"title":"The Divisions of Faith","description":"Krishna speaks about the three types of faith and their effects.","sectionCount":28,"tags":null},{"id":18,"title":"Conclusion - The Perfection of Renunciation","description":"Krishna summarizes the main messages of the Gita and emphasizes the importance of complete surrender.","sectionCount":78,"tags":null}],"audios_path":"https://vishalmanchanda.github.io/assets/gita_shloka_chants"}