{"id":1,"title":"Samadhi Pada","description":"Samadhi Pada","sectionCount":51,"tags":null,"contentId":"YSOP01","sections":[{"id":"1","title":"1.1","content":"","type":"verse","passage":"अथ योगानुशासनम्","commentary":"","meaning":"Now, the teachings of yoga are presented since the student is ready to received these teachings.","wordMeanings":"अथ - now; योग - process of yoking, union; अनुशासनम - teaching, exposition"},{"id":"2","title":"1.2","content":"","type":"verse","passage":"योगश्चित्तवृत्तिनिरोधः","commentary":"","meaning":"The purpose of yoga is to quieten the fluctuations of the mind.","wordMeanings":"योग  - process of yoking, union; चित्त  - consciousness; वृत्ति  - patterning, turnings, movements; निरोध - stilling, cessation, restriction"},{"id":"3","title":"1.3","content":"","type":"verse","passage":"तदा द्रष्टुः स्वरूपेऽवस्थानम्","commentary":"","meaning":"Once the state of Yoga is achieved, pure consciousness resides in its intrinsic nature.","wordMeanings":"तदा  - then; द्रष्टु  - seer, witness, pure awareness; स्वरूपे - own essence, identity; अवस्थानम - state of abiding"},{"id":"4","title":"1.4","content":"","type":"verse","passage":"वृत्तिसारूप्यमितरत्र","commentary":"","meaning":"Till the state of Yoga is achieved, consciousness identifies itself with the mental patterns.","wordMeanings":"वृत्ति - patterning, turnings, movements; सारूप्यम - identification, conformity; इतरत्र - otherwise"},{"id":"5","title":"1.5","content":"","type":"verse","passage":"वृत्तयः पञ्चतय्यः क्लिष्टाक्लिष्टाः","commentary":"","meaning":"These mental patterns can be classified into five types, which include both harmful and harmless ones.","wordMeanings":"वृत्तयः - patterning, turnings, movements; पञ्चतय्यः - fivefold; क्लिष्ट - hurtful; अक्लिष्ट - benign"},{"id":"6","title":"1.6","content":"","type":"verse","passage":"प्रमाणविपर्य्यविकल्पनिद्रास्मृतयः","commentary":"","meaning":"These five types of mental patters are right perception, misperception, conceptualization, deep sleep, and memory.","wordMeanings":"प्रमाण - right perception; विपर्यय  - misperception, error; विकल्प  - conceptualization; निद्रा  - sleep; स्मृति  - memory, remembering"},{"id":"7","title":"1.7","content":"","type":"verse","passage":"प्रत्यक्षानुमानागमाः प्रमाणानि","commentary":"","meaning":"Right perception arises from direct observation, inference, or the words of others.","wordMeanings":"प्रत्यक्ष  - percept, sensory input; अनुमान  - inference; आगामी  - testimony from a teacher or traditional texts; प्रमाणानि  - accurate perception"},{"id":"8","title":"1.8","content":"","type":"verse","passage":"विपर्ययो मिथ्याज्ञानमतद्रूपप्रतिष्ठम्","commentary":"","meaning":"False knowledge arises from misperception, which is not based on reality.","wordMeanings":"विपर्यय  - misperception, error; मिथ्या  - false; incorrect  ज्ञान  - knowledge; अतद - not that; रूप - form; nature  प्रतिष्ठम् - based on"},{"id":"9","title":"1.9","content":"","type":"verse","passage":"शब्दज्ञानानुपाती वस्तुशून्यो विकल्पः","commentary":"","meaning":"Imagination is a product of language-based knowledge, rather than direct experience with the physical world.","wordMeanings":"शब्द  - verbal, linguistic; ज्ञान  - knowledge; अनुपाती  - following, relying upon; वस्तु  - object, substance; शून्य  - empty;\nविकल्प  - conceptualization"},{"id":"10","title":"1.10","content":"","type":"verse","passage":"अभावप्रत्ययालम्बना वृत्तिर्निद्रा","commentary":"","meaning":"The pattern of deep sleep is rooted in the perception that everything ceases to exist.","wordMeanings":"अभाव  - non-existence, non-becoming; प्रत्यय  - perception, thought, intention, representation; आलम्बना  - resting on; वृत्ति  - patterning; निद्रा - sleep\n"},{"id":"11","title":"1.11","content":"","type":"verse","passage":"अनुभूतविषयासंप्रमोषः स्मृतिः","commentary":"","meaning":" 'Remembering' refers to the act of retaining past experiences in memory.","wordMeanings":"अनुभुत - experienced; विषय  - object (of experience), phenomenon; असंप्रमोष  - not allowing to steal away; स्मृति - memory, remembering"},{"id":"12","title":"1.12","content":"","type":"verse","passage":"अभ्यासवैराग्याभ्यां तन्निरोधः","commentary":"","meaning":"In order to quiet the fluctuations of the mind, one needs - practice and dispassion.","wordMeanings":"अभ्यास  - practice, action, method; वैराग्य  - dispassion, non-reaction, non-attachment; तद  - these; निरोध  - stilling, cessation, restriction"},{"id":"13","title":"1.13","content":"","type":"verse","passage":"तत्र स्थितौ यत्नोऽभ्यासः","commentary":"","meaning":"Practice involves the persistent effort to abide in 'elevated' state.","wordMeanings":"तत्र  - in that; स्थितौ  - stability, steadiness; यत्न - sustained effort; अभ्यास  - practice, action, method"},{"id":"14","title":"1.14","content":"","type":"verse","passage":"स तु दीर्घकालनैरंन्तर्यसत्कारासेवितो दृढ़भूमिः","commentary":"","meaning":"Skillful and continuous cultivation of this 'practice' with devotion establishes firm roots over time.","wordMeanings":"स  - this; तु  - and, moreover; दीर्घ  - long; काल  - time; नैरन्तर्य  - continuously, uninterruptedly; सत्कार  - skillfully, in the right way; असेवितो  - cultivated; दृढ़  - firmly; भूमि  - rooted, grounded"},{"id":"15","title":"1.15","content":"","type":"verse","passage":"दृष्टानुश्रविकविषयवितृष्णस्य वशीकारसंज्ञा वैराग्यम्","commentary":"","meaning":"Complete dispassion occurs when one no longer becomes attached to anything, whether perceived (seen & heard) directly or learned.","wordMeanings":"दृष्टा  - seen, perceptible; अनुश्रविक  - heard, learned; विषय  - object (of experience), phenomenon; वितृष्णस्य - without wanting or attachment; वशीकार  - mastery, willing something to happen; संज्ञा  - comprehension; वैराग्य - dispassion, non-reaction, non-attachment"},{"id":"16","title":"1.16","content":"","type":"verse","passage":"तत्परं पुरुषख्यातेर्गुणवैतृष्ण्यम्","commentary":"","meaning":"Pure awareness can recognize its independence from the fundamental qualities of nature when ultimate dispassion is achieved.","wordMeanings":"तत  - this; परम  - ultimate, highest, purest; पुरुष  - pure awareness; ख्याती  - clear seeing; गुण  - fundamental qualities of nature; वैतृष्ण्यम् - without wanting or attachment"},{"id":"17","title":"1.17","content":"","type":"verse","passage":"वितर्कविचारानन्दास्मितारूपानुगमात्संप्रज्ञातः","commentary":"","meaning":"Initially, the process of stilling the mind involves four levels of elevated cognition, including analytical thinking, insight, bliss, and the sense of self.","wordMeanings":"वितर्क  - analytical thinking; विचार  - insight, reflection; आनंद  - bliss, joy;\nअस्मिता  - sense of self, I-am-ness; रूप  - form; अनुगमात  - going with, following, accompanying; संप्रज्ञात - cognitive"},{"id":"18","title":"1.18","content":"","type":"verse","passage":"विरामप्रत्ययाभ्यासपूर्वः संस्कारशेषोऽन्यः","commentary":"","meaning":"As one practices steadily to bring all thoughts to a standstill, these four types of cognition gradually disappear, leaving only latent impressions in the subconscious mind.","wordMeanings":"विराम  - cessation; प्रत्यय  - perception, thought, intention, representation; अभ्यास - practice, action, method; पूर्व  - earlier; संस्कार  - latent impressions; शेष  - store, residuum; अन्य  - other"},{"id":"19","title":"1.19","content":"","type":"verse","passage":"भवप्रत्ययो विदेहप्रकृतिलयानाम्","commentary":"","meaning":"Once the body is gone and these latent impressions might give rise to rebirth.","wordMeanings":"भव  - being, becoming; प्रत्यय  - perception, thought, intention, representation; विदेह  - bodiless; प्रकृति  - nature;  लयानाम  - clasped, merged"},{"id":"20","title":"1.20","content":"","type":"verse","passage":"श्रद्धावीर्यस्मृतिसमाधिप्रज्ञापूर्वक इतरेषाम्","commentary":"","meaning":"For others, the path to realization involves faith, energy, right cognition in form of memory and to understand the various elevated levels of wisdom.","wordMeanings":"श्रद्धा  - faith; वीर्य  - energy, vigor; स्मृति  - memory, mindfulness; समाधि - oneness, integration; प्रज्ञा - wisdom; \nपूर्वक  - preceded by; इतरेषाम  - others"},{"id":"21","title":"1.21","content":"","type":"verse","passage":"तीव्रसंवेगानामासन्नः","commentary":"","meaning":"Those who earnestly seek liberation will find that realization is within reach, depending on the intensity of their practice.","wordMeanings":"तीव्र  - extremely; संवेगानाम  - intense, vehement; आसन्न  - near"},{"id":"22","title":"1.22","content":"","type":"verse","passage":"मृदुमध्याधिमात्रत्वात्ततोऽपि विशेषः","commentary":"","meaning":"The proximity to realization varies according to whether the practice is mild, moderate, or intense.","wordMeanings":"मृदु  - mild; मध्य  - moderate; अधिमात्रत्वत  - extreme, intense; तातै  - therefore, from these; अपि - also; विशेष  - difference, distinction"},{"id":"23","title":"1.23","content":"","type":"verse","passage":"ईश्वरप्रणिधानाद्वा","commentary":"","meaning":"Another pathway to realization involves being directed toward the ideal of pure awareness i.e. Ishvara or God.","wordMeanings":"ईश्वर  - divine ideal of pure awareness; \nप्रणिधान  - surrender, dedication, application, alignment;  वा  - or"},{"id":"24","title":"1.24","content":"","type":"verse","passage":"क्लेशकर्मविपाकाशयैरपरामृष्टः पुरुषविशेष ईश्वरः","commentary":"","meaning":"Ishvara or God is a unique and incorruptible manifestation of pure awareness that is completely independent of cause and effect, and devoid of any latent impressions.","wordMeanings":"क्लेश  - cause of suffering, corruption, hindrance, affliction, poison; कर्म  - action; विपाक  - ripening, fruition; शयै  - store, residuum; अपरामृष्ट  - untouched, unaffected; पुरूष  - pure awareness; विशेष  - difference, distinction; exemplary, distinct; ईश्वर  - divine ideal of pure awareness"},{"id":"25","title":"1.25","content":"","type":"verse","passage":"तत्र निरतिशयं सर्वज्ञबीजम्","commentary":"","meaning":"Isvara or God is limitless and with unparalleled omniscience.","wordMeanings":"तत्र  - there, in that; निरतिशयं  - incomparable, unsurpassed; सर्वज्ञ  - all knowing;  बीजम  - seed, source\n"},{"id":"26","title":"1.26","content":"","type":"verse","passage":"स एषः पूर्वेषामपि गुरुः कालेनानवच्छेदात्","commentary":"","meaning":"Being beyond time, Isvara or God is revered as the primoridial master by the ancients.","wordMeanings":"स  - this, that; पूर्वेषाम  - earlier; अपि  - also; गुरु  - teacher, mentor; कालेन  - by time, temporally;  आनवच्छेदात् - unbounded, continuous\n"},{"id":"27","title":"1.27","content":"","type":"verse","passage":"तस्य वाचकः प्रणवः","commentary":"","meaning":"Isvara or God is symbolized by the sacred sound of \"Om\".","wordMeanings":"तस्य  - of this, that; वाचक  - signifying, connoting; प्रणव - the syllable pronounced om"},{"id":"28","title":"1.28","content":"","type":"verse","passage":"तज्जपस्तदर्थभावनम्","commentary":"","meaning":"This verbatim of Ishvara is to be repeated with devotion along with its meaning.","wordMeanings":"तत - that; जप  - repetition, intonation;  तद  - its, that;\nअर्थ  - meaning, purpose; भावनम  - realizing, becoming"},{"id":"29","title":"1.29","content":"","type":"verse","passage":"ततः प्रत्यक्चेतनाधिगमोऽप्यन्तरायाभावश्च","commentary":"","meaning":"As one continues to focus on Ishvara as mentioned, one's consciouness ascends and also obstacles begin to dissipate.","wordMeanings":"ततः  - therefore, from these; प्रत्यक  - inward; चेतना  - consciousness; अधिगमो - attainment;अपि  - also;\nअन्तराय  - obstacle; अभाव - disappearance; च - and\n"},{"id":"30","title":"1.30","content":"","type":"verse","passage":"व्याधिस्त्यानसंशयमप्रमादालस्याविरतिभ्रान्तिदर्शनालब्धभूमिकत्वानवस्थितत्वानि चित्तविक्षेपास्तेऽन्तरायाः","commentary":"","meaning":"Obstacles such as sickness, apathy, doubt, carelessness, laziness, hedonism, delusion, lack of progress, and inconstancy all serve as distractions that clouds consciousness and act as barriers.","wordMeanings":"व्याधि  - sickness;  स्त्यान - apathy; संशय  - doubt; प्रमाद  - carelessness; आलस्य  - laziness; अविरति - sexual indulgence; भ्रान्ति  - false; दर्शन  - vision, perspective; अलब्ध  - failing to attain; भूमिकत्वा - developmental stages;  अनवस्थितत्वानि - inconstancy, instability; चित्त  - consciousness; विक्षेप  - distraction, stirring up; ते  - these; अन्तराय  - obstacles"},{"id":"31","title":"1.31","content":"","type":"verse","passage":"दुःखदौर्मनस्याङ्गमेजयत्वश्वासप्रश्वासा विक्षेपसहभुवः","commentary":"","meaning":"These distractions may result in feelings of distress, depression, or an inability to maintain steadiness of posture or breathing (uncontrolled inhalations & exhalations).","wordMeanings":"दुःख  - distress, pain, suffering; दौर्मनस्य  - depression; अंगम - limb; एजयत्व  - trembling; श्वास - disturbed inhalation; प्रश्वास - disturbed exhalation; विक्षेप - distraction, stirring up; सहभुव - accompanying"},{"id":"32","title":"1.32","content":"","type":"verse","passage":"तत्प्रतिषेधार्थमेकतत्त्वाभ्यासः","commentary":"","meaning":"However, focus towards one unwavering 'element' (here Ishwara) can help one subdue these distractions.","wordMeanings":"tad - that, these\n pratiæedha - subdue, ward off\n artham - meaning, purpose, approach\n eka - one\n tattva - thusness, elemental quality, principle abhyâsaï - practice, action, method\n"},{"id":"33","title":"1.33","content":"","type":"verse","passage":"मैत्रीकरुणामुदितोपेक्षाणां सुखदुःखपुण्यापुण्यविषयाणां भावनातश्चित्तप्रसादनम्","commentary":"","meaning":"Other means involves radiating friendliness, compassion, delight, and equanimity towards one who is pleasant, in pain, good and bad respectively.","wordMeanings":"मैत्री  - friendliness; करुणा  - compassion; मुदिता  - delight; उपेक्षणा  - equanimity; सुख  - happiness; दुःख  - distress, pain, suffering; पुण्य  - good, virtuous; अपुण्य  - bad, evil; विषयाणाम  - object (of experience); भावनात  - radiating, projecting; चित्त  - consciousness; प्रसादनम  - calming, tranquilizing, clarification\n"},{"id":"34","title":"1.34","content":"","type":"verse","passage":"प्रच्छर्दनविधारणाभ्यां वा प्राणस्य","commentary":"","meaning":"Another way involves pausing after forceful exhalations.","wordMeanings":"प्रच्छर्दन - exhalation, expulsion;  विधारणाभ्यां - pause, retention;  वा - or; प्राणस्य - breath, life force\n"},{"id":"35","title":"1.35","content":"","type":"verse","passage":"विषयवती वा प्रवृत्तिरुत्पन्ना मनसः स्थितिनिबन्धनी","commentary":"","meaning":"Steadily observing as new (sattvik) sensations arise  (by the means of any of the 5 sense organs) can be a way to subdue distractions and focus the mind.","wordMeanings":"विषय  - object (of experience), phenomenon; वती  - having; वा  - or; प्रवृत्ति  - arising of activity; उत्पन्न - arisen, produced; मनसः - mind; स्थिति - stability, steadiness; निबन्धनी - holds"},{"id":"36","title":"1.36","content":"","type":"verse","passage":"विशोका वा ज्योतिष्मति","commentary":"","meaning":"Experiencing thoughts that are luminous and free of sorrow can also aid in achieving stillness of mind.","wordMeanings":"विशोका  - free of sorrow; वा  - or; ज्योतिष्मती  - luminous\n"},{"id":"37","title":"1.37","content":"","type":"verse","passage":"वीतरागविषयं वा चित्तम्","commentary":"","meaning":"Focusing on things/people that do not inspire attachment can be a helpful technique in meditation.","wordMeanings":"वित  - free from, without; राग  - desire, passion, attachment; विषयं - object (of experience); वा - or; चित्त - consciousness\n"},{"id":"38","title":"1.38","content":"","type":"verse","passage":"स्वप्ननिद्राज्ञानालम्बनं वा","commentary":"","meaning":"Reflecting on insights gained while asleep and dreaming can be a source of guidance too.","wordMeanings":"स्वप्न  - dream; निद्रा  - sleep; ज्ञान  - knowledge; आलम्बनं - resting on; वा - or"},{"id":"39","title":"1.39","content":"","type":"verse","passage":"यथाभिमतध्यानाद्वा","commentary":"","meaning":"Meditative absorption in any desired (sattvik) object of one's choice can lead to a state of deep concentration and awareness.","wordMeanings":"यथा - as; अभिमत  - desired; ध्यानात  - meditative absorption; वा - or"},{"id":"40","title":"1.40","content":"","type":"verse","passage":"परमाणुपरममहत्त्वान्तोऽस्य वशीकारः","commentary":"","meaning":"Complete absorption in any object, whether subtlest and (macroscopic or) microscopic , is possible through meditation.","wordMeanings":"परम  - ultimate, highest, purest; अणु - minute, infinitesimal; महत्त्व - greatness, magnitude; अंतो - extending from...to; अस्य  - his; वशीकार  - mastery\n"},{"id":"41","title":"1.41","content":"","type":"verse","passage":"क्षीणवृत्तेरभिजातस्येव मणेर्ग्रहीतृग्रहणग्राह्येषु तत्स्थतदञ्जनता समापत्तिः","commentary":"","meaning":"As the fluctuations of mind fade away, a transparent mode of perception called 'samapatti'* alike to a transparent jewel/prism takes over. This transparent mind reflects everything in its perview equally - subject, object, or act of perceiving - like a prism (reflecting the constituents of light in seven colors).","wordMeanings":"क्षीण  - dwindled, decreased; वृत्ति  - patterning, turnings, movements; अभिजातस्य  - faultless, transparent; ईव - like; मणि  - jewel; गृहीत  - one who grasps, perceiver; ग्रहण  - grasping, perceiving; ग्राह्येषु  - grasped, object of perception; तत  - that; स्थ  - abide; तत  - that; अञ्जनता - saturation, taking the form of something else; समापत्ति - coalescence, unified contemplation\n"},{"id":"42","title":"1.42","content":"","type":"verse","passage":"तत्र शब्दार्थज्ञानविकल्पैः संकीर्णा सवितर्का समापत्तिः","commentary":"","meaning":"In the state of 'savitarka samapatti'* i.e. samapatti* with physical awareness constitutes with liguistic idea of word, meaning and idea.","wordMeanings":"तत्र  - there, in that; शब्द  - verbal, linguistic; अर्थ  - meaning, purpose; ज्ञान  - knowledge; विकल्प  - conceptualization; संकीर्ण  - intermingled; सवितर्क  - thought; समापत्ति  - coalescence, unified contemplation"},{"id":"43","title":"1.43","content":"","type":"verse","passage":"स्मृतिपरिशुद्धौ स्वरूपशून्येवार्थमात्रनिर्भासा निर्वितर्का","commentary":"","meaning":"At the next stage, objects lose their association with memory and are formless, revealing only their essential nature. This stage is known as 'nirvitarka'*.","wordMeanings":"स्मृति - memory, mindfulness; परिशुद्धौ - wiping clean, purification; स्वरूप - own form, identity; शून्य  - empty; इव - like; अर्थ  - meaning, purpose; मात्र  - only; निर्भासा  - shining; निर्वितर्का  - beyond thought\n"},{"id":"44","title":"1.44","content":"","type":"verse","passage":"एतयैव सविचारा निर्विचारा च सूक्ष्मविषया व्याख्याता","commentary":"","meaning":"Similarly, the states of 'savichara'* and 'nirvichara'* have objects of contemplation which are subtle in nature.","wordMeanings":"एतयैव  - by this; ईव - like, thus; सविचार  - reflecting; निर्विचार  - not reflecting; च - and; सुक्ष्म  - subtle; विषय  - object (of experience), phenomenon; व्याख्यात - described, explained\n"},{"id":"45","title":"1.45","content":"","type":"verse","passage":"सूक्ष्मविषयत्त्वं चालिङ्गपर्यवसानम्","commentary":"","meaning":"By tracing subtle objects back to their undifferentiated nature, they can be understood.","wordMeanings":"सूक्ष्म - subtle; विषयत्वं  - the thing itself, thus-ness of an object; च  - and; अलिंग  - without form; पर्यवसानम  - ending, terminating"},{"id":"46","title":"1.46","content":"","type":"verse","passage":"ता एव सबीजः समाधिः","commentary":"","meaning":"The four atages of awareness (mentioned above) - savitarka*, nirvitarka*, savichara* and nirvichara *- are referred to as meditative absorption that contains latent impressions (seeds).","wordMeanings":"ता  - these; एव  - only, also; सबीज  - with seed; समाधि  - oneness, integration\n"},{"id":"47","title":"1.47","content":"","type":"verse","passage":"निर्विचारवैशारद्येऽध्यात्मप्रसादः","commentary":"","meaning":"(Among these four stages) once the stage of nirvichara* is comprehended, the nature of the self is illuminated.","wordMeanings":"निर्विचार - not reflecting; वैशारद्ये - lucidity, purity; अध्यात्म - innermost self; प्रसाद  - calming, pacification, clarification\n"},{"id":"48","title":"1.48","content":"","type":"verse","passage":"ऋतंभरा तत्र प्रज्ञा","commentary":"","meaning":"The wisdom that arises from this comprehension is infallible.","wordMeanings":"ऋतं - truth; भरा  - bearing; तत्र  - in that; प्रज्ञा  - wisdom"},{"id":"49","title":"1.49","content":"","type":"verse","passage":"श्रुतानुमानप्रज्ञाभ्यामन्यविषयाविशेषार्थत्वात्","commentary":"","meaning":"This wisdom, unlike knowledge gained from inference or instruction, therefore holds a special importance.","wordMeanings":"श्रुती  - what has been heard, teachings; अनुमान  - inference; प्रज्ञाभाम  - wisdom; अन्य  - other; विषय  - object (of experience), phenomenon; विशेष - difference, distinction; अर्थत्वात  - function, role"},{"id":"50","title":"1.50","content":"","type":"verse","passage":"तज्जः संस्कारोऽन्यसंस्कारप्रतिबन्धी","commentary":"","meaning":"The impressions/ideas generated by this special knowledge, hinder the activation of other impressions.","wordMeanings":"तत - that; जै  - born of; संस्कार  - latent impressions; अन्य - other; संस्कार  - latent impressions; प्रतिबन्धी - prevents, obstructs\n"},{"id":"51","title":"1.51","content":"","type":"verse","passage":"तस्यापि निरोधे सर्वनिरोधान्निर्बीजः समाधिः","commentary":"","meaning":"When these impressions too come to an end, and the movement of consciousness is entirely pacified, this stage of 'impressionless' consciousness is termed as 'seedless' meditative absorption.","wordMeanings":"तस्य - of this; अपि  - also; निरोध - stilling, cessation, restriction; सर्व - all; निरोध  - stilling, cessation, restriction; निर्बीज - seedless; समाधि - oneness, integration\n"}]}