{"id":2,"title":"Sadhana Pada","description":"Sadhana Pada","sectionCount":55,"tags":null,"contentId":"YSOP01","sections":[{"id":"1","title":"2.1","content":"","type":"verse","passage":"तपः स्वाध्यायेश्वरप्रणिधानानि क्रियायोगः","commentary":"","meaning":"Kriya Yoga comprises of self discipline, study of self, and devotion towards Ishvara.","wordMeanings":"तप  - heat, intensity of discipline, austerity; स्वाध्याय  - self-study; ईश्वर - divine ideal of pure awareness; प्रणिधान - dedication, application, alignment; क्रिया - action; योग - process of yoking; union"},{"id":"2","title":"2.2","content":"","type":"verse","passage":"समाधिभावनार्थः क्लेशतनूकरणार्थश्च","commentary":"","meaning":"The aim of this path of action is to eliminate the roots of suffering and accomplish samadhi* (an advanced meditative state).","wordMeanings":"समाधि  - oneness, integration; भावना  - realizing, becoming; अर्थ  - meaning, purpose; क्लेश  - cause of suffering, corruption, hindrance, affliction, poison; तनू  - slender, weak; करण - making; अर्थ - meaning, purpose; च - and\n"},{"id":"3","title":"2.3","content":"","type":"verse","passage":"अविद्यास्मितारागद्वेषाभिनिवेशाः पञ्च क्लेशाः","commentary":"","meaning":"The roots of suffering include - ignorance, the sense of 'I', attachment, aversion, and fear of death.","wordMeanings":"अविद्या  - lack of wisdom, not seeing things as they are; अस्मिता - the sense of ‘I’, egoism; राग  - desire, passion, attachment; द्वेष  - aversion; अभिनिवेश  - clinging to life, self-preservation; क्लेश  - cause of suffering, corruption, hindrance, affliction, poison"},{"id":"4","title":"2.4","content":"","type":"verse","passage":"अविद्या क्षेत्रमुत्तरेषां प्रसुप्ततनुविच्छिन्नोदाराणाम्","commentary":"","meaning":"The causes of suffering germinate due to 'ignorance' and these sufferings can be either dormant, weakened, interrupted or fully activated.","wordMeanings":"अविद्या  - lack of wisdom, not seeing things as they are; क्षेत्र  - field; उत्तरेषां  - other, following; प्रसुप्त  - dormant; तनु  - thin; विच्छिन्न  - interrupted; उदारानाम  - activated, aroused\n"},{"id":"5","title":"2.5","content":"","type":"verse","passage":"अनित्याशुचिदुःखानात्मसु नित्यशुचिसुखात्मख्यातिरविद्या","commentary":"","meaning":"Ignorance is the state where one confuses impermanence, impurity, distress, and non self with permanence, purity, happiness, and self.","wordMeanings":"अनित्य  - impermanent; अशुचि  - impure; दुःख  - distress, pain, suffering; अनात्मसु  - not self; नित्य  - permanent; अशुचि - pure; सुख  - happiness; आत्म - self, essence; ख्याति  - seeing; अविद्या  - lack of wisdom, not seeing things as they are"},{"id":"6","title":"2.6","content":"","type":"verse","passage":"दृग्दर्शनशक्त्योरेकात्मतेवास्मिता","commentary":"","meaning":"The sense of 'I' (wrongly) identifies perception of pure awareness as the perception of the senses.","wordMeanings":"दृग - pure awareness, witness, see-er; दर्शन - vision, perspective; आक्त्यो  - power; एक  - one; आत्मता  - selfhood; एव  - as it were, like, thus; अस्मिता - the sense of ‘I’, egoism\n"},{"id":"7","title":"2.7","content":"","type":"verse","passage":"सुखानुशयी रागः","commentary":"","meaning":"Attachment is the cause of pleasurable experiences.","wordMeanings":"सुख  - happiness, pleasure; अनुशयी  - following; राग - wanting, desire, passion, attachment\n"},{"id":"8","title":"2.8","content":"","type":"verse","passage":"दुःखानुशयी द्वेषः","commentary":"","meaning":"Aversion is a cause of suffering(s).","wordMeanings":"दुःख  - distress, pain, suffering; अनुशयी  - following; द्वेष  - aversion\n"},{"id":"9","title":"2.9","content":"","type":"verse","passage":"स्वरसवाही विदुषोऽपि तथा रूढोऽभिनिवेशः","commentary":"","meaning":"Even the wise similar to a non-wise, instinctively fear death, perpetuating suffering.","wordMeanings":"स्व  - own;  रस - taste; वाही  - flowing; विदुषी   - sage, wise person; अपि  - also, even; तथा  - thus; रुढो - rooted; अभिनिवेश  - self-preservation\n"},{"id":"10","title":"2.10","content":"","type":"verse","passage":"ते प्रतिप्रसवहेयाः सूक्ष्माः","commentary":"","meaning":"These kleshas* (sufferings) are very subtle (hence not easily erased). They are eliminated only when the mind merges into its orgin.","wordMeanings":"ते  - these; प्रति  - with regard to, toward, reversing; प्रसव  - flow, motion, creation, inception; हेय - overcome, overwhelmed; सुक्ष्म  - subtle\n"},{"id":"11","title":"2.11","content":"","type":"verse","passage":"ध्यानहेयास्तद्वृत्तयः","commentary":"","meaning":"Through meditation, the fluctuations of mind that arise due to these kleshas* (sufferings) can be terminated.","wordMeanings":"ध्यान - meditative absorption; हेय - overcome, overwhelmed; तद - its, that, of these; वृत्तय - patterning, turnings, movements\n"},{"id":"12","title":"2.12","content":"","type":"verse","passage":"क्लेशमूलः कर्माशयो दृष्टादृष्टजन्मवेदनीयः","commentary":"","meaning":"The deposits of karma* (actions) are rooted in the causes of klesha* (suffering), which is experienced either in the future or in the present.","wordMeanings":"क्लेश - cause of suffering, corruption, hindrance, affliction, poison; मूल  - root; कर्म  - action; शय  - store, residuum; दृष्टा  - seen, perceptible; अदृष्टा - unseen; जन्म - birth; वेदनीय - to be experienced\n"},{"id":"13","title":"2.13","content":"","type":"verse","passage":"सति मूले तद्विपाको जात्यायुर्भोगाः","commentary":"","meaning":"As long as the root source i.e. klesha (suffering) exists, its contents will continue to result as - type of birth, span of life, and experience of life.","wordMeanings":"सति  - existing; मूल  - root; तद - its, that; विपाक - ripening, fruition; जाति - birth, rank; आयु - span of life; भोग - experience, enjoyment\n"},{"id":"14","title":"2.14","content":"","type":"verse","passage":"ते ह्लादपरितापफलाः पुण्यापुण्यहेतुत्वात्","commentary":"","meaning":"Each person's- type of birth, span of life, and experience of life, fructifes either as pleasure or pain, which is resultant of their past virtuous or viceful actions.","wordMeanings":"ते  - they, these; ह्लाद - delight; परिताप - anguish; फल - fruit; पुण्य  - good, virtuous; अपुण्य - bad, evil; हेतुत्वात - causality\n"},{"id":"15","title":"2.15","content":"","type":"verse","passage":"परिणाम तापसंस्कार दुःखैर्गुणवृत्तिविरोधाच्च दुःखमेव सर्वं विवेकिनः","commentary":"","meaning":"The wise recognize that suffering is inherent in all experiences, whether it be the agony of the results of actions, or the pain of distress, or of the burden of latent impressions (samskaras*) filled with suffering, along with the constant struggle of the flutuations of the mind due to the fundamental qualities (gunas*) of nature.","wordMeanings":"परिणाम  - transformation; ताप   - anguish; संस्कार - latent impressions; दुःख - distress, pain, suffering; गुण - fundamental qualities of nature; वृत्ति  - patterning, turnings, movements; विरोधात - conflict, opposition; च - and; दुःख - distress, pain, suffering; एव - thus; सर्व - all; विवेकिन - a person of discrimination\n"},{"id":"16","title":"2.16","content":"","type":"verse","passage":"हेयं दुःखमनागतम्","commentary":"","meaning":"However, it is possible to prevent suffering from arising altogether.","wordMeanings":"हेयं  - overcome, overwhelmed; दुःख - distress, pain, suffering; अनागतम - future\n"},{"id":"17","title":"2.17","content":"","type":"verse","passage":"द्रष्टृदृश्ययोः संयोगो हेयहेतुः","commentary":"","meaning":"The root cause of all suffering is the mistaken belief that pure awareness and the perception of awareness are inseparable.","wordMeanings":"दृष्टा - seer, witness, pure awareness; दृश्य - what is seen; संयोग - union, coupling; हेय  - overcome, overwhelmed; हेतु - cause"},{"id":"18","title":"2.18","content":"","type":"verse","passage":"प्रकाशक्रियास्थितिशीलं भूतेन्द्रियात्मकं भोगापवर्गार्थं दृश्यम्","commentary":"","meaning":"The phenomenal world that awareness perceives is characterized by luminosity (sattva), activity (rajas), and inertia (tamas), and is composed of - elements and senses, and serves the purpose of both sensual experience as well as liberation (to drasta*).","wordMeanings":"प्रकाश  - brightness; क्रिया - action; स्थिति - stability, steadiness; शीलं - character;भूत  - element; इन्द्रिय  - sensory apparatus; आत्मकं  - self, essence; भोग  - experience, enjoyment; अपवर्ग - emancipation, liberation; अर्थ - meaning, purpose, approach; दृश्यम - what is seen"},{"id":"19","title":"2.19","content":"","type":"verse","passage":"विशेषाविशेषलिङ्गमात्रालिङ्गानि गुणपर्वाणि","commentary":"","meaning":"The various levels of existence - whether they are  differentiated, undifferentiated, distinct or indistinct - are all expressions of the basic characteristics inherent in nature (gunas*).","wordMeanings":"विशेष - difference, distinction; distinct; अविशेष - indistinct; लिंग  - mark, characteristic; मात्र  - only; अलिंगानि - undifferentiated, without marks; गुण - fundamental qualities of nature; पर्वाणि - level, state\n"},{"id":"20","title":"2.20","content":"","type":"verse","passage":"द्रष्टा दृशिमात्रः शुद्धोऽपि प्रत्ययानुपश्यः","commentary":"","meaning":"Pure awareness (drashta*) is simply the act of seeing (hence called seer), but it typically appears to function through the perceiving mind despite its purity.","wordMeanings":"दृष्टा - pure awareness, witness, see-er; दृशि - seeing; मात्र - only; सुद्ध - pure; अपि - also, although; प्रत्यय - perception, thought, intention, representation; अनुपश्य - to behold\n"},{"id":"21","title":"2.21","content":"","type":"verse","passage":"तदर्थ एव दृश्यस्यात्मा","commentary":"","meaning":"The purpose of the phenomenal world (drashya*) is essentially to reveal this truth (for the seer).","wordMeanings":"तद - its, that; अर्थ - meaning, purpose, approach; एव - thus; दृश्य - of what is seen; आत्म - self, essence\n"},{"id":"22","title":"2.22","content":"","type":"verse","passage":"कृतार्थं प्रतिनष्टमप्यनष्टं तदन्यसाधारणत्वात्","commentary":"","meaning":"Once this realization occurs, the phenomenal world ceases to be for them, but remains a common reality for the (non-realized) others.","wordMeanings":"कृत - done, accomplished; अर्थ - meaning, purpose, approach; प्रति - with regard to, toward, reversing; नष्ट - ceased; अपि  - also; अनष्ट  - not ceased; तद - its, that; अन्य - other; साधारणत्वात - common experience"},{"id":"23","title":"2.23","content":"","type":"verse","passage":"स्वस्वामिशक्त्योः स्वरूपोपलब्धिहेतुः संयोगः","commentary":"","meaning":"It is the apparent indivisibility of pure awareness and the phenomenal world (i.e. the concept of conjunction), that gives insight into the potency of both the possessor and the possessed.","wordMeanings":"स्व  - own; स्वामी - owner; शक्ती  - power; स्व  - own; रूप - form; उपलब्धि - acquisition; हेतु - cause, reason; संयोग - union, coupling\n"},{"id":"24","title":"2.24","content":"","type":"verse","passage":"तस्य हेतुरविद्या","commentary":"","meaning":"The cause of this phenomenon (of conjunction) is ignorance.","wordMeanings":"तस्य - of this, that; हेतु - cause, reason; अविद्या - lack of wisdom, not seeing things as they are\n"},{"id":"25","title":"2.25","content":"","type":"verse","passage":"तदभावात्संयोगाभावो हानं तद्दृशेः कैवल्यम्","commentary":"","meaning":"When this ignorance fades, the appearance of indivisibility also fades, and it becomes clear that pure awareness is free and unaffected by phenomenal world which the state of liberation (kaivalya*).","wordMeanings":"तद - its, that; अभावात   - non-existence, non-becoming, disappearance; संयोग - union, association, mingling; अभाव - non-existence, non-becoming, disappearance; हानं - cessation; तद - its, that; दृश्यो - seeing; कैवल्यम - emancipation, isolation of pure awareness"},{"id":"26","title":"2.26","content":"","type":"verse","passage":"विवेकख्यातिरविप्लवा हानोपायः","commentary":"","meaning":"Unflinching discriminative discernment (between the seer and the seen) is the path to liberation (not the final state yet, this is the upper stage of Ritambhara pragya (1.48) where even this prayga ceases).","wordMeanings":"विवेक - discrimination; ख्याति - seeing; अविप्ल्व - continuous, uninterrupted; हान - cessation; उपाय - means\n"},{"id":"27","title":"2.27","content":"","type":"verse","passage":"तस्य सप्तधा प्रान्तभूमिः प्रज्ञा","commentary":"","meaning":"On this path of liberation, the one (yogi) with the wisdom of discriminative discernment extends to seven ultimate stages.","wordMeanings":"तस्य  - of this, that; सप्तधा - sevenfold; प्रान्त - last; भूमि  - stage, level; प्रज्ञा - wisdom\n"},{"id":"28","title":"2.28","content":"","type":"verse","passage":"योगाङ्गानुष्ठानादशुद्धिक्षये ज्ञानदीप्तिरा विवेकख्यातेः","commentary":"","meaning":"By practicing the components of yoga, impurities diminish, allowing the light of understanding to shine and illuminate the path to discriminative awareness.","wordMeanings":"योग - process of yoking, union; अंग - limb, component; अनुष्ठान - performance, practice; अशुद्धि - impurity; क्षय - dwindling, decreasing; ज्ञान - knowledge; दीप्ती - radiance; ए - extending to; विवेक - discrimination; ख्याति - seeing"},{"id":"29","title":"2.29","content":"","type":"verse","passage":"यमनियमासनप्राणायामप्रत्याहारधारणाध्यानसमाधयोऽष्टावङ्गानि","commentary":"","meaning":"Social discipline, personal observances, pyscho-physical posture, breath regulation, withdrawl of senses, concentration, meditation and liberation make up the eight limbs of yoga.","wordMeanings":"यम - external discipline; नियम  - internal discipline; आसन - posture; प्राणायाम - breath regulation; प्रत्याहार - withdrawal of the senses; धारणा - concentration; ध्यान - meditative absorption; समाधि - oneness, integration; अष्टावङ्गानि - eight\n aògâni - limbs"},{"id":"30","title":"2.30","content":"","type":"verse","passage":"अहिंसासत्यास्तेयब्रह्मचर्यापरिग्रहा यमाः","commentary":"","meaning":"The five social disciplines are non-violence, being truthful, not stealing, practicing celibacy, and avoiding materialism.","wordMeanings":"अहिंसा - not harming; सत्य - truthfulness, truth; अस्तेय - not stealing; ब्रह्मचर्य - celibacy, impeccable conduct; अपरिग्रह - not being acquisitive; यम - external discipline"},{"id":"31","title":"2.31","content":"","type":"verse","passage":"जातिदेशकालसमयानवच्छिन्ना सार्वभौमा महाव्रतम्","commentary":"","meaning":"These principles are solemn resolutions. They are not bound by one's social status, territory, specific time or any duration. They are universal.","wordMeanings":"जाति - birth, rank; देश - place; काल - time; समय - circumstance; अनवच्छिन्ना - unlimited, irrespective of; सर्व - all; भौम - at a level; महा  - great; व्रतम - vow, commitment"},{"id":"32","title":"2.32","content":"","type":"verse","passage":"शौचसंतोषतपः स्वाध्यायेश्वरप्रणिधानानि नियमाः","commentary":"","meaning":"The five personal observances are purifying the body, cultivating contentment, practicing austerity, self-study, and devotion to God.","wordMeanings":"शौच  - purity; संतोष - contentment; तप - heat, intensity of discipline, austerity; स्वाध्याय - self-study; ईश्वर - divine ideal of pure awareness; प्रणिधान - surrender, dedication, application, alignment; नियम  - internal discipline"},{"id":"33","title":"2.33","content":"","type":"verse","passage":"वितर्कबाधने प्रतिपक्षभावनम्","commentary":"","meaning":"Negative thoughts can be countered by developing positive ones.","wordMeanings":"वितर्क - analytical thinking, unwholesome thoughts; बाधन - repelling; प्रतिपक्ष - opposite; भावनम - realizing, becoming\n"},{"id":"34","title":"2.34","content":"","type":"verse","passage":"वितर्का हिंसादयः कृतकारितानुमोदिता लोभक्रोधमोहपूर्वका मृदुमध्याधिमात्रा दुःखाज्ञानानन्तफला इति प्रतिपक्षभावनम्","commentary":"","meaning":"Negative thoughts such as violence etc. arise from greed, anger, or attachment, and regardless of their intensity such as less, medium or excessive, inevitably lead to ignorance and suffering. Therefore, it is necessary to cultivate counteracting (i.e.positive) thoughts.","wordMeanings":"वितर्क  - analytical thinking, negative thoughts; हिंसा - harming; आदय  - et cetera; कृत - done, accomplished; कारित - caused to be done, instigated; अनुमोदित - approved; लोभ - greed; क्रोध - anger; मोह - delusion; पूर्वक - preceded by; मेदु - mild; मध्य  - moderate; अधिमात्र - extreme, intense; दुःख - distress, pain, suffering; अज्ञान - ignorance; अनंत - endless, boundless; फल  - fruit; इति  - thus; प्रतिपक्ष - opposite; भावनम - realizing, becoming"},{"id":"35","title":"2.35","content":"","type":"verse","passage":"अहिंसाप्रतिष्ठायां तत्सन्निधौ वैरत्यागः","commentary":"","meaning":"When one is strongly rooted in non-violence, it fosters an environment (around that yogi) where others resign their hatred.","wordMeanings":"अहिंसा - not harming; प्रतिष्ठा - based on, grounded in; तत  - that, these; सन्निधौ - presence; वैर - hostility; त्याग - abandonment"},{"id":"36","title":"2.36","content":"","type":"verse","passage":"सत्यप्रतिष्ठायां क्रियाफलाश्रयत्वम्","commentary":"","meaning":"Those who become firmly rooted in truthfulness, experience every action and its outcome in accordance with the truth.","wordMeanings":"सत्य - truthfulness, truth; प्रतिष्ठा - based on, grounded in; क्रिया - action; फल  - fruit; श्रयत्वम  - rest on"},{"id":"37","title":"2.37","content":"","type":"verse","passage":"अस्तेयप्रतिष्ठायां सर्वरत्नोपस्थानम्","commentary":"","meaning":"For those established in the virtue of non-stealing (or not accepting which is not their's), entire treasures are revealed.","wordMeanings":"अस्तेय - not stealing; प्रतिष्ठा - based on, grounded in; सर्व - all; रत्न - jewel; उपस्थानम - approach, materialize\n"},{"id":"38","title":"2.38","content":"","type":"verse","passage":"ब्रह्मचर्यप्रतिष्ठायां वीर्यलाभः","commentary":"","meaning":"Celibacy when deeply ingrained secures energy.","wordMeanings":"ब्रह्मचर्य - celibacy, impeccable conduct; प्रतिष्ठा - based on, grounded in; वीर्य - energy, vigor; लाभ - acquired\n"},{"id":"39","title":"2.39","content":"","type":"verse","passage":"अपरिग्रहस्थैर्ये जन्मकथंतासंबोधः","commentary":"","meaning":"Being resolute in the state of non-greediness (desirelessness), the understanding of (previous) births is revealed. ","wordMeanings":"अपरिग्रह - not being acquisitive; स्थैर्य - being settled in; जन्म - birth; कथंता - understanding why; संबोध - insight\n"},{"id":"40","title":"2.40","content":"","type":"verse","passage":"शौचात्स्वाङ्गजुगुप्सा परैरसंसर्गः","commentary":"","meaning":"Practicing cleanliness, one becomes free from the body's compulsions and from the need of (physically) associating with others.","wordMeanings":"शौच - purity; स्व - own; अंग - limb, component; जुगुप्सा - disinclination, detachment; परै - other; असंसर्ग - freedom from contact\n"},{"id":"41","title":"2.41","content":"","type":"verse","passage":"सत्त्वशुद्धिसौमनस्यैकाग्र्येन्द्रियजयात्मदर्शनयोग्यत्वानि च","commentary":"","meaning":"Developing sattva through the practice of cleanliness (mental purification) leads to radiance, increased ability to focus, sense control, and ability for self-awareness.","wordMeanings":"सत्त्व - clarity, luminosity; a fundamental essence of nature, or guna; शुद्धि - purity; सौमनस्य - gladness; एक  - one; आग्र्य - pointed; इन्द्रिय - sensory apparatus; जय - mastery; आत्म - self, essence; दर्शन - vision, perspective; योग्यता - capability; च - and"},{"id":"42","title":"2.42","content":"","type":"verse","passage":"संतोषादनुत्तमः सुखलाभः","commentary":"","meaning":"Contentment brings an unmatched sense of joy.","wordMeanings":"संतोष - contentment; अनुत्तम - unsurpassed; सुख - happiness; लाभ - acquired\n"},{"id":"43","title":"2.43","content":"","type":"verse","passage":"कायेन्द्रियसिद्धिरशुद्धिक्षयात्तपसः","commentary":"","meaning":"Through intense discipline, impurities are burned away, and the body and senses become highly refined.","wordMeanings":"काया - body; इन्द्रिय - sensory apparatus; सिद्धि - perfection; अशुद्धि - impurity; क्षयात - dwindling, decreasing; तपस - heat, intensity of discipline, austerity"},{"id":"44","title":"2.44","content":"","type":"verse","passage":"स्वाध्यायादिष्टदेवतासंप्रयोगः","commentary":"","meaning":"Self-reflection strengthens the connection with one's personal deity.","wordMeanings":"स्वाध्याय - self-study; इष्ट - desired; देवता - deity; संप्रयोग - contact\n"},{"id":"45","title":"2.45","content":"","type":"verse","passage":"समाधिसिद्धिरीश्वरप्रणिधानात्","commentary":"","meaning":"Devotion towards God or Ishvara* bestows the competence to attain samadhi* (liberation).","wordMeanings":"समाधि - oneness, integration; सिद्धि - perfection; ईश्वर - divine ideal of pure awareness; प्रणिधान - surrender, dedication, application, alignment"},{"id":"46","title":"2.46","content":"","type":"verse","passage":"स्थिरसुखमासनम्","commentary":"","meaning":"The body should actualize both steadiness and ease during a psychophysical posture.","wordMeanings":"स्थिर - steady, stable; सुखम - happiness; आसन - posture\n"},{"id":"47","title":"2.47","content":"","type":"verse","passage":"प्रयत्नशैथिल्यानन्तसमापत्तिभ्याम्","commentary":"","meaning":"This is possible when all effort is relaxed, and a sense of unity between the body and the infinite universe emerges.","wordMeanings":"प्रयत्न - effort; शैथिल्य - relaxation; अनन्त - endless, boundless; समापत्तिभ्याम - coalescence, unified contemplation\n"},{"id":"48","title":"2.48","content":"","type":"verse","passage":"ततो द्वंद्वानभिघातः","commentary":"","meaning":"At this point, the dualities of opposites no longer disturbs one.","wordMeanings":"ततो - therefore, from these, from that; द्वंद्व - play of opposites, dualities; अनभिघात - insulation, being beyond disturbance\n"},{"id":"49","title":"2.49","content":"","type":"verse","passage":"तस्मिन्सति श्वासप्रश्वासयोर्गतिविच्छेदः प्राणायामः","commentary":"","meaning":"After the psychophysical posture is achieved, breath regulation follows. It happens when inhalations and exhalations are regulated.","wordMeanings":"तस्मिन् - in this; सति - existing; श्वास - inhalation; प्रश्वास - exhalation; गति - flow;  विच्छेद  - cessation, interruption; प्राणायाम - breath regulation"},{"id":"50","title":"2.50","content":"","type":"verse","passage":"बाह्याभ्यन्तरस्तम्भवृत्तिर्देशकालसंख्यामि परिदृष्टो दीर्घसूक्ष्मः","commentary":"","meaning":"(Breath regulation or Pranayama* has three dimensions) inhalation, exhalation, and the (various) pauses (kumbhakka*). By paying attention to the place, time and number of each aspects, they become more subtle and extended.","wordMeanings":"बाह्य - external; अभ्यन्तर - internal; स्तम्भ - stationary; वृत्ति - patterning, turnings, movements; देश - place; काल - time; संख्या - number; परिदृष्टो  - observed, measured, scrutinized ; दीर्घ - long; सूक्ष्म - subtle\n"},{"id":"51","title":"2.51","content":"","type":"verse","passage":"बाह्याभ्यन्तरविषयाक्षेपी चतुर्थः","commentary":"","meaning":"In the fourth dimension (of breath regulation), the division between inhaling and exhaling disappears.","wordMeanings":"बाह्य - external; अभ्यान्तर - internal; विषय - object (of experience), phenomenon; अक्षेपी - transcending; चतुर्थ - fourth\n"},{"id":"52","title":"2.52","content":"","type":"verse","passage":"ततः क्षीयते प्रकाशावरणम्","commentary":"","meaning":"Then, the concealer of the illumination (sattva*) fades.","wordMeanings":"तत - therefore, from these, from that; क्षीयते - disappears; प्रकाश - brightness; आवरणम - covering, veil, layer\n"},{"id":"53","title":"2.53","content":"","type":"verse","passage":"धारणासु च योग्यता मनसः","commentary":"","meaning":"Also, the capability of the mind to concentrate (dharana*) is actualized.","wordMeanings":"धारणासु - concentration; च - and; योग्यता - capability; मनस - mind\n"},{"id":"54","title":"2.54","content":"","type":"verse","passage":"स्वविषयासंप्रयोगे चित्तस्वरूपानुकार इवेन्द्रियाणां प्रत्याहारः","commentary":"","meaning":"When the senses are disengaged from their respective sense objects and identifies with the nature of the chitta, then sense withdrawal (Pratyahara*) happens. ","wordMeanings":"स्व - own; विषय - object (of experience), phenomenon; असंप्रयोग - uncoupling; चित्त - consciousness; स्व - own; रूप - form; अनुकार - imitation, following suit; इव - like, thus, as it were; इन्द्रिय - sensory apparatus; प्रत्याहार - withdrawal of the senses\n"},{"id":"55","title":"2.55","content":"","type":"verse","passage":"ततः परमावश्यतेन्द्रियाणाम्","commentary":"","meaning":"Afterwards, the supreme mastery over the senses is attained.","wordMeanings":"तत: - therefore, from these, from that; परम - ultimate, highest, purest; वश्यत - obedience, subservience; इन्द्रिय  - sensory apparatus"}]}