{"id":3,"title":"Vibhuti Pada","description":"देशबन्धश्चित्तस्य धारणा","sectionCount":55,"tags":null,"contentId":"YSOP01","sections":[{"id":"1","title":"3.1","content":"","type":"verse","passage":"देशबन्धश्चित्तस्य धारणा","commentary":"","meaning":"Concentration/Attention is focusing on a single place.","wordMeanings":"देश - place; बन्ध  - binding;  चित्त - consciousness; धारणा - concentration"},{"id":"2","title":"3.2","content":"","type":"verse","passage":"तत्र प्रत्ययैकतानता ध्यानम्","commentary":"","meaning":"In meditation, one's entire perceptual experience becomes uninturreptedly aligned with that object.","wordMeanings":"तत्र - there, in that; प्रत्यय - perception, thought, intention, representation; एक  - one; तानता - extension, stretching; ध्यान  - meditative absorption\n"},{"id":"3","title":"3.3","content":"","type":"verse","passage":"तदेवार्थमात्रनिर्भास स्वरूपशून्यमिव समाधिः","commentary":"","meaning":"When only the essence of that object (used for dhyana) remains, and (chitta's) own functions (other cognitive abilities) appears non-existent then samadhi* has been achieved.","wordMeanings":"तद - its, that; एव - thus; अर्थ - meaning, purpose, approach; मात्र  - only; निर्भास - shining; स्व  - own; रूप - form; शून्य  - empty; इव - like, thus, as it were; समाधि - oneness, integration\n"},{"id":"4","title":"3.4","content":"","type":"verse","passage":"त्रयमेकत्र संयमः","commentary":"","meaning":"The pure state of cognition (samyama*) involves all the (above) three (concentration, meditative absorption, and integration towards a single object.) ","wordMeanings":"त्रयम - these three; एकत्र  - in one, as one; संयम - constraint, perfect discipline\n"},{"id":"5","title":"3.5","content":"","type":"verse","passage":"तज्जयात्प्रज्ञालोकः","commentary":"","meaning":"When one masters this discipline, light of wisdom dawns. [Stages of this wisdom has been mentioned in sutra 2.27]","wordMeanings":"तद - that; ययात - mastery; प्रज्ञा - wisdom; आलोक - illumination, flashes of brilliance\n"},{"id":"6","title":"3.6","content":"","type":"verse","passage":"तस्य भूमिषु विनियोगः","commentary":"","meaning":"It (Samyama* or pure state of cognition) should be applied (sequentially) on various stages or planes (of refined cognition).","wordMeanings":"तस्य - of this, that; भूमिषु - stage; विनियोग - progression, application\n"},{"id":"7","title":"3.7","content":"","type":"verse","passage":"त्रयमन्तरङ्गं पूर्वेभ्यः","commentary":"","meaning":"These three limbs (concentration, absorption, and integration) are innermost with respect to the previous five.","wordMeanings":"त्रयम - these three; अन्तर  - inner; अंग  - limb, component; पूर्वेभ्य - earlier\n"},{"id":"8","title":"3.8","content":"","type":"verse","passage":"तदपि बहिरङ्गं निर्बीजस्य","commentary":"","meaning":"However, even these three are considered extrinsic with respect to the state of integration that bears no potential/seeds (Nirbeej Samadhi*). ","wordMeanings":"तद - its, that; अपि - also; बहि - external; अंग - limb, component; निर्बीज - seedless\n"},{"id":"9","title":"3.9","content":"","type":"verse","passage":"व्युत्थाननिरोधसंस्कारयोरभिभवप्रादुर्भावौ निरोधक्षणचित्तान्वयो निरोधपरिणामः","commentary":"","meaning":"The cyclical suppression of worldly or distracting smaskaras and emergence of restraining (nirodha*) samskaras eventually fades the former resulting in the frequent contact of the chitta with restraining samskaras. This enables the state of restraint or Nirodha-parinama*.","wordMeanings":"व्युत्थान - emergence; निरोध - stilling, cessation, restriction; संस्कार - latent impressions; अभिभव - subjugation, suppression, submergence; प्रादुर - outside; भावौ  - being, becoming; निरोध - stilling, cessation, restriction; क्षण - moment; चित्त - consciousness; अन्वयो - connected to, permeated; निरोध - stilling, cessation, restriction; परिणाम - transformation"},{"id":"10","title":"3.10","content":"","type":"verse","passage":"तस्य प्रशान्तवाहिता संस्कारात्","commentary":"","meaning":"The unhinged fludity of the thoughts in the mind is due to the samskaras. ","wordMeanings":"तस्य - of this (mind); प्रशान्त - tranquil; वाहिता - flow, progression; संस्कारात - latent impressions\n"},{"id":"11","title":"3.11","content":"","type":"verse","passage":"सर्वार्थतैकाग्रतयोः क्षयोदयौ चित्तस्य समाधिपरिणामः","commentary":"","meaning":"In the state of liberation (Samadhi parinama*), the chitta eliminates multi-pointedness and develops one-pointedness.","wordMeanings":"सर्व - all; अर्थात - regarding the meaning of something; एकाग्रतयो - one-pointedness, focus; क्षय  - dwindling, decreasing; उदयौ - arising, appearance; चित्त - consciousness; समाधि  - oneness, integration; परिणाम - transformation"},{"id":"12","title":"3.12","content":"","type":"verse","passage":"ततः पुनः शान्तोदितौ तुल्यप्रत्ययौ चित्तस्यैकाग्रतापरिणामः","commentary":"","meaning":"Then, again, the one object or idea of focus present/arising on the chitta is identical to the one which subsides. This state is of one-pointedness (Ekagrata parinama*).","wordMeanings":"ततः  - therefore, from these, from that; पुनः - again; शान्त  - quiescent, subsided; उदितौ - arisen; तुल्य  - similar, equal; प्रत्ययौ - perception, thought, intention, representation; चित्त - consciousness; एकाग्रता - one-pointedness, focus; परिणाम - transformation\n"},{"id":"13","title":"3.13","content":"","type":"verse","passage":"एतेन भूतेन्द्रियेषु धर्मलक्षणावस्थापरिणामा व्याख्याताः","commentary":"","meaning":"Similar to this (like the above changes in consiousness), dynamic changes (due to interplay of gunas) in material objects and senses can be interpreted at three levels : funtion (dharma*), timespan (lakshana*) and condition (awastha*).","wordMeanings":"एतेन - by this; भूत - element; इन्द्रियेषु   - sensory apparatus; धर्म  property, visible form, experiential substance; लक्षण - characteristic, time factors; अवस्था - condition; परिणाम - transformation; व्याख्याता - described, explained\n"},{"id":"14","title":"3.14","content":"","type":"verse","passage":"शान्तोदिताव्यपदेश्यधर्मानुपाती धर्मी","commentary":"","meaning":"The underlying foundation (dharmi*) remains the same, irrespective of whether it manifests in a particular form or funtion (dharma*) - before, during, or after the transformation.","wordMeanings":"शान्त - quiescent, subsided; उदित - arisen; अव्यपदेश्य - unmanifest; धर्म - property, visible form, experiential substance; अनुपाती - following, relying upon;धर्मी - substrate, substance\n"},{"id":"15","title":"3.15","content":"","type":"verse","passage":"क्रमान्यत्व परिणामान्यत्वे हेतुः","commentary":"","meaning":"These transformations (of objects/awareness) seem to occur in a specific manner, which is caused by change in sequence (of characteristics).","wordMeanings":"क्रम - sequence, flow, succession; अन्यत्व - differentiation, variation; परिणाम - transformation; अन्यत्वे - differentiation, variation; हेतुः - cause, reason\n"},{"id":"16","title":"3.16","content":"","type":"verse","passage":"परिणामत्रयसंयमादतीतानागतज्ञानम्","commentary":"","meaning":"By carefully observing (a pure state of cognition or samyama*) the three aspects of change - function, timespan, and condition, one can gain insights into both the past and future.","wordMeanings":"परिणाम - transformation; त्रय - these three; संयम - constraint, perfect discipline; अतीत - past; अनागत - future; ज्ञान - knowledge\n"},{"id":"17","title":"3.17","content":"","type":"verse","passage":"शब्दार्थप्रत्ययानामितरेतराध्यासात्संकरस्तत्प्रविभागसंयमात्सर्वभूतरुतज्ञानम्","commentary":"","meaning":"The concepts of word, meaning, and perception are often intertwined, creating confusion between them. However, by paying attention to the differences between them through perfect discipline (samyama*), one can gain insights into the sounds of all living beings.","wordMeanings":"शब्द - verbal, linguistic; अर्थ - meaning, purpose, approach; प्रत्ययान - perception, thought, intention, representation; इतरेतर  - one another; अध्यासात - superimposition; संकर - confusion, mixing up; तत  - that, these; प्रविभाग - distinction; संयम - constraint, perfect discipline; सर्व - all; भूत - element, being; रुत - language, sound; ज्ञान - knowledge"},{"id":"18","title":"3.18","content":"","type":"verse","passage":"संस्कारसाक्षात्करणात्पूर्वजातिज्ञानम्","commentary":"","meaning":"Examining the dormant mental impressions (samskaras*) through direct perception bestows insights into past lives.","wordMeanings":"संस्कार - latent impressions; साक्षात - direct, through the eye; करणात - making, observing; पूर्व - earlier; जाति - birth, rank; ज्ञान - knowledge"},{"id":"19","title":"3.19","content":"","type":"verse","passage":"प्रत्ययस्य परचित्तज्ञानम्","commentary":"","meaning":"It is possible to gain insight into the consciousness of another person by focusing on their perceptions (pratyaya*).","wordMeanings":"प्रत्ययस्य - perception, thought, intention, representation; परा  - other; चित्त - consciousness; ज्ञान - knowledge"},{"id":"20","title":"3.20","content":"","type":"verse","passage":"न च तत्सालम्बनं तस्याविषयीभूतत्वात्","commentary":"","meaning":"However, this insight does not extend to the object (alambana*) of their perceptions since it (the object) is not actually the subject matter of the one who is focussing (i.e. the yogi).","wordMeanings":"न - not; च - and; तत - that, these; सालम्बनं - with support; तस्य - of this, that; अविषयी  - not present, absent; भूतत्वात - actuality, being\n"},{"id":"21","title":"3.21","content":"","type":"verse","passage":"कायरूपसंयमात्तद्ग्राह्यशक्तिस्तम्भे चक्षुष्प्रकाशासंयोगेऽन्तर्धानम्","commentary":"","meaning":"By observing the body's physical form with perfect discipline (samyama*), it becomes invisible. This happens when the power to perceive is suspended amidst the eye and the incoming light.","wordMeanings":"काया - body; रूप - form; संयम - constraint, perfect discipline; तत - its, that; ग्राह्य - to be received, perceived; शक्ति - power; स्तम्भे - suspension; चक्षु - eye; प्रकाश - brightness; असंयोग - uncoupling; अन्तर्धानम - invisibility, disappearance"},{"id":"22","title":"3.22","content":"","type":"verse","passage":"सोपक्रमं निरुपक्रमं च कर्म तत्संयमादपरान्तज्ञानमरिष्टेभ्यो वा","commentary":"","meaning":"The consequences of actions (karma) may manifest instantly or take time to appear. Observing one's actions with perfect discipline or studying omens can offer insight into death.","wordMeanings":"सोपक्रमं - immediately manifest; निरुपक्रमं - slow to manifest; च - and; कर्म - action; तत - that, these; संयम - constraint, perfect discipline; अपरान्त - death; ज्ञान - knowledge; अरिष्टेभ्यो - signs, omens; वा - or"},{"id":"23","title":"3.23","content":"","type":"verse","passage":"मैत्र्यादिषु बलानि","commentary":"","meaning":"By using perfect discipline to focus on friendliness etc.(i.e compassion, delight, and equanimity), one can internalize (their) strengths.","wordMeanings":"मैत्री - friendliness; आदिषु - and the others, et cetera; बलानि  - powers, strengths"},{"id":"24","title":"3.24","content":"","type":"verse","passage":"बलेषु हस्तिबलादीनि","commentary":"","meaning":"Through focusing (samyama*) on strengths, it is possible to acquire the powers of an elephant, etc.","wordMeanings":"बलेषु - powers, strengths; हस्ति - elephant; बल - powers, strengths; आदीनि - and the others, et cetera\n"},{"id":"25","title":"3.25","content":"","type":"verse","passage":"प्रवृत्त्यालोकन्यासात्सूक्ष्मव्यवहितविप्रकृष्टज्ञानम्","commentary":"","meaning":"Being deeply engaged in the radiance of the mind provides insight into the subtle, concealed, and remote aspects of existence (of things).","wordMeanings":"प्रवृत्ति - arising of activity; आलोक - illumination, flashes of brilliance; न्यासात - setting down, focusing; सूक्ष्म - subtle; व्यवहित - hidden; विप्रकृष्ट - distant; ज्ञान - knowledge"},{"id":"26","title":"3.26","content":"","type":"verse","passage":"भुवनज्ञानं सूर्ये संयमात्","commentary":"","meaning":"With perfect focusing (samayama*) on the sun, allows one to gain insight into the universe.","wordMeanings":"भुवन - world; ज्ञान - knowledge; सूर्ये - on the sun; संयमात - constraint, perfect discipline"},{"id":"27","title":"3.27","content":"","type":"verse","passage":"चन्द्रे ताराव्यूहज्ञानम्","commentary":"","meaning":"By using perfect discipline (samayama*) to focus on the moon, one can gain insight into the position of the stars.","wordMeanings":"चन्द्रे - on the moon; तारा - star; व्यूह - arrangement; ज्ञान - knowledge\n"},{"id":"28","title":"3.28","content":"","type":"verse","passage":"ध्रुवे तद्गतिज्ञानम्","commentary":"","meaning":"Perfect discipline (samayama*) enables one to gain insight into the movements/speed of the stars by focusing on the polestar.","wordMeanings":"ध्रुव - polestar; तत - its, that; गति - flow; ज्ञान - knowledge\n"},{"id":"29","title":"3.29","content":"","type":"verse","passage":"नाभिचक्रे कायव्यूहज्ञानम्","commentary":"","meaning":"By using perfect discipline (samayama*) to focus on the navel plexus, one can gain insight into the organization of the body.","wordMeanings":"नाभि - navel; चक्र - wheel, energy center; काया - body; व्यूह - arrangement; ज्ञान - knowledge\n"},{"id":"30","title":"3.30","content":"","type":"verse","passage":"कण्ठकूपे क्षुत्पिपासानिवृत्तिः","commentary":"","meaning":"Focusing with perfect discipline (samayama*) on the pit of the throat helps to eliminate hunger and thirst.","wordMeanings":"कंठ - throat; कूप - pit, well, cavity; क्षुत - hunger; पिपास - thirst; अनिवृत्ति - cessation"},{"id":"31","title":"3.31","content":"","type":"verse","passage":"कूर्मनाड्यां स्थैर्यम्","commentary":"","meaning":"Focusing with perfect discipline (samayama*) on the 'tortoise channel' (kurma naadi) helps to cultivate steadiness.","wordMeanings":"कूर्म - tortoise; नाड़ी - channel, duct; स्थैर्यम - being settled in"},{"id":"32","title":"3.32","content":"","type":"verse","passage":"मूर्धज्योतिषि सिद्धदर्शनम्","commentary":"","meaning":"Through perfect discipline (samayama*), focusing on the light at the crown of the head allows one to acquire the perspective of those who have achieved perfection (siddhas).","wordMeanings":"मूर्ध - head, crown; ज्योतिषी - light; सिद्ध - perfected one; दर्शन - vision, perspective"},{"id":"33","title":"3.33","content":"","type":"verse","passage":"प्रातिभाद्वा सर्वम्","commentary":"","meaning":"Or, intuition (a foreground of districrinatory knowledge) may bring about knowlede of all.","wordMeanings":"प्रातिभात - spontaneous illumination; वा - or; सर्वम - all"},{"id":"34","title":"3.34","content":"","type":"verse","passage":"हृदये चित्तसंवित्","commentary":"","meaning":"By concentrating with utmost discipline on the heart, one can comprehend the essence of consciousness.","wordMeanings":"हृदये - heart; चित्त - consciousness; संवित - understanding"},{"id":"35","title":"3.35","content":"","type":"verse","passage":"सत्त्वपुरुषयोरत्यन्तासंकीर्णयोः प्रत्ययाविशेषो भोगः परार्थात्स्वार्थसंयमात्पुरुषज्ञानम्","commentary":"","meaning":"Wordly perception comprises of experiences where the pure consiousness (purusha*) is misconceived as pure (sattva*) intellect, whereas both are seperate. However, wordly perception exists to serve the comprehension of the other (i.e. pure consiousness).  By concentrating with utmost discipline on the one that dwells for itself, understanding of the pure consciousness is revealed.","wordMeanings":"सत्त्व - clarity, luminosity; a fundamental essence of nature, or guna; पुरुष - pure awareness; अत्यन्त - absolutely; असंकीर्णयो - unmixed; प्रत्यय - perception, thought, intention, representation; अविशेषो - indistinct; भोग - experience, enjoyment; परा - other; अर्थात - function, role; स्व - own; अर्थ - meaning, purpose, approach; संयम - constraint, perfect discipline; पुरुष - pure awareness; ज्ञान - knowledge"},{"id":"36","title":"3.36","content":"","type":"verse","passage":"ततः प्रातिभश्रावणवेदनादर्शास्वादवार्ता जायन्ते","commentary":"","meaning":"As a result of this (above) understanding, intuition and elevated sense of hearing, touch, sight, taste, smell emerge.","wordMeanings":"तत: - therefore, from these, from that; प्रातिभा - spontaneous illumination; श्रावण - hearing; वेदना - feeling; दर्श - seeing; स्वाद - tasting; वार्ता - smelling; जायन्ते - occur, are produced"},{"id":"37","title":"3.37","content":"","type":"verse","passage":"ते समाधावुपसर्गा व्युत्थाने सिद्धयः","commentary":"","meaning":"Although these heightened sensory abilities may seem like accomplishments to outwardly directed mind, they are obstacles in the path of liberation/integration.","wordMeanings":"ते - they, these; समाधौ - oneness, integration; उपसर्गा  - obstacle, impediment; व्युत्थाने - emergence; सिद्धय: - perfection, attainment\n"},{"id":"38","title":"3.38","content":"","type":"verse","passage":"बन्धकारणशैथिल्यात्प्रचारसंवेदनाच्च चित्तस्य परशरीरावेशः","commentary":"","meaning":"By letting go of one's attachment(s) and being acutely attuned to the pathways of consciousness, it can settle in another individual's body.","wordMeanings":"बंध - binding; कारण - cause, making, perception; शैथिल्यात - relaxation; प्रचार - movement, passage; संवेदना - sensitivity; च - and; चित्त - consciousness; परा - other; शरीर - body; आवेश - entering\n"},{"id":"39","title":"3.39","content":"","type":"verse","passage":"उदानजयाज्जलपङ्ककण्टकादिष्वसङ्ग उत्क्रान्तिश्च","commentary":"","meaning":"By achieving mastery over the vital energy in the neck and head (udana*), one can traverse water, mud, thorns, and other obstacles without making contact with the ground, but instead floating over them.","wordMeanings":"उदान - uppermost region of energy flow, or prana, जय - mastery; जल - water; पङ्क - mud; कण्टक - thorn; आदिष्व - and the others, et cetera; असंग - without touching; उत्क्रांति - rising up; च - and"},{"id":"40","title":"3.40","content":"","type":"verse","passage":"समानजयाज्जवलनम्","commentary":"","meaning":"By acheiving mastery over the flow of energy through the solar plexus (samana*), one becomes radiant.","wordMeanings":"समान - energy flow through the solar plexus; जयात - mastery; ज्वलनम - radiance\n"},{"id":"41","title":"3.41","content":"","type":"verse","passage":"श्रोत्राकाशयोः संबन्धसंयमाद्दिव्यं श्रोत्रम्","commentary":"","meaning":"By intently focusing (samyama*) on the inter-relationship of the organ of hearing and space, one can attain divine hearing.","wordMeanings":"श्रोत्र - of hearing; आकाश - space, ether; संबंध - relationship; संयम - constraint, perfect discipline; दिव्य - divine; श्रोत्रम - faculty of hearing"},{"id":"42","title":"3.42","content":"","type":"verse","passage":"कायाकाशयोः संबन्धसंयमाल्लघुतूलसमापत्तेश्चाऽऽकाशगमनम्","commentary":"","meaning":"By intently focusing (samyama*) on the body's connection with the space and cultivating intense concentration (samapatti*) on the lightness as of cotton, one can travel through space.","wordMeanings":"काया - body; आकाश - space, ether; संबंध - relationship; संयम - constraint, perfect discipline; लघु - light; तूला - cotton; समापत्तेः - coalescence, unified contemplation; च - and; आकाश - space, ether; गमनम - travel"},{"id":"43","title":"3.43","content":"","type":"verse","passage":"बहिरकल्पिता वृत्तिर्महाविदेहा ततः प्रकाशावरणक्षयः","commentary":"","meaning":"The state of 'great disembodiment' (mahavidheha*) happens when the mind is projected outside the body into a non-imagined state. Then the veil obscuring the mind's radiance is lifted.","wordMeanings":"बहिर - external; अकल्पिता - not feasible, impossible; वृत्ति - patterning, turnings, movements; महा - great; विदेह - bodiless; ततः - therefore, from these, from that; प्रकाश - brightness; आवरण - covering, veil, layer; क्षय - disappearance\n"},{"id":"44","title":"3.44","content":"","type":"verse","passage":"स्थूलस्वरूपसूक्ष्मान्वयार्थवत्त्वसंयमाद्भूतजयः","commentary":"","meaning":"By intently observing the different dimensions of matter such as gross, intrinsic, subtle, interconnectedness (at the level of gunas) and purpose (of objects) with samyama*, one attains mastery over the elements.","wordMeanings":"स्थूल - gross; स्व - own; रूप - form; सूक्ष्म - subtle; अन्वय - pervasiveness, relation; अर्थ - meaning, purpose, approach; वत्त्व - function; संयम - constraint, perfect discipline; भूत  - element, being; जय - mastery\n"},{"id":"45","title":"3.45","content":"","type":"verse","passage":"ततोऽणिमादिप्रादुर्भावः कायसंपत्तद्धर्मानभिघातश्च","commentary":"","meaning":"As a result, extraordinary abilities, such as the power to reduce oneself to the size of an atom (anima*) etc. ( and 7 more abilities) manifest. Thus the body develops ability to transcend the laws of the physical matter and attains perfection too. ","wordMeanings":"तत - therefore, from these, from that; अणिमा - the power to become minutely small; आदि - others; प्रादुर - outside; भाव - being, becoming; काया - body; सम्पत - perfection; तद - its, that; धर्म - property, visible form, experiential substance; अनभिघातश्च - insulation, being beyond disturbance; च - and"},{"id":"46","title":"3.46","content":"","type":"verse","passage":"रूपलावण्यबलवज्रसंहननत्वानि कायसंपत्","commentary":"","meaning":"This level of perfection of the body includes qualities such as beauty, grace, strength, and the indestructibility of a thunderbolt.","wordMeanings":"रूप - form; लावण्य - grace; बल - strength; वज्र - diamond; संहननत्वानि - durability, firmness; काया - body; संपत - perfection\n"},{"id":"47","title":"3.47","content":"","type":"verse","passage":"ग्रहणस्वरूपास्मितान्वयार्थवत्त्वसंयमादिन्द्रियजयः","commentary":"","meaning":"One can gain control over sense organs by samyama* (on the various aspects of sense organs) - the process of obtaining knowledge, basic properties (of the sense organs), the individuating principle (asmita*), the inherent qualities and need (of the gunas*). ","wordMeanings":"ग्रहण - grasping, perceiving; स्व - own; रूप - form; अस्मिता - the sense of ‘I’, egoism; अन्वय - pervasiveness, relation; अर्थ  - meaning, purpose, approach; वत्त्व - function; संयम - constraint, perfect discipline; इन्द्रिय - sensory apparatus; जय - mastery\n"},{"id":"48","title":"3.48","content":"","type":"verse","passage":"ततो मनोजवित्वं विकरण भावः प्रधानजयश्च","commentary":"","meaning":"By doing that (samyama over sense organs) one also accquires ability to travel with the speed of thought, body independant perception and control over fundamental facets of matter (mula prakriti*).","wordMeanings":"ततो - therefore, from these, from that; मन - mind; जवित्वं - quickness; विकरण - without organs; भाव - condition, state; प्रधान - foundation, matrix; जय - mastery; च - and\n"},{"id":"49","title":"3.49","content":"","type":"verse","passage":"सत्त्वपुरुषान्यताख्यातिमात्रस्य सर्वभावाधिष्ठातृत्वं सर्वज्ञातृत्वं च","commentary":"","meaning":"Only when an individual perceives the distinction between pure awareness and the the intellect, they become knower of all and gain authority over existence.","wordMeanings":"सत्त्व - clarity, luminosity; a fundamental essence of nature, or guna; पुरुष - pure awareness; अन्यत - difference, distinction; ख्याति - seeing; मात्रस्य - only, merely; सर्व - all; भाव - condition, state; अधिष्ठातृत्वं - supremacy; सर्व - all; ज्ञातृत्वं - omniscience; च - and"},{"id":"50","title":"3.50","content":"","type":"verse","passage":"तद्वैराग्यादपि दोषबीजक्षये कैवल्यम्","commentary":"","meaning":"When one detaches even from this omniscience and mastery, and the seeds of suffering decay, and pristine consciousness realizes its independent existence (state of kaivalya*).","wordMeanings":"तद - its, that; वैराग्यात - dispassion, non-reaction, non-attachment; अपि - also; दोष - imperfection, flaw; बीज - seed, source; क्षय - dwindling, decreasing; कैवल्यम - emancipation, isolation of pure awareness\n"},{"id":"51","title":"3.51","content":"","type":"verse","passage":"स्थान्युपनिमन्त्रणे सङ्गस्मयाकरणं पुनरनिष्टप्रसङ्गात्","commentary":"","meaning":"Even if the divine beings call upon one, it is vital to refrain from becoming attached or arrogant; otherwise, suffering will resurface.","wordMeanings":"स्थान्य - exalted, celestial; उपनिमन्त्रण - invitation; संग - contact, attachment; स्मय - pride, beaming; आकरणं - without cause; पुनः - again, repeated, renewed; अनिष्ट - undesirable; प्रसंगात - inclination, recurrence\n"},{"id":"52","title":"3.52","content":"","type":"verse","passage":"क्षणतत्क्रमयोः संयमाद्विवेकजं ज्ञानम्","commentary":"","meaning":"By intently focusing (samyama*) on the succession of moments in time, one gains insights that arise from discernment.","wordMeanings":"क्षण - moment; तत - that, these; क्रम - sequence, flow, succession; संयम - constraint, perfect discipline; विवेक  - discrimination; जा - born; ज्ञान - knowledge"},{"id":"53","title":"3.53","content":"","type":"verse","passage":"जातिलक्षणदेशैरन्यतानवच्छेदात्तुल्ययोस्ततः प्रतिपत्तिः","commentary":"","meaning":"Due to which, distinction even between seemingly similar things on the basis of species, properties and location can be ascertained.  ","wordMeanings":"जाति - birth, rank; लक्षण - characteristic, time factors; देश - place; अन्यत - distinction; अनवच्छेदात - unbounded, continuous; तुल्य - similar, equal; तत - therefore, from these, from that; प्रतिपत्ति - understanding\n"},{"id":"54","title":"3.54","content":"","type":"verse","passage":"तारकं सर्वविषयं सर्वथाविषयमक्रमं चेति विवेकजं ज्ञानम्","commentary":"","meaning":"This liberating insight deconstructs each object and every conditions in an time independant manner (i.e it is never changing unlike any other knowledge) and signifies viveka jnanam* or liberative discernment.","wordMeanings":"तारकं - transcendent, delivering; सर्व - all; विषय - object (of experience); सर्वथा - in all circumstances; विषय - object (of experience); अक्रमं - not in sequence, deconstructed; च - and; इति - thus; विवेक - discrimination; जं  - born; ज्ञान - knowledge"},{"id":"55","title":"3.55","content":"","type":"verse","passage":"सत्त्वपुरुषयोः शुद्धिसाम्ये कैवल्यमिति","commentary":"","meaning":"The state of 'kaivalya' or liberation dawns when the purity of intellect equals to that of the pure consciousness. ","wordMeanings":"सत्त्व - clarity, luminosity, a fundamental quality of nature, or guna; पुरुष - pure awareness; शुद्धि - purity; साम्ये - equality; कैवल्यम - emancipation, isolation of pure awareness; इति - thus "}]}