{"id":4,"title":"Kaivalya Pada","description":"Kaivalya Pada","sectionCount":34,"tags":null,"contentId":"YSOP01","sections":[{"id":"1","title":"4.1","content":"","type":"verse","passage":"जन्मौषधिमन्त्रतपः समाधिजाः सिद्धयः","commentary":"","meaning":"The mystic powers can manifest by the virtue from birth, herbal remedies, chanting of mantras, austerities and absorption in samadhi.","wordMeanings":"जन्म - birth; औषधि - herb; मन्त्र - intonation; तप - heat, intensity of discipline, austerity; समाधि - oneness, integration; जं - born of; सिद्धय - perfection, attainment\n"},{"id":"2","title":"4.2","content":"","type":"verse","passage":"जात्यन्तरपरिणामः प्रकृत्यापूरात्","commentary":"","meaning":"The transformation (or evolution) of a species is a result of nature's abundance. OR The transition to a new form occurs when the natural energies overflow.","wordMeanings":"जाति - birth, rank; अंतर - other; परिणाम - transformation; प्रकृति - nature, phenomenal world; अपूरात  - overflow\n"},{"id":"3","title":"4.3","content":"","type":"verse","passage":"निमित्तमप्रयोजकं प्रकृतीनां वरणभेदस्तु ततः क्षेत्रिकवत्","commentary":"","meaning":"The transformation from one form to another is not caused by the inherent factors, but they only serve as guidance, akin to a farmer (directing water flow for irrigation).","wordMeanings":"निमित्तम - proximate cause; अप्रयोजकं  - not causing; प्रकृति  - nature, phenomenal world; वरण - choosing; भेद - division, difference; तु - and, moreover, but; ततः - therefore, from these, from that; क्षेत्रिकवत - like a farmer"},{"id":"4","title":"4.4","content":"","type":"verse","passage":"निर्माणचित्तान्यस्मितामात्रात्","commentary":"","meaning":"Assembly of chitta (mind) is done by ego only. ","wordMeanings":"निर्माण - forming, creating; चित्त - consciousness; अस्मिता - the sense of ‘I’, egoism; मात्रात - only"},{"id":"5","title":"4.5","content":"","type":"verse","passage":"प्रवृत्तिभेदे प्रयोजकं चित्तमेकमनेकेषाम्","commentary":"","meaning":"A sequence of consciousnesses that create a multitude of unique perceptions is a orchestrated by a single personal consciousness (of the yogi).","wordMeanings":"प्रवृत्ति - arising of activity; भेद - division; प्रयोजकं - causing; चित्त - consciousness; एकम - one; अनेकेषाम - many"},{"id":"6","title":"4.6","content":"","type":"verse","passage":"तत्र ध्यानजमनाशयम्","commentary":"","meaning":"Consciousness focused due to meditative absorption does not add to the accumulation of potential impressions (unlike the other four means mentioned in 4.1).","wordMeanings":"तत्र - there, in that; ध्यान - meditative absorption; जं - born; अनाशयम - not involving the store of latent impressions\n"},{"id":"7","title":"4.7","content":"","type":"verse","passage":"कर्माशुक्लाकृष्णं योगिनस्त्रिविधमितरेषाम्","commentary":"","meaning":"The actions of a (true) yogi is neither white (right) nor black (wrong) unlike others (non-yogi) which are of three types (right, wrong or both).","wordMeanings":"कर्म - action; अशुक्ल - not white; कृष्ण - not black; योगी - yogi; त्रिविधम - threefold; इतरेषाम - others\n"},{"id":"8","title":"4.8","content":"","type":"verse","passage":"ततस्तद्विपाकानुगुणानामेवाभिव्यक्तिर्वासनानाम्","commentary":"","meaning":"From it (the three fold actions), furthur outcome in accordance with the latent subconscious traits manifest .","wordMeanings":"तत - therefore, from these, from that; तद - its, that; विपाक - ripening, fruition; result अनुगुणाम - going with, following, accompanying; एव - thus; अभिव्यक्ति - manifestation; वासना - latent properties, traits"},{"id":"9","title":"4.9","content":"","type":"verse","passage":"जातिदेशकालव्यवहितानामप्यानन्तर्यं स्मृतिसंस्कारयोरेकरूपत्वात्","commentary":"","meaning":"Memory and samskaras (subconscious impressions) are essentially identical, therefore, even if (both are) seperated by the virtue of birth, place and time they manifest without any difference of order.","wordMeanings":"जाति - birth, rank; देश - place; काल - time; व्यवहितान - hidden, separated, अपि - also, अनन्तर्यं - succession; स्मृति - memory, mindfulness; संस्कार - latent impressions; एक - one; रूपत्वात - essential form\n"},{"id":"10","title":"4.10","content":"","type":"verse","passage":"तासामनादित्वं चाऽऽशिषो नित्यत्वात्","commentary":"","meaning":"These (subconscious impressions) are beginningless as the desire (to exist) is everlasting.","wordMeanings":"तासाम - of these; अनादित्वं - without beginning; च - and; आशिष - primordial will to exist; नित्यत्वात - everlasting, eternity\n"},{"id":"11","title":"4.11","content":"","type":"verse","passage":"हेतुफलाश्रयालम्बनैः संगृहीतत्वादेषामभावे तदभावः","commentary":"","meaning":"(The fourfold pillars that sustains samskara i.e.) Cause, Motive, Substratum, and Object (of impression) are interconnected, thus, it (samskara) becomes non-existent when these (four) do so.","wordMeanings":"हेतु - cause, reason; फल - outcome,motive, effect; आश्रय - substratum, mind; आलम्बना - support, object; संगृहीत - inter-connectedness; एषाम - of these; अभावे/अभाव - non-existence, disappearance; तद - its, that\n"},{"id":"12","title":"4.12","content":"","type":"verse","passage":"अतीतानागतं स्वरूपतोऽस्त्यध्वभेदाद्धर्माणाम्","commentary":"","meaning":"Time periods of past and future are inherent in the underlying foundation (dharmi* refer 3.14), representing distinct aspects in the same continuum of experiential substances (dharma*).","wordMeanings":"अतीत - past; अनागतं - future; स्व - own; रूप - in form; अस्ति - exist; अध्व - path, route; भेदात - division, difference; धर्म - properties, visible forms, experiential substances\n"},{"id":"13","title":"4.13","content":"","type":"verse","passage":"ते व्यक्तसूक्ष्मा गुणात्मानः","commentary":"","meaning":"Each of these (past, present or future), whether manifest or subtle, displays characteristics that stem from the fundamental qualities of nature (tri-gunas).","wordMeanings":"ते - they, these; व्यक्त - manifest; सूक्ष्म - subtle; गुण - fundamental qualities of nature; आत्मा - self, essence\n"},{"id":"14","title":"4.14","content":"","type":"verse","passage":"परिणामैकत्वाद्वस्तुतत्त्वम्","commentary":"","meaning":"The uniformity in/of the transformation is due to the singularity in the elemental quality (or principles).","wordMeanings":"परिणाम - development, change, transformation; एकत्व - oneness, singularity; वस्तु - object, substance; तत्त्वम - thatness, elemental quality, principle\n"},{"id":"15","title":"4.15","content":"","type":"verse","passage":"वस्तुसाम्ये चित्तभेदात्तयोर्विभक्तः पन्थाः","commentary":"","meaning":"Because there is a multiplicity of minds (perceiving an object) but yet the object remains consistent, there is a difference in nature between the object and the mind (of the observer).","wordMeanings":"वस्तु - object, substance; साम्ये - equality; चित्त - consciousness; भेद - division, difference; तयो - of both; विभक्त - separation; पन्थ - path\n"},{"id":"16","title":"4.16","content":"","type":"verse","passage":"न चैकचित्ततन्त्रं वस्तु तदप्रमाणकं तदा किं स्यात्","commentary":"","meaning":"An object is not dependant on a single mind (for its exixtence); if it were, then what happens to it when it is not perceived (by that particular mind)?","wordMeanings":"न - not; च - and; एक - one; चित्त - consciousness; तन्त्रं - dependent; वस्तु - object, substance; तद - that, these; अप्रमाणकं - unobserved; तदा - then; किं - what; स्यात - could be\n"},{"id":"17","title":"4.17","content":"","type":"verse","passage":"तदुपरागापेक्षित्वाच्चित्तस्य वस्तु ज्ञाता ज्ञातम्","commentary":"","meaning":"A thing is either known or not known by the mind depending on whether it is noticed by the mind.","wordMeanings":"तद  - its, that; उपराग - coloring; अपेक्षित - necessity; चित्त - consciousness; वस्तु - object, substance; ज्ञाता - known; ज्ञातम - not known\n"},{"id":"18","title":"4.18","content":"","type":"verse","passage":"सदाज्ञाताश्चित्तवृत्तयस्तत्प्रभोः पुरुषस्यापरिणामित्वात्","commentary":"","meaning":"The permutations of the mind are always known its master, the purusa soul, because of the soul's unchanging nature.","wordMeanings":"सदा - always; ज्ञात - known; चित्त - consciousness; वृत्ति - patterning, turnings, movements; तद - that, these; प्रभो - superior; पुरुष - pure awareness; अपरिणाम - immutability"},{"id":"19","title":"4.19","content":"","type":"verse","passage":"न तत्स्वाभासं दृश्यत्वात्","commentary":"","meaning":"Nor is the mind self-illuminating, because of its nature as the object of perception.","wordMeanings":"न - not; तत - that, these; स्व - own; आभासं - luminosity; दृश्यत्वात - seen-ness\n"},{"id":"20","title":"4.20","content":"","type":"verse","passage":"एकसमये चोभयानवधारणम्","commentary":"","meaning":"There cannot be discernment of both (the mind and the object it perceives) at the same time. ","wordMeanings":"एक - one; समय - circumstance; च - and; उभय - both; अनवधारणम - not perceiving"},{"id":"21","title":"4.21","content":"","type":"verse","passage":"चित्तान्तरदृश्ये बुद्धिबुद्धेरतिप्रसङ्गः स्मृतिसंकरश्च","commentary":"","meaning":"If (the mind) were cognized by another mind, then there would be an infinite regress of one intelligence (being known) by another intelligence. Moreover, there would also be confusion of memory.","wordMeanings":"चित्त - consciousness; आन्तर - other; दृश्य - seen; बुद्धि - perception, cognition; बुद्धे - perception, cognition; अतिप्रसङ्ग - regress; स्मृति - memory, mindfulness, depth memory; संकर - confusion, mixing up; च - and\n"},{"id":"22","title":"4.22","content":"","type":"verse","passage":"चित्तेरप्रतिसंक्रमायास्तदाकारापत्तौ स्वबुद्धिसंवेदनम्","commentary":"","meaning":"Although it is unchanging, consciousness becomes aware of its own intelligence by means of pervading the forms assumed by the intelligence.","wordMeanings":"चित्त - pure awareness; अप्रतिसंक्रमाय - immobile, unchanging; तद - its, that; आकार - shape; आपत्तौ - assumes, occurs; स्व - own; बुद्धि - perception, intelligence; संवेदनम - sensitivity"},{"id":"23","title":"4.23","content":"","type":"verse","passage":"द्रष्टृदृश्योपरक्तं चित्तं सर्वार्थम्","commentary":"","meaning":"The mind, colored by the seer as well as by that which is seen, knows all objects.","wordMeanings":"दृष्टा - seer, pure awareness, दृश्य - what is seen, उपरक्तं  - colored; चित्त - consciousness; सर्व - all; अर्थ - meaning, purpose, approach, object"},{"id":"24","title":"4.24","content":"","type":"verse","passage":"तदसंख्येयवासनाभिश्चित्रमपि परार्थं संहत्यकारित्वात्","commentary":"","meaning":"That mind, with its countless variegated subliminal impressions, exists for another entity (other than itself) because it operates in conjunction (with other instruments).","wordMeanings":"तद - that, these; असंख्य - countless; वासना - latent properties, traits; चित्रम - variegated, spotted; अपि - also; परा - other; अर्थ - meaning, purpose, approach, object; संहत्य - compound; कारित्वात - activity"},{"id":"25","title":"4.25","content":"","type":"verse","passage":"विशेषदर्शिन आत्मभावभावनानिवृत्तिः","commentary":"","meaning":"For one who sees the distinction (between the mind and the soul), reflecting on the nature of the self ceases.","wordMeanings":"विशेष - difference, distinction, distinct, particular; दर्शिन - one who sees; आत्मा - self, essence; भाव - being, becoming; भावना - realizing, becoming; अनिवृत्ति - cessation\n"},{"id":"26","title":"4.26","content":"","type":"verse","passage":"तदा विवेकनिम्नं कैवल्यप्राग्भारं चित्तम्","commentary":"","meaning":"At that point, the mind, inclined towards discrimination, gravitates toward ultimate liberation.","wordMeanings":"तद - then; विवेक - discrimination; निम्न - bent, inclined toward; कैवल्य - emancipation, isolation of pure awareness; प्राग - before; भार - load; चित्त - consciousness\n"},{"id":"27","title":"4.27","content":"","type":"verse","passage":"तच्छिद्रेषु प्रत्ययान्तराणि संस्कारेभ्यः","commentary":"","meaning":"During the intervals (in this state of discriminate awareness) other ideas (arise) because of previous samskaras.","wordMeanings":"तद - that, these; छिद्रेषु - gap; प्रत्यय - perception, thought, intention, representation; अन्तराणि - other; संस्कार - latent impressions\n"},{"id":"28","title":"4.28","content":"","type":"verse","passage":"हानमेषां क्लेशवदुक्तम्","commentary":"","meaning":"The removal (of these previous samskaras) is said to be like (the removal) of the klesa afflictions.","wordMeanings":"हानम - cessation; एषां - of these; क्लेश - like the causes of suffering; उक्तम - described, explained\n"},{"id":"29","title":"4.29","content":"","type":"verse","passage":"प्रसंख्यानेऽप्यकुसीदस्य सर्वथा विवेकख्यातेर्धर्ममेघः समाधिः","commentary":"","meaning":"For one who has no interest even in (the fruits) of meditative wisdom on account of the highest degree of discriminative insight, the samadhi called dharma-megha, cloud of virtue, ensues. ","wordMeanings":"प्रसंख्य - elevation, summit; अपि - also; अकुसीदस्य - one without greed; सर्वथा - in all circumstances; विवेक - discrimination; ख्याति - seeing; धर्म - property, visible form, experiential, substance, मेघ - cloud, rain showers; समाधि - oneness, integration\n"},{"id":"30","title":"4.30","content":"","type":"verse","passage":"ततः क्लेशकर्मनिवृत्तिः","commentary":"","meaning":"From this comes the cessation of the klesas (impediments to yoga) and karma.","wordMeanings":"तत - therefore, from these, from that; क्लेश - cause of suffering, corruption, hindrance, affliction, poison; कर्म - action; निवृत्ति - cessation\n"},{"id":"31","title":"4.31","content":"","type":"verse","passage":"तदा सर्वावरणमलापेतस्य ज्ञानस्याऽऽनन्त्याज्ज्ञेयमल्पम्","commentary":"","meaning":"At this point, because of the unlimited nature of knowledge when all impurities have been removed from it, that which remains to be known is little.","wordMeanings":"तद - then; सर्व - all; आवरण - covering, veil, layer; मल - imperfection; अपतस्य - removed; ज्ञान - knowledge, insight; अनंत्यत - infinity, the boundless; ज्ञान - to be known; अल्पम - little\n"},{"id":"32","title":"4.32","content":"","type":"verse","passage":"ततः कृतार्थानां परिणामक्रमसमाप्तिर्गुणानाम्","commentary":"","meaning":"As a result, there is a cessation of the ongoing permutations of the gunas, their purpose now fulfilled.","wordMeanings":"ततः - therefore, from these, from that; कृत - done, accomplished; अर्थ- meaning, purpose, approach, object; परिणाम - transformation; क्रम - sequence, flow, succession; समाप्ति - termination; गुण - fundamental qualities of nature\n"},{"id":"33","title":"4.33","content":"","type":"verse","passage":"क्षणप्रतियोगी परिणामापरान्तनिर्ग्राह्यः क्रमः","commentary":"","meaning":"The progression (of any object through Time) corresponds to a (series of) moments. It is perceivable at the final (moment) of change.","wordMeanings":"क्षण - moment; प्रतियोगी - corresponding; परिणाम - transformation; अपरा - other; अंत - end; निर्ग्राह्य - graspable; क्रम - sequence, flow, succession\n"},{"id":"34","title":"4.34","content":"","type":"verse","passage":"पुरुषार्थशून्यानां गुणानां प्रतिप्रसवः कैवल्यं स्वरूपप्रतिष्ठा वा चितिशक्तिरिति","commentary":"","meaning":"Ultimate liberation is when the gunas, devoid of any purpose for the purusa, return to their original (latent) state; in other words, when the power of consciousness is situated in its own essential nature.","wordMeanings":"पुरुष - pure awareness; अर्थ - meaning, purpose, approach, object; शुन्य - empty; गुण - fundamental qualities of nature; प्रति - with regard to, toward, reversing; प्रसव - flow, motion, creation, inception; कैवल्य - emancipation, isolation of pure awareness; स्व - own; रूप - form; प्रतिष्ठा - foundation; वा - or; चिति - pure seeing; शक्ति - power; इति - that’s all, finis"}]}