{"id":"YSOP01","title":"Yoga Sutras of Patanjali","description":"Yoga Sutras of Patanjali","status":"draft","categoryKey":"atma-gyan","type":"book","language":"en","coverImage":"https://vishalmanchanda.github.io/assets/images-ag/yoga-sutras-patanjali-sm.jpg","zipUrl":"","authors":[{"id":"1","name":"Swami Vivekananda","bio":"was an Indian Hindu monk, philosopher, author, religious teacher, and the chief disciple of the Indian mystic Ramakrishna Paramahansa.","image":"https://upload.wikimedia.org/wikipedia/commons/8/89/Swami_Vivekananda_biography.jpg","website":"","authorKey":"en_swami_vivekananda_commentary_md"},{"id":"2","name":"Charles Johnston","bio":"was an Irish writer, journalist, theosophist, naturalist, and Sanskrit scholar. Johnston joined the Indian Civil Service in 1888 but left India after two years due to malaria and settled in the United States in 1896.","image":"https://upload.wikimedia.org/wikipedia/commons/thumb/2/26/Charles_Johnston003.png/440px-Charles_Johnston003.png","website":"","authorKey":"en_charles_johnston_commentary_md"}],"version":"1.0.0","keywords":["yoga","sutras","patanjali","atma","gyan"],"createdAt":"2024-12-12","updatedAt":"2024-12-13T13:32:32.173Z","multiAuthorCommentary":false,"partsMetadata":[{"id":1,"title":"Samadhi Pada","description":"अथ योगानुशासनम्","sectionCount":51,"tags":null},{"id":2,"title":"Sadhana Pada","description":"Sadhana Pada","sectionCount":55,"tags":null},{"id":3,"title":"Vibhuti Pada ","description":"Vibhuti Pada","sectionCount":55,"tags":null},{"id":4,"title":"Kaivalya Pada","description":"Kaivalya Pada","sectionCount":34,"tags":null}],"audios_path":""}