{"id":"IU01","title":"Isavasya Upanishad","description":"Isavasya Upanishad","status":"draft","categoryKey":"atma-gyan","type":"book","language":"en","coverImage":"https://vishalmanchanda.github.io/assets/images-ag/isavasya-upanishad.jpg","zipUrl":"","authors":[{"id":"1","name":"Vedvyasa","bio":"","image":"","website":"","authorKey":""}],"version":"1.0.0","keywords":["Moksha"],"createdAt":"2024-12-05","updatedAt":"2024-12-13T13:33:51.920Z","multiAuthorCommentary":false,"partsMetadata":[{"id":1,"title":"Isavasya Upanishad","description":"ॐ ईशा वास्यमिदम् सर्वं यत्किञ्च जगत्यां जगत्।\nतेन त्यक्तेन भुञ्जीथा मा गृधः कस्यस्विद्धनम् ॥","sectionCount":18,"tags":[]}],"audios_path":""}