{"id":"MUP1","title":"Mandukya Upanishad","description":"Mandukya Upanishad","status":"draft","categoryKey":"atma-gyan","type":"book","language":"en","coverImage":"https://vishalmanchanda.github.io/assets/images-ag/mandukya-upanishad-sm.jpg","zipUrl":"","authors":[{"id":"","name":"Vedvyasa","bio":"","image":"","website":"","authorKey":""}],"version":"1.0.0","keywords":["Atma"],"createdAt":"2024-12-05","updatedAt":"2024-12-13T15:29:31.861Z","multiAuthorCommentary":false,"partsMetadata":[{"id":1,"title":"Mandukya Upanishad","description":"ॐ इत्येतदक्षरमिदँ सर्वं तस्योपव्याख्यानं भूतं भवद् भविष्यदिति सर्वमोङ्कार एव यच्चान्यत् त्रिकालातीतं तदप्योङ्कार एव","sectionCount":12,"tags":null}],"audios_path":""}