{"id":1,"title":"My Parents and Early Life","description":"My Parents and Early Life","sectionCount":31,"tags":null,"contentId":"AoY01","sections":[{"id":"1","title":"1.1","content":"MY PARENTS AND EARLY LIFE The characteristic features of Indian culture have long been a search for ultimate verities and the concomitant disciple-guru {FN1-2} relationshi.\n\n My own path led me to a Christlike sage whose beautiful life was chiseled for the ages.\n\n He was one of the great masters who are India’s sole remaining wealth.\n\n Emerging in every generation, they have bulwarked their land against the fate of Babylon and Egypt.\n\n I find my earliest memories covering the anachronistic features of a previous incarnation.\n\n Clear recollections came to me of a distant life, a yogi {FN1-3} amidst the Himalayan snows.\n\n These glimpses of the past, by some dimensionless link, also afforded me a glimpse of the future.","type":"default","passage":"My Parents and Early Life","commentary":"","meaning":""},{"id":"2","title":"1.2","content":"The helpless humiliations of infancy are not banished from my mind.\n\n I was resentfully conscious of not being able to walk or express myself freely.\n\n Prayerful surges arose within me as I realized my bodily impotence.\n\n My strong emotional life took silent form as words in many languages.\n\n Among the inward confusion of tongues, my ear gradually accustomed itself to the circumambient Bengali syllables of my people.\n\n The beguiling scope of an infant’s mind! adultly considered limited to toys and toes.\n\n Psychological ferment and my unresponsive body brought me to many obstinate crying-spells.\n\n I recall the general family bewilderment at my distress.\n\n Happier memories, too, crowd in on me: my mother’s caresses, and my first attempts at lisping phrase and toddling ste.\n\n These early triumphs, usually forgotten quickly, are yet a natural basis of self-confidence.","type":"default","passage":"My Parents and Early Life","commentary":"","meaning":""},{"id":"3","title":"1.3","content":"My far-reaching memories are not unique.\n\n Many yogis are known to have retained their self-consciousness without interruption by the dramatic transition to and from “life” and “death.\n\n” If man be solely a body, its loss indeed places the final period to identity.\n\n But if prophets down the millenniums spake with truth, man is essentially of incorporeal nature.\n\n The persistent core of human egoity is only temporarily allied with sense perception.\n\n Although odd, clear memories of infancy are not extremely rare.\n\n During travels in numerous lands, I have listened to early recollections from the lips of veracious men and women.","type":"default","passage":"My Parents and Early Life","commentary":"","meaning":""},{"id":"4","title":"1.4","content":"I was born in the last decade of the nineteenth century, and passed my first eight years at Gorakhpur.\n\n This was my birthplace in the United Provinces of northeastern India.\n\n We were eight children: four boys and four girls.\n\n I, Mukunda Lal Ghosh {FN1-4}, was the second son and the fourth child.\n\n Father and Mother were Bengalis, of the KSHATRIYA caste.\n\n {FN1-5} Both were blessed with saintly nature.\n\n Their mutual love, tranquil and dignified, never expressed itself frivolously.\n\n A perfect parental harmony was the calm center for the revolving tumult of eight young lives.\n\n Father, Bhagabati Charan Ghosh, was kind, grave, at times stern.\n\n Loving him dearly, we children yet observed a certain reverential distance.\n\n An outstanding mathematician and logician, he was guided principally by his intellect.\n\n But Mother was a queen of hearts, and taught us only through love.\n\n After her death, Father displayed more of his inner tenderness.\n\n I noticed then that his gaze often metamorphosed into my mother’s.","type":"default","passage":"My Parents and Early Life","commentary":"","meaning":""},{"id":"5","title":"1.5","content":"In Mother’s presence we tasted our earliest bitter-sweet acquaintance with the scriptures.\n\n Tales from the MAHABHARATA and RAMAYANA {FN1-6} were resourcefully summoned to meet the exigencies of discipl.\n\n Instruction and chastisement went hand in hand.\n\n A daily gesture of respect to Father was given by Mother’s dressing us carefully in the afternoons to welcome him home from the off.\n\n His position was similar to that of a vice-president, in the Bengal-Nagpur Railway, one of India’s large companies.\n\n His work involved traveling, and our family lived in several cities during my childhood.\n\n Mother held an open hand toward the needy.\n\n Father was also kindly disposed, but his respect for law and order extended to the budget.\n\n One fortnight Mother spent, in feeding the poor, more than Father’s monthly income.","type":"default","passage":"My Parents and Early Life","commentary":"","meaning":""},{"id":"6","title":"1.6","content":"“All I ask, please, is to keep your charities within a reasonable limit.\n\n” Even a gentle rebuke from her husband was grievous to Mother.\n\n She ordered a hackney carriage, not hinting to the children at any disagreement.\n\n “Good-by; I am going away to my mother’s home.\n\n” Ancient ultimatum! We broke into astounded lamentations.\n\n Our maternal uncle arrived opportunely; he whispered to Father some sage counsel, garnered no doubt from the ages.\n\n After Father had made a few conciliatory remarks, Mother happily dismissed the cab.\n\n \n\nThus ended the only trouble I ever noticed between my parents.\n\n But I recall a characteristic discussion.","type":"default","passage":"My Parents and Early Life","commentary":"","meaning":""},{"id":"7","title":"1.7","content":"“Please give me ten rupees for a hapless woman who has just arrived at the house.\n\n” Mother’s smile had its own persuasion.\n\n “Why ten rupees? One is enough.\n\n” Father added a justification: “When my father and grandparents died suddenly, I had my first taste of poverty.\n\n My only breakfast, before walking miles to my school, was a small banana.\n\n Later, at the university, I was in such need that I applied to a wealthy judge for aid of one rupee per month.\n\n He declined, remarking that even a rupee is important.\n\n” “How bitterly you recall the denial of that rupee!” Mother’s heart had an instant logic.\n\n “Do you want this woman also to remember painfully your refusal of ten rupees which she needs urgently?”","type":"default","passage":"My Parents and Early Life","commentary":"","meaning":""},{"id":"8","title":"1.8","content":"“You win!” With the immemorial gesture of vanquished husbands, he opened his wallet.\n\n “Here is a ten-rupee note.\n\n Give it to her with my good will.\n\n” Father tended to first say “No” to any new propos.\n\n His attitude toward the strange woman who so readily enlisted Mother’s sympathy was an example of his customary caution.\n\n Aversion to instant acceptance—typical of the French mind in the West-is really only honoring the principle of “due reflection.\n\n” I always found Father reasonable and evenly balanced in his judgments.\n\n If I could bolster up my numerous requests with one or two good arguments, he invariably put the coveted goal within my reach, whether it were a vacation trip or a new motorcycle.","type":"default","passage":"My Parents and Early Life","commentary":"","meaning":""},{"id":"9","title":"1.9","content":"Father was a strict disciplinarian to his children in their early years, but his attitude toward himself was truly Spartan.\n\n He never visited the theater, for instance, but sought his recreation in various spiritual practices and in reading the BHAGAVAD GIT.\n\n {FN1-7} Shunning all luxuries, he would cling to one old pair of shoes until they were useless.\n\n His sons bought automobiles after they came into popular use, but Father was always content with the trolley car for his daily ride to the off.\n\n The accumulation of money for the sake of power was alien to his nature.\n\n Once, after organizing the Calcutta Urban Bank, he refused to benefit himself by holding any of its shares.\n\n He had simply wished to perform a civic duty in his spare t.","type":"default","passage":"My Parents and Early Life","commentary":"","meaning":""},{"id":"10","title":"1.10","content":"Several years after Father had retired on a pension, an English accountant arrived to examine the books of the Bengal-Nagpur Railway Company.\n\n The amazed investigator discovered that Father had never applied for overdue bonuses.\n\n “He did the work of three men!” the accountant told the company.\n\n “He has rupees 125, 000  \n***(about $41, 25.\n\n)***\n owing to him as back compensation.\n\n” The officials presented Father with a check for this amount.\n\n He thought so little about it that he overlooked any mention to the family.\n\n Much later he was questioned by my youngest brother Bishnu, who noticed the large deposit on a bank statement.","type":"default","passage":"My Parents and Early Life","commentary":"","meaning":""},{"id":"11","title":"1.11","content":"“Why be elated by material profit?” Father replied.\n\n “The one who pursues a goal of evenmindedness is neither jubilant with gain nor depressed by loss.\n\n He knows that man arrives penniless in this world, and departs without a single rupee.\n\n” [Illustration: MY FATHER, Bhagabati Charan Ghosh, A Disciple of Lahiri Mahasaya—see father.\n\njpg] Early in their married life, my parents became disciples of a great master, Lahiri Mahasaya of Benares.\n\n This contact strengthened Father’s naturally ascetical temperament.\n\n Mother made a remarkable admission to my eldest sister Roma: “Your father and myself live together as man and wife only once a year, for the purpose of having children.\n\n”","type":"default","passage":"My Parents and Early Life","commentary":"","meaning":""},{"id":"12","title":"1.12","content":"Father first met Lahiri Mahasaya through Abinash Babu, {FN1-8} an employee in the Gorakhpur office of the Bengal-Nagpur Railway.\n\n Abinash instructed my young ears with engrossing tales of many Indian saints.\n\n He invariably concluded with a tribute to the superior glories of his own guru.\n\n “Did you ever hear of the extraordinary circumstances under which your father became a disciple of Lahiri Mahasaya?” It was on a lazy summer afternoon, as Abinash and I sat together in the compound of my home, that he put this intriguing question.\n\n I shook my head with a smile of anticipation.\n\n “Years ago, before you were born, I asked my superior officer-your father-to give me a week’s leave from my Gorakhpur duties in order to visit my guru in Benares.\n\n Your father ridiculed my plan.","type":"default","passage":"My Parents and Early Life","commentary":"","meaning":""},{"id":"13","title":"1.13","content":"“‘Are you going to become a religious fanatic?’ he inquired.\n\n ‘Concentrate on your office work if you want to forge ahead.\n\n’ “Sadly walking home along a woodland path that day, I met your father in a palanquin.\n\n He dismissed his servants and conveyance, and fell into step beside me.\n\n Seeking to console me, he pointed out the advantages of striving for worldly success.\n\n But I heard him listlessly.\n\n My heart was repeating: ‘Lahiri Mahasaya! I cannot live without seeing you!’ “Our path took us to the edge of a tranquil field, where the rays of the late afternoon sun were still crowning the tall ripple of the wild grass.\n\n We paused in admiration.\n\n There in the field, only a few yards from us, the form of my great guru suddenly appeared! {FN1-9}","type":"default","passage":"My Parents and Early Life","commentary":"","meaning":""},{"id":"14","title":"1.14","content":"“‘Bhagabati, you are too hard on your employee!’ His voice was resonant in our astounded ears.\n\n He vanished as mysteriously as he had come.\n\n On my knees I was exclaiming, ‘Lahiri Mahasaya! Lahiri Mahasaya!’ Your father was motionless with stupefaction for a few moments.\n\n “‘Abinash, not only do I give YOU leave, but I give MYSELF leave to start for Benares tomorrow.\n\n I must know this great Lahiri Mahasaya, who is able to materialize himself at will in order to intercede for you! I will take my wife and ask this master to initiate us in his spiritual path.\n\n Will you guide us to him?’ “‘Of course.\n\n’ Joy filled me at the miraculous answer to my prayer, and the quick, favorable turn of events.","type":"default","passage":"My Parents and Early Life","commentary":"","meaning":""},{"id":"15","title":"1.15","content":"“The next evening your parents and I entrained for Benares.\n\n We took a horse cart the following day, and then had to walk through narrow lanes to my guru’s secluded home.\n\n Entering his little parlor, we bowed before the master, enlocked in his habitual lotus posture.\n\n He blinked his piercing eyes and leveled them on your father.\n\n “‘Bhagabati, you are too hard on your employee!’ His words were the same as those he had used two days before in the Gorakhpur field.\n\n He added, ‘I am glad that you have allowed Abinash to visit me, and that you and your wife have accompanied him.\n\n’ “To their joy, he initiated your parents in the spiritual practice of KRIYA YOG.\n\n {FN1-10} Your father and I, as brother disciples, have been close friends since the memorable day of the vision.\n\n Lahiri Mahasaya took a definite interest in your own birth.\n\n Your life shall surely be linked with his own: the master’s blessing never fails.\n\n”","type":"default","passage":"My Parents and Early Life","commentary":"","meaning":""},{"id":"16","title":"1.16","content":"Lahiri Mahasaya left this world shortly after I had entered it.\n\n His picture, in an ornate frame, always graced our family altar in the various cities to which Father was transferred by his off.\n\n Many a morning and evening found Mother and me meditating before an improvised shrine, offering flowers dipped in fragrant sandalwood paste.\n\n With frankincense and myrrh as well as our united devotions, we honored the divinity which had found full expression in Lahiri Mahasaya.\n\n His picture had a surpassing influence over my l.\n\n As I grew, the thought of the master grew with me.\n\n In meditation I would often see his photographic image emerge from its small frame and, taking a living form, sit before me.\n\n When I attempted to touch the feet of his luminous body, it would change and again become the picture.\n\n As childhood slipped into boyhood, I found Lahiri Mahasaya transformed in my mind from a little image, cribbed in a frame, to a living, enlightening presence.\n\n I frequently prayed to him in moments of trial or confusion, finding within me his solacing direction.\n\n At first I grieved because he was no longer physically living.\n\n As I began to discover his secret omnipresence, I lamented no more.\n\n He had often written to those of his disciples who were over-anxious to see him: “Why come to view my bones and flesh, when I am ever within range of your KUTASTHA  \n***(spiritual sight)***\n?”","type":"default","passage":"My Parents and Early Life","commentary":"","meaning":""},{"id":"17","title":"1.17","content":"I was blessed about the age of eight with a wonderful healing through the photograph of Lahiri Mahasaya.\n\n This experience gave intensification to my love.\n\n While at our family estate in Ichapur, Bengal, I was stricken with Asiatic cholera.\n\n My life was despaired of; the doctors could do nothing.\n\n At my bedside, Mother frantically motioned me to look at Lahiri Mahasaya’s picture on the wall above my head.\n\n “Bow to him mentally!” She knew I was too feeble even to lift my hands in salutation.\n\n “If you really show your devotion and inwardly kneel before him, your life will be spared!” I gazed at his photograph and saw there a blinding light, enveloping my body and the entire room.\n\n My nausea and other uncontrollable symptoms disappeared; I was well.\n\n At once I felt strong enough to bend over and touch Mother’s feet in appreciation of her immeasurable faith in her guru.\n\n Mother pressed her head repeatedly against the little picture.","type":"default","passage":"My Parents and Early Life","commentary":"","meaning":""},{"id":"18","title":"1.18","content":"“O Omnipresent Master, I thank thee that thy light hath healed my son!” I realized that she too had witnessed the luminous blaze through which I had instantly recovered from a usually fatal disease.\n\n One of my most precious possessions is that same photograph.\n\n Given to Father by Lahiri Mahasaya himself, it carries a holy vibration.\n\n The picture had a miraculous origin.\n\n I heard the story from Father’s brother disciple, Kali Kumar Roy.\n\n It appears that the master had an aversion to being photographed.\n\n Over his protest, a group picture was once taken of him and a cluster of devotees, including Kali Kumar Roy.\n\n It was an amazed photographer who discovered that the plate which had clear images of all the disciples, revealed nothing more than a blank space in the center where he had reasonably expected to find the outlines of Lahiri Mahasaya.\n\n The phenomenon was widely discussed.","type":"default","passage":"My Parents and Early Life","commentary":"","meaning":""},{"id":"19","title":"1.19","content":"A certain student and expert photographer, Ganga Dhar Babu, boasted that the fugitive figure would not escape him.\n\n The next morning, as the guru sat in lotus posture on a wooden bench with a screen behind him, Ganga Dhar Babu arrived with his equipment.\n\n Taking every precaution for success, he greedily exposed twelve plates.\n\n On each one he soon found the imprint of the wooden bench and screen, but once again the master’s form was missing.\n\n With tears and shattered pride, Ganga Dhar Babu sought out his guru.\n\n It was many hours before Lahiri Mahasaya broke his silence with a pregnant comment: “I am Spirit.\n\n Can your camera reflect the omnipresent Invisible?”","type":"default","passage":"My Parents and Early Life","commentary":"","meaning":""},{"id":"20","title":"1.20","content":"“I see it cannot! But, Holy Sir, I lovingly desire a picture of the bodily temple where alone, to my narrow vision, that Spirit appears fully to dwell.\n\n” “Come, then, tomorrow morning.\n\n I will pose for you.\n\n” Again the photographer focused his camera.\n\n This time the sacred figure, not cloaked with mysterious imperceptibility, was sharp on the plate.\n\n The master never posed for another picture; at least, I have seen none.\n\n The photograph is reproduced in this book.\n\n Lahiri Mahasaya’s fair features, of a universal cast, hardly suggest to what race he belonged.\n\n His intense joy of God-communion is slightly revealed in a somewhat enigmatic sm.\n\n His eyes, half open to denote a nominal direction on the outer world, are half closed also.\n\n Completely oblivious to the poor lures of the earth, he was fully awake at all times to the spiritual problems of seekers who approached for his bounty.","type":"default","passage":"My Parents and Early Life","commentary":"","meaning":""},{"id":"21","title":"1.21","content":"Shortly after my healing through the potency of the guru’s picture, I had an influential spiritual vision.\n\n Sitting on my bed one morning, I fell into a deep reverie.\n\n “What is behind the darkness of closed eyes?” This probing thought came powerfully into my mind.\n\n An immense flash of light at once manifested to my inward gaze.\n\n Divine shapes of saints, sitting in meditation posture in mountain caves, formed like miniature cinema pictures on the large screen of radiance within my forehead.\n\n “Who are you?” I spoke aloud.\n\n “We are the Himalayan yogis.\n\n” The celestial response is difficult to describe; my heart was thrilled.","type":"default","passage":"My Parents and Early Life","commentary":"","meaning":""},{"id":"22","title":"1.22","content":"“Ah, I long to go to the Himalayas and become like you!” The vision vanished, but the silvery beams expanded in ever-widening circles to infinity.\n\n “What is this wondrous glow?” “I am Iswara.\n\n{FN1-11} I am Light.\n\n” The voice was as murmuring clouds.\n\n “I want to be one with Thee!” Out of the slow dwindling of my divine ecstasy, I salvaged a permanent legacy of inspiration to seek God.\n\n “He is eternal, ever-new Joy!” This memory persisted long after the day of rapture.\n\n Another early recollection is outstanding; and literally so, for I bear the scar to this day.\n\n My elder sister Uma and I were seated in the early morning under a NEEM tree in our Gorakhpur compound.\n\n She was helping me with a Bengali primer, what time I could spare my gaze from the near-by parrots eating ripe margosa fruit.\n\n Uma complained of a boil on her leg, and fetched a jar of ointment.\n\n I smeared a bit of the salve on my forearm.","type":"default","passage":"My Parents and Early Life","commentary":"","meaning":""},{"id":"23","title":"1.23","content":"“Why do you use medicine on a healthy arm?” “Well, Sis, I feel I am going to have a boil tomorrow.\n\n I am testing your ointment on the spot where the boil will appear.\n\n” “You little liar!” “Sis, don’t call me a liar until you see what happens in the morning.\n\n” Indignation filled me.\n\n Uma was unimpressed, and thrice repeated her taunt.\n\n An adamant resolution sounded in my voice as I made slow reply.\n\n “By the power of will in me, I say that tomorrow I shall have a fairly large boil in this exact place on my arm; and YOUR boil shall swell to twice its present size!” Morning found me with a stalwart boil on the indicated spot; the dimensions of Uma’s boil had doubled.\n\n With a shriek, my sister rushed to Mother.\n\n “Mukunda has become a necromancer!” Gravely, Mother instructed me never to use the power of words for doing harm.\n\n I have always remembered her counsel, and followed it.","type":"default","passage":"My Parents and Early Life","commentary":"","meaning":""},{"id":"24","title":"1.24","content":"My boil was surgically treated.\n\n A noticeable scar, left by the doctor’s incision, is present today.\n\n On my right forearm is a constant reminder of the power in man’s sheer word.\n\n Those simple and apparently harmless phrases to Uma, spoken with deep concentration, had possessed sufficient hidden force to explode like bombs and produce definite, though injurious, effects.\n\n I understood, later, that the explosive vibratory power in speech could be wisely directed to free one’s life from difficulties, and thus operate without scar or rebuke.\n\n {FN1-12} Our family moved to Lahore in the Punjab.\n\n There I acquired a picture of the Divine Mother in the form of the Goddess Kali.\n\n {FN1-13} It sanctified a small informal shrine on the balcony of our home.\n\n An unequivocal conviction came over me that fulfillment would crown any of my prayers uttered in that sacred spot.\n\n Standing there with Uma one day, I watched two kites flying over the roofs of the buildings on the opposite side of the very narrow lane.","type":"default","passage":"My Parents and Early Life","commentary":"","meaning":""},{"id":"25","title":"1.25","content":"“Why are you so quiet?” Uma pushed me playfully.\n\n “I am just thinking how wonderful it is that Divine Mother gives me whatever I ask.\n\n” “I suppose She would give you those two kites!” My sister laughed derisively.\n\n “Why not?” I began silent prayers for their possession.\n\n Matches are played in India with kites whose strings are covered with glue and ground glass.\n\n Each player attempts to sever the string of his opponent.\n\n A freed kite sails over the roofs; there is great fun in catching it.\n\n Inasmuch as Uma and I were on the balcony, it seemed impossible that any loosed kite could come into our hands; its string would naturally dangle over the roofs.","type":"default","passage":"My Parents and Early Life","commentary":"","meaning":""},{"id":"26","title":"1.26","content":"The players across the lane began their match.\n\n One string was cut; immediately the kite floated in my direction.\n\n It was stationary for a moment, through sudden abatement of breeze, which sufficed to firmly entangle the string with a cactus plant on top of the opposite house.\n\n A perfect loop was formed for my seizure.\n\n I handed the prize to Uma.\n\n “It was just an extraordinary accident, and not an answer to your prayer.\n\n If the other kite comes to you, then I shall believe.\n\n” Sister’s dark eyes conveyed more amazement than her words.\n\n I continued my prayers with a crescendo intensity.\n\n A forcible tug by the other player resulted in the abrupt loss of his k.\n\n It headed toward me, dancing in the wind.\n\n My helpful assistant, the cactus plant, again secured the kite string in the necessary loop by which I could grasp it.\n\n I presented my second trophy to Uma.","type":"default","passage":"My Parents and Early Life","commentary":"","meaning":""},{"id":"27","title":"1.27","content":"“Indeed, Divine Mother listens to you! This is all too uncanny for me!” Sister bolted away like a frightened fawn.\n\n {FN1-2} Spiritual teacher; from Sanskrit root GUR, to raise, to uplift.\n\n {FN1-3} A practitioner of yoga, “union, ” ancient Indian science of meditation on God.\n\n {FN1-4} My name was changed to Yogananda when I entered the ancient monastic Swami Order in 191.\n\n My guru bestowed the religious title of PARAMHANSA on me in 1935  \n***(see ..\n\n/chapters 24 and 42)***\n.\n\n {FN1-5} Traditionally, the second caste of warriors and rulers.\n\n {FN1-6} These ancient epics are the hoard of India’s history, mythology, and philosophy.\n\n An “Everyman’s Library” volume, RAMAYANA AND MAHABHARATA, is a condensation in English verse by Romesh Dutt  \n***(New York: . . Dutton)***\n.","type":"default","passage":"My Parents and Early Life","commentary":"","meaning":""},{"id":"28","title":"1.28","content":"{FN1-7} This noble Sanskrit poem, which occurs as part of the MAHABHARATA epic, is the Hindu Bible.\n\n The most poetical English translation is Edwin Arnold’s THE SONG CELESTIAL  \n***(Philadelphia: David McKay, 75 cents)***\n.\n\n One of the best translations with detailed commentary is Sri Aurobindo’s MESSAGE OF THE GITA  \n***(Jupiter Press, 16 Semudoss ., Madras, India, $.\n\n50)***\n.\n\n {FN1-8} BABU  \n***(Mister)***\n is placed in Bengali names at the end.\n\n {FN1-9} The phenomenal powers possessed by great masters are explained in chapter 30, “The Law of Miracles.\n\n” {FN1-10} A yogic technique whereby the sensory tumult is stilled, permitting man to achieve an ever-increasing identity with cosmic consciousness.\n\n  \n***(See . 24.\n\n)***","type":"default","passage":"My Parents and Early Life","commentary":"","meaning":""},{"id":"29","title":"1.29","content":"{FN1-11} A Sanskrit name for God as Ruler of the universe; from the root IS, to rule.\n\n There are 108 names for God in the Hindu scriptures, each one carrying a different shade of philosophical meaning.\n\n {FN1-12} The infinite potencies of sound derive from the Creative Word, AUM, the cosmic vibratory power behind all atomic energies.\n\n Any word spoken with clear realization and deep concentration has a materializing value.\n\n Loud or silent repetition of inspiring words has been found effective in Coueism and similar systems of psychotherapy; the secret lies in the stepping-up of the mind’s vibratory rate.\n\n The poet Tennyson has left us, in his MEMOIRS, an account of his repetitious device for passing beyond the conscious mind into superconsciousness:","type":"default","passage":"My Parents and Early Life","commentary":"","meaning":""},{"id":"30","title":"1.30","content":"“A kind of waking trance-this for lack of a better word-I have frequently had, quite up from boyhood, when I have been all alone, ” Tennyson wrote.\n\n “This has come upon me through REPEATING my own name to myself silently, till all at once, as it were out of the intensity of the consciousness of individuality, individuality itself seemed to dissolve and fade away into boundless being, and this not a confused state but the clearest, the surest of the surest, utterly beyond words-where death was an almost laughable impossibility-the loss of personality  \n***(if so it were)***\n seeming no extinction, but the only true l.\n\n” He wrote further: “It is no nebulous ecstasy, but a state of transcendent wonder, associated with absolute clearness of mind.\n\n”","type":"default","passage":"My Parents and Early Life","commentary":"","meaning":""},{"id":"31","title":"1.31","content":"{FN1-13} Kali is a symbol of God in the aspect of eternal Mother Nature.","type":"default","passage":"My Parents and Early Life","commentary":"","meaning":""}]}