{"id":10,"title":"I Meet my Master, Sri Yukteswar","description":"I Meet my Master, Sri Yukteswar","sectionCount":28,"tags":null,"contentId":"AoY01","sections":[{"id":"1","title":"10.1","content":"I MEET MY MASTER, SRI YUKTESWAR “Faith in God can produce any miracle except one-passing an examination without study.\n\n” Distastefully I closed the book I had picked up in an idle moment.\n\n “The writer’s exception shows his complete lack of faith, ” I thought.\n\n “Poor chap, he has great respect for the midnight oil!” My promise to Father had been that I would complete my high school studies.\n\n I cannot pretend to diligence.\n\n The passing months found me less frequently in the classroom than in secluded spots along the Calcutta bathing GHAT.\n\n The adjoining crematory grounds, especially gruesome at night, are considered highly attractive by the yogi.\n\n He who would find the Deathless Essence must not be dismayed by a few unadorned skulls.\n\n Human inadequacy becomes clear in the gloomy abode of miscellaneous bones.\n\n My midnight vigils were thus of a different nature from the scholar’s.","type":"default","passage":"I Meet my Master, Sri Yukteswar","commentary":"","meaning":""},{"id":"2","title":"10.2","content":"The week of final examinations at the Hindu High School was fast approaching.\n\n This interrogatory period, like the sepulchral haunts, inspires a well-known terror.\n\n My mind was nevertheless at peace.\n\n Braving the ghouls, I was exhuming a knowledge not found in lecture halls.\n\n But it lacked the art of Swami Pranabananda, who easily appeared in two places at one t.\n\n My educational dilemma was plainly a matter for the Infinite Ingenuity.\n\n This was my reasoning, though to many it seems illogic.\n\n The devotee’s irrationality springs from a thousand inexplicable demonstrations of God’s instancy in trouble.","type":"default","passage":"I Meet my Master, Sri Yukteswar","commentary":"","meaning":""},{"id":"3","title":"10.3","content":"“Hello, Mukunda! I catch hardly a glimpse of you these days!” A classmate accosted me one afternoon on Gurpar Road.\n\n “Hello, Nantu! My invisibility at school has actually placed me there in a decidedly awkward position.\n\n” I unburdened myself under his friendly gaze.\n\n Nantu, who was a brilliant student, laughed heartily; my predicament was not without a comic aspect.\n\n “You are utterly unprepared for the finals! I suppose it is up to me to help you!” The simple words conveyed divine promise to my ears; with alacrity I visited my friend’s home.\n\n He kindly outlined the solutions to various problems he considered likely to be set by the instructors.","type":"default","passage":"I Meet my Master, Sri Yukteswar","commentary":"","meaning":""},{"id":"4","title":"10.4","content":"“These questions are the bait which will catch many trusting boys in the examination tra.\n\n Remember my answers, and you will escape without injury.\n\n” The night was far gone when I departed.\n\n Bursting with unseasoned erudition, I devoutly prayed it would remain for the next few critical days.\n\n Nantu had coached me in my various subjects but, under press of time, had forgotten my course in Sanskrit.\n\n Fervently I reminded God of the oversight.\n\n I set out on a short walk the next morning, assimilating my new knowledge to the rhythm of swinging footsteps.\n\n As I took a short cut through the weeds of a corner lot, my eye fell on a few loose printed sheets.\n\n A triumphant pounce proved them to be Sanskrit verse.\n\n I sought out a pundit for aid in my stumbling interpretation.\n\n His rich voice filled the air with the edgeless, honeyed beauty of the ancient tongue.\n\n {FN10-1}","type":"default","passage":"I Meet my Master, Sri Yukteswar","commentary":"","meaning":""},{"id":"5","title":"10.5","content":"“These exceptional stanzas cannot possibly be of aid in your Sanskrit test.\n\n” The scholar dismissed them skeptically.\n\n But familiarity with that particular poem enabled me on the following day to pass the Sanskrit examination.\n\n Through the discerning help Nantu had given, I also attained the minimum grade for success in all my other subjects.\n\n Father was pleased that I had kept my word and concluded my secondary school course.\n\n My gratitude sped to the Lord, whose sole guidance I perceived in my visit to Nantu and my walk by the unhabitual route of the debris-filled lot.\n\n Playfully He had given a dual expression to His timely design for my rescue.","type":"default","passage":"I Meet my Master, Sri Yukteswar","commentary":"","meaning":""},{"id":"6","title":"10.6","content":"I came across the discarded book whose author had denied God precedence in the examination halls.\n\n I could not restrain a chuckle at my own silent comment: “It would only add to this fellow’s confusion, if I were to tell him that divine meditation among the cadavers is a short cut to a high school diploma!” In my new dignity, I was now openly planning to leave home.\n\n Together with a young friend, Jitendra Mazumdar, {FN10-2} I decided to join a Mahamandal hermitage in Benares, and receive its spiritual discipl.\n\n A desolation fell over me one morning at thought of separation from my family.\n\n Since Mother’s death, my affection had grown especially tender for my two younger brothers, Sananda and Bishnu.\n\n I rushed to my retreat, the little attic which had witnessed so many scenes in my turbulent SADHAN.\n\n {FN10-3} After a two-hour flood of tears, I felt singularly transformed, as by some alchemical cleanser.\n\n All attachment {FN10-4} disappeared; my resolution to seek God as the Friend of friends set like granite within me.\n\n I quickly completed my travel preparations.","type":"default","passage":"I Meet my Master, Sri Yukteswar","commentary":"","meaning":""},{"id":"7","title":"10.7","content":"“I make one last plea.\n\n” Father was distressed as I stood before him for final blessing.\n\n “Do not forsake me and your grieving brothers and sisters.\n\n” “Revered Father, how can I tell my love for you! But even greater is my love for the Heavenly Father, who has given me the gift of a perfect father on earth.\n\n Let me go, that I someday return with a more divine understanding.\n\n” With reluctant parental consent, I set out to join Jitendra, already in Benares at the hermitage.\n\n On my arrival the young head swami, Dyananda, greeted me cordially.\n\n Tall and thin, of thoughtful mien, he impressed me favorably.\n\n His fair face had a Buddhalike composure.","type":"default","passage":"I Meet my Master, Sri Yukteswar","commentary":"","meaning":""},{"id":"8","title":"10.8","content":"I was pleased that my new home possessed an attic, where I managed to spend the dawn and morning hours.\n\n The ashram members, knowing little of meditation practices, thought I should employ my whole time in organizational duties.\n\n They gave me praise for my afternoon work in their off.\n\n “Don’t try to catch God so soon!” This ridicule from a fellow resident accompanied one of my early departures toward the attic.\n\n I went to Dyananda, busy in his small sanctum overlooking the Ganges.\n\n “Swamiji, {FN10-5} I don’t understand what is required of me here.\n\n I am seeking direct perception of God.\n\n Without Him, I cannot be satisfied with affiliation or creed or performance of good works.\n\n”","type":"default","passage":"I Meet my Master, Sri Yukteswar","commentary":"","meaning":""},{"id":"9","title":"10.9","content":"The orange-robed ecclesiastic gave me an affectionate pat.\n\n Staging a mock rebuke, he admonished a few near-by disciples.\n\n “Don’t bother Mukunda.\n\n He will learn our ways.\n\n” I politely concealed my doubt.\n\n The students left the room, not overly bent with their chastisement.\n\n Dyananda had further words for me.\n\n “Mukunda, I see your father is regularly sending you money.\n\n Please return it to him; you require none here.\n\n A second injunction for your discipline concerns food.\n\n Even when you feel hunger, don’t mention it.\n\n” Whether famishment gleamed in my eye, I knew not.\n\n That I was hungry, I knew only too well.\n\n The invariable hour for the first hermitage meal was twelve noon.\n\n I had been accustomed in my own home to a large breakfast at nine o’clock.","type":"default","passage":"I Meet my Master, Sri Yukteswar","commentary":"","meaning":""},{"id":"10","title":"10.10","content":"The three-hour gap became daily more interminable.\n\n Gone were the Calcutta years when I could rebuke the cook for a ten-minute delay.\n\n \n\nNow I tried to control my appetite; one day I undertook a twenty-four hour fast.\n\n With double zest I awaited the following midday.\n\n “Dyanandaji’s train is late; we are not going to eat until he arrives.\n\n” Jitendra brought me this devastating news.\n\n As gesture of welcome to the swami, who had been absent for two weeks, many delicacies were in readiness.\n\n An appetizing aroma filled the air.\n\n Nothing else offering, what else could be swallowed except pride over yesterday’s achievement of a fast?","type":"default","passage":"I Meet my Master, Sri Yukteswar","commentary":"","meaning":""},{"id":"11","title":"10.11","content":"“Lord hasten the train!” The Heavenly Provider, I thought, was hardly included in the interdiction with which Dyananda had silenced me.\n\n Divine Attention was elsewhere, however; the plodding clock covered the hours.\n\n Darkness was descending as our leader entered the door.\n\n My greeting was one of unfeigned joy.\n\n “Dyanandaji will bathe and meditate before we can serve food.\n\n” Jitendra approached me again as a bird of ill omen.\n\n I was in near-collapse.\n\n My young stomach, new to deprivation, protested with gnawing vigor.\n\n Pictures I had seen of famine victims passed wraithlike before me.\n\n “The next Benares death from starvation is due at once in this hermitage, ” I thought.\n\n Impending doom averted at nine o’clock.\n\n Ambrosial summons! In memory that meal is vivid as one of life’s perfect hours.","type":"default","passage":"I Meet my Master, Sri Yukteswar","commentary":"","meaning":""},{"id":"12","title":"10.12","content":"Intense absorption yet permitted me to observe that Dyananda ate absent-mindedly.\n\n He was apparently above my gross pleasures.\n\n “Swamiji, weren’t you hungry?” Happily surfeited, I was alone with the leader in his study.\n\n “O yes! I have spent the last four days without food or drink.\n\n I never eat on trains, filled with the heterogenous vibrations of worldly people.\n\n Strictly I observe the SHASTRIC {FN10-6} rules for monks of my particular order.\n\n “Certain problems of our organizational work lie on my mind.\n\n Tonight at home I neglected my dinner.\n\n What’s the hurry? Tomorrow I’ll make it a point to have a proper me.\n\n” He laughed merrily.","type":"default","passage":"I Meet my Master, Sri Yukteswar","commentary":"","meaning":""},{"id":"13","title":"10.13","content":"Shame spread within me like a suffocation.\n\n But the past day of my torture was not easily forgotten; I ventured a further remark.\n\n “Swamiji, I am puzzled.\n\n Following your instruction, suppose I never asked for food, and nobody gives me any.\n\n I should starve to death.\n\n” “Die then!” This alarming counsel split the air.\n\n “Die if you must Mukunda! Never admit that you live by the power of food and not by the power of God! He who has created every form of nourishment, He who has bestowed appetite, will certainly see that His devotee is sustained! Do not imagine that rice maintains you, or that money or men support you! Could they aid if the Lord withdraws your life-breath? They are His indirect instruments merely.\n\n Is it by any skill of yours that food digests in your stomach? Use the sword of your discrimination, Mukunda! Cut through the chains of agency and perceive the Single Cause!”","type":"default","passage":"I Meet my Master, Sri Yukteswar","commentary":"","meaning":""},{"id":"14","title":"10.14","content":"I found his incisive words entering some deep marrow.\n\n Gone was an age-old delusion by which bodily imperatives outwit the soul.\n\n There and then I tasted the Spirit’s all-sufficiency.\n\n In how many strange cities, in my later life of ceaseless travel, did occasion arise to prove the serviceability of this lesson in a Benares hermitage! The sole treasure which had accompanied me from Calcutta was the SADHU’S silver amulet bequeathed to me by Mother.\n\n Guarding it for years, I now had it carefully hidden in my ashram room.\n\n To renew my joy in the talismanic testimony, one morning I opened the locked box.\n\n The sealed covering untouched, lo! the amulet was gone.\n\n Mournfully I tore open its envelope and made unmistakably sure.\n\n It had vanished, in accordance with the SADHU’S prediction, into the ether whence he had summoned it.","type":"default","passage":"I Meet my Master, Sri Yukteswar","commentary":"","meaning":""},{"id":"15","title":"10.15","content":"My relationship with Dyananda’s followers grew steadily worse.\n\n The household was alienated, hurt by my determined aloofness.\n\n My strict adherence to meditation on the very Ideal for which I had left home and all worldly ambitions called forth shallow criticism on all sides.\n\n Torn by spiritual anguish, I entered the attic one dawn, resolved to pray until answer was vouchsafed.\n\n “Merciful Mother of the Universe, teach me Thyself through visions, or through a guru sent by Thee!” The passing hours found my sobbing pleas without response.\n\n Suddenly I felt lifted as though bodily to a sphere uncircumscribed.","type":"default","passage":"I Meet my Master, Sri Yukteswar","commentary":"","meaning":""},{"id":"16","title":"10.16","content":"“Thy Master cometh today!” A divine womanly voice came from everywhere and nowhere.\n\n This supernal experience was pierced by a shout from a definite locale.\n\n A young priest nicknamed Habu was calling me from the downstairs kitchen.\n\n “Mukunda, enough of meditation! You are needed for an errand.\n\n” Another day I might have replied impatiently; now I wiped my tear-swollen face and meekly obeyed the summons.\n\n Together Habu and I set out for a distant market place in the Bengali section of Benares.\n\n The ungentle Indian sun was not yet at zenith as we made our purchases in the bazaars.\n\n We pushed our way through the colorful medley of housewives, guides, priests, simply-clad widows, dignified Brahmins, and the ubiquitous holy bulls.\n\n Passing an inconspicuous lane, I turned my head and surveyed the narrow length.","type":"default","passage":"I Meet my Master, Sri Yukteswar","commentary":"","meaning":""},{"id":"17","title":"10.17","content":"A Christlike man in the ocher robes of a swami stood motionless at the end of the road.\n\n Instantly and anciently familiar he seemed; my gaze fed hungrily for a tr.\n\n Then doubt assailed me.\n\n “You are confusing this wandering monk with someone known to you, ” I thought.\n\n “Dreamer, walk on.\n\n” After ten minutes, I felt heavy numbness in my feet.\n\n As though turned to stone, they were unable to carry me farther.\n\n Laboriously I turned around; my feet regained normalcy.\n\n I faced the opposite direction; again the curious weight oppressed me.\n\n “The saint is magnetically drawing me to him!” With this thought, I heaped my parcels into the arms of Habu.\n\n He had been observing my erratic footwork with amazement, and now burst into laughter.","type":"default","passage":"I Meet my Master, Sri Yukteswar","commentary":"","meaning":""},{"id":"18","title":"10.18","content":"“What ails you? Are you crazy?” My tumultuous emotion prevented any retort; I sped silently away.\n\n Retracing my steps as though wing-shod, I reached the narrow lane.\n\n My quick glance revealed the quiet figure, steadily gazing in my direction.\n\n A few eager steps and I was at his feet.\n\n “Gurudeva!” {FN10-7} The divine face was none other than he of my thousand visions.\n\n These halcyon eyes, in leonine head with pointed beard and flowing locks, had oft peered through gloom of my nocturnal reveries, holding a promise I had not fully understood.\n\n “O my own, you have come to me!” My guru uttered the words again and again in Bengali, his voice tremulous with joy.\n\n “How many years I have waited for you!”","type":"default","passage":"I Meet my Master, Sri Yukteswar","commentary":"","meaning":""},{"id":"19","title":"10.19","content":"We entered a oneness of silence; words seemed the rankest superfluities.\n\n Eloquence flowed in soundless chant from heart of master to disciple.\n\n With an antenna of irrefragable insight I sensed that my guru knew God, and would lead me to Him.\n\n The obscuration of this life disappeared in a fragile dawn of prenatal memories.\n\n Dramatic time! Past, present, and future are its cycling scenes.\n\n This was not the first sun to find me at these holy feet! My hand in his, my guru led me to his temporary residence in the Rana Mahal section of the city.\n\n His athletic figure moved with firm tread.\n\n Tall, erect, about fifty-five at this time, he was active and vigorous as a young man.\n\n His dark eyes were large, beautiful with plumbless wisdom.\n\n Slightly curly hair softened a face of striking power.\n\n Strength mingled subtly with gentleness.","type":"default","passage":"I Meet my Master, Sri Yukteswar","commentary":"","meaning":""},{"id":"20","title":"10.20","content":"As we made our way to the stone balcony of a house overlooking the Ganges, he said affectionately: “I will give you my hermitages and all I possess.\n\n” “Sir, I come for wisdom and God-contact.\n\n Those are your treasure-troves I am after!” The swift Indian twilight had dropped its half-curtain before my master spoke again.\n\n His eyes held unfathomable tenderness.\n\n “I give you my unconditional love.\n\n” Precious words! A quarter-century elapsed before I had another auricular proof of his love.\n\n His lips were strange to ardor; silence became his oceanic heart.\n\n “Will you give me the same unconditional love?” He gazed at me with childlike trust.","type":"default","passage":"I Meet my Master, Sri Yukteswar","commentary":"","meaning":""},{"id":"21","title":"10.21","content":"“I will love you eternally, Gurudeva!” “Ordinary love is selfish, darkly rooted in desires and satisfactions.\n\n Divine love is without condition, without boundary, without change.\n\n The flux of the human heart is gone forever at the transfixing touch of pure love.\n\n” He added humbly, “If ever you find me falling from a state of God-realization, please promise to put my head on your lap and help to bring me back to the Cosmic Beloved we both worshi.\n\n” He rose then in the gathering darkness and guided me to an inner room.\n\n As we ate mangoes and almond sweetmeats, he unobtrusively wove into his conversation an intimate knowledge of my nature.\n\n I was awe-struck at the grandeur of his wisdom, exquisitely blended with an innate humility.","type":"default","passage":"I Meet my Master, Sri Yukteswar","commentary":"","meaning":""},{"id":"22","title":"10.22","content":"“Do not grieve for your amulet.\n\n It has served its purpose.\n\n” Like a divine mirror, my guru apparently had caught a reflection of my whole l.\n\n “The living reality of your presence, Master, is joy beyond any symbol.\n\n” “It is time for a change, inasmuch as you are unhappily situated in the hermitage.\n\n” I had made no references to my life; they now seemed superfluous! By his natural, unemphatic manner, I understood that he wished no astonished ejaculations at his clairvoyance.\n\n “You should go back to Calcutta.\n\n Why exclude relatives from your love of humanity?” His suggestion dismayed me.\n\n My family was predicting my return, though I had been unresponsive to many pleas by letter.\n\n “Let the young bird fly in the metaphysical skies, ” Ananta had remarked.\n\n “His wings will tire in the heavy atmosphere.\n\n We shall yet see him swoop toward home, fold his pinions, and humbly rest in our family nest.\n\n” This discouraging simile fresh in my mind, I was determined to do no “swooping” in the direction of Calcutta.","type":"default","passage":"I Meet my Master, Sri Yukteswar","commentary":"","meaning":""},{"id":"23","title":"10.23","content":"“Sir, I am not returning home.\n\n But I will follow you anywhere.\n\n Please give me your address, and your name.\n\n” “Swami Sri Yukteswar Giri.\n\n My chief hermitage is in Serampore, on Rai Ghat Lane.\n\n I am visiting my mother here for only a few days.\n\n” I wondered at God’s intricate play with His devotees.\n\n Serampore is but twelve miles from Calcutta, yet in those regions I had never caught a glimpse of my guru.\n\n We had had to travel for our meeting to the ancient city of Kasi  \n***(Benares)***\n, hallowed by memories of Lahiri Mahasaya.\n\n Here too the feet of Buddha, Shankaracharya and other Yogi—Christs had blessed the soil.","type":"default","passage":"I Meet my Master, Sri Yukteswar","commentary":"","meaning":""},{"id":"24","title":"10.24","content":"“You will come to me in four weeks.\n\n” For the first time, Sri Yukteswar’s voice was stern.\n\n “\n\nNow I have told my eternal affection, and have shown my happiness at finding you-that is why you disregard my request.\n\n The next time we meet, you will have to reawaken my interest: I won’t accept you as a disciple easily.\n\n There must be complete surrender by obedience to my strict training.\n\n” I remained obstinately silent.\n\n My guru easily penetrated my difficulty.\n\n “Do you think your relatives will laugh at you?” “I will not return.\n\n” “You will return in thirty days.\n\n” “Never.\n\n” Bowing reverently at his feet, I departed without lightening the controversial tension.\n\n As I made my way in the midnight darkness, I wondered why the miraculous meeting had ended on an inharmonious note.\n\n The dual scales of MAYA, that balance every joy with a grief! My young heart was not yet malleable to the transforming fingers of my guru.","type":"default","passage":"I Meet my Master, Sri Yukteswar","commentary":"","meaning":""},{"id":"25","title":"10.25","content":"The next morning I noticed increased hostility in the attitude of the hermitage members.\n\n My days became spiked with invariable rudeness.\n\n In three weeks, Dyananda left the ashram to attend a conference in Bombay; pandemonium broke over my hapless head.\n\n “Mukunda is a parasite, accepting hermitage hospitality without making proper return.\n\n” Overhearing this remark, I regretted for the first time that I had obeyed the request to send back my money to Father.\n\n With heavy heart, I sought out my sole friend, Jitendra.\n\n “I am leaving.\n\n Please convey my respectful regrets to Dyanandaji when he returns.\n\n”","type":"default","passage":"I Meet my Master, Sri Yukteswar","commentary":"","meaning":""},{"id":"26","title":"10.26","content":"“I will leave also! My attempts to meditate here meet with no more favor than your own.\n\n” Jitendra spoke with determination.\n\n “I have met a Christlike saint.\n\n Let us visit him in Serampore.\n\n” And so the “bird” prepared to “swoop” perilously close to Calcutta! {FN10-1} SANSKRITA, polished; complete.\n\n Sanskrit is the eldest sister of all Indo-European tongues.\n\n Its alphabetical script is DEVANAGARI, literally “divine abode.\n\n” “Who knows my grammar knows God!” Panini, great philologist of ancient India, paid this tribute to the mathematical and psychological perfection in Sanskrit.\n\n He who would track language to its lair must indeed end as omniscient.","type":"default","passage":"I Meet my Master, Sri Yukteswar","commentary":"","meaning":""},{"id":"27","title":"10.27","content":"{FN10-2} He was not Jatinda  \n***(Jotin Ghosh)***\n, who will be remembered for his timely aversion to tigers! {FN10-3} Path or preliminary road to God.\n\n {FN10-4} Hindu scriptures teach that family attachment is delusive if it prevents the devotee from seeking the Giver of all boons, including the one of loving relatives, not to mention life itself.\n\n Jesus similarly taught: “Who is my mother? and who are my brethren?”  \n***(MATTHEW 12:4.\n\n)***\n {FN10-5} JI is a customary respectful suffix, particularly used in direct address; thus “swamiji, ” “guruji, ” “Sri Yukteswarji, ” “paramhansaji.\n\n” {FN10-6} Pertaining to the SHASTRAS, literally, “sacred books, ” comprising four classes of scripture: the SHRUTI, SMRITI, PURANA, and TANTR.\n\n These comprehensive treatises cover every aspect of religious and social life, and the fields of law, medicine, architecture, art, . The SHRUTIS are the “directly heard” or “revealed” scriptures, the VEDA.\n\n The SMRITIS or “remembered” lore was finally written down in a remote past as the world’s longest epic poems, the MAHABHARATA and the RAMAYAN.\n\n PURANAS are literally “ancient” allegories; TANTRAS literally mean “rites” or “rituals”; these treatises convey profound truths under a veil of detailed symbolism.","type":"default","passage":"I Meet my Master, Sri Yukteswar","commentary":"","meaning":""},{"id":"28","title":"10.28","content":"{FN10-7} “Divine teacher, ” the customary Sanskrit term for one’s spiritual preceptor.\n\n I have rendered it in English as simply “Master.\n\n”","type":"default","passage":"I Meet my Master, Sri Yukteswar","commentary":"","meaning":""}]}