{"id":11,"title":"Two Penniless Boys in Brindaban","description":"Two Penniless Boys in Brindaban","sectionCount":23,"tags":null,"contentId":"AoY01","sections":[{"id":"1","title":"11.1","content":"TWO PENNILESS BOYS IN BRINDABAN “It would serve you right if Father disinherited you, Mukunda! How foolishly you are throwing away your life!” An elder-brother sermon was assaulting my ears.\n\n Jitendra and I, fresh from the train  \n***(a figure of speech merely; we were covered with dust)***\n, had just arrived at the home of Ananta, recently transferred from Calcutta to the ancient city of Agra.\n\n Brother was a supervising accountant for the Bengal-Nagpur Railway.\n\n “You well know, Ananta, I seek my inheritance from the Heavenly Father.\n\n” “Money first; God can come later! Who knows? Life may be too long.\n\n”","type":"default","passage":"Two Penniless Boys in Brindaban","commentary":"","meaning":""},{"id":"2","title":"11.2","content":"“God first; money is His slave! Who can tell? Life may be too short.\n\n” My retort was summoned by the exigencies of the moment, and held no presentiment.\n\n Yet the leaves of time unfolded to early finality for Ananta; a few years later {FN11-1} he entered the land where bank notes avail neither first nor last.\n\n “Wisdom from the hermitage, I suppose! But I see you have left Benares.\n\n” Ananta’s eyes gleamed with satisfaction; he yet hoped to secure my pinions in the family nest.\n\n “My sojourn in Benares was not in vain! I found there everything my heart had been longing for! You may be sure it was not your pundit or his son!”","type":"default","passage":"Two Penniless Boys in Brindaban","commentary":"","meaning":""},{"id":"3","title":"11.3","content":"Ananta joined me in reminiscent laughter; he had had to admit that the Benares “clairvoyant” he selected was a shortsighted one.\n\n “What are your plans, my wandering brother?” “Jitendra persuaded me to Agra.\n\n We shall view the beauties of the Taj Mahal {FN11-2} here, ” I explained.\n\n “Then we are going to my newly-found guru, who has a hermitage in Serampore.\n\n” Ananta hospitably arranged for our comfort.\n\n Several times during the evening I noticed his eyes fixed on me reflectively.\n\n “I know that look!” I thought.\n\n “A plot is brewing!” The denouement took place during our early breakfast.\n\n “So you feel quite independent of Father’s wealth.\n\n” Ananta’s gaze was innocent as he resumed the barbs of yesterday’s conversation.","type":"default","passage":"Two Penniless Boys in Brindaban","commentary":"","meaning":""},{"id":"4","title":"11.4","content":"“I am conscious of my dependence on God.\n\n” “Words are cheap! Life has shielded you thus far! What a plight if you were forced to look to the Invisible Hand for your food and shelter! You would soon be begging on the streets!” “Never! I would not put faith in passers-by rather than God! He can devise for His devotee a thousand resources besides the begging-bowl!” “More rhetoric! Suppose I suggest that your vaunted philosophy be put to a test in this tangible world?” “I would agree! Do you confine God to a speculative world?” “We shall see; today you shall have opportunity either to enlarge or to confirm my own views!” Ananta paused for a dramatic moment; then spoke slowly and seriously.","type":"default","passage":"Two Penniless Boys in Brindaban","commentary":"","meaning":""},{"id":"5","title":"11.5","content":"“I propose that I send you and your fellow disciple Jitendra this morning to the near-by city of Brindaban.\n\n You must not take a single rupee; you must not beg, either for food or money; you must not reveal your predicament to anyone; you must not go without your meals; and you must not be stranded in Brindaban.\n\n If you return to my bungalow here before twelve o’clock tonight, without having broken any rule of the test, I shall be the most astonished man in Agra!” “I accept the challenge.\n\n” No hesitation was in my words or in my heart.\n\n Grateful memories flashed of the Instant Beneficence: my healing of deadly cholera through appeal to Lahiri Mahasaya’s picture; the playful gift of the two kites on the Lahore roof with Uma; the opportune amulet amidst my discouragement; the decisive message through the unknown Benares SADHU outside the compound of the pundit’s home; the vision of Divine Mother and Her majestic words of love; Her swift heed through Master Mahasaya to my trifling embarrassments; the last-minute guidance which materialized my high school diploma; and the ultimate boon, my living Master from the mist of lifelong dreams.\n\n Never could I admit my “philosophy” unequal to any tussle on the world’s harsh proving ground!","type":"default","passage":"Two Penniless Boys in Brindaban","commentary":"","meaning":""},{"id":"6","title":"11.6","content":"“Your willingness does you credit.\n\n I’ll escort you to the train at once.\n\n” Ananta turned to the openmouthed Jitendra.\n\n “You must go along as a witness and, very likely, a fellow victim!” A half hour later Jitendra and I were in possession of one-way tickets for our impromptu tri.\n\n We submitted, in a secluded corner of the station, to a search of our persons.\n\n Ananta was quickly satisfied that we were carrying no hidden hoard; our simple DHOTIS {FN11-3} concealed nothing more than was necessary.\n\n As faith invaded the serious realms of finance, my friend spoke protestingly.\n\n “Ananta, give me one or two rupees as a safeguard.\n\n Then I can telegraph you in case of misfortune.\n\n”","type":"default","passage":"Two Penniless Boys in Brindaban","commentary":"","meaning":""},{"id":"7","title":"11.7","content":"“Jitendra!” My ejaculation was sharply reproachful.\n\n “I will not proceed with the test if you take any money as final security.\n\n” “There is something reassuring about the clink of coins.\n\n” Jitendra said no more as I regarded him sternly.\n\n “Mukunda, I am not heartless.\n\n” A hint of humility had crept into Ananta’s vo.\n\n It may be that his conscience was smiting him; perhaps for sending two insolvent boys to a strange city; perhaps for his own religious skepticism.\n\n “If by any chance or grace you pass successfully through the Brindaban ordeal, I shall ask you to initiate me as your disciple.\n\n” This promise had a certain irregularity, in keeping with the unconventional occasion.\n\n The eldest brother in an Indian family seldom bows before his juniors; he receives respect and obedience second only to a father.\n\n But no time remained for my comment; our train was at point of departure.","type":"default","passage":"Two Penniless Boys in Brindaban","commentary":"","meaning":""},{"id":"8","title":"11.8","content":"Jitendra maintained a lugubrious silence as our train covered the miles.\n\n Finally he bestirred himself; leaning over, he pinched me painfully at an awkward spot.\n\n “I see no sign that God is going to supply our next meal!” “Be quiet, doubting Thomas; the Lord is working with us.\n\n” “Can you also arrange that He hurry? Already I am famished merely at the prospect before us.\n\n I left Benares to view the Taj’s mausoleum, not to enter my own!” “Cheer up, Jitendra! Are we not to have our first glimpse of the sacred wonders of Brindaban? {FN11-4} I am in deep joy at thought of treading the ground hallowed by feet of Lord Krishna.\n\n”","type":"default","passage":"Two Penniless Boys in Brindaban","commentary":"","meaning":""},{"id":"9","title":"11.9","content":"The door of our compartment opened; two men seated themselves.\n\n The next train stop would be the last.\n\n “Young lads, do you have friends in Brindaban?” The stranger opposite me was taking a surprising interest.\n\n “None of your business!” Rudely I averted my gaze.\n\n “You are probably flying away from your families under the enchantment of the Stealer of Hearts.\n\n {FN11-5} I am of devotional temperament myself.\n\n I will make it my positive duty to see that you receive food, and shelter from this overpowering heat.\n\n” “No, sir, let us alone.\n\n You are very kind; but you are mistaken in judging us to be truants from home.\n\n”","type":"default","passage":"Two Penniless Boys in Brindaban","commentary":"","meaning":""},{"id":"10","title":"11.10","content":"No further conversation ensued; the train came to a halt.\n\n As Jitendra and I descended to the platform, our chance companions linked arms with us and summoned a horse cab.\n\n We alit before a stately hermitage, set amidst the evergreen trees of well-kept grounds.\n\n Our benefactors were evidently known here; a smiling lad led us without comment to a parlor.\n\n We were soon joined by an elderly woman of dignified bearing.\n\n “Gauri Ma, the princes could not come.\n\n” One of the men addressed the ashram hostess.\n\n “At the last moment their plans went awry; they send deep regrets.\n\n But we have brought two other guests.\n\n As soon as we met on the train, I felt drawn to them as devotees of Lord Krishna.\n\n”","type":"default","passage":"Two Penniless Boys in Brindaban","commentary":"","meaning":""},{"id":"11","title":"11.11","content":"[Illustration:  \n***(Left to Right)***\n Jitendra Mazumdar, my companion on the “penniless test” at Brindaban; Lalit-da, my cousin; Swami Kebelananda  \n***(“Shastri Mahasaya”)***\n, my saintly Sanskrit tutor; myself, as a high school youth—see friends.\n\njpg] [Illustration: Ananda Moyi Ma, the Bengali “Joy-Permeated Mother.\n\n”—see amoyima.\n\njpg] [Illustration: One of the caves occupied by Babaji in the Drongiri Mountains near Ranikhet in the Himalayas.\n\n A grandson of Lahiri Mahasaya, Ananda Mohan Lahiri  \n***(second from right, in white)***\n, and three other devotees are visiting the sacred spot.\n\n—see cave.\n\njpg] “Good-by, young friends.\n\n” Our two acquaintances walked to the door.\n\n “We shall meet again, if God be willing.\n\n”","type":"default","passage":"Two Penniless Boys in Brindaban","commentary":"","meaning":""},{"id":"12","title":"11.12","content":"“You are welcome here.\n\n” Gauri Ma smiled in motherly fashion on her two unexpected charges.\n\n “You could not have come on a better day.\n\n I was expecting two royal patrons of this hermitage.\n\n What a shame if my cooking had found none to appreciate it!” These appetizing words had disastrous effect on Jitendra: he burst into tears.\n\n The “prospect” he had feared in Brindaban was turning out as royal entertainment; his sudden mental adjustment proved too much for him.\n\n Our hostess looked at him with curiosity, but without remark; perhaps she was familiar with adolescent quirks.\n\n Lunch was announced; Gauri Ma led the way to a dining patio, spicy with savory odors.\n\n She vanished into an adjoining kitchen.","type":"default","passage":"Two Penniless Boys in Brindaban","commentary":"","meaning":""},{"id":"13","title":"11.13","content":"I had been premeditating this moment.\n\n Selecting the appropriate spot on Jitendra’s anatomy, I administered a pinch as resounding as the one he had given me on the train.\n\n “Doubting Thomas, the Lord works-in a hurry, too!” The hostess reentered with a PUNKH.\n\n She steadily fanned us in the Oriental fashion as we squatted on ornate blanket-seats.\n\n Ashram disciples passed to and fro with some thirty courses.\n\n Rather than “meal, ” the description can only be “sumptuous repast.\n\n” Since arriving on this planet, Jitendra and I had never before tasted such delicacies.\n\n “Dishes fit for princes indeed, Honored Mother! What your royal patrons could have found more urgent than attending this banquet, I cannot imagine! You have given us a memory for a lifetime!”","type":"default","passage":"Two Penniless Boys in Brindaban","commentary":"","meaning":""},{"id":"14","title":"11.14","content":"Silenced as we were by Ananta’s requirement, we could not explain to the gracious lady that our thanks held a double significance.\n\n Our sincerity at least was patent.\n\n We departed with her blessing and an attractive invitation to revisit the hermitage.\n\n The heat outdoors was merciless.\n\n My friend and I made for the shelter of a lordly cadamba tree at the ashram gate.\n\n Sharp words followed; once again Jitendra was beset with misgivings.\n\n “A fine mess you have got me into! Our luncheon was only accidental good fortune! How can we see the sights of this city, without a single pice between us? And how on earth are you going to take me back to Ananta’s?”","type":"default","passage":"Two Penniless Boys in Brindaban","commentary":"","meaning":""},{"id":"15","title":"11.15","content":"“You forget God quickly, now that your stomach is filled.\n\n” My words, not bitter, were accusatory.\n\n How short is human memory for divine favors! No man lives who has not seen certain of his prayers granted.\n\n “I am not likely to forget my folly in venturing out with a madcap like you!” “Be quiet, Jitendra! The same Lord who fed us will show us Brindaban, and return us to Agra.\n\n” A slight young man of pleasing countenance approached at rapid pace.\n\n Halting under our tree, he bowed before me.\n\n “Dear friend, you and your companion must be strangers here.\n\n Permit me to be your host and gu.\n\n” It is scarcely possible for an Indian to pale, but Jitendra’s face was suddenly sickly.\n\n I politely declined the offer.","type":"default","passage":"Two Penniless Boys in Brindaban","commentary":"","meaning":""},{"id":"16","title":"11.16","content":"“You are surely not banishing me?” The stranger’s alarm would have been comic in any other circumstances.\n\n “Why not?” “You are my guru.\n\n” His eyes sought mine trustfully.\n\n “During my midday devotions, the blessed Lord Krishna appeared in a vision.\n\n He showed me two forsaken figures under this very tree.\n\n One face was yours, my master! Often have I seen it in meditation! What joy if you accept my humble services!” “I too am glad you have found me.\n\n Neither God nor man has forsaken us!” Though I was motionless, smiling at the eager face before me, an inward obeisance cast me at the Divine Feet.\n\n “Dear friends, will you not honor my home for a visit?”","type":"default","passage":"Two Penniless Boys in Brindaban","commentary":"","meaning":""},{"id":"17","title":"11.17","content":"“You are kind; but the plan is unfeasible.\n\n Already we are guests of my brother in Agra.\n\n” “At least give me memories of touring Brindaban with you.\n\n” I gladly consented.\n\n The young man, who said his name was Pratap Chatterji, hailed a horse carriage.\n\n We visited Madanamohana Temple and other Krishna shrines.\n\n Night descended while we were at our temple devotions.\n\n “Excuse me while I get SANDES.\n\n” {FN11-6} Pratap entered a shop near the railroad station.\n\n Jitendra and I sauntered along the wide street, crowded now in the comparative coolness.\n\n Our friend was absent for some time, but finally returned with gifts of many sweetmeats.","type":"default","passage":"Two Penniless Boys in Brindaban","commentary":"","meaning":""},{"id":"18","title":"11.18","content":"“Please allow me to gain this religious merit.\n\n” Pratap smiled pleadingly as he held out a bundle of rupee notes and two tickets, just purchased, to Agra.\n\n The reverence of my acceptance was for the Invisible Hand.\n\n Scoffed at by Ananta, had Its bounty not far exceeded necessity? We sought out a secluded spot near the station.\n\n “Pratap, I will instruct you in the KRIYA of Lahiri Mahasaya, the greatest yogi of modern times.\n\n His technique will be your guru.\n\n” The initiation was concluded in a half hour.\n\n “KRIYA is your CHINTAMANI, ” {FN11-7} I told the new student.\n\n “The technique, which as you see is simple, embodies the art of quickening man’s spiritual evolution.\n\n Hindu scriptures teach that the incarnating ego requires a million years to obtain liberation from MAY.\n\n This natural period is greatly shortened through KRIYA YOG.\n\n Just as Jagadis Chandra Bose has demonstrated that plant growth can be accelerated far beyond its normal rate, so man’s psychological development can be also speeded by an inner science.\n\n Be faithful in your practice; you will approach the Guru of all gurus.\n\n”","type":"default","passage":"Two Penniless Boys in Brindaban","commentary":"","meaning":""},{"id":"19","title":"11.19","content":"“I am transported to find this yogic key, long sought!” Pratap spoke thoughtfully.\n\n “Its unshackling effect on my sensory bonds will free me for higher spheres.\n\n The vision today of Lord Krishna could only mean my highest good.\n\n” We sat awhile in silent understanding, then walked slowly to the station.\n\n Joy was within me as I boarded the train, but this was Jitendra’s day for tears.\n\n My affectionate farewell to Pratap had been punctuated by stifled sobs from both my companions.\n\n The journey once more found Jitendra in a welter of grief.\n\n Not for himself this time, but against himself.\n\n “How shallow my trust! My heart has been stone! Never in future shall I doubt God’s protection!”","type":"default","passage":"Two Penniless Boys in Brindaban","commentary":"","meaning":""},{"id":"20","title":"11.20","content":"Midnight was approaching.\n\n The two “Cinderellas, ” sent forth penniless, entered Ananta’s bedroom.\n\n His face, as he had promised, was a study in astonishment.\n\n Silently I showered the table with rupees.\n\n “Jitendra, the truth!” Ananta’s tone was jocular.\n\n “Has not this youngster been staging a holdup?” But as the tale was unfolded, my brother turned sober, then solemn.\n\n “The law of demand and supply reaches into subtler realms than I had supposed.\n\n” Ananta spoke with a spiritual enthusiasm never before noticeable.\n\n “I understand for the first time your indifference to the vaults and vulgar accumulations of the world.\n\n”","type":"default","passage":"Two Penniless Boys in Brindaban","commentary":"","meaning":""},{"id":"21","title":"11.21","content":"Late as it was, my brother insisted that he receive DIKSHA {FN11-8} into KRIYA YOG.\n\n The “guru” Mukunda had to shoulder the responsibility of two unsought disciples in one day.\n\n Breakfast the following morning was eaten in a harmony absent the day before.\n\n I smiled at Jitendra.\n\n “You shall not be cheated of the Taj.\n\n Let us view it before starting for Serampore.\n\n” Bidding farewell to Ananta, my friend and I were soon before the glory of Agra, the Taj Mah.\n\n White marble dazzling in the sun, it stands a vision of pure symmetry.\n\n The perfect setting is dark cypress, glossy lawn, and tranquil lagoon.\n\n The interior is exquisite with lacelike carvings inlaid with semiprecious stones.\n\n Delicate wreaths and scrolls emerge intricately from marbles, brown and violet.\n\n Illumination from the dome falls on the cenotaphs of Emperor Shah-Jahan and Mumtaz Mahall, queen of his realm and his heart.","type":"default","passage":"Two Penniless Boys in Brindaban","commentary":"","meaning":""},{"id":"22","title":"11.22","content":"Enough of sight-seeing! I was longing for my guru.\n\n Jitendra and I were shortly traveling south by train toward Beng.\n\n “Mukunda, I have not seen my family in months.\n\n I have changed my mind; perhaps later I shall visit your master in Serampore.\n\n” My friend, who may mildly be described as vacillating in temperament, left me in Calcutta.\n\n By local train I soon reached Serampore, twelve miles to the north.\n\n A throb of wonderment stole over me as I realized that twenty-eight days had elapsed since the Benares meeting with my guru.\n\n “You will come to me in four weeks!” Here I was, heart pounding, standing within his courtyard on quiet Rai Ghat Lane.\n\n I entered for the first time the hermitage where I was to spend the best part of the next ten years with India’s JYANAVATAR, “incarnation of wisdom.\n\n”","type":"default","passage":"Two Penniless Boys in Brindaban","commentary":"","meaning":""},{"id":"23","title":"11.23","content":"{FN11-1} See chapter 2.\n\n {FN11-2} The world-famous mausoleum.\n\n.\n\n {FN11-3} A DHOTI-cloth is knotted around the waist and covers the legs.\n\n.\n\n {FN11-4} Brindaban, in the Muttra district of United Provinces, is the Hindu Jerusalem.\n\n Here Lord Krishna displayed his glories for the benefit of mankind.\n\n.\n\n {FN11-5} Hari; an endearing name by which Lord Krishna is known to his devotees.\n\n {FN11-6} An Indian sweetmeat.\n\n.\n\n {FN11-7} A mythological gem with power to grant desires.\n\n {FN11-8} Spiritual initiation; from the Sanskrit root DIKSH, to dedicate oneself.","type":"default","passage":"Two Penniless Boys in Brindaban","commentary":"","meaning":""}]}