{"id":12,"title":"Years in my Master’s Hermitage","description":"Years in my Master’s Hermitage","sectionCount":86,"tags":null,"contentId":"AoY01","sections":[{"id":"1","title":"12.1","content":"YEARS IN MY MASTER’S HERMITAGE “You have come.\n\n” Sri Yukteswar greeted me from a tiger skin on the floor of a balconied sitting room.\n\n His voice was cold, his manner unemotion.\n\n “Yes, dear Master, I am here to follow you.\n\n” Kneeling, I touched his feet.\n\n “How can that be? You ignore my wishes.\n\n” “No longer, Guruji! Your wish shall be my law!” “That is better! \n\nNow I can assume responsibility for your l.\n\n” “I willingly transfer the burden, Master.\n\n” “My first request, then, is that you return home to your family.\n\n I want you to enter college in Calcutta.\n\n Your education should be continued.\n\n”","type":"default","passage":"Years in my Master’s Hermitage","commentary":"","meaning":""},{"id":"2","title":"12.2","content":"“Very well, sir.\n\n” I hid my consternation.\n\n Would importunate books pursue me down the years? First Father, now Sri Yukteswar! “Someday you will go to the West.\n\n Its people will lend ears more receptive to India’s ancient wisdom if the strange Hindu teacher has a university degree.\n\n” “You know best, Guruji.\n\n” My gloom departed.\n\n The reference to the West I found puzzling, remote; but my opportunity to please Master by obedience was vitally immediate.\n\n “You will be near in Calcutta; come here whenever you find t.\n\n” “Every day if possible, Master! Gratefully I accept your authority in every detail of my life-on one condition.\n\n”","type":"default","passage":"Years in my Master’s Hermitage","commentary":"","meaning":""},{"id":"3","title":"12.3","content":"“Yes?” “That you promise to reveal God to me!” An hour-long verbal tussle ensued.\n\n A master’s word cannot be falsified; it is not lightly given.\n\n The implications in the pledge open out vast metaphysical vistas.\n\n A guru must be on intimate terms indeed with the Creator before he can obligate Him to appear! I sensed Sri Yukteswar’s divine unity, and was determined, as his disciple, to press my advantage.\n\n “You are of exacting disposition!” Then Master’s consent rang out with compassionate finality: “Let your wish be my wish.\n\n” Lifelong shadow lifted from my heart; the vague search, hither and yon, was over.\n\n I had found eternal shelter in a true guru.","type":"default","passage":"Years in my Master’s Hermitage","commentary":"","meaning":""},{"id":"4","title":"12.4","content":"“Come; I will show you the hermitage.\n\n” Master rose from his tiger mat.\n\n I glanced about me; my gaze fell with astonishment on a wall picture, garlanded with a spray of jasm.\n\n “Lahiri Mahasaya!” “Yes, my divine guru.\n\n” Sri Yukteswar’s tone was reverently vibrant.\n\n “Greater he was, as man and yogi, than any other teacher whose life came within the range of my investigations.\n\n” Silently I bowed before the familiar picture.\n\n Soul-homage sped to the peerless master who, blessing my infancy, had guided my steps to this hour.\n\n Led by my guru, I strolled over the house and its grounds.\n\n Large, ancient and well-built, the hermitage was surrounded by a massive-pillared courtyard.\n\n Outer walls were moss-covered; pigeons fluttered over the flat gray roof, unceremoniously sharing the ashram quarters.\n\n A rear garden was pleasant with jackfruit, mango, and plantain trees.\n\n Balustraded balconies of upper rooms in the two-storied building faced the courtyard from three sides.\n\n A spacious ground-floor hall, with high ceiling supported by colonnades, was used, Master said, chiefly during the annual festivities of DURGAPUJ.\n\n {FN12-1} A narrow stairway led to Sri Yukteswar’s sitting room, whose small balcony overlooked the street.\n\n The ashram was plainly furnished; everything was simple, clean, and utilitarian.\n\n Several Western styled chairs, benches, and tables were in evidence.","type":"default","passage":"Years in my Master’s Hermitage","commentary":"","meaning":""},{"id":"5","title":"12.5","content":"Master invited me to stay overnight.\n\n A supper of vegetable curry was served by two young disciples who were receiving hermitage training.\n\n “Guruji, please tell me something of your l.\n\n” I was squatting on a straw mat near his tiger skin.\n\n The friendly stars were very close, it seemed, beyond the balcony.\n\n “My family name was Priya Nath Karar.\n\n I was born {FN12-2} here in Serampore, where Father was a wealthy businessman.\n\n He left me this ancestral mansion, now my hermitage.\n\n My formal schooling was little; I found it slow and shallow.\n\n In early manhood, I undertook the responsibilities of a householder, and have one daughter, now married.\n\n My middle life was blessed with the guidance of Lahiri Mahasaya.\n\n After my wife died, I joined the Swami Order and received the new name of Sri Yukteswar Giri.\n\n {FN12-3} Such are my simple annals.\n\n”","type":"default","passage":"Years in my Master’s Hermitage","commentary":"","meaning":""},{"id":"6","title":"12.6","content":"Master smiled at my eager face.\n\n Like all biographical sketches, his words had given the outward facts without revealing the inner man.\n\n “Guruji, I would like to hear some stories of your childhood.\n\n” “I will tell you a few-each one with a moral!” Sri Yukteswar’s eyes twinkled with his warning.\n\n “My mother once tried to frighten me with an appalling story of a ghost in a dark chamber.\n\n I went there immediately, and expressed my disappointment at having missed the ghost.\n\n Mother never told me another horror-tale.\n\n Moral: Look fear in the face and it will cease to trouble you.\n\n “Another early memory is my wish for an ugly dog belonging to a neighbor.\n\n I kept my household in turmoil for weeks to get that dog.\n\n My ears were deaf to offers of pets with more prepossessing appearance.\n\n Moral: Attachment is blinding; it lends an imaginary halo of attractiveness to the object of des.","type":"default","passage":"Years in my Master’s Hermitage","commentary":"","meaning":""},{"id":"7","title":"12.7","content":"“A third story concerns the plasticity of the youthful mind.\n\n I heard my mother remark occasionally: ‘A man who accepts a job under anyone is a slave.\n\n’ That impression became so indelibly fixed that even after my marriage I refused all positions.\n\n I met expenses by investing my family endowment in land.\n\n Moral: Good and positive suggestions should instruct the sensitive ears of children.\n\n Their early ideas long remain sharply etched.\n\n” Master fell into tranquil silence.\n\n Around midnight he led me to a narrow cot.\n\n Sleep was sound and sweet the first night under my guru’s roof.\n\n Sri Yukteswar chose the following morning to grant me his KRIYA YOGA initiation.\n\n The technique I had already received from two disciples of Lahiri Mahasaya-Father and my tutor, Swami Kebalananda-but in Master’s presence I felt transforming power.\n\n At his touch, a great light broke upon my being, like glory of countless suns blazing together.\n\n A flood of ineffable bliss, overwhelming my heart to an innermost core, continued during the following day.\n\n It was late that afternoon before I could bring myself to leave the hermitage.","type":"default","passage":"Years in my Master’s Hermitage","commentary":"","meaning":""},{"id":"8","title":"12.8","content":"“You will return in thirty days.\n\n” As I reached my Calcutta home, the fulfillment of Master’s prediction entered with me.\n\n None of my relatives made the pointed remarks I had feared about the reappearance of the “soaring bird.\n\n” I climbed to my little attic and bestowed affectionate glances, as though on a living presence.\n\n “You have witnessed my meditations, and the tears and storms of my SADHAN.\n\n \n\nNow I have reached the harbor of my divine teacher.\n\n” “Son, I am happy for us both.\n\n” Father and I sat together in the evening calm.\n\n “You have found your guru, as in miraculous fashion I once found my own.\n\n The holy hand of Lahiri Mahasaya is guarding our lives.\n\n Your master has proved no inaccessible Himalayan saint, but one near-by.\n\n My prayers have been answered: you have not in your search for God been permanently removed from my sight.\n\n”","type":"default","passage":"Years in my Master’s Hermitage","commentary":"","meaning":""},{"id":"9","title":"12.9","content":"Father was also pleased that my formal studies would be resumed; he made suitable arrangements.\n\n I was enrolled the following day at the Scottish Church College in Calcutta.\n\n Happy months sped by.\n\n My readers have doubtless made the perspicacious surmise that I was little seen in the college classrooms.\n\n The Serampore hermitage held a lure too irresistible.\n\n Master accepted my ubiquitous presence without comment.\n\n To my relief, he seldom referred to the halls of learning.\n\n Though it was plain to all that I was never cut out for a scholar, I managed to attain minimum passing grades from time to t.","type":"default","passage":"Years in my Master’s Hermitage","commentary":"","meaning":""},{"id":"10","title":"12.10","content":"Daily life at the ashram flowed smoothly, infrequently varied.\n\n My guru awoke before dawn.\n\n Lying down, or sometimes sitting on the bed, he entered a state of SAMADH.\n\n {FN12-4} It was simplicity itself to discover when Master had awakened: abrupt halt of stupendous snores.\n\n {FN12-5} A sigh or two; perhaps a bodily movement.\n\n Then a soundless state of breathlessness: he was in deep yogic joy.\n\n Breakfast did not follow; first came a long walk by the Ganges.\n\n Those morning strolls with my guru-how real and vivid still! In the easy resurrection of memory, I often find myself by his side: the early sun is warming the river.\n\n His voice rings out, rich with the authenticity of wisdom.","type":"default","passage":"Years in my Master’s Hermitage","commentary":"","meaning":""},{"id":"11","title":"12.11","content":"A bath; then the midday me.\n\n Its preparation, according to Master’s daily directions, had been the careful task of young disciples.\n\n My guru was a vegetarian.\n\n Before embracing monkhood, however, he had eaten eggs and fish.\n\n His advice to students was to follow any simple diet which proved suited to one’s constitution.\n\n Master ate little; often rice, colored with turmeric or juice of beets or spinach and lightly sprinkled with buffalo GHEE or melted butter.\n\n Another day he might have lentil-DHAL or CHANNA {FN12-6} curry with vegetables.\n\n For dessert, mangoes or oranges with rice pudding, or jackfruit ju.","type":"default","passage":"Years in my Master’s Hermitage","commentary":"","meaning":""},{"id":"12","title":"12.12","content":"Visitors appeared in the afternoons.\n\n A steady stream poured from the world into the hermitage tranquillity.\n\n Everyone found in Master an equal courtesy and kindness.\n\n To a man who has realized himself as a soul, not the body or the ego, the rest of humanity assumes a striking similarity of aspect.\n\n The impartiality of saints is rooted in wisdom.\n\n Masters have escaped MAYA; its alternating faces of intellect and idiocy no longer cast an influential glance.\n\n Sri Yukteswar showed no special consideration to those who happened to be powerful or accomplished; neither did he slight others for their poverty or illiteracy.\n\n He would listen respectfully to words of truth from a child, and openly ignore a conceited pundit.","type":"default","passage":"Years in my Master’s Hermitage","commentary":"","meaning":""},{"id":"13","title":"12.13","content":"[Illustration: My Master, Sri Yukteswar, Disciple of Lahiri Mahasaya—see yukteswar.\n\njpg] Eight o’clock was the supper hour, and sometimes found lingering guests.\n\n My guru would not excuse himself to eat alone; none left his ashram hungry or dissatisfied.\n\n Sri Yukteswar was never at a loss, never dismayed by unexpected visitors; scanty food would emerge a banquet under his resourceful direction.\n\n Yet he was economical; his modest funds went far.\n\n “Be comfortable within your purse, ” he often said.\n\n “Extravagance will buy you discomfort.\n\n” Whether in the details of hermitage entertainment, or his building and repair work, or other practical concerns, Master manifested the originality of a creative spirit.","type":"default","passage":"Years in my Master’s Hermitage","commentary":"","meaning":""},{"id":"14","title":"12.14","content":"Quiet evening hours often brought one of my guru’s discourses, treasures against t.\n\n His every utterance was measured and chiseled by wisdom.\n\n A sublime self-assurance marked his mode of expression: it was unique.\n\n He spoke as none other in my experience ever spoke.\n\n His thoughts were weighed in a delicate balance of discrimination before he permitted them an outward garb.\n\n The essence of truth, all-pervasive with even a physiological aspect, came from him like a fragrant exudation of the soul.\n\n I was conscious always that I was in the presence of a living manifestation of God.\n\n The weight of his divinity automatically bowed my head before him.","type":"default","passage":"Years in my Master’s Hermitage","commentary":"","meaning":""},{"id":"15","title":"12.15","content":"If late guests detected that Sri Yukteswar was becoming engrossed with the Infinite, he quickly engaged them in conversation.\n\n He was incapable of striking a pose, or of flaunting his inner withdraw.\n\n Always one with the Lord, he needed no separate time for communion.\n\n A self-realized master has already left behind the stepping stone of meditation.\n\n “The flower falls when the fruit appears.\n\n” But saints often cling to spiritual forms for the encouragement of disciples.\n\n As midnight approached, my guru might fall into a doze with the naturalness of a child.\n\n There was no fuss about bedding.\n\n He often lay down, without even a pillow, on a narrow davenport which was the background for his customary tiger-skin seat.","type":"default","passage":"Years in my Master’s Hermitage","commentary":"","meaning":""},{"id":"16","title":"12.16","content":"A night-long philosophical discussion was not rare; any disciple could summon it by intensity of interest.\n\n I felt no tiredness then, no desire for sleep; Master’s living words were sufficient.\n\n “Oh, it is dawn! Let us walk by the Ganges.\n\n” So ended many of my periods of nocturnal edification.\n\n My early months with Sri Yukteswar culminated in a useful lesson-“How to Outwit a Mosquito.\n\n” At home my family always used protective curtains at night.\n\n I was dismayed to discover that in the Serampore hermitage this prudent custom was honored in the breach.\n\n Yet the insects were in full residency; I was bitten from head to foot.\n\n My guru took pity on me.","type":"default","passage":"Years in my Master’s Hermitage","commentary":"","meaning":""},{"id":"17","title":"12.17","content":"“Buy yourself a curtain, and also one for me.\n\n” He laughed and added, “If you buy only one, for yourself, all mosquitoes will concentrate on me!” I was more than thankful to comply.\n\n Every night that I spent in Serampore, my guru would ask me to arrange the bedtime curtains.\n\n The mosquitoes one evening were especially virulent.\n\n But Master failed to issue his usual instructions.\n\n I listened nervously to the anticipatory hum of the insects.\n\n Getting into bed, I threw a propitiatory prayer in their general direction.\n\n A half hour later, I coughed pretentiously to attract my guru’s attention.\n\n I thought I would go mad with the bites and especially the singing drone as the mosquitoes celebrated bloodthirsty rites.","type":"default","passage":"Years in my Master’s Hermitage","commentary":"","meaning":""},{"id":"18","title":"12.18","content":"No responsive stir from Master; I approached him cautiously.\n\n He was not breathing.\n\n This was my first observation of him in the yogic trance; it filled me with fright.\n\n “His heart must have failed!” I placed a mirror under his nose; no breath-vapor appeared.\n\n To make doubly certain, for minutes I closed his mouth and nostrils with my fingers.\n\n His body was cold and motionless.\n\n In a daze, I turned toward the door to summon hel.\n\n “So! A budding experimentalist! My poor nose!” Master’s voice was shaky with laughter.\n\n “Why don’t you go to bed? Is the whole world going to change for you? Change yourself: be rid of the mosquito consciousness.\n\n”","type":"default","passage":"Years in my Master’s Hermitage","commentary":"","meaning":""},{"id":"19","title":"12.19","content":"Meekly I returned to my bed.\n\n Not one insect ventured near.\n\n I realized that my guru had previously agreed to the curtains only to please me; he had no fear of mosquitoes.\n\n His yogic power was such that he either could will them not to bite, or could escape to an inner invulnerability.\n\n “He was giving me a demonstration, ” I thought.\n\n “That is the yogic state I must strive to attain.\n\n” A yogi must be able to pass into, and continue in, the superconsciousness, regardless of multitudinous distractions never absent from this earth.\n\n Whether in the buzz of insects or the pervasive glare of daylight, the testimony of the senses must be barred.\n\n Sound and sight come then indeed, but to worlds fairer than the banished Eden.\n\n {FN12-7}","type":"default","passage":"Years in my Master’s Hermitage","commentary":"","meaning":""},{"id":"20","title":"12.20","content":"The instructive mosquitoes served for another early lesson at the ashram.\n\n It was the gentle hour of dusk.\n\n My guru was matchlessly interpreting the ancient texts.\n\n At his feet, I was in perfect peace.\n\n A rude mosquito entered the idyl and competed for my attention.\n\n As it dug a poisonous hypodermic needle into my thigh, I automatically raised an avenging hand.\n\n Reprieve from impending execution! An opportune memory came to me of one of Patanjali’s yoga aphorisms-that on AHIMSA  \n***(harmlessness)***\n.\n\n “Why didn’t you finish the job?” “Master! Do you advocate taking life?” “No; but the deathblow already had been struck in your mind.\n\n”","type":"default","passage":"Years in my Master’s Hermitage","commentary":"","meaning":""},{"id":"21","title":"12.21","content":"“I don’t understand.\n\n” “Patanjali’s meaning was the removal of DESIRE to kill.\n\n” Sri Yukteswar had found my mental processes an open book.\n\n “This world is inconveniently arranged for a literal practice of AHIMS.\n\n Man may be compelled to exterminate harmful creatures.\n\n He is not under similar compulsion to feel anger or animosity.\n\n All forms of life have equal right to the air of MAY.\n\n The saint who uncovers the secret of creation will be in harmony with its countless bewildering expressions.\n\n All men may approach that understanding who curb the inner passion for destruction.\n\n” “Guruji, should one offer himself a sacrifice rather than kill a wild beast?”","type":"default","passage":"Years in my Master’s Hermitage","commentary":"","meaning":""},{"id":"22","title":"12.22","content":"“No; man’s body is precious.\n\n It has the highest evolutionary value because of unique brain and spinal centers.\n\n These enable the advanced devotee to fully grasp and express the loftiest aspects of divinity.\n\n No lower form is so equipped.\n\n It is true that one incurs the debt of a minor sin if he is forced to kill an animal or any living thing.\n\n But the VEDAS teach that wanton loss of a human body is a serious transgression against the karmic law.\n\n” I sighed in relief; scriptural reinforcement of one’s natural instincts is not always forthcoming.\n\n It so happened that I never saw Master at close quarters with a leopard or a tiger.\n\n But a deadly cobra once confronted him, only to be conquered by my guru’s love.\n\n This variety of snake is much feared in India, where it causes more than five thousand deaths annually.\n\n The dangerous encounter took place at Puri, where Sri Yukteswar had a second hermitage, charmingly situated near the Bay of Beng.\n\n Prafulla, a young disciple of later years, was with Master on this occasion.","type":"default","passage":"Years in my Master’s Hermitage","commentary":"","meaning":""},{"id":"23","title":"12.23","content":"“We were seated outdoors near the ashram, ” Prafulla told me.\n\n “A cobra appeared near-by, a four-foot length of sheer terror.\n\n Its hood was angrily expanded as it raced toward us.\n\n My guru gave a welcoming chuckle, as though to a child.\n\n I was beside myself with consternation to see Master engage in a rhythmical clapping of hands.\n\n {FN12-8} He was entertaining the dread visitor! I remained absolutely quiet, inwardly ejaculating what fervent prayers I could muster.\n\n The serpent, very close to my guru, was now motionless, seemingly magnetized by his caressing attitude.\n\n The frightful hood gradually contracted; the snake slithered between Master’s feet and disappeared into the bushes.","type":"default","passage":"Years in my Master’s Hermitage","commentary":"","meaning":""},{"id":"24","title":"12.24","content":"“Why my guru would move his hands, and why the cobra would not strike them, were inexplicable to me then, ” Prafulla concluded.\n\n “I have since come to realize that my divine master is beyond fear of hurt from any living creature.\n\n” One afternoon during my early months at the ashram, found Sri Yukteswar’s eyes fixed on me piercingly.\n\n “You are too thin, Mukunda.\n\n” His remark struck a sensitive point.\n\n That my sunken eyes and emaciated appearance were far from my liking was testified to by rows of tonics in my room at Calcutta.\n\n Nothing availed; chronic dyspepsia had pursued me since childhood.\n\n My despair reached an occasional zenith when I asked myself if it were worth-while to carry on this life with a body so unsound.","type":"default","passage":"Years in my Master’s Hermitage","commentary":"","meaning":""},{"id":"25","title":"12.25","content":"“Medicines have limitations; the creative life-force has none.\n\n Believe that: you shall be well and strong.\n\n” Sri Yukteswar’s words aroused a conviction of personally-applicable truth which no other healer-and I had tried many!-had been able to summon within me.\n\n Day by day, behold! I waxed.\n\n Two weeks after Master’s hidden blessing, I had accumulated the invigorating weight which eluded me in the past.\n\n My persistent stomach ailments vanished with a lifelong permanency.\n\n On later occasions I witnessed my guru’s instantaneous divine healings of persons suffering from ominous disease-tuberculosis, diabetes, epilepsy, or paralysis.\n\n Not one could have been more grateful for his cure than I was at sudden freedom from my cadaverous aspect.","type":"default","passage":"Years in my Master’s Hermitage","commentary":"","meaning":""},{"id":"26","title":"12.26","content":"“Years ago, I too was anxious to put on weight, ” Sri Yukteswar told me.\n\n “During convalescence after a severe illness, I visited Lahiri Mahasaya in Benares.\n\n “‘Sir, I have been very sick and lost many pounds.\n\n’ “‘I see, Yukteswar, {FN12-9} you made yourself unwell, and now you think you are thin.\n\n’ “This reply was far from the one I had expected; my guru, however, added encouragingly: “‘Let me see; I am sure you ought to feel better tomorrow.\n\n’ “Taking his words as a gesture of secret healing toward my receptive mind, I was not surprised the next morning at a welcome accession of strength.\n\n I sought out my master and exclaimed exultingly, ‘Sir, I feel much better today.\n\n’","type":"default","passage":"Years in my Master’s Hermitage","commentary":"","meaning":""},{"id":"27","title":"12.27","content":"“‘Indeed! Today you invigorate yourself.\n\n’ “‘No, master!’ I protested.\n\n ‘It was you who helped me; this is the first time in weeks that I have had any energy.\n\n’ “‘O yes! Your malady has been quite serious.\n\n Your body is frail yet; who can say how it will be tomorrow?’ “The thought of possible return of my weakness brought me a shudder of cold fear.\n\n The following morning I could hardly drag myself to Lahiri Mahasaya’s home.\n\n “‘Sir, I am ailing again.\n\n’ “My guru’s glance was quizzic.\n\n ‘So! Once more you indispose yourself.\n\n’ “‘Gurudeva, I realize now that day by day you have been ridiculing me.\n\n’ My patience was exhausted.\n\n ‘I don’t understand why you disbelieve my truthful reports.\n\n’","type":"default","passage":"Years in my Master’s Hermitage","commentary":"","meaning":""},{"id":"28","title":"12.28","content":"“‘Really, it has been your thoughts that have made you feel alternately weak and strong.\n\n’ My master looked at me affectionately.\n\n ‘You have seen how your health has exactly followed your expectations.\n\n Thought is a force, even as electricity or gravitation.\n\n The human mind is a spark of the almighty consciousness of God.\n\n I could show you that whatever your powerful mind believes very intensely would instantly come to pass.\n\n’ “Knowing that Lahiri Mahasaya never spoke idly, I addressed him with great awe and gratitude: ‘Master, if I think I am well and have regained my former weight, shall that happen?’","type":"default","passage":"Years in my Master’s Hermitage","commentary":"","meaning":""},{"id":"29","title":"12.29","content":"“‘It is so, even at this moment.\n\n’ My guru spoke gravely, his gaze concentrated on my eyes.\n\n “Lo! I felt an increase not alone of strength but of weight.\n\n Lahiri Mahasaya retreated into silence.\n\n After a few hours at his feet, I returned to my mother’s home, where I stayed during my visits to Benares.\n\n “‘My son! What is the matter? Are you swelling with dropsy?’ Mother could hardly believe her eyes.\n\n My body was now of the same robust dimensions it had possessed before my illness.\n\n “I weighed myself and found that in one day I had gained fifty pounds; they remained with me permanently.\n\n Friends and acquaintances who had seen my thin figure were aghast with wonderment.\n\n A number of them changed their mode of life and became disciples of Lahiri Mahasaya as a result of this miracle.","type":"default","passage":"Years in my Master’s Hermitage","commentary":"","meaning":""},{"id":"30","title":"12.30","content":"“My guru, awake in God, knew this world to be nothing but an objectivized dream of the Creator.\n\n Because he was completely aware of his unity with the Divine Dreamer, Lahiri Mahasaya could materialize or dematerialize or make any change he wished in the cosmic vision.\n\n {FN12-10} “All creation is governed by law, ” Sri Yukteswar concluded.\n\n “The ones which manifest in the outer universe, discoverable by scientists, are called natural laws.\n\n But there are subtler laws ruling the realms of consciousness which can be known only through the inner science of yoga.\n\n The hidden spiritual planes also have their natural and lawful principles of operation.\n\n It is not the physical scientist but the fully self-realized master who comprehends the true nature of matter.\n\n \n\nThus Christ was able to restore the servant’s ear after it had been severed by one of the disciples.\n\n” {FN12-11}","type":"default","passage":"Years in my Master’s Hermitage","commentary":"","meaning":""},{"id":"31","title":"12.31","content":"Sri Yukteswar was a peerless interpreter of the scriptures.\n\n Many of my happiest memories are centered in his discourses.\n\n But his jeweled thoughts were not cast into ashes of heedlessness or stupidity.\n\n One restless movement of my body, or my slight lapse into absent-mindedness, sufficed to put an abrupt period to Master’s exposition.\n\n “You are not here.\n\n” Master interrupted himself one afternoon with this disclosure.\n\n As usual, he was keeping track of my attention with a devastating immediacy.\n\n “Guruji!” My tone was a protest.\n\n “I have not stirred; my eyelids have not moved; I can repeat each word you have uttered!”","type":"default","passage":"Years in my Master’s Hermitage","commentary":"","meaning":""},{"id":"32","title":"12.32","content":"“Nevertheless you were not fully with me.\n\n Your objection forces me to remark that in your mental background you were creating three institutions.\n\n One was a sylvan retreat on a plain, another on a hilltop, a third by the ocean.\n\n” Those vaguely formulated thoughts had indeed been present almost subconsciously.\n\n I glanced at him apologetically.\n\n “What can I do with such a master, who penetrates my random musings?” [Illustration: Main building at the Mount Washington Estates in Los Angeles, established in 1925 as American headquarters for the Self-Realization Fellowshi.\n\n—see mtwash.\n\njpg] [Illustration: Self-Realization Church of All Religions, Hollywood, California.\n\n—see hollywood.\n\njpg]","type":"default","passage":"Years in my Master’s Hermitage","commentary":"","meaning":""},{"id":"33","title":"12.33","content":"“You have given me that right.\n\n The subtle truths I am expounding cannot be grasped without your complete concentration.\n\n Unless necessary I do not invade the seclusion of others’ minds.\n\n Man has the natural privilege of roaming secretly among his thoughts.\n\n The unbidden Lord does not enter there; neither do I venture intrusion.\n\n” “You are ever welcome, Master!” “Your architectural dreams will materialize later.\n\n \n\nNow is the time for study!” \n\nThus incidentally my guru revealed in his simple way the coming of three great events in my l.\n\n Since early youth I had had enigmatic glimpses of three buildings, each in a different setting.\n\n In the exact sequence Sri Yukteswar had indicated, these visions took ultimate form.\n\n First came my founding of a boys’ yoga school on a Ranchi plain, then my American headquarters on a Los Angeles hilltop, finally a hermitage in southern California by the vast Pacific.","type":"default","passage":"Years in my Master’s Hermitage","commentary":"","meaning":""},{"id":"34","title":"12.34","content":"Master never arrogantly asserted: “I prophesy that such and such an event shall occur!” He would rather hint: “Don’t you think it may happen?” But his simple speech hid vatic power.\n\n There was no recanting; never did his slightly veiled words prove false.\n\n Sri Yukteswar was reserved and matter-of-fact in demeanor.\n\n There was naught of the vague or daft visionary about him.\n\n His feet were firm on the earth, his head in the haven of heaven.\n\n Practical people aroused his admiration.\n\n “Saintliness is not dumbness! Divine perceptions are not incapacitating!” he would say.\n\n “The active expression of virtue gives rise to the keenest intelligence.\n\n”","type":"default","passage":"Years in my Master’s Hermitage","commentary":"","meaning":""},{"id":"35","title":"12.35","content":"In Master’s life I fully discovered the cleavage between spiritual realism and the obscure mysticism that spuriously passes as a counterpart.\n\n My guru was reluctant to discuss the superphysical realms.\n\n His only “marvelous” aura was one of perfect simplicity.\n\n In conversation he avoided startling references; in action he was freely express.\n\n Others talked of miracles but could manifest nothing; Sri Yukteswar seldom mentioned the subtle laws but secretly operated them at will.\n\n “A man of realization does not perform any miracle until he receives an inward sanction, ” Master explained.\n\n “God does not wish the secrets of His creation revealed promiscuously.\n\n {FN12-12} Also, every individual in the world has inalienable right to his free will.\n\n A saint will not encroach upon that independence.\n\n”","type":"default","passage":"Years in my Master’s Hermitage","commentary":"","meaning":""},{"id":"36","title":"12.36","content":"The silence habitual to Sri Yukteswar was caused by his deep perceptions of the Infin.\n\n No time remained for the interminable “revelations” that occupy the days of teachers without self-realization.\n\n “In shallow men the fish of little thoughts cause much commotion.\n\n In oceanic minds the whales of inspiration make hardly a ruffle.\n\n” This observation from the Hindu scriptures is not without discerning humor.\n\n Because of my guru’s unspectacular guise, only a few of his contemporaries recognized him as a superman.\n\n The popular adage: “He is a fool that cannot conceal his wisdom, ” could never be applied to Sri Yukteswar.\n\n Though born a mortal like all others, Master had achieved identity with the Ruler of time and space.\n\n In his life I perceived a godlike unity.\n\n He had not found any insuperable obstacle to mergence of human with Div.\n\n No such barrier exists, I came to understand, save in man’s spiritual unadventurousness.","type":"default","passage":"Years in my Master’s Hermitage","commentary":"","meaning":""},{"id":"37","title":"12.37","content":"I always thrilled at the touch of Sri Yukteswar’s holy feet.\n\n Yogis teach that a disciple is spiritually magnetized by reverent contact with a master; a subtle current is generated.\n\n The devotee’s undesirable habit-mechanisms in the brain are often cauterized; the groove of his worldly tendencies beneficially disturbed.\n\n Momentarily at least he may find the secret veils of MAYA lifting, and glimpse the reality of bliss.\n\n My whole body responded with a liberating glow whenever I knelt in the Indian fashion before my guru.\n\n “Even when Lahiri Mahasaya was silent, ” Master told me, “or when he conversed on other than strictly religious topics, I discovered that nonetheless he had transmitted to me ineffable knowledge.\n\n”","type":"default","passage":"Years in my Master’s Hermitage","commentary":"","meaning":""},{"id":"38","title":"12.38","content":"Sri Yukteswar affected me similarly.\n\n If I entered the hermitage in a worried or indifferent frame of mind, my attitude imperceptibly changed.\n\n A healing calm descended at mere sight of my guru.\n\n Every day with him was a new experience in joy, peace, and wisdom.\n\n Never did I find him deluded or intoxicated with greed or emotion or anger or any human attachment.\n\n “The darkness of MAYA is silently approaching.\n\n Let us hie homeward within.\n\n” With these words at dusk Master constantly reminded his disciples of their need for KRIYA YOG.\n\n A new student occasionally expressed doubts regarding his own worthiness to engage in yoga pract.","type":"default","passage":"Years in my Master’s Hermitage","commentary":"","meaning":""},{"id":"39","title":"12.39","content":"“Forget the past, ” Sri Yukteswar would console him.\n\n “The vanished lives of all men are dark with many shames.\n\n Human conduct is ever unreliable until anchored in the Div.\n\n Everything in future will improve if you are making a spiritual effort now.\n\n” Master always had young CHELAS {FN12-13} in his hermitage.\n\n Their spiritual and intellectual education was his lifelong interest: even shortly before he passed on, he accepted for training two six-year-old boys and one youth of sixteen.\n\n He directed their minds and lives with that careful discipline in which the word “disciple” is etymologically rooted.\n\n The ashram residents loved and revered their guru; a slight clap of his hands sufficed to bring them eagerly to his s.\n\n When his mood was silent and withdrawn, no one ventured to speak; when his laugh rang jovially, children looked upon him as their own.","type":"default","passage":"Years in my Master’s Hermitage","commentary":"","meaning":""},{"id":"40","title":"12.40","content":"Master seldom asked others to render him a personal service, nor would he accept help from a student unless the willingness were sincere.\n\n My guru quietly washed his clothes if the disciples overlooked that privileged task.\n\n Sri Yukteswar wore the traditional ocher-colored swami robe; his laceless shoes, in accordance with yogi custom, were of tiger or deer skin.\n\n Master spoke fluent English, French, Hindi, and Bengali; his Sanskrit was fair.\n\n He patiently instructed his young disciples by certain short cuts which he had ingeniously devised for the study of English and Sanskrit.\n\n Master was cautious of his body, while withholding solicitous attachment.\n\n The Infinite, he pointed out, properly manifests through physical and mental soundness.\n\n He discountenanced any extremes.\n\n A disciple once started a long fast.\n\n My guru only laughed: “Why not throw the dog a bone?”","type":"default","passage":"Years in my Master’s Hermitage","commentary":"","meaning":""},{"id":"41","title":"12.41","content":"Sri Yukteswar’s health was excellent; I never saw him unwell.\n\n {FN12-14} He permitted students to consult doctors if it seemed advisable.\n\n His purpose was to give respect to the worldly custom: “Physicians must carry on their work of healing through God’s laws as applied to matter.\n\n” But he extolled the superiority of mental therapy, and often repeated: “Wisdom is the greatest cleanser.\n\n” “The body is a treacherous friend.\n\n Give it its due; no more, ” he said.\n\n “Pain and pleasure are transitory; endure all dualities with calmness, while trying at the same time to remove their hold.\n\n Imagination is the door through which disease as well as healing enters.\n\n Disbelieve in the reality of sickness even when you are ill; an unrecognized visitor will flee!”","type":"default","passage":"Years in my Master’s Hermitage","commentary":"","meaning":""},{"id":"42","title":"12.42","content":"Master numbered many doctors among his disciples.\n\n “Those who have ferreted out the physical laws can easily investigate the science of the soul, ” he told them.\n\n “A subtle spiritual mechanism is hidden just behind the bodily structure.\n\n” {FN12-15} Sri Yukteswar counseled his students to be living liaisons of Western and Eastern virtues.\n\n Himself an executive Occidental in outer habits, inwardly he was the spiritual Orient.\n\n He praised the progressive, resourceful and hygienic habits of the West, and the religious ideals which give a centuried halo to the East.\n\n Discipline had not been unknown to me: at home Father was strict, Ananta often severe.\n\n But Sri Yukteswar’s training cannot be described as other than drastic.\n\n A perfectionist, my guru was hypercritical of his disciples, whether in matters of moment or in the subtle nuances of behavior.","type":"default","passage":"Years in my Master’s Hermitage","commentary":"","meaning":""},{"id":"43","title":"12.43","content":"“Good manners without sincerity are like a beautiful dead lady, ” he remarked on suitable occasion.\n\n “Straightforwardness without civility is like a surgeon’s knife, effective but unpleasant.\n\n Candor with courtesy is helpful and admirable.\n\n” Master was apparently satisfied with my spiritual progress, for he seldom referred to it; in other matters my ears were no strangers to reproof.\n\n My chief offenses were absentmindedness, intermittent indulgence in sad moods, non-observance of certain rules of etiquette, and occasional unmethodical ways.\n\n “Observe how the activities of your father Bhagabati are well-organized and balanced in every way, ” my guru pointed out.\n\n The two disciples of Lahiri Mahasaya had met, soon after I began my pilgrimages to Serampore.\n\n Father and Sri Yukteswar admiringly evaluated the other’s worth.\n\n Both had built an inner life of spiritual granite, insoluble against the ages.","type":"default","passage":"Years in my Master’s Hermitage","commentary":"","meaning":""},{"id":"44","title":"12.44","content":"From transient teachers of my earlier life I had imbibed a few erroneous lessons.\n\n A CHELA, I was told, need not concern himself strenuously over worldly duties; when I had neglected or carelessly performed my tasks, I was not chastised.\n\n Human nature finds such instruction very easy of assimilation.\n\n Under Master’s unsparing rod, however, I soon recovered from the agreeable delusions of irresponsibility.\n\n “Those who are too good for this world are adorning some other, ” Sri Yukteswar remarked.\n\n “So long as you breathe the free air of earth, you are under obligation to render grateful serv.\n\n He alone who has fully mastered the breathless state {FN12-16} is freed from cosmic imperatives.\n\n I will not fail to let you know when you have attained the final perfection.\n\n”","type":"default","passage":"Years in my Master’s Hermitage","commentary":"","meaning":""},{"id":"45","title":"12.45","content":"My guru could never be bribed, even by love.\n\n He showed no leniency to anyone who, like myself, willingly offered to be his disciple.\n\n Whether Master and I were surrounded by his students or by strangers, or were alone together, he always spoke plainly and upbraided sharply.\n\n No trifling lapse into shallowness or inconsistency escaped his rebuke.\n\n This flattening treatment was hard to endure, but my resolve was to allow Sri Yukteswar to iron out each of my psychological kinks.\n\n As he labored at this titanic transformation, I shook many times under the weight of his disciplinary hammer.\n\n “If you don’t like my words, you are at liberty to leave at any time, ” Master assured me.\n\n “I want nothing from you but your own improvement.\n\n Stay only if you feel benefited.\n\n”","type":"default","passage":"Years in my Master’s Hermitage","commentary":"","meaning":""},{"id":"46","title":"12.46","content":"For every humbling blow he dealt my vanity, for every tooth in my metaphorical jaw he knocked loose with stunning aim, I am grateful beyond any facility of expression.\n\n The hard core of human egotism is hardly to be dislodged except rudely.\n\n With its departure, the Divine finds at last an unobstructed channel.\n\n In vain It seeks to percolate through flinty hearts of selfishness.\n\n Sri Yukteswar’s wisdom was so penetrating that, heedless of remarks, he often replied to one’s unspoken observation.\n\n “What a person imagines he hears, and what the speaker has really implied, may be poles apart, ” he said.\n\n “Try to feel the thoughts behind the confusion of men’s verbiage.\n\n”","type":"default","passage":"Years in my Master’s Hermitage","commentary":"","meaning":""},{"id":"47","title":"12.47","content":"But divine insight is painful to worldly ears; Master was not popular with superficial students.\n\n The wise, always few in number, deeply revered him.\n\n I daresay Sri Yukteswar would have been the most soughtafter guru in India had his words not been so candid and so censorious.\n\n “I am hard on those who come for my training, ” he admitted to me.\n\n “That is my way; take it or leave it.\n\n I will never comprom.\n\n But you will be much kinder to your disciples; that is your way.\n\n I try to purify only in the fires of severity, searing beyond the average toleration.\n\n The gentle approach of love is also transfiguring.\n\n The inflexible and the yielding methods are equally effective if applied with wisdom.\n\n You will go to foreign lands, where blunt assaults on the ego are not appreciated.\n\n A teacher could not spread India’s message in the West without an ample fund of accommodative patience and forbearance.\n\n” I refuse to state the amount of truth I later came to find in Master’s words!","type":"default","passage":"Years in my Master’s Hermitage","commentary":"","meaning":""},{"id":"48","title":"12.48","content":"Though Sri Yukteswar’s undissembling speech prevented a large following during his years on earth, nevertheless his living spirit manifests today over the world, through sincere students of his KRIYA YOGA and other teachings.\n\n He has further dominion in men’s souls than ever Alexander dreamed of in the soil.\n\n Father arrived one day to pay his respects to Sri Yukteswar.\n\n My parent expected, very likely, to hear some words in my pra.\n\n He was shocked to be given a long account of my imperfections.\n\n It was Master’s practice to recount simple, negligible shortcomings with an air of portentous gravity.\n\n Father rushed to see me.\n\n “From your guru’s remarks I thought to find you a complete wreck!” My parent was between tears and laughter.","type":"default","passage":"Years in my Master’s Hermitage","commentary":"","meaning":""},{"id":"49","title":"12.49","content":"The only cause of Sri Yukteswar’s displeasure at the time was that I had been trying, against his gentle hint, to convert a certain man to the spiritual path.\n\n With indignant speed I sought out my guru.\n\n He received me with downcast eyes, as though conscious of guilt.\n\n It was the only time I ever saw the divine lion meek before me.\n\n The unique moment was savored to the full.\n\n “Sir, why did you judge me so mercilessly before my astounded father? Was that just?” “I will not do it again.\n\n” Master’s tone was apologetic.\n\n Instantly I was disarmed.\n\n How readily the great man admitted his fault! Though he never again upset Father’s peace of mind, Master relentlessly continued to dissect me whenever and wherever he chose.","type":"default","passage":"Years in my Master’s Hermitage","commentary":"","meaning":""},{"id":"50","title":"12.50","content":"New disciples often joined Sri Yukteswar in exhaustive criticism of others.\n\n Wise like the guru! Models of flawless discrimination! But he who takes the offensive must not be defenseless.\n\n The same carping students fled precipitantly as soon as Master publicly unloosed in their direction a few shafts from his analytical quiver.\n\n “Tender inner weaknesses, revolting at mild touches of censure, are like diseased parts of the body, recoiling before even delicate handling.\n\n” This was Sri Yukteswar’s amused comment on the flighty ones.\n\n There are disciples who seek a guru made in their own image.\n\n Such students often complained that they did not understand Sri Yukteswar.","type":"default","passage":"Years in my Master’s Hermitage","commentary":"","meaning":""},{"id":"51","title":"12.51","content":"“Neither do you comprehend God!” I retorted on one occasion.\n\n “When a saint is clear to you, you will be one.\n\n” Among the trillion mysteries, breathing every second the inexplicable air, who may venture to ask that the fathomless nature of a master be instantly grasped? Students came, and generally went.\n\n Those who craved a path of oily sympathy and comfortable recognitions did not find it at the hermitage.\n\n Master offered shelter and shepherding for the aeons, but many disciples miserly demanded ego-balm as well.\n\n They departed, preferring life’s countless humiliations before any humility.\n\n Master’s blazing rays, the open penetrating sunshine of his wisdom, were too powerful for their spiritual sickness.\n\n They sought some lesser teacher who, shading them with flattery, permitted the fitful sleep of ignorance.","type":"default","passage":"Years in my Master’s Hermitage","commentary":"","meaning":""},{"id":"52","title":"12.52","content":"During my early months with Master, I had experienced a sensitive fear of his reprimands.\n\n These were reserved, I soon saw, for disciples who had asked for his verbal vivisection.\n\n If any writhing student made a protest, Sri Yukteswar would become unoffendedly silent.\n\n His words were never wrathful, but impersonal with wisdom.\n\n Master’s insight was not for the unprepared ears of casual visitors; he seldom remarked on their defects, even if conspicuous.\n\n But toward students who sought his counsel, Sri Yukteswar felt a serious responsibility.\n\n Brave indeed is the guru who undertakes to transform the crude ore of ego-permeated humanity! A saint’s courage roots in his compassion for the stumbling eyeless of this world.","type":"default","passage":"Years in my Master’s Hermitage","commentary":"","meaning":""},{"id":"53","title":"12.53","content":"When I had abandoned underlying resentment, I found a marked decrease in my chastisement.\n\n In a very subtle way, Master melted into comparative clemency.\n\n In time I demolished every wall of rationalization and subconscious reservation behind which the human personality generally shields itself.\n\n {FN12-17} The reward was an effortless harmony with my guru.\n\n I discovered him then to be trusting, considerate, and silently loving.\n\n Undemonstrative, however, he bestowed no word of affection.\n\n My own temperament is principally devotion.\n\n It was disconcerting at first to find that my guru, saturated with JNANA but seemingly dry of BHAKTI, {FN12-18} expressed himself only in terms of cold spiritual mathematics.\n\n But as I tuned myself to his nature, I discovered no diminution but rather increase in my devotional approach to God.\n\n A self-realized master is fully able to guide his various disciples along natural lines of their essential bias.","type":"default","passage":"Years in my Master’s Hermitage","commentary":"","meaning":""},{"id":"54","title":"12.54","content":"My relationship with Sri Yukteswar, somewhat inarticulate, nonetheless possessed all eloquence.\n\n Often I found his silent signature on my thoughts, rendering speech inut.\n\n Quietly sitting beside him, I felt his bounty pouring peacefully over my being.\n\n Sri Yukteswar’s impartial justice was notably demonstrated during the summer vacation of my first college year.\n\n I welcomed the opportunity to spend uninterrupted months at Serampore with my guru.\n\n “You may be in charge of the hermitage.\n\n” Master was pleased over my enthusiastic arriv.\n\n “Your duties will be the reception of guests, and supervision of the work of the other disciples.\n\n”","type":"default","passage":"Years in my Master’s Hermitage","commentary":"","meaning":""},{"id":"55","title":"12.55","content":"Kumar, a young villager from east Bengal, was accepted a fortnight later for hermitage training.\n\n Remarkably intelligent, he quickly won Sri Yukteswar’s affection.\n\n For some unfathomable reason, Master was very lenient to the new resident.\n\n “Mukunda, let Kumar assume your duties.\n\n Employ your own time in sweeping and cooking.\n\n” Master issued these instructions after the new boy had been with us for a month.\n\n Exalted to leadership, Kumar exercised a petty household tyranny.\n\n In silent mutiny, the other disciples continued to seek me out for daily counsel.\n\n “Mukunda is impossible! You made me supervisor, yet the others go to him and obey him.\n\n” Three weeks later Kumar was complaining to our guru.\n\n I overheard him from an adjoining room.","type":"default","passage":"Years in my Master’s Hermitage","commentary":"","meaning":""},{"id":"56","title":"12.56","content":"“That’s why I assigned him to the kitchen and you to the parlor.\n\n” Sri Yukteswar’s withering tones were new to Kumar.\n\n “In this way you have come to realize that a worthy leader has the desire to serve, and not to dominate.\n\n You wanted Mukunda’s position, but could not maintain it by merit.\n\n Return now to your earlier work as cook’s assistant.\n\n” After this humbling incident, Master resumed toward Kumar a former attitude of unwonted indulgence.\n\n Who can solve the mystery of attraction? In Kumar our guru discovered a charming fount which did not spurt for the fellow disciples.\n\n Though the new boy was obviously Sri Yukteswar’s favorite, I felt no dismay.\n\n Personal idiosyncrasies, possessed even by masters, lend a rich complexity to the pattern of l.\n\n My nature is seldom commandeered by a detail; I was seeking from Sri Yukteswar a more inaccessible benefit than an outward pra.","type":"default","passage":"Years in my Master’s Hermitage","commentary":"","meaning":""},{"id":"57","title":"12.57","content":"Kumar spoke venomously to me one day without reason; I was deeply hurt.\n\n “Your head is swelling to the bursting point!” I added a warning whose truth I felt intuitively: “Unless you mend your ways, someday you will be asked to leave this ashram.\n\n” Laughing sarcastically, Kumar repeated my remark to our guru, who had just entered the room.\n\n Fully expecting to be scolded, I retired meekly to a corner.\n\n “Maybe Mukunda is right.\n\n” Master’s reply to the boy came with unusual coldness.\n\n I escaped without castigation.\n\n A year later, Kumar set out for a visit to his childhood home.\n\n He ignored the quiet disapproval of Sri Yukteswar, who never authoritatively controlled his disciples’ movements.\n\n On the boy’s return to Serampore in a few months, a change was unpleasantly apparent.\n\n Gone was the stately Kumar with serenely glowing face.\n\n Only an undistinguished peasant stood before us, one who had lately acquired a number of evil habits.","type":"default","passage":"Years in my Master’s Hermitage","commentary":"","meaning":""},{"id":"58","title":"12.58","content":"Master summoned me and brokenheartedly discussed the fact that the boy was now unsuited to the monastic hermitage l.\n\n “Mukunda, I will leave it to you to instruct Kumar to leave the ashram tomorrow; I can’t do it!” Tears stood in Sri Yukteswar’s eyes, but he controlled himself quickly.\n\n “The boy would never have fallen to these depths had he listened to me and not gone away to mix with undesirable companions.\n\n He has rejected my protection; the callous world must be his guru still.\n\n” Kumar’s departure brought me no elation; sadly I wondered how one with power to win a master’s love could ever respond to cheaper allures.\n\n Enjoyment of wine and sex are rooted in the natural man, and require no delicacies of perception for their appreciation.\n\n Sense wiles are comparable to the evergreen oleander, fragrant with its multicolored flowers: every part of the plant is poisonous.\n\n The land of healing lies within, radiant with that happiness blindly sought in a thousand misdirections.\n\n {FN12-19}","type":"default","passage":"Years in my Master’s Hermitage","commentary":"","meaning":""},{"id":"59","title":"12.59","content":"“Keen intelligence is two-edged, ” Master once remarked in reference to Kumar’s brilliant mind.\n\n “It may be used constructively or destructively like a knife, either to cut the boil of ignorance, or to decapitate one’s self.\n\n Intelligence is rightly guided only after the mind has acknowledged the inescapability of spiritual law.\n\n” My guru mixed freely with men and women disciples, treating all as his children.\n\n Perceiving their soul equality, he showed no distinction or partiality.\n\n “In sleep, you do not know whether you are a man or a woman, ” he said.\n\n “Just as a man, impersonating a woman, does not become one, so the soul, impersonating both man and woman, has no sex.\n\n The soul is the pure, changeless image of God.\n\n”","type":"default","passage":"Years in my Master’s Hermitage","commentary":"","meaning":""},{"id":"60","title":"12.60","content":"Sri Yukteswar never avoided or blamed women as objects of seduction.\n\n Men, he said, were also a temptation to women.\n\n I once inquired of my guru why a great ancient saint had called women “the door to hell.\n\n” “A girl must have proved very troublesome to his peace of mind in his early life, ” my guru answered causticly.\n\n “Otherwise he would have denounced, not woman, but some imperfection in his own self-control.\n\n” If a visitor dared to relate a suggestive story in the hermitage, Master would maintain an unresponsive silence.\n\n “Do not allow yourself to be thrashed by the provoking whip of a beautiful face, ” he told the disciples.\n\n “How can sense slaves enjoy the world? Its subtle flavors escape them while they grovel in primal mud.\n\n All nice discriminations are lost to the man of elemental lusts.\n\n”","type":"default","passage":"Years in my Master’s Hermitage","commentary":"","meaning":""},{"id":"61","title":"12.61","content":"Students seeking to escape from the dualistic MAYA delusion received from Sri Yukteswar patient and understanding counsel.\n\n “Just as the purpose of eating is to satisfy hunger, not greed, so the sex instinct is designed for the propagation of the species according to natural law, never for the kindling of insatiable longings, ” he said.\n\n “Destroy wrong desires now; otherwise they will follow you after the astral body is torn from its physical casing.\n\n Even when the flesh is weak, the mind should be constantly resistant.\n\n If temptation assails you with cruel force, overcome it by impersonal analysis and indomitable will.\n\n Every natural passion can be mastered.","type":"default","passage":"Years in my Master’s Hermitage","commentary":"","meaning":""},{"id":"62","title":"12.62","content":"“Conserve your powers.\n\n Be like the capacious ocean, absorbing within all the tributary rivers of the senses.\n\n Small yearnings are openings in the reservoir of your inner peace, permitting healing waters to be wasted in the desert soil of materialism.\n\n The forceful activating impulse of wrong desire is the greatest enemy to the happiness of man.\n\n Roam in the world as a lion of self-control; see that the frogs of weakness don’t kick you around.\n\n” The devotee is finally freed from all instinctive compulsions.\n\n He transforms his need for human affection into aspiration for God alone, a love solitary because omnipresent.","type":"default","passage":"Years in my Master’s Hermitage","commentary":"","meaning":""},{"id":"63","title":"12.63","content":"Sri Yukteswar’s mother lived in the Rana Mahal district of Benares where I had first visited my guru.\n\n Gracious and kindly, she was yet a woman of very decided opinions.\n\n I stood on her balcony one day and watched mother and son talking together.\n\n In his quiet, sensible way, Master was trying to convince her about something.\n\n He was apparently unsuccessful, for she shook her head with great vigor.\n\n “Nay, nay, my son, go away now! Your wise words are not for me! I am not your disciple!” Sri Yukteswar backed away without further argument, like a scolded child.\n\n I was touched at his great respect for his mother even in her unreasonable moods.\n\n She saw him only as her little boy, not as a sage.\n\n There was a charm about the trifling incident; it supplied a sidelight on my guru’s unusual nature, inwardly humble and outwardly unbendable.","type":"default","passage":"Years in my Master’s Hermitage","commentary":"","meaning":""},{"id":"64","title":"12.64","content":"The monastic regulations do not allow a swami to retain connection with worldly ties after their formal severance.\n\n He cannot perform the ceremonial family rites which are obligatory on the householder.\n\n Yet Shankara, the ancient founder of the Swami Order, disregarded the injunctions.\n\n At the death of his beloved mother, he cremated her body with heavenly fire which he caused to spurt from his upraised hand.\n\n Sri Yukteswar also ignored the restrictions, in a fashion less spectacular.\n\n When his mother passed on, he arranged the crematory services by the holy Ganges in Benares, and fed many Brahmins in conformance with age-old custom.","type":"default","passage":"Years in my Master’s Hermitage","commentary":"","meaning":""},{"id":"65","title":"12.65","content":"The SHASTRIC prohibitions were intended to help swamis overcome narrow identifications.\n\n Shankara and Sri Yukteswar had wholly merged their beings in the Impersonal Spirit; they needed no rescue by rule.\n\n Sometimes, too, a master purposely ignores a canon in order to uphold its principle as superior to and independent of form.\n\n \n\nThus Jesus plucked ears of corn on the day of rest.\n\n To the inevitable critics he said: “The sabbath was made for man, and not man for the sabbath.\n\n” {FN12-20} Outside of the scriptures, seldom was a book honored by Sri Yukteswar’s perus.\n\n Yet he was invariably acquainted with the latest scientific discoveries and other advancements of knowledge.\n\n A brilliant conversationalist, he enjoyed an exchange of views on countless topics with his guests.\n\n My guru’s ready wit and rollicking laugh enlivened every discussion.\n\n Often grave, Master was never gloomy.\n\n “To seek the Lord, one need not disfigure his face, ” he would remark.\n\n “Remember that finding God will mean the funeral of all sorrows.\n\n”","type":"default","passage":"Years in my Master’s Hermitage","commentary":"","meaning":""},{"id":"66","title":"12.66","content":"Among the philosophers, professors, lawyers and scientists who came to the hermitage, a number arrived for their first visit with the expectation of meeting an orthodox religionist.\n\n A supercilious smile or a glance of amused tolerance occasionally betrayed that the newcomers anticipated nothing more than a few pious platitudes.\n\n Yet their reluctant departure would bring an expressed conviction that Sri Yukteswar had shown precise insight into their specialized fields.\n\n My guru ordinarily was gentle and affable to guests; his welcome was given with charming cordiality.\n\n Yet inveterate egotists sometimes suffered an invigorating shock.\n\n They confronted in Master either a frigid indifference or a formidable opposition: ice or iron!","type":"default","passage":"Years in my Master’s Hermitage","commentary":"","meaning":""},{"id":"67","title":"12.67","content":"A noted chemist once crossed swords with Sri Yukteswar.\n\n The visitor would not admit the existence of God, inasmuch as science has devised no means of detecting Him.\n\n “So you have inexplicably failed to isolate the Supreme Power in your test tubes!” Master’s gaze was stern.\n\n “I recommend an unheard-of experiment.\n\n Examine your thoughts unremittingly for twenty-four hours.\n\n Then wonder no longer at God’s absence.\n\n” A celebrated pundit received a similar jolt.\n\n With ostentatious zeal, the scholar shook the ashram rafters with scriptural lore.\n\n Resounding passages poured from the MAHABHARATA, the UPANISHADS, {FN12-21} the BHASYAS {FN12-22} of Shankara.","type":"default","passage":"Years in my Master’s Hermitage","commentary":"","meaning":""},{"id":"68","title":"12.68","content":"“I am waiting to hear you.\n\n” Sri Yukteswar’s tone was inquiring, as though utter silence had reigned.\n\n The pundit was puzzled.\n\n “Quotations there have been, in superabundance.\n\n” Master’s words convulsed me with mirth, as I squatted in my corner, at a respectful distance from the visitor.\n\n “But what original commentary can you supply, from the uniqueness of your particular life? What holy text have you absorbed and made your own? In what ways have these timeless truths renovated your nature? Are you content to be a hollow victrola, mechanically repeating the words of other men?” “I give up!” The scholar’s chagrin was comic.\n\n “I have no inner realization.\n\n”","type":"default","passage":"Years in my Master’s Hermitage","commentary":"","meaning":""},{"id":"69","title":"12.69","content":"For the first time, perhaps, he understood that discerning placement of the comma does not atone for a spiritual coma.\n\n “These bloodless pedants smell unduly of the lamp, ” my guru remarked after the departure of the chastened one.\n\n “They prefer philosophy to be a gentle intellectual setting-up exerc.\n\n Their elevated thoughts are carefully unrelated either to the crudity of outward action or to any scourging inner discipline!” Master stressed on other occasions the futility of mere book learning.\n\n “Do not confuse understanding with a larger vocabulary, ” he remarked.\n\n “Sacred writings are beneficial in stimulating desire for inward realization, if one stanza at a time is slowly assimilated.\n\n Continual intellectual study results in vanity and the false satisfaction of an undigested knowledge.\n\n”","type":"default","passage":"Years in my Master’s Hermitage","commentary":"","meaning":""},{"id":"70","title":"12.70","content":"Sri Yukteswar related one of his own experiences in scriptural edification.\n\n The scene was a forest hermitage in eastern Bengal, where he observed the procedure of a renowned teacher, Dabru Ballav.\n\n His method, at once simple and difficult, was common in ancient India.\n\n Dabru Ballav had gathered his disciples around him in the sylvan solitudes.\n\n The holy BHAGAVAD GITA was open before them.\n\n Steadfastly they looked at one passage for half an hour, then closed their eyes.\n\n Another half hour slipped away.\n\n The master gave a brief comment.\n\n Motionless, they meditated again for an hour.\n\n Finally the guru spoke.","type":"default","passage":"Years in my Master’s Hermitage","commentary":"","meaning":""},{"id":"71","title":"12.71","content":"“Have you understood?” “Yes, sir.\n\n” One in the group ventured this assertion.\n\n “No; not fully.\n\n Seek the spiritual vitality that has given these words the power to rejuvenate India century after century.\n\n” Another hour disappeared in silence.\n\n The master dismissed the students, and turned to Sri Yukteswar.\n\n “Do you know the BHAGAVAD GITA?” “No, sir, not really; though my eyes and mind have run through its pages many times.\n\n” “Thousands have replied to me differently!” The great sage smiled at Master in blessing.\n\n “If one busies himself with an outer display of scriptural wealth, what time is left for silent inward diving after the priceless pearls?”","type":"default","passage":"Years in my Master’s Hermitage","commentary":"","meaning":""},{"id":"72","title":"12.72","content":"Sri Yukteswar directed the study of his own disciples by the same intensive method of one-pointedness.\n\n “Wisdom is not assimilated with the eyes, but with the atoms, ” he said.\n\n “When your conviction of a truth is not merely in your brain but in your being, you may diffidently vouch for its meaning.\n\n” He discouraged any tendency a student might have to construe book-knowledge as a necessary step to spiritual realization.\n\n “The RISHIS wrote in one sentence profundities that commentating scholars busy themselves over for generations, ” he remarked.\n\n “Endless literary controversy is for sluggard minds.\n\n What more liberating thought than ‘God is’-nay, ‘God’?”","type":"default","passage":"Years in my Master’s Hermitage","commentary":"","meaning":""},{"id":"73","title":"12.73","content":"But man does not easily return to simplicity.\n\n It is seldom “God” for him, but rather learned pomposities.\n\n His ego is pleased, that he can grasp such erudition.\n\n Men who were pridefully conscious of high worldly position were likely, in Master’s presence, to add humility to their other possessions.\n\n A local magistrate once arrived for an interview at the seaside hermitage in Puri.\n\n The man, who held a reputation for ruthlessness, had it well within his power to oust us from the ashram.\n\n I cautioned my guru about the despotic possibilities.\n\n But he seated himself with an uncompromising air, and did not rise to greet the visitor.\n\n Slightly nervous, I squatted near the door.\n\n The man had to content himself with a wooden box; my guru did not request me to fetch a chair.\n\n There was no fulfillment of the magistrate’s obvious expectation that his importance would be ceremoniously acknowledged.","type":"default","passage":"Years in my Master’s Hermitage","commentary":"","meaning":""},{"id":"74","title":"12.74","content":"A metaphysical discussion ensued.\n\n The guest blundered through misinterpretations of the scriptures.\n\n As his accuracy sank, his ire rose.\n\n “Do you know that I stood first in the . . examination?” Reason had forsaken him, but he could still shout.\n\n “.\n\n Magistrate, you forget that this is not your courtroom, ” Master replied evenly.\n\n “From your childish remarks I would have surmised that your college career was unremarkable.\n\n A university degree, in any case, is not remotely related to Vedic realization.\n\n Saints are not produced in batches every semester like accountants.\n\n” After a stunned silence, the visitor laughed heartily.","type":"default","passage":"Years in my Master’s Hermitage","commentary":"","meaning":""},{"id":"75","title":"12.75","content":"“This is my first encounter with a heavenly magistrate, ” he said.\n\n Later he made a formal request, couched in the legal terms which were evidently part and parcel of his being, to be accepted as a “probationary” disciple.\n\n My guru personally attended to the details connected with the management of his property.\n\n Unscrupulous persons on various occasions attempted to secure possession of Master’s ancestral land.\n\n With determination and even by instigating lawsuits, Sri Yukteswar outwitted every opponent.\n\n He underwent these painful experiences from a desire never to be a begging guru, or a burden on his disciples.","type":"default","passage":"Years in my Master’s Hermitage","commentary":"","meaning":""},{"id":"76","title":"12.76","content":"His financial independence was one reason why my alarmingly outspoken Master was innocent of the cunnings of diplomacy.\n\n Unlike those teachers who have to flatter their supporters, my guru was impervious to the influences, open or subtle, of others’ wealth.\n\n Never did I hear him ask or even hint for money for any purpose.\n\n His hermitage training was given free and freely to all disciples.\n\n An insolent court deputy arrived one day at the Serampore ashram to serve Sri Yukteswar with a legal summons.\n\n A disciple named Kanai and myself were also present.\n\n The officer’s attitude toward Master was offens.","type":"default","passage":"Years in my Master’s Hermitage","commentary":"","meaning":""},{"id":"77","title":"12.77","content":"“It will do you good to leave the shadows of your hermitage and breathe the honest air of a courtroom.\n\n” The deputy grinned contemptuously.\n\n I could not contain myself.\n\n “Another word of your impudence and you will be on the floor!” I advanced threateningly.\n\n “You wretch!” Kanai’s shout was simultaneous with my own.\n\n “Dare you bring your blasphemies into this sacred ashram?” But Master stood protectingly in front of his abuser.\n\n “Don’t get excited over nothing.\n\n This man is only doing his rightful duty.\n\n” The officer, dazed at his varying reception, respectfully offered a word of apology and sped away.","type":"default","passage":"Years in my Master’s Hermitage","commentary":"","meaning":""},{"id":"78","title":"12.78","content":"Amazing it was to find that a master with such a fiery will could be so calm within.\n\n He fitted the Vedic definition of a man of God: “Softer than the flower, where kindness is concerned; stronger than the thunder, where principles are at stake.\n\n” There are always those in this world who, in Browning’s words, “endure no light, being themselves obscure.\n\n” An outsider occasionally berated Sri Yukteswar for an imaginary grievance.\n\n My imperturbable guru listened politely, analyzing himself to see if any shred of truth lay within the denunciation.\n\n These scenes would bring to my mind one of Master’s inimitable observations: “Some people try to be tall by cutting off the heads of others!”","type":"default","passage":"Years in my Master’s Hermitage","commentary":"","meaning":""},{"id":"79","title":"12.79","content":"The unfailing composure of a saint is impressive beyond any sermon.\n\n “He that is slow to anger is better than the mighty; and he that ruleth his spirit than he that taketh a city.\n\n” {FN12-23} I often reflected that my majestic Master could easily have been an emperor or world-shaking warrior had his mind been centered on fame or worldly achievement.\n\n He had chosen instead to storm those inner citadels of wrath and egotism whose fall is the height of a man.\n\n {FN12-1} “Worship of Durga.\n\n” This is the chief festival of the Bengali year and lasts for nine days around the end of September.\n\n Immediately following is the ten-day festival of DASHAHARA  \n***(“the One who removes ten sins”-three of body, three of mind, four of speech)***\n.\n\n Both PUJAS are sacred to Durga, literally “the Inaccessible, ” an aspect of Divine Mother, Shakti, the female creative force personified.","type":"default","passage":"Years in my Master’s Hermitage","commentary":"","meaning":""},{"id":"80","title":"12.80","content":"{FN12-2} Sri Yukteswar was born on May 10, 185.\n\n {FN12-3} YUKTESWAR means “united to God.\n\n” GIRI is a classificatory distinction of one of the ten ancient Swami branches.\n\n SRI means “holy”; it is not a name but a title of respect.\n\n {FN12-4} Literally, “to direct together.\n\n” SAMADHI is a superconscious state of ecstasy in which the yogi perceives the identity of soul and Spirit.\n\n {FN12-5} Snoring, according to physiologists, is an indication of utter relaxation  \n***(to the oblivious practitioner, solely)***\n.\n\n {FN12-6} DHAL is a thick soup made from split peas or other pulses.\n\n CHANNA is a cheese of fresh curdled milk, cut into squares and curried with potatoes.","type":"default","passage":"Years in my Master’s Hermitage","commentary":"","meaning":""},{"id":"81","title":"12.81","content":"{FN12-7} The omnipresent powers of a yogi, whereby he sees, hears, tastes, smells, and feels his oneness in creation without the use of sensory organs, have been described as follows in the TAITTIRIYA ARANYAKA: “The blind man pierced the pearl; the fingerless put a thread into it; the neckless wore it; and the tongueless praised it.\n\n” {FN12-8} The cobra swiftly strikes at any moving object within its range.\n\n Complete immobility is usually one’s sole hope of safety.\n\n {FN12-9} Lahiri Mahasaya actually said “Priya”  \n***(first or given name)***\n, not “Yukteswar”  \n***(monastic name, not received by my guru during Lahiri Mahasaya’s lifetime)***\n.\n\n  \n***(See page 10.\n\n)***\n “Yukteswar” is substituted here, and in a few other places in this book, in order to avoid the confusion, to reader, of two names.","type":"default","passage":"Years in my Master’s Hermitage","commentary":"","meaning":""},{"id":"82","title":"12.82","content":"{FN12-10} “\n\nTherefore I say unto you, What things soever ye desire, when ye pray, believe that ye receive them, and ye shall have them.\n\n”-MARK 11:2.\n\n Masters who possess the Divine Vision are fully able to transfer their realizations to advanced disciples, as Lahiri Mahasaya did for Sri Yukteswar on this occasion.\n\n {FN12-11} “And one of them smote the servant of the high priest, and cut off his right ear.\n\n And Jesus answered and said, Suffer ye thus far.\n\n And he touched his ear and healed him.\n\n”-LUKE 22:50-5.\n\n {FN12-12} “Give not that which is holy unto the dogs, neither cast ye your pearls before swine, lest they trample them under their feet, and turn again and rend you.\n\n”-MATTHEW 7:.","type":"default","passage":"Years in my Master’s Hermitage","commentary":"","meaning":""},{"id":"83","title":"12.83","content":"{FN12-13} Disciples; from Sanskrit verb root, “to serve.\n\n” {FN12-14} He was once ill in Kashmir, when I was absent from him.\n\n  \n***(See chapter 2.\n\n)***\n {FN12-15} A courageous medical man, Charles Robert Richet, awarded the Nobel Prize in physiology, wrote as follows: “Metaphysics is not yet officially a science, recognized as such.\n\n But it is going to be.\n\n . . . At Edinburgh, I was able to affirm before 100 physiologists that our five senses are not our only means of knowledge and that a fragment of reality sometimes reaches the intelligence in other ways.\n\n . . . Because a fact is rare is no reason that it does not exist.\n\n Because a study is difficult, is that a reason for not understanding it? . . . Those who have railed at metaphysics as an occult science will be as ashamed of themselves as those who railed at chemistry on the ground that pursuit of the philosopher’s stone was illusory.\n\n . . . In the matter of principles there are only those of Lavoisier, Claude Bernard, and Pasteur-the EXPERIMENTAL everywhere and always.\n\n Greetings, then, to the new science which is going to change the orientation of human thought.\n\n”","type":"default","passage":"Years in my Master’s Hermitage","commentary":"","meaning":""},{"id":"84","title":"12.84","content":"{FN12-16} SAMADHI: perfect union of the individualized soul with the Infinite Spirit.\n\n {FN12-17} The subconsciously guided rationalizations of the mind are utterly different from the infallible guidance of truth which issues from the superconsciousness.\n\n Led by French scientists of the Sorbonne, Western thinkers are beginning to investigate the possibility of divine perception in man.\n\n “For the past twenty years, students of psychology, influenced by Freud, gave all their time to searching the subconscious realms, ” Rabbi Israel . Levinthal pointed out in 192.\n\n “It is true that the subconscious reveals much of the mystery that can explain human actions, but not all of our actions.\n\n It can explain the abnormal, but not deeds that are above the norm.\n\n The latest psychology, sponsored by the French schools, has discovered a new region in man, which it terms the superconscious.\n\n In contrast to the subconscious which represents the submerged currents of our nature, it reveals the heights to which our nature can reach.\n\n Man represents a triple, not a double, personality; our conscious and subconscious being is crowned by a superconsciousness.\n\n Many years ago the English psychologist, . . . Myers, suggested that ‘hidden in the deep of our being is a rubbish heap as well as a treasure house.\n\n’ In contrast to the psychology that centers all its researches on the subconscious in man’s nature, this new psychology of the superconscious focuses its attention upon the treasure-house, the region that alone can explain the great, unselfish, heroic deeds of men.\n\n”","type":"default","passage":"Years in my Master’s Hermitage","commentary":"","meaning":""},{"id":"85","title":"12.85","content":"{FN12-18} JNANA, wisdom, and BHAKTI, devotion: two of the main paths to God.\n\n {FN12-19} “Man in his waking state puts forth innumerable efforts for experiencing sensual pleasures; when the entire group of sensory organs is fatigued, he forgets even the pleasure on hand and goes to sleep in order to enjoy rest in the soul, his own nature, ” Shankara, the great Vedantist, has written.\n\n “Ultra-sensual bliss is thus extremely easy of attainment and is far superior to sense delights which always end in disgust.\n\n” {FN12-20} MARK 2:2.\n\n {FN12-21} The UPANISHADS or VEDANTA  \n***(literally, “end of the Vedas”)***\n, occur in certain parts of the VEDAS as essential summaries.\n\n The UPANISHADS furnish the doctrinal basis of the Hindu religion.\n\n They received the following tribute from Schopenhauer: “How entirely does the UPANISHAD breathe throughout the holy spirit of the VEDAS! How is everyone who has become familiar with that incomparable book stirred by that spirit to the very depths of his soul! From every sentence deep, original, and sublime thoughts arise, and the whole is pervaded by a high and holy and earnest spirit.\n\n . . . The access to the VEDAS by means of the UPANISHADS is in my eyes the greatest privilege this century may claim before all previous centuries.\n\n”","type":"default","passage":"Years in my Master’s Hermitage","commentary":"","meaning":""},{"id":"86","title":"12.86","content":"{FN12-22} Commentaries.\n\n Shankara peerlessly expounded the UPANISHAD.\n\n {FN12-23} PROVERBS 16:3.","type":"default","passage":"Years in my Master’s Hermitage","commentary":"","meaning":""}]}