{"id":13,"title":"The Sleepless Saint (Ram Gopal Muzumdar)","description":"The Sleepless Saint (Ram Gopal Muzumdar)","sectionCount":20,"tags":null,"contentId":"AoY01","sections":[{"id":"1","title":"13.1","content":"THE SLEEPLESS SAINT “Please permit me to go to the Himalayas.\n\n I hope in unbroken solitude to achieve continuous divine communion.\n\n” I actually once addressed these ungrateful words to my Master.\n\n Seized by one of the unpredictable delusions which occasionally assail the devotee, I felt a growing impatience with hermitage duties and college studies.\n\n A feebly extenuating circumstance is that my proposal was made when I had been only six months with Sri Yukteswar.\n\n Not yet had I fully surveyed his towering stature.\n\n “Many hillmen live in the Himalayas, yet possess no God-perception.\n\n” My guru’s answer came slowly and simply.\n\n “Wisdom is better sought from a man of realization than from an inert mountain.\n\n”","type":"default","passage":"The Sleepless Saint (Ram Gopal Muzumdar)","commentary":"","meaning":""},{"id":"2","title":"13.2","content":"Ignoring Master’s plain hint that he, and not a hill, was my teacher, I repeated my plea.\n\n Sri Yukteswar vouchsafed no reply.\n\n I took his silence for consent, a precarious interpretation readily accepted at one’s convenience.\n\n In my Calcutta home that evening, I busied myself with travel preparations.\n\n Tying a few articles inside a blanket, I remembered a similar bundle, surreptitiously dropped from my attic window a few years earlier.\n\n I wondered if this were to be another ill-starred flight toward the Himalayas.\n\n The first time my spiritual elation had been high; tonight conscience smote heavily at thought of leaving my guru.","type":"default","passage":"The Sleepless Saint (Ram Gopal Muzumdar)","commentary":"","meaning":""},{"id":"3","title":"13.3","content":"The following morning I sought out Behari Pundit, my Sanskrit professor at Scottish Church College.\n\n “Sir, you have told me of your friendship with a great disciple of Lahiri Mahasaya.\n\n Please give me his address.\n\n” “You mean Ram Gopal Muzumdar.\n\n I call him the ‘sleepless saint.\n\n’ He is always awake in an ecstatic consciousness.\n\n His home is at Ranbajpur, near Tarakeswar.\n\n” I thanked the pundit, and entrained immediately for Tarakeswar.\n\n I hoped to silence my misgivings by wringing a sanction from the “sleepless saint” to engage myself in lonely Himalayan meditation.\n\n Behari’s friend, I heard, had received illumination after many years of KRIYA YOGA practice in isolated caves.","type":"default","passage":"The Sleepless Saint (Ram Gopal Muzumdar)","commentary":"","meaning":""},{"id":"4","title":"13.4","content":"At Tarakeswar I approached a famous shr.\n\n Hindus regard it with the same veneration that Catholics give to the Lourdes sanctuary in France.\n\n Innumerable healing miracles have occurred at Tarakeswar, including one for a member of my family.\n\n “I sat in the temple there for a week, ” my eldest aunt once told me.\n\n “Observing a complete fast, I prayed for the recovery of your Uncle Sarada from a chronic malady.\n\n On the seventh day I found a herb materialized in my hand! I made a brew from the leaves, and gave it to your uncle.\n\n His disease vanished at once, and has never reappeared.\n\n” I entered the sacred Tarakeswar shrine; the altar contains nothing but a round stone.\n\n Its circumference, beginningless and endless, makes it aptly significant of the Infin.\n\n Cosmic abstractions are not alien even to the humblest Indian peasant; he has been accused by Westerners, in fact, of living on abstractions!","type":"default","passage":"The Sleepless Saint (Ram Gopal Muzumdar)","commentary":"","meaning":""},{"id":"5","title":"13.5","content":"My own mood at the moment was so austere that I felt disinclined to bow before the stone symbol.\n\n God should be sought, I reflected, only within the soul.\n\n I left the temple without genuflection and walked briskly toward the outlying village of Ranbajpur.\n\n My appeal to a passer-by for guidance caused him to sink into long cogitation.\n\n “When you come to a crossroad, turn right and keep going, ” he finally pronounced oracularly.\n\n Obeying the directions, I wended my way alongside the banks of a can.\n\n Darkness fell; the outskirts of the jungle village were alive with winking fireflies and the howls of near-by jackals.\n\n The moonlight was too faint to supply any reassurance; I stumbled on for two hours.","type":"default","passage":"The Sleepless Saint (Ram Gopal Muzumdar)","commentary":"","meaning":""},{"id":"6","title":"13.6","content":"Welcome clang of a cowbell! My repeated shouts eventually brought a peasant to my s.\n\n “I am looking for Ram Gopal Babu.\n\n” “No such person lives in our village.\n\n” The man’s tone was surly.\n\n “You are probably a lying detect.\n\n” Hoping to allay suspicion in his politically troubled mind, I touchingly explained my predicament.\n\n He took me to his home and offered a hospitable welcome.\n\n “Ranbajpur is far from here, ” he remarked.\n\n “At the crossroad, you should have turned left, not right.\n\n” My earlier informant, I thought sadly, was a distinct menace to travelers.\n\n After a relishable meal of coarse rice, lentil-DHAL, and curry of potatoes with raw bananas, I retired to a small hut adjoining the courtyard.\n\n In the distance, villagers were singing to the loud accompaniment of MRIDANGAS {FN13-1} and cymbals.\n\n Sleep was inconsiderable that night; I prayed deeply to be directed to the secret yogi, Ram Gop.","type":"default","passage":"The Sleepless Saint (Ram Gopal Muzumdar)","commentary":"","meaning":""},{"id":"7","title":"13.7","content":"As the first streaks of dawn penetrated the fissures of my dark room, I set out for Ranbajpur.\n\n Crossing rough paddy fields, I trudged over sickled stumps of the prickly plant and mounds of dried clay.\n\n An occasionally-met peasant would inform me, invariably, that my destination was “only a KROSHA  \n***(two miles)***\n.\n\n” In six hours the sun traveled victoriously from horizon to meridian, but I began to feel that I would ever be distant from Ranbajpur by one KROSH.\n\n At midafternoon my world was still an endless paddy field.\n\n Heat pouring from the avoidless sky was bringing me to near-collapse.\n\n As a man approached at leisurely pace, I hardly dared utter my usual question, lest it summon the monotonous: “Just a KROSH.\n\n”","type":"default","passage":"The Sleepless Saint (Ram Gopal Muzumdar)","commentary":"","meaning":""},{"id":"8","title":"13.8","content":"The stranger halted beside me.\n\n Short and slight, he was physically unimpressive save for an extraordinary pair of piercing dark eyes.\n\n “I was planning to leave Ranbajpur, but your purpose was good, so I awaited you.\n\n” He shook his finger in my astounded face.\n\n “Aren’t you clever to think that, unannounced, you could pounce on me? That professor Behari had no right to give you my address.\n\n” Considering that introduction of myself would be mere verbosity in the presence of this master, I stood speechless, somewhat hurt at my reception.\n\n His next remark was abruptly put.\n\n “Tell me; where do you think God is?”","type":"default","passage":"The Sleepless Saint (Ram Gopal Muzumdar)","commentary":"","meaning":""},{"id":"9","title":"13.9","content":"“Why, He is within me and everywhere.\n\n” I doubtless looked as bewildered as I felt.\n\n “All-pervading, eh?” The saint chuckled.\n\n “Then why, young sir, did you fail to bow before the Infinite in the stone symbol at the Tarakeswar temple yesterday? {FN13-2} Your pride caused you the punishment of being misdirected by the passer-by who was not bothered by fine distinctions of left and right.\n\n Today, too, you have had a fairly uncomfortable time of it!” I agreed wholeheartedly, wonder-struck that an omniscient eye hid within the unremarkable body before me.\n\n Healing strength emanated from the yogi; I was instantly refreshed in the scorching field.","type":"default","passage":"The Sleepless Saint (Ram Gopal Muzumdar)","commentary":"","meaning":""},{"id":"10","title":"13.10","content":"“The devotee inclines to think his path to God is the only way, ” he said.\n\n “Yoga, through which divinity is found within, is doubtless the highest road: so Lahiri Mahasaya has told us.\n\n But discovering the Lord within, we soon perceive Him without.\n\n Holy shrines at Tarakeswar and elsewhere are rightly venerated as nuclear centers of spiritual power.\n\n” The saint’s censorious attitude vanished; his eyes became compassionately soft.\n\n He patted my shoulder.\n\n “Young yogi, I see you are running away from your master.\n\n He has everything you need; you must return to him.\n\n Mountains cannot be your guru.\n\n” Ram Gopal was repeating the same thought which Sri Yukteswar had expressed at our last meeting.","type":"default","passage":"The Sleepless Saint (Ram Gopal Muzumdar)","commentary":"","meaning":""},{"id":"11","title":"13.11","content":"“Masters are under no cosmic compulsion to limit their residence.\n\n” My companion glanced at me quizzically.\n\n “The Himalayas in India and Tibet have no monopoly on saints.\n\n What one does not trouble to find within will not be discovered by transporting the body hither and yon.\n\n As soon as the devotee is WILLING to go even to the ends of the earth for spiritual enlightenment, his guru appears near-by.\n\n” I silently agreed, recalling my prayer in the Benares hermitage, followed by the meeting with Sri Yukteswar in a crowded lane.\n\n “Are you able to have a little room where you can close the door and be alone?”","type":"default","passage":"The Sleepless Saint (Ram Gopal Muzumdar)","commentary":"","meaning":""},{"id":"12","title":"13.12","content":"“Yes.\n\n” I reflected that this saint descended from the general to the particular with disconcerting speed.\n\n “That is your cave.\n\n” The yogi bestowed on me a gaze of illumination which I have never forgotten.\n\n “That is your sacred mountain.\n\n That is where you will find the kingdom of God.\n\n” His simple words instantaneously banished my lifelong obsession for the Himalayas.\n\n In a burning paddy field I awoke from the monticolous dreams of eternal snows.\n\n “Young sir, your divine thirst is laudable.\n\n I feel great love for you.\n\n” Ram Gopal took my hand and led me to a quaint hamlet.\n\n The adobe houses were covered with coconut leaves and adorned with rustic entrances.","type":"default","passage":"The Sleepless Saint (Ram Gopal Muzumdar)","commentary":"","meaning":""},{"id":"13","title":"13.13","content":"The saint seated me on the umbrageous bamboo platform of his small cottage.\n\n After giving me sweetened lime juice and a piece of rock candy, he entered his patio and assumed the lotus posture.\n\n In about four hours I opened my meditative eyes and saw that the moonlit figure of the yogi was still motionless.\n\n As I was sternly reminding my stomach that man does not live by bread alone, Ram Gopal approached me.\n\n “I see you are famished; food will be ready soon.\n\n” A fire was kindled under a clay oven on the patio; rice and DHAL were quickly served on large banana leaves.\n\n My host courteously refused my aid in all cooking chores.\n\n “The guest is God, ” a Hindu proverb, has commanded devout observance from time immemori.\n\n In my later world travels, I was charmed to see that a similar respect for visitors is manifested in rural sections of many countries.\n\n The city dweller finds the keen edge of hospitality blunted by superabundance of strange faces.","type":"default","passage":"The Sleepless Saint (Ram Gopal Muzumdar)","commentary":"","meaning":""},{"id":"14","title":"13.14","content":"The marts of men seemed remotely dim as I squatted by the yogi in the isolation of the tiny jungle village.\n\n The cottage room was mysterious with a mellow light.\n\n Ram Gopal arranged some torn blankets on the floor for my bed, and seated himself on a straw mat.\n\n Overwhelmed by his spiritual magnetism, I ventured a request.\n\n “Sir, why don’t you grant me a SAMADHI?” “Dear one, I would be glad to convey the divine contact, but it is not my place to do so.\n\n” The saint looked at me with half-closed eyes.\n\n “Your master will bestow that experience shortly.\n\n Your body is not tuned just yet.\n\n As a small lamp cannot withstand excessive electrical voltage, so your nerves are unready for the cosmic current.\n\n If I gave you the infinite ecstasy right now, you would burn as if every cell were on f.","type":"default","passage":"The Sleepless Saint (Ram Gopal Muzumdar)","commentary":"","meaning":""},{"id":"15","title":"13.15","content":"“You are asking illumination from me, ” the yogi continued musingly, “while I am wondering-inconsiderable as I am, and with the little meditation I have done-if I have succeeded in pleasing God, and what worth I may find in His eyes at the final reckoning.\n\n” “Sir, have you not been singleheartedly seeking God for a long time?” “I have not done much.\n\n Behari must have told you something of my l.\n\n For twenty years I occupied a secret grotto, meditating eighteen hours a day.\n\n Then I moved to a more inaccessible cave and remained there for twenty-five years, entering the yoga union for twenty hours daily.\n\n I did not need sleep, for I was ever with God.\n\n My body was more rested in the complete calmness of the superconsciousness than it could be by the partial peace of the ordinary subconscious state.","type":"default","passage":"The Sleepless Saint (Ram Gopal Muzumdar)","commentary":"","meaning":""},{"id":"16","title":"13.16","content":"“The muscles relax during sleep, but the heart, lungs, and circulatory system are constantly at work; they get no rest.\n\n In superconsciousness, the internal organs remain in a state of suspended animation, electrified by the cosmic energy.\n\n By such means I have found it unnecessary to sleep for years.\n\n The time will come when you too will dispense with slee.\n\n” “My goodness, you have meditated for so long and yet are unsure of the Lord’s favor!” I gazed at him in astonishment.\n\n “Then what about us poor mortals?” “Well, don’t you see, my dear boy, that God is Eternity Itself? To assume that one can fully know Him by forty-five years of meditation is rather a preposterous expectation.\n\n Babaji assures us, however, that even a little meditation saves one from the dire fear of death and after-death states.\n\n Do not fix your spiritual ideal on a small mountain, but hitch it to the star of unqualified divine attainment.\n\n If you work hard, you will get there.\n\n”","type":"default","passage":"The Sleepless Saint (Ram Gopal Muzumdar)","commentary":"","meaning":""},{"id":"17","title":"13.17","content":"Enthralled by the prospect, I asked him for further enlightening words.\n\n He related a wondrous story of his first meeting with Lahiri Mahasaya’s guru, Babaji.\n\n {FN13-3} Around midnight Ram Gopal fell into silence, and I lay down on my blankets.\n\n Closing my eyes, I saw flashes of lightning; the vast space within me was a chamber of molten light.\n\n I opened my eyes and observed the same dazzling radiance.\n\n The room became a part of that infinite vault which I beheld with interior vision.\n\n “Why don’t you go to sleep?” “Sir, how can I sleep in the presence of lightning, blazing whether my eyes are shut or open?”","type":"default","passage":"The Sleepless Saint (Ram Gopal Muzumdar)","commentary":"","meaning":""},{"id":"18","title":"13.18","content":"“You are blessed to have this experience; the spiritual radiations are not easily seen.\n\n” The saint added a few words of affection.\n\n At dawn Ram Gopal gave me rock candies and said I must depart.\n\n I felt such reluctance to bid him farewell that tears coursed down my cheeks.\n\n “I will not let you go empty-handed.\n\n” The yogi spoke tenderly.\n\n “I will do something for you.\n\n” He smiled and looked at me steadfastly.\n\n I stood rooted to the ground, peace rushing like a mighty flood through the gates of my eyes.\n\n I was instantaneously healed of a pain in my back, which had troubled me intermittently for years.\n\n Renewed, bathed in a sea of luminous joy, I wept no more.\n\n After touching the saint’s feet, I sauntered into the jungle, making my way through its tropical tangle until I reached Tarakeswar.","type":"default","passage":"The Sleepless Saint (Ram Gopal Muzumdar)","commentary":"","meaning":""},{"id":"19","title":"13.19","content":"There I made a second pilgrimage to the famous shrine, and prostrated myself fully before the altar.\n\n The round stone enlarged before my inner vision until it became the cosmical spheres, ring within ring, zone after zone, all dowered with divinity.\n\n I entrained happily an hour later for Calcutta.\n\n My travels ended, not in the lofty mountains, but in the Himalayan presence of my Master.\n\n {FN13-1} Hand-played drums, used only for devotional music.\n\n {FN13-2} One is reminded here of Dostoevski’s observation: “A man who bows down to nothing can never bear the burden of himself.\n\n” {FN13-3} See chapter 3.","type":"default","passage":"The Sleepless Saint (Ram Gopal Muzumdar)","commentary":"","meaning":""},{"id":"20","title":"13.20","content":"","type":"default","passage":"The Sleepless Saint (Ram Gopal Muzumdar)","commentary":"","meaning":""}]}