{"id":14,"title":"An Experience in Cosmic Consciousness","description":"An Experience in Cosmic Consciousness","sectionCount":18,"tags":null,"contentId":"AoY01","sections":[{"id":"1","title":"14.1","content":"AN EXPERIENCE IN COSMIC CONSCIOUSNESS “I am here, Guruji.\n\n” My shamefacedness spoke more eloquently for me.\n\n “Let us go to the kitchen and find something to eat.\n\n” Sri Yukteswar’s manner was as natural as if hours and not days had separated us.\n\n “Master, I must have disappointed you by my abrupt departure from my duties here; I thought you might be angry with me.\n\n” “No, of course not! Wrath springs only from thwarted desires.\n\n I do not expect anything from others, so their actions cannot be in opposition to wishes of m.\n\n I would not use you for my own ends; I am happy only in your own true happiness.\n\n”","type":"default","passage":"An Experience in Cosmic Consciousness","commentary":"","meaning":""},{"id":"2","title":"14.2","content":"“Sir, one hears of divine love in a vague way, but for the first time I am having a concrete example in your angelic self! In the world, even a father does not easily forgive his son if he leaves his parent’s business without warning.\n\n But you show not the slightest vexation, though you must have been put to great inconvenience by the many unfinished tasks I left behind.\n\n” We looked into each other’s eyes, where tears were shining.\n\n A blissful wave engulfed me; I was conscious that the Lord, in the form of my guru, was expanding the small ardors of my heart into the incompressible reaches of cosmic love.","type":"default","passage":"An Experience in Cosmic Consciousness","commentary":"","meaning":""},{"id":"3","title":"14.3","content":"A few mornings later I made my way to Master’s empty sitting room.\n\n I planned to meditate, but my laudable purpose was unshared by disobedient thoughts.\n\n They scattered like birds before the hunter.\n\n “Mukunda!” Sri Yukteswar’s voice sounded from a distant inner balcony.\n\n I felt as rebellious as my thoughts.\n\n “Master always urges me to meditate, ” I muttered to myself.\n\n “He should not disturb me when he knows why I came to his room.\n\n” He summoned me again; I remained obstinately silent.\n\n The third time his tone held rebuke.\n\n “Sir, I am meditating, ” I shouted protestingly.\n\n “I know how you are meditating, ” my guru called out, “with your mind distributed like leaves in a storm! Come here to me.\n\n”","type":"default","passage":"An Experience in Cosmic Consciousness","commentary":"","meaning":""},{"id":"4","title":"14.4","content":"Snubbed and exposed, I made my way sadly to his s.\n\n “Poor boy, the mountains couldn’t give what you wanted.\n\n” Master spoke caressively, comfortingly.\n\n His calm gaze was unfathomable.\n\n “Your heart’s desire shall be fulfilled.\n\n” Sri Yukteswar seldom indulged in riddles; I was bewildered.\n\n He struck gently on my chest above the heart.\n\n My body became immovably rooted; breath was drawn out of my lungs as if by some huge magnet.\n\n Soul and mind instantly lost their physical bondage, and streamed out like a fluid piercing light from my every pore.\n\n The flesh was as though dead, yet in my intense awareness I knew that never before had I been fully al.\n\n My sense of identity was no longer narrowly confined to a body, but embraced the circumambient atoms.\n\n People on distant streets seemed to be moving gently over my own remote periphery.\n\n The roots of plants and trees appeared through a dim transparency of the soil; I discerned the inward flow of their sa.","type":"default","passage":"An Experience in Cosmic Consciousness","commentary":"","meaning":""},{"id":"5","title":"14.5","content":"The whole vicinity lay bare before me.\n\n My ordinary frontal vision was now changed to a vast spherical sight, simultaneously all-percept.\n\n Through the back of my head I saw men strolling far down Rai Ghat Road, and noticed also a white cow who was leisurely approaching.\n\n When she reached the space in front of the open ashram gate, I observed her with my two physical eyes.\n\n As she passed by, behind the brick wall, I saw her clearly still.\n\n All objects within my panoramic gaze trembled and vibrated like quick motion pictures.\n\n My body, Master’s, the pillared courtyard, the furniture and floor, the trees and sunshine, occasionally became violently agitated, until all melted into a luminescent sea; even as sugar crystals, thrown into a glass of water, dissolve after being shaken.\n\n The unifying light alternated with materializations of form, the metamorphoses revealing the law of cause and effect in creation.","type":"default","passage":"An Experience in Cosmic Consciousness","commentary":"","meaning":""},{"id":"6","title":"14.6","content":"An oceanic joy broke upon calm endless shores of my soul.\n\n The Spirit of God, I realized, is exhaustless Bliss; His body is countless tissues of light.\n\n A swelling glory within me began to envelop towns, continents, the earth, solar and stellar systems, tenuous nebulae, and floating universes.\n\n The entire cosmos, gently luminous, like a city seen afar at night, glimmered within the infinitude of my being.\n\n The sharply etched global outlines faded somewhat at the farthest edges; there I could see a mellow radiance, ever-undiminished.\n\n It was indescribably subtle; the planetary pictures were formed of a grosser light.","type":"default","passage":"An Experience in Cosmic Consciousness","commentary":"","meaning":""},{"id":"7","title":"14.7","content":"The divine dispersion of rays poured from an Eternal Source, blazing into galaxies, transfigured with ineffable auras.\n\n Again and again I saw the creative beams condense into constellations, then resolve into sheets of transparent flame.\n\n By rhythmic reversion, sextillion worlds passed into diaphanous luster; fire became firmament.\n\n I cognized the center of the empyrean as a point of intuitive perception in my heart.\n\n Irradiating splendor issued from my nucleus to every part of the universal structure.\n\n Blissful AMRITA, the nectar of immortality, pulsed through me with a quicksilverlike fluidity.\n\n The creative voice of God I heard resounding as AUM, {FN14-1} the vibration of the Cosmic Motor.","type":"default","passage":"An Experience in Cosmic Consciousness","commentary":"","meaning":""},{"id":"8","title":"14.8","content":"Suddenly the breath returned to my lungs.\n\n With a disappointment almost unbearable, I realized that my infinite immensity was lost.\n\n Once more I was limited to the humiliating cage of a body, not easily accommodative to the Spirit.\n\n Like a prodigal child, I had run away from my macrocosmic home and imprisoned myself in a narrow microcosm.\n\n My guru was standing motionless before me; I started to drop at his holy feet in gratitude for the experience in cosmic consciousness which I had long passionately sought.\n\n He held me upright, and spoke calmly, unpretentiously.\n\n “You must not get overdrunk with ecstasy.\n\n Much work yet remains for you in the world.\n\n Come; let us sweep the balcony floor; then we shall walk by the Ganges.\n\n”","type":"default","passage":"An Experience in Cosmic Consciousness","commentary":"","meaning":""},{"id":"9","title":"14.9","content":"I fetched a broom; Master, I knew, was teaching me the secret of balanced living.\n\n The soul must stretch over the cosmogonic abysses, while the body performs its daily duties.\n\n When we set out later for a stroll, I was still entranced in unspeakable rapture.\n\n I saw our bodies as two astral pictures, moving over a road by the river whose essence was sheer light.\n\n “It is the Spirit of God that actively sustains every form and force in the universe; yet He is transcendental and aloof in the blissful uncreated void beyond the worlds of vibratory phenomena, ” {FN14-2} Master explained.\n\n “Saints who realize their divinity even while in the flesh know a similar twofold existence.\n\n Conscientiously engaging in earthly work, they yet remain immersed in an inward beatitude.\n\n The Lord has created all men from the limitless joy of His being.\n\n Though they are painfully cramped by the body, God nevertheless expects that souls made in His image shall ultimately rise above all sense identifications and reunite with Him.\n\n”","type":"default","passage":"An Experience in Cosmic Consciousness","commentary":"","meaning":""},{"id":"10","title":"14.10","content":"The cosmic vision left many permanent lessons.\n\n By daily stilling my thoughts, I could win release from the delusive conviction that my body was a mass of flesh and bones, traversing the hard soil of matter.\n\n The breath and the restless mind, I saw, were like storms which lashed the ocean of light into waves of material forms-earth, sky, human beings, animals, birds, trees.\n\n No perception of the Infinite as One Light could be had except by calming those storms.\n\n As often as I silenced the two natural tumults, I beheld the multitudinous waves of creation melt into one lucent sea, even as the waves of the ocean, their tempests subsiding, serenely dissolve into unity.","type":"default","passage":"An Experience in Cosmic Consciousness","commentary":"","meaning":""},{"id":"11","title":"14.11","content":"A master bestows the divine experience of cosmic consciousness when his disciple, by meditation, has strengthened his mind to a degree where the vast vistas would not overwhelm him.\n\n The experience can never be given through one’s mere intellectual willingness or open-mindedness.\n\n Only adequate enlargement by yoga practice and devotional BHAKTI can prepare the mind to absorb the liberating shock of omnipresence.\n\n It comes with a natural inevitability to the sincere devotee.\n\n His intense craving begins to pull at God with an irresistible force.\n\n The Lord, as the Cosmic Vision, is drawn by the seeker’s magnetic ardor into his range of consciousness.","type":"default","passage":"An Experience in Cosmic Consciousness","commentary":"","meaning":""},{"id":"12","title":"14.12","content":"I wrote, in my later years, the following poem, “Samadhi, ” endeavoring to convey the glory of its cosmic state: Vanished the veils of light and shade, Lifted every vapor of sorrow, Sailed away all dawns of fleeting joy, Gone the dim sensory mirage.\n\n Love, hate, health, disease, life, death, Perished these false shadows on the screen of duality.\n\n Waves of laughter, scyllas of sarcasm, melancholic whirlpools, Melting in the vast sea of bliss.\n\n The storm of MAYA stilled By magic wand of intuition dee.\n\n The universe, forgotten dream, subconsciously lurks, Ready to invade my newly-wakened memory div.\n\n I live without the cosmic shadow, But it is not, bereft of me; As the sea exists without the waves, But they breathe not without the sea.\n\n Dreams, wakings, states of deep TURIA sleep, Present, past, future, no more for me, But ever-present, all-flowing I, I, everywhere.\n\n Planets, stars, stardust, earth, Volcanic bursts of doomsday cataclysms, Creation’s molding furnace, Glaciers of silent x-rays, burning electron floods, Thoughts of all men, past, present, to come, Every blade of grass, myself, mankind, Each particle of universal dust, Anger, greed, good, bad, salvation, lust, I swallowed, transmuted all Into a vast ocean of blood of my own one Being! Smoldering joy, oft-puffed by meditation Blinding my tearful eyes, Burst into immortal flames of bliss, Consumed my tears, my frame, my all.\n\n Thou art I, I am Thou, Knowing, Knower, Known, as One! Tranquilled, unbroken thrill, eternally living, ever-new peace! Enjoyable beyond imagination of expectancy, SAMADHI bliss! Not an unconscious state Or mental chloroform without wilful return, SAMADHI but extends my conscious realm Beyond limits of the mortal frame To farthest boundary of eternity Where I, the Cosmic Sea, Watch the little ego floating in Me.\n\n The sparrow, each grain of sand, fall not without My sight.\n\n All space floats like an iceberg in My mental sea.\n\n Colossal Container, I, of all things made.\n\n By deeper, longer, thirsty, guru-given meditation Comes this celestial SAMADH.\n\n Mobile murmurs of atoms are heard, The dark earth, mountains, vales, lo! molten liquid! Flowing seas change into vapors of nebulae! AUM blows upon vapors, opening wondrously their veils, Oceans stand revealed, shining electrons, Till, at last sound of the cosmic drum, Vanish the grosser lights into eternal rays Of all-pervading bliss.\n\n From joy I came, for joy I live, in sacred joy I melt.\n\n Ocean of mind, I drink all creation’s waves.\n\n Four veils of solid, liquid, vapor, light, Lift aright.\n\n Myself, in everything, enters the Great Myself.\n\n Gone forever, fitful, flickering shadows of mortal memory.\n\n Spotless is my mental sky, below, ahead, and high above.\n\n Eternity and I, one united ray.\n\n A tiny bubble of laughter, I Am become the Sea of Mirth Itself.","type":"default","passage":"An Experience in Cosmic Consciousness","commentary":"","meaning":""},{"id":"13","title":"14.13","content":"Sri Yukteswar taught me how to summon the blessed experience at will, and also how to transmit it to others if their intuitive channels were developed.\n\n For months I entered the ecstatic union, comprehending why the UPANISHADS say God is RASA, “the most relishable.\n\n” One day, however, I took a problem to Master.\n\n “I want to know, sir-when shall I find God?” “You have found Him.\n\n” “O no, sir, I don’t think so!” My guru was smiling.\n\n “I am sure you aren’t expecting a venerable Personage, adorning a throne in some antiseptic corner of the cosmos! I see, however, that you are imagining that the possession of miraculous powers is knowledge of God.\n\n One might have the whole universe, and find the Lord elusive still! Spiritual advancement is not measured by one’s outward powers, but only by the depth of his bliss in meditation.","type":"default","passage":"An Experience in Cosmic Consciousness","commentary":"","meaning":""},{"id":"14","title":"14.14","content":"“EVER-NEW JOY IS GO.\n\n He is inexhaustible; as you continue your meditations during the years, He will beguile you with an infinite ingenuity.\n\n Devotees like yourself who have found the way to God never dream of exchanging Him for any other happiness; He is seductive beyond thought of competition.\n\n “How quickly we weary of earthly pleasures! Desire for material things is endless; man is never satisfied completely, and pursues one goal after another.\n\n The ‘something else’ he seeks is the Lord, who alone can grant lasting joy.\n\n “Outward longings drive us from the Eden within; they offer false pleasures which only impersonate soul-happiness.\n\n The lost paradise is quickly regained through divine meditation.\n\n As God is unanticipatory Ever-Newness, we never tire of Him.\n\n Can we be surfeited with bliss, delightfully varied throughout eternity?”","type":"default","passage":"An Experience in Cosmic Consciousness","commentary":"","meaning":""},{"id":"15","title":"14.15","content":"“I understand now, sir, why saints call the Lord unfathomable.\n\n Even everlasting life could not suffice to appraise Him.\n\n” “That is true; but He is also near and dear.\n\n After the mind has been cleared by KRIYA YOGA of sensory obstacles, meditation furnishes a twofold proof of God.\n\n Ever-new joy is evidence of His existence, convincing to our very atoms.\n\n Also, in meditation one finds His instant guidance, His adequate response to every difficulty.\n\n” “I see, Guruji; you have solved my problem.\n\n” I smiled gratefully.\n\n “I do realize now that I have found God, for whenever the joy of meditation has returned subconsciously during my active hours, I have been subtly directed to adopt the right course in everything, even details.\n\n”","type":"default","passage":"An Experience in Cosmic Consciousness","commentary":"","meaning":""},{"id":"16","title":"14.16","content":"“Human life is beset with sorrow until we know how to tune in with the Divine Will, whose ‘right course’ is often baffling to the egoistic intelligence.\n\n God bears the burden of the cosmos; He alone can give unerring counsel.\n\n” {FN14-1} “In the beginning was the Word, and the Word was with God, and the Word was God.\n\n”-JOHN 1:.\n\n {FN14-2} “For the Father judgeth no man, but hath committed all judgment unto the Son.\n\n”-JOHN 5:2.\n\n “No man hath seen God at any time; the only begotten Son, which is in the bosom of the Father, he hath declared him.\n\n”-JOHN 1:1.\n\n “Verily, verily, I say unto you, he that believeth on me, the works that I do shall he do also; and greater works than these shall he do; because I go unto my Father.\n\n”-JOHN 14:1.\n\n “But the Comforter, which is the Holy Ghost, whom the Father will send in my name, he shall teach you all things, and bring all things to your remembrance, whatsoever I have said to you.\n\n”-JOHN 14:2.","type":"default","passage":"An Experience in Cosmic Consciousness","commentary":"","meaning":""},{"id":"17","title":"14.17","content":"These Biblical words refer to the threefold nature of God as Father, Son, Holy Ghost  \n***(SAT, TAT, AUM in the Hindu scriptures)***\n.\n\n God the Father is the Absolute, Unmanifested, existing BEYOND vibratory creation.\n\n God the Son is the Christ Consciousness  \n***(Brahma or KUTASTHA CHAITANYA)***\n existing WITHIN vibratory creation; this Christ Consciousness is the “only begotten” or sole reflection of the Uncreated Infin.\n\n Its outward manifestation or “witness” is AUM or Holy Ghost, the divine, creative, invisible power which structures all creation through vibration.\n\n AUM the blissful Comforter is heard in meditation and reveals to the devotee the ultimate Truth.","type":"default","passage":"An Experience in Cosmic Consciousness","commentary":"","meaning":""},{"id":"18","title":"14.18","content":"","type":"default","passage":"An Experience in Cosmic Consciousness","commentary":"","meaning":""}]}