{"id":15,"title":"The Cauliflower Robbery","description":"The Cauliflower Robbery","sectionCount":29,"tags":null,"contentId":"AoY01","sections":[{"id":"1","title":"15.1","content":"THE CAULIFLOWER ROBBERY “Master, a gift for you! These six huge cauliflowers were planted with my hands; I have watched over their growth with the tender care of a mother nursing her child.\n\n” I presented the basket of vegetables with a ceremonial flourish.\n\n “Thank you!” Sri Yukteswar’s smile was warm with appreciation.\n\n “Please keep them in your room; I shall need them tomorrow for a special dinner.\n\n” I had just arrived in Puri {FN15-1} to spend my college summer vacation with my guru at his seaside hermitage.\n\n Built by Master and his disciples, the cheerful little two-storied retreat fronts on the Bay of Beng.","type":"default","passage":"The Cauliflower Robbery","commentary":"","meaning":""},{"id":"2","title":"15.2","content":"I awoke early the following morning, refreshed by the salty sea breezes and the charm of my surroundings.\n\n Sri Yukteswar’s melodious voice was calling; I took a look at my cherished cauliflowers and stowed them neatly under my bed.\n\n “Come, let us go to the beach.\n\n” Master led the way; several young disciples and myself followed in a scattered grou.\n\n Our guru surveyed us in mild criticism.\n\n “When our Western brothers walk, they usually take pride in unison.\n\n \n\nNow, please march in two rows; keep rhythmic step with one another.\n\n” Sri Yukteswar watched as we obeyed; he began to sing: “Boys go to and fro, in a pretty little row.\n\n” I could not but admire the ease with which Master was able to match the brisk pace of his young students.","type":"default","passage":"The Cauliflower Robbery","commentary":"","meaning":""},{"id":"3","title":"15.3","content":"“Halt!” My guru’s eyes sought m.\n\n “Did you remember to lock the back door of the hermitage?” [Illustration: MY GURU’S SEASIDE HERMITAGE AT PURI A steady stream of visitors poured from the world into the hermitage tranquillity.\n\n A number of learned men came with the expectation of meeting an orthodox religionist.\n\n A supercilious smile or a glance of amused tolerance occasionally betrayed that the newcomers anticipated nothing more than a few pious platitudes.\n\n Yet their reluctant departure would bring an expressed conviction that Sri Yukteswar had shown precise insight into their specialized fields of knowledge.\n\n My guru always had young resident disciples in his hermitage.\n\n He directed their minds and lives with that careful discipline in which the word “disciple” is etymologically rooted.\n\n—see puri.\n\njpg]","type":"default","passage":"The Cauliflower Robbery","commentary":"","meaning":""},{"id":"4","title":"15.4","content":"“I think so, sir.\n\n” Sri Yukteswar was silent for a few minutes, a half-suppressed smile on his lips.\n\n “No, you forgot, ” he said finally.\n\n “Divine contemplation must not be made an excuse for material carelessness.\n\n You have neglected your duty in safeguarding the ashram; you must be punished.\n\n” I thought he was obscurely joking when he added: “Your six cauliflowers will soon be only f.\n\n” We turned around at Master’s orders and marched back until we were close to the hermitage.\n\n “Rest awh.\n\n Mukunda, look across the compound on our left; observe the road beyond.\n\n A certain man will arrive there presently; he will be the means of your chastisement.\n\n”","type":"default","passage":"The Cauliflower Robbery","commentary":"","meaning":""},{"id":"5","title":"15.5","content":"I concealed my vexation at these incomprehensible remarks.\n\n A peasant soon appeared on the road; he was dancing grotesquely and flinging his arms about with meaningless gestures.\n\n Almost paralyzed with curiosity, I glued my eyes on the hilarious spectacle.\n\n As the man reached a point in the road where he would vanish from our view, Sri Yukteswar said, “\n\nNow, he will return.\n\n” The peasant at once changed his direction and made for the rear of the ashram.\n\n Crossing a sandy tract, he entered the building by the back door.\n\n I had left it unlocked, even as my guru had said.\n\n The man emerged shortly, holding one of my prized cauliflowers.\n\n He now strode along respectably, invested with the dignity of possession.","type":"default","passage":"The Cauliflower Robbery","commentary":"","meaning":""},{"id":"6","title":"15.6","content":"The unfolding farce, in which my role appeared to be that of bewildered victim, was not so disconcerting that I failed in indignant pursuit.\n\n I was halfway to the road when Master recalled me.\n\n He was shaking from head to foot with laughter.\n\n “That poor crazy man has been longing for a cauliflower, ” he explained between outbursts of mirth.\n\n “I thought it would be a good idea if he got one of yours, so ill-guarded!” I dashed to my room, where I found that the thief, evidently one with a vegetable fixation, had left untouched my gold rings, watch, and money, all lying openly on the blanket.\n\n He had crawled instead under the bed where, completely hidden from casual sight, one of my cauliflowers had aroused his singlehearted des.","type":"default","passage":"The Cauliflower Robbery","commentary":"","meaning":""},{"id":"7","title":"15.7","content":"I asked Sri Yukteswar that evening to explain the incident which had, I thought, a few baffling features.\n\n My guru shook his head slowly.\n\n “You will understand it someday.\n\n Science will soon discover a few of these hidden laws.\n\n” When the wonders of radio burst some years later on an astounded world, I remembered Master’s prediction.\n\n Age-old concepts of time and space were annihilated; no peasant’s home so narrow that London or Calcutta could not enter! The dullest intelligence enlarged before indisputable proof of one aspect of man’s omnipresence.\n\n The “plot” of the cauliflower comedy can be best understood by a radio analogy.\n\n Sri Yukteswar was a perfect human radio.\n\n Thoughts are no more than very gentle vibrations moving in the ether.\n\n Just as a sensitized radio picks up a desired musical number out of thousands of other programs from every direction, so my guru had been able to catch the thought of the half-witted man who hankered for a cauliflower, out of the countless thoughts of broadcasting human wills in the world.\n\n {FN15-2} By his powerful will, Master was also a human broadcasting station, and had successfully directed the peasant to reverse his steps and go to a certain room for a single cauliflower.","type":"default","passage":"The Cauliflower Robbery","commentary":"","meaning":""},{"id":"8","title":"15.8","content":"Intuition {FN15-3} is soul guidance, appearing naturally in man during those instants when his mind is calm.\n\n Nearly everyone has had the experience of an inexplicably correct “hunch, ” or has transferred his thoughts effectively to another person.\n\n The human mind, free from the static of restlessness, can perform through its antenna of intuition all the functions of complicated radio mechanisms-sending and receiving thoughts, and tuning out undesirable ones.\n\n As the power of a radio depends on the amount of electrical current it can utilize, so the human radio is energized according to the power of will possessed by each individu.","type":"default","passage":"The Cauliflower Robbery","commentary":"","meaning":""},{"id":"9","title":"15.9","content":"All thoughts vibrate eternally in the cosmos.\n\n By deep concentration, a master is able to detect the thoughts of any mind, living or dead.\n\n Thoughts are universally and not individually rooted; a truth cannot be created, but only perceived.\n\n The erroneous thoughts of man result from imperfections in his discernment.\n\n The goal of yoga science is to calm the mind, that without distortion it may mirror the divine vision in the universe.\n\n Radio and television have brought the instantaneous sound and sight of remote persons to the firesides of millions: the first faint scientific intimations that man is an all-pervading spirit.\n\n Not a body confined to a point in space, but the vast soul, which the ego in most barbaric modes conspires in vain to cram.","type":"default","passage":"The Cauliflower Robbery","commentary":"","meaning":""},{"id":"10","title":"15.10","content":"“Very strange, very wonderful, seemingly very improbable phenomena may yet appear which, when once established, will not astonish us more than we are now astonished at all that science has taught us during the last century, ” Charles Robert Richet, Nobel Prizeman in physiology, has declared.\n\n “It is assumed that the phenomena which we now accept without surprise, do not excite our astonishment because they are understood.\n\n But this is not the case.\n\n If they do not surprise us it is not because they are understood, it is because they are familiar; for if that which is not understood ought to surprise us, we should be surprised at everything-the fall of a stone thrown into the air, the acorn which becomes an oak, mercury which expands when it is heated, iron attracted by a magnet, phosphorus which burns when it is rubbed.\n\n . . . The science of today is a light matter; the revolutions and evolutions which it will experience in a hundred thousand years will far exceed the most daring anticipations.\n\n The truths-those surprising, amazing, unforeseen truths-which our descendants will discover, are even now all around us, staring us in the eyes, so to speak, and yet we do not see them.\n\n But it is not enough to say that we do not see them; we do not wish to see them; for as soon as an unexpected and unfamiliar fact appears, we try to fit it into the framework of the commonplaces of acquired knowledge, and we are indignant that anyone should dare to experiment further.\n\n”","type":"default","passage":"The Cauliflower Robbery","commentary":"","meaning":""},{"id":"11","title":"15.11","content":"A humorous occurrence took place a few days after I had been so implausibly robbed of a cauliflower.\n\n A certain kerosene lamp could not be found.\n\n Having so lately witnessed my guru’s omniscient insight, I thought he would demonstrate that it was child’s play to locate the lam.\n\n Master perceived my expectation.\n\n With exaggerated gravity he questioned all ashram residents.\n\n A young disciple confessed that he had used the lamp to go to the well in the back yard.\n\n Sri Yukteswar gave the solemn counsel: “Seek the lamp near the well.\n\n” I rushed there; no lamp! Crestfallen, I returned to my guru.\n\n He was now laughing heartily, without compunction for my disillusionment.","type":"default","passage":"The Cauliflower Robbery","commentary":"","meaning":""},{"id":"12","title":"15.12","content":"“Too bad I couldn’t direct you to the vanished lamp; I am not a fortune teller!” With twinkling eyes, he added, “I am not even a satisfactory Sherlock Holmes!” I realized that Master would never display his powers when challenged, or for a triviality.\n\n Delightful weeks sped by.\n\n Sri Yukteswar was planning a religious procession.\n\n He asked me to lead the disciples over the town and beach of Puri.\n\n The festive day dawned as one of the hottest of the summer.\n\n “Guruji, how can I take the barefooted students over the fiery sands?” I spoke despairingly.\n\n “I will tell you a secret, ” Master responded.\n\n “The Lord will send an umbrella of clouds; you all shall walk in comfort.\n\n”","type":"default","passage":"The Cauliflower Robbery","commentary":"","meaning":""},{"id":"13","title":"15.13","content":"I happily organized the procession; our group started from the ashram with a SAT-SANGA banner.\n\n {FN15-4} Designed by Sri Yukteswar, it bore the symbol of the single {FN15-5} eye, the telescopic gaze of intuition.\n\n No sooner had we left the hermitage than the part of the sky which was overhead became filled with clouds as though by magic.\n\n To the accompaniment of astonished ejaculations from all sides, a very light shower fell, cooling the city streets and the burning seashore.\n\n The soothing drops descended during the two hours of the parade.\n\n The exact instant at which our group returned to the ashram, the clouds and rain passed away tracelessly.","type":"default","passage":"The Cauliflower Robbery","commentary":"","meaning":""},{"id":"14","title":"15.14","content":"“You see how God feels for us, ” Master replied after I had expressed my gratitude.\n\n “The Lord responds to all and works for all.\n\n Just as He sent rain at my plea, so He fulfills any sincere desire of the devotee.\n\n Seldom do men realize how often God heeds their prayers.\n\n He is not partial to a few, but listens to everyone who approaches Him trustingly.\n\n His children should ever have implicit faith in the loving-kindness of their Omnipresent Father.\n\n” {FN15-6} Sri Yukteswar sponsored four yearly festivals, at the equinoxes and solstices, when his students gathered from far and near.\n\n The winter solstice celebration was held in Serampore; the first one I attended left me with a permanent blessing.","type":"default","passage":"The Cauliflower Robbery","commentary":"","meaning":""},{"id":"15","title":"15.15","content":"The festivities started in the morning with a barefoot procession along the streets.\n\n The voices of a hundred students rang out with sweet religious songs; a few musicians played the flute and KHOL KARTAL  \n***(drums and cymbals)***\n.\n\n Enthusiastic townspeople strewed the path with flowers, glad to be summoned from prosaic tasks by our resounding praise of the Lord’s blessed name.\n\n The long tour ended in the courtyard of the hermitage.\n\n There we encircled our guru, while students on upper balconies showered us with marigold blossoms.\n\n Many guests went upstairs to receive a pudding of CHANNA and oranges.\n\n I made my way to a group of brother disciples who were serving today as cooks.\n\n Food for such large gatherings had to be cooked outdoors in huge cauldrons.\n\n The improvised wood-burning brick stoves were smoky and tear-provoking, but we laughed merrily at our work.\n\n Religious festivals in India are never considered troublesome; each one does his part, supplying money, rice, vegetables, or his personal services.","type":"default","passage":"The Cauliflower Robbery","commentary":"","meaning":""},{"id":"16","title":"15.16","content":"Master was soon in our midst, supervising the details of the feast.\n\n Busy every moment, he kept pace with the most energetic young student.\n\n A SANKIRTAN  \n***(group chanting)***\n, accompanied by the harmonium and hand-played Indian drums, was in progress on the second floor.\n\n Sri Yukteswar listened appreciatively; his musical sense was acutely perfect.\n\n “They are off key!” Master left the cooks and joined the artists.\n\n The melody was heard again, this time correctly rendered.\n\n In India, music as well as painting and the drama is considered a divine art.\n\n Brahma, Vishnu, and Shiva-the Eternal Trinity-were the first musicians.\n\n The Divine Dancer Shiva is scripturally represented as having worked out the infinite modes of rhythm in His cosmic dance of universal creation, preservation, and dissolution, while Brahma accentuated the time-beat with the clanging cymbals, and Vishnu sounded the holy MRIDANGA or drum.\n\n Krishna, an incarnation of Vishnu, is always shown in Hindu art with a flute, on which he plays the enrapturing song that recalls to their true home the human souls wandering in MAYA-delusion.\n\n Saraswati, goddess of wisdom, is symbolized as performing on the VINA, mother of all stringed instruments.\n\n The SAMA VEDA of India contains the world’s earliest writings on musical science.","type":"default","passage":"The Cauliflower Robbery","commentary":"","meaning":""},{"id":"17","title":"15.17","content":"The foundation stone of Hindu music is the RAGAS or fixed melodic scales.\n\n The six basic RAGAS branch out into 126 derivative RAGINIS  \n***(wives)***\n and PUTRAS  \n***(sons)***\n.\n\n Each RAGA has a minimum of five notes: a leading note  \n***(VADI or king)***\n, a secondary note  \n***(SAMAVADI or prime minister)***\n, helping notes  \n***(ANUVADI, attendants)***\n, and a dissonant note  \n***(VIVADI, the enemy)***\n.\n\n Each one of the six basic RAGAS has a natural correspondence with a certain hour of the day, season of the year, and a presiding deity who bestows a particular potency.\n\n \n\nThus,  \n***(1)***\n the HINDOLE RAGA is heard only at dawn in the spring, to evoke the mood of universal love;  \n***(2)***\n DEEPAKA RAGA is played during the evening in summer, to arouse compassion;  \n***(3)***\n MEGHA RAGA is a melody for midday in the rainy season, to summon courage;  \n***(4)***\n BHAIRAVA RAGA is played in the mornings of August, September, October, to achieve tranquillity;  \n***(5)***\n SRI RAGA is reserved for autumn twilights, to attain pure love;  \n***(6)***\n MALKOUNSA RAGA is heard at midnights in winter, for valor.","type":"default","passage":"The Cauliflower Robbery","commentary":"","meaning":""},{"id":"18","title":"15.18","content":"The ancient rishis discovered these laws of sound alliance between nature and man.\n\n Because nature is an objectification of AUM, the Primal Sound or Vibratory Word, man can obtain control over all natural manifestations through the use of certain MANTRAS or chants.\n\n {FN15-7} Historical documents tell of the remarkable powers possessed by Miyan Tan Sen, sixteenth century court musician for Akbar the Great.\n\n Commanded by the Emperor to sing a night RAGA while the sun was overhead, Tan Sen intoned a MANTRA which instantly caused the whole palace precincts to become enveloped in darkness.\n\n Indian music divides the octave into 22 SRUTIS or demi-semitones.\n\n These microtonal intervals permit fine shades of musical expression unattainable by the Western chromatic scale of 12 semitones.\n\n Each one of the seven basic notes of the octave is associated in Hindu mythology with a color, and the natural cry of a bird or beast-DO with green, and the peacock; RE with red, and the skylark; MI with golden, and the goat; FA with yellowish white, and the heron; SOL with black, and the nightingale; LA with yellow, and the horse; SI with a combination of all colors, and the elephant.","type":"default","passage":"The Cauliflower Robbery","commentary":"","meaning":""},{"id":"19","title":"15.19","content":"Three scales-major, harmonic minor, melodic minor-are the only ones which Occidental music employs, but Indian music outlines 72 THATAS or scales.\n\n The musician has a creative scope for endless improvisation around the fixed traditional melody or RAGA; he concentrates on the sentiment or definitive mood of the structural theme and then embroiders it to the limits of his own originality.\n\n The Hindu musician does not read set notes; he clothes anew at each playing the bare skeleton of the RAGA, often confining himself to a single melodic sequence, stressing by repetition all its subtle microtonal and rhythmic variations.\n\n Bach, among Western composers, had an understanding of the charm and power of repetitious sound slightly differentiated in a hundred complex ways.","type":"default","passage":"The Cauliflower Robbery","commentary":"","meaning":""},{"id":"20","title":"15.20","content":"Ancient Sanskrit literature describes 120 TALAS or time-measures.\n\n The traditional founder of Hindu music, Bharata, is said to have isolated 32 kinds of TALA in the song of a lark.\n\n The origin of TALA or rhythm is rooted in human movements-the double time of walking, and the triple time of respiration in sleep, when inhalation is twice the length of exhalation.\n\n India has always recognized the human voice as the most perfect instrument of sound.\n\n Hindu music therefore largely confines itself to the voice range of three octaves.\n\n For the same reason, melody  \n***(relation of successive notes)***\n is stressed, rather than harmony  \n***(relation of simultaneous notes)***\n.","type":"default","passage":"The Cauliflower Robbery","commentary":"","meaning":""},{"id":"21","title":"15.21","content":"The deeper aim of the early rishi-musicians was to blend the singer with the Cosmic Song which can be heard through awakening of man’s occult spinal centers.\n\n Indian music is a subjective, spiritual, and individualistic art, aiming not at symphonic brilliance but at personal harmony with the Oversoul.\n\n The Sanskrit word for musician is BHAGAVATHAR, “he who sings the praises of God.\n\n” The SANKIRTANS or musical gatherings are an effective form of yoga or spiritual discipline, necessitating deep concentration, intense absorption in the seed thought and sound.\n\n Because man himself is an expression of the Creative Word, sound has the most potent and immediate effect on him, offering a way to remembrance of his divine origin.","type":"default","passage":"The Cauliflower Robbery","commentary":"","meaning":""},{"id":"22","title":"15.22","content":"The SANKIRTAN issuing from Sri Yukteswar’s second-story sitting room on the day of the festival was inspiring to the cooks amidst the steaming pots.\n\n My brother disciples and I joyously sang the refrains, beating time with our hands.\n\n By sunset we had served our hundreds of visitors with KHICHURI  \n***(rice and lentils)***\n, vegetable curry, and rice pudding.\n\n We laid cotton blankets over the courtyard; soon the assemblage was squatting under the starry vault, quietly attentive to the wisdom pouring from Sri Yukteswar’s lips.\n\n His public speeches emphasized the value of KRIYA YOGA, and a life of self-respect, calmness, determination, simple diet, and regular exerc.","type":"default","passage":"The Cauliflower Robbery","commentary":"","meaning":""},{"id":"23","title":"15.23","content":"A group of very young disciples then chanted a few sacred hymns; the meeting concluded with SANKIRTA.\n\n From ten o’clock until midnight, the ashram residents washed pots and pans, and cleared the courtyard.\n\n My guru called me to his s.\n\n “I am pleased over your cheerful labors today and during the past week of preparations.\n\n I want you with me; you may sleep in my bed tonight.\n\n” This was a privilege I had never thought would fall to my lot.\n\n We sat awhile in a state of intense divine tranquillity.\n\n Hardly ten minutes after we had gotten into bed, Master rose and began to dress.\n\n “What is the matter, sir?” I felt a tinge of unreality in the unexpected joy of sleeping beside my guru.","type":"default","passage":"The Cauliflower Robbery","commentary":"","meaning":""},{"id":"24","title":"15.24","content":"“I think that a few students who missed their proper train connections will be here soon.\n\n Let us have some food ready.\n\n” “Guruji, no one would come at one o’clock in the morning!” “Stay in bed; you have been working very hard.\n\n But I am going to cook.\n\n” At Sri Yukteswar’s resolute tone, I jumped up and followed him to the small daily-used kitchen adjacent to the second-floor inner balcony.\n\n Rice and DHAL were soon boiling.\n\n My guru smiled affectionately.\n\n “Tonight you have conquered fatigue and fear of hard work; you shall never be bothered by them in the future.\n\n” As he uttered these words of lifelong blessing, footsteps sounded in the courtyard.\n\n I ran downstairs and admitted a group of students.","type":"default","passage":"The Cauliflower Robbery","commentary":"","meaning":""},{"id":"25","title":"15.25","content":"“Dear brother, how reluctant we are to disturb Master at this hour!” One man addressed me apologetically.\n\n “We made a mistake about train schedules, but felt we could not return home without a glimpse of our guru.\n\n” “He has been expecting you and is even now preparing your food.\n\n” Sri Yukteswar’s welcoming voice rang out; I led the astonished visitors to the kitchen.\n\n Master turned to me with twinkling eyes.\n\n “\n\nNow that you have finished comparing notes, no doubt you are satisfied that our guests really did miss their train!” I followed him to his bedroom a half hour later, realizing fully that I was about to sleep beside a godlike guru.","type":"default","passage":"The Cauliflower Robbery","commentary":"","meaning":""},{"id":"26","title":"15.26","content":"{FN15-1} Puri, about 310 miles south of Calcutta, is a famous pilgrimage city for devotees of Krishna; his worship is celebrated there with two immense annual festivals, SNANAYATRA and RATHAYATR.\n\n {FN15-2} The 1939 discovery of a radio microscope revealed a new world of hitherto unknown rays.\n\n “Man himself as well as all kinds of supposedly inert matter constantly emits the rays that this instrument ‘sees, ’” reported the ASSOCIATED PRES.\n\n “Those who believe in telepathy, second sight, and clairvoyance, have in this announcement the first scientific proof of the existence of invisible rays which really travel from one person to another.\n\n The radio device actually is a radio frequency spectroscope.\n\n It does the same thing for cool, nonglowing matter that the spectroscope does when it discloses the kinds of atoms that make the stars.\n\n . . . The existence of such rays coming from man and all living things has been suspected by scientists for many years.\n\n Today is the first experimental proof of their existence.\n\n The discovery shows that every atom and every molecule in nature is a continuous radio broadcasting station.\n\n . . . \n\nThus even after death the substance that was a man continues to send out its delicate rays.\n\n The wave lengths of these rays range from shorter than anything now used in broadcasting to the longest kind of radio waves.\n\n The jumble of these rays is almost inconceivable.\n\n There are millions of them.\n\n A single very large molecule may give off 1, 000, 000 different wave lengths at the same t.\n\n The longer wave lengths of this sort travel with the ease and speed of radio waves.\n\n . . . There is one amazing difference between the new radio rays and familiar rays like light.\n\n This is the prolonged time, amounting to thousands of years, which these radio waves will keep on emitting from undisturbed matter.\n\n”","type":"default","passage":"The Cauliflower Robbery","commentary":"","meaning":""},{"id":"27","title":"15.27","content":"{FN15-3} One hesitates to use “intuition”; Hitler has almost ruined the word along with more ambitious devastations.\n\n The Latin root meaning of INTUITION is “inner protection.\n\n” The Sanskrit word AGAMA means intuitional knowledge born of direct soul-perception; hence certain ancient treatises by the rishis were called AGAMA.\n\n {FN15-4} SAT is literally “being, ” hence “essence; reality.\n\n” SANGA is “association.\n\n” Sri Yukteswar called his hermitage organization SAT-SANGA, “fellowship with truth.\n\n” {FN15-5} “If therefore thine eye be single, thy whole body shall be full of light.\n\n”-MATTHEW 6:2.\n\n During deep meditation, the single or spiritual eye becomes visible within the central part of the forehead.\n\n This omniscient eye is variously referred to in scriptures as the third eye, the star of the East, the inner eye, the dove descending from heaven, the eye of Shiva, the eye of intuition, .","type":"default","passage":"The Cauliflower Robbery","commentary":"","meaning":""},{"id":"28","title":"15.28","content":"{FN15-6} “He that planted the ear, shall he not hear? he that formed the eye, shall he not see? . . . he that teacheth man knowledge, shall he not know?”-PSALM 94:9-1.\n\n {FN15-7} Folklore of all peoples contains references to incantations with power over nature.\n\n The American Indians are well-known to have developed sound rituals for rain and wind.\n\n Tan Sen, the great Hindu musician, was able to quench fire by the power of his song.\n\n Charles Kellogg, the California naturalist, gave a demonstration of the effect of tonal vibration on fire in 1926 before a group of New York firemen.\n\n “Passing a bow, like an enlarged violin bow, swiftly across an aluminum tuning fork, he produced a screech like intense radio static.\n\n Instantly the yellow gas flame, two feet high, leaping inside a hollow glass tube, subsided to a height of six inches and became a sputtering blue flare.\n\n Another attempt with the bow, and another screech of vibration, extinguished it.\n\n”","type":"default","passage":"The Cauliflower Robbery","commentary":"","meaning":""},{"id":"29","title":"15.29","content":"","type":"default","passage":"The Cauliflower Robbery","commentary":"","meaning":""}]}