{"id":16,"title":"Outwitting the Stars","description":"Outwitting the Stars","sectionCount":30,"tags":null,"contentId":"AoY01","sections":[{"id":"1","title":"16.1","content":"OUTWITTING THE STARS “Mukunda, why don’t you get an astrological armlet?” “Should I, Master? I don’t believe in astrology.\n\n” “It is never a question of BELIEF; the only scientific attitude one can take on any subject is whether it is TRU.\n\n The law of gravitation worked as efficiently before Newton as after him.\n\n The cosmos would be fairly chaotic if its laws could not operate without the sanction of human belief.\n\n “Charlatans have brought the stellar science to its present state of disrepute.\n\n Astrology is too vast, both mathematically {FN16-1} and philosophically, to be rightly grasped except by men of profound understanding.\n\n If ignoramuses misread the heavens, and see there a scrawl instead of a script, that is to be expected in this imperfect world.\n\n One should not dismiss the wisdom with the ‘w.\n\n’","type":"default","passage":"Outwitting the Stars","commentary":"","meaning":""},{"id":"2","title":"16.2","content":"“All parts of creation are linked together and interchange their influences.\n\n The balanced rhythm of the universe is rooted in reciprocity, ” my guru continued.\n\n “Man, in his human aspect, has to combat two sets of forces-first, the tumults within his being, caused by the admixture of earth, water, fire, air, and ethereal elements; second, the outer disintegrating powers of nature.\n\n So long as man struggles with his mortality, he is affected by the myriad mutations of heaven and earth.\n\n “Astrology is the study of man’s response to planetary stimuli.\n\n The stars have no conscious benevolence or animosity; they merely send forth positive and negative radiations.\n\n Of themselves, these do not help or harm humanity, but offer a lawful channel for the outward operation of cause-effect equilibriums which each man has set into motion in the past.","type":"default","passage":"Outwitting the Stars","commentary":"","meaning":""},{"id":"3","title":"16.3","content":"“A child is born on that day and at that hour when the celestial rays are in mathematical harmony with his individual karma.\n\n His horoscope is a challenging portrait, revealing his unalterable past and its probable future results.\n\n But the natal chart can be rightly interpreted only by men of intuitive wisdom: these are few.\n\n “The message boldly blazoned across the heavens at the moment of birth is not meant to emphasize fate-the result of past good and evil-but to arouse man’s will to escape from his universal thralldom.\n\n What he has done, he can undo.\n\n None other than himself was the instigator of the causes of whatever effects are now prevalent in his l.\n\n He can overcome any limitation, because he created it by his own actions in the first place, and because he has spiritual resources which are not subject to planetary pressure.","type":"default","passage":"Outwitting the Stars","commentary":"","meaning":""},{"id":"4","title":"16.4","content":"“Superstitious awe of astrology makes one an automaton, slavishly dependent on mechanical guidance.\n\n The wise man defeats his planets—which is to say, his past-by transferring his allegiance from the creation to the Creator.\n\n The more he realizes his unity with Spirit, the less he can be dominated by matter.\n\n The soul is ever-free; it is deathless because birthless.\n\n It cannot be regimented by stars.\n\n “Man IS a soul, and HAS a body.\n\n When he properly places his sense of identity, he leaves behind all compulsive patterns.\n\n So long as he remains confused in his ordinary state of spiritual amnesia, he will know the subtle fetters of environmental law.","type":"default","passage":"Outwitting the Stars","commentary":"","meaning":""},{"id":"5","title":"16.5","content":"“God is harmony; the devotee who attunes himself will never perform any action amiss.\n\n His activities will be correctly and naturally timed to accord with astrological law.\n\n After deep prayer and meditation he is in touch with his divine consciousness; there is no greater power than that inward protection.\n\n” “Then, dear Master, why do you want me to wear an astrological bangle?” I ventured this question after a long silence, during which I had tried to assimilate Sri Yukteswar’s noble exposition.\n\n “It is only when a traveler has reached his goal that he is justified in discarding his maps.\n\n During the journey, he takes advantage of any convenient short cut.\n\n The ancient rishis discovered many ways to curtail the period of man’s exile in delusion.\n\n There are certain mechanical features in the law of karma which can be skillfully adjusted by the fingers of wisdom.","type":"default","passage":"Outwitting the Stars","commentary":"","meaning":""},{"id":"6","title":"16.6","content":"“All human ills arise from some transgression of universal law.\n\n The scriptures point out that man must satisfy the laws of nature, while not discrediting the divine omnipotence.\n\n He should say: ‘Lord, I trust in Thee, and know Thou canst help me, but I too will do my best to undo any wrong I have done.\n\n’ By a number of means-by prayer, by will power, by yoga meditation, by consultation with saints, by use of astrological bangles-the adverse effects of past wrongs can be minimized or nullified.\n\n “Just as a house can be fitted with a copper rod to absorb the shock of lightning, so the bodily temple can be benefited by various protective measures.\n\n Ages ago our yogis discovered that pure metals emit an astral light which is powerfully counteractive to negative pulls of the planets.\n\n Subtle electrical and magnetic radiations are constantly circulating in the universe; when a man’s body is being aided, he does not know it; when it is being disintegrated, he is still in ignorance.\n\n Can he do anything about it?","type":"default","passage":"Outwitting the Stars","commentary":"","meaning":""},{"id":"7","title":"16.7","content":"“This problem received attention from our rishis; they found helpful not only a combination of metals, but also of plants and-most effective of all-faultless jewels of not less than two carats.\n\n The preventive uses of astrology have seldom been seriously studied outside of India.\n\n One little-known fact is that the proper jewels, metals, or plant preparations are valueless unless the required weight is secured, and unless these remedial agents are worn next to the skin.\n\n” “Sir, of course I shall take your advice and get a bangle.\n\n I am intrigued at the thought of outwitting a planet!” “For general purposes I counsel the use of an armlet made of gold, silver, and copper.\n\n But for a specific purpose I want you to get one of silver and lead.\n\n” Sri Yukteswar added careful directions.","type":"default","passage":"Outwitting the Stars","commentary":"","meaning":""},{"id":"8","title":"16.8","content":"“Guruji, what ‘specific purpose’ do you mean?” “The stars are about to take an unfriendly interest in you, Mukunda.\n\n Fear not; you shall be protected.\n\n In about a month your liver will cause you much trouble.\n\n The illness is scheduled to last for six months, but your use of an astrological armlet will shorten the period to twenty-four days.\n\n” I sought out a jeweler the next day, and was soon wearing the bangle.\n\n My health was excellent; Master’s prediction slipped from my mind.\n\n He left Serampore to visit Benares.\n\n Thirty days after our conversation, I felt a sudden pain in the region of my liver.\n\n The following weeks were a nightmare of excruciating pain.\n\n Reluctant to disturb my guru, I thought I would bravely endure my trial alone.","type":"default","passage":"Outwitting the Stars","commentary":"","meaning":""},{"id":"9","title":"16.9","content":"But twenty-three days of torture weakened my resolution; I entrained for Benares.\n\n There Sri Yukteswar greeted me with unusual warmth, but gave me no opportunity to tell him my woes in private.\n\n Many devotees visited Master that day, just for a DARSHA.\n\n {FN16-2} Ill and neglected, I sat in a corner.\n\n It was not until after the evening meal that all guests had departed.\n\n My guru summoned me to the octagonal balcony of the house.\n\n “You must have come about your liver disorder.\n\n” Sri Yukteswar’s gaze was averted; he walked to and fro, occasionally intercepting the moonlight.\n\n “Let me see; you have been ailing for twenty-four days, haven’t you?”","type":"default","passage":"Outwitting the Stars","commentary":"","meaning":""},{"id":"10","title":"16.10","content":"“Yes, sir.\n\n” “Please do the stomach exercise I have taught you.\n\n” “If you knew the extent of my suffering, Master, you would not ask me to exerc.\n\n” Nevertheless I made a feeble attempt to obey him.\n\n “You say you have pain; I say you have none.\n\n How can such contradictions exist?” My guru looked at me inquiringly.\n\n I was dazed and then overcome with joyful relief.\n\n No longer could I feel the continuous torment that had kept me nearly sleepless for weeks; at Sri Yukteswar’s words the agony vanished as though it had never been.\n\n I started to kneel at his feet in gratitude, but he quickly prevented me.","type":"default","passage":"Outwitting the Stars","commentary":"","meaning":""},{"id":"11","title":"16.11","content":"“Don’t be childish.\n\n Get up and enjoy the beauty of the moon over the Ganges.\n\n” But Master’s eyes were twinkling happily as I stood in silence beside him.\n\n I understood by his attitude that he wanted me to feel that not he, but God, had been the Healer.\n\n I wear even now the heavy silver and lead bangle, a memento of that day-long-past, ever-cherished-when I found anew that I was living with a personage indeed superhuman.\n\n On later occasions, when I brought my friends to Sri Yukteswar for healing, he invariably recommended jewels or the bangle, extolling their use as an act of astrological wisdom.\n\n I had been prejudiced against astrology from my childhood, partly because I observed that many people are sequaciously attached to it, and partly because of a prediction made by our family astrologer: “You will marry three times, being twice a widower.\n\n” I brooded over the matter, feeling like a goat awaiting sacrifice before the temple of triple matrimony.","type":"default","passage":"Outwitting the Stars","commentary":"","meaning":""},{"id":"12","title":"16.12","content":"“You may as well be resigned to your fate, ” my brother Ananta had remarked.\n\n “Your written horoscope has correctly stated that you would fly from home toward the Himalayas during your early years, but would be forcibly returned.\n\n The forecast of your marriages is also bound to be true.\n\n” A clear intuition came to me one night that the prophecy was wholly false.\n\n I set fire to the horoscope scroll, placing the ashes in a paper bag on which I wrote: “Seeds of past karma cannot germinate if they are roasted in the divine fires of wisdom.\n\n” I put the bag in a conspicuous spot; Ananta immediately read my defiant comment.","type":"default","passage":"Outwitting the Stars","commentary":"","meaning":""},{"id":"13","title":"16.13","content":"“You cannot destroy truth as easily as you have burnt this paper scroll.\n\n” My brother laughed scornfully.\n\n It is a fact that on three occasions before I reached manhood, my family tried to arrange my betroth.\n\n Each time I refused to fall in with the plans, {FN16-3} knowing that my love for God was more overwhelming than any astrological persuasion from the past.\n\n “The deeper the self-realization of a man, the more he influences the whole universe by his subtle spiritual vibrations, and the less he himself is affected by the phenomenal flux.\n\n” These words of Master’s often returned inspiringly to my mind.","type":"default","passage":"Outwitting the Stars","commentary":"","meaning":""},{"id":"14","title":"16.14","content":"Occasionally I told astrologers to select my worst periods, according to planetary indications, and I would still accomplish whatever task I set myself.\n\n It is true that my success at such times has been accompanied by extraordinary difficulties.\n\n But my conviction has always been justified: faith in the divine protection, and the right use of man’s God-given will, are forces formidable beyond any the “inverted bowl” can muster.\n\n The starry inscription at one’s birth, I came to understand, is not that man is a puppet of his past.\n\n Its message is rather a prod to pride; the very heavens seek to arouse man’s determination to be free from every limitation.\n\n God created each man as a soul, dowered with individuality, hence essential to the universal structure, whether in the temporary role of pillar or paras.\n\n His freedom is final and immediate, if he so wills; it depends not on outer but inner victories.","type":"default","passage":"Outwitting the Stars","commentary":"","meaning":""},{"id":"15","title":"16.15","content":"Sri Yukteswar discovered the mathematical application of a 24, 000-year equinoctial cycle to our present age.\n\n {FN16-4} The cycle is divided into an Ascending Arc and a Descending Arc, each of 12, 000 years.\n\n Within each Arc fall four YUGAS or Ages, called KALI, DWAPARA, TRETA, and SATYA, corresponding to the Greek ideas of Iron, Bronze, Silver, and Golden Ages.\n\n My guru determined by various calculations that the last KALI YUGA or Iron Age, of the Ascending Arc, started about ..\n\n 50.\n\n The Iron Age, 1200 years in duration, is a span of materialism; it ended about ..\n\n 170.\n\n That year ushered in DWAPARA YUGA, a 2400-year period of electrical and atomic-energy developments, the age of telegraph, radio, airplanes, and other space-annihilators.","type":"default","passage":"Outwitting the Stars","commentary":"","meaning":""},{"id":"16","title":"16.16","content":"The 3600-year period of TRETA YUGA will start in ..\n\n 4100; its age will be marked by common knowledge of telepathic communications and other time-annihilators.\n\n During the 4800 years of SATYA YUGA, final age in an ascending arc, the intelligence of a man will be completely developed; he will work in harmony with the divine plan.\n\n A descending arc of 12, 000 years, starting with a descending Golden Age of 4800 years, then begins {FN16-5} for the world; man gradually sinks into ignorance.\n\n These cycles are the eternal rounds of MAYA, the contrasts and relativities of the phenomenal universe.\n\n {FN16-6} Man, one by one, escapes from creation’s prison of duality as he awakens to consciousness of his inseverable divine unity with the Creator.","type":"default","passage":"Outwitting the Stars","commentary":"","meaning":""},{"id":"17","title":"16.17","content":"Master enlarged my understanding not only of astrology but of the world’s scriptures.\n\n Placing the holy texts on the spotless table of his mind, he was able to dissect them with the scalpel of intuitive reasoning, and to separate errors and interpolations of scholars from the truths as originally expressed by the prophets.\n\n “Fix one’s vision on the end of the nose.\n\n” This inaccurate interpretation of a BHAGAVAD GITA stanza, {FN16-7} widely accepted by Eastern pundits and Western translators, used to arouse Master’s droll criticism.\n\n “The path of a yogi is singular enough as it is, ” he remarked.\n\n “Why counsel him that he must also make himself cross-eyed? The true meaning of NASIKAGRAM is ‘origin of the nose, ’ not ‘end of the nose.\n\n’ The nose begins at the point between the two eyebrows, the seat of spiritual vision.\n\n” {FN16-8} Because of one SANKHYA {FN16-9} aphorism, “ISWAR-ASHIDHA, ”-“A Lord of Creation cannot be deduced” or “God is not proved, ” {FN16-10}—many scholars call the whole philosophy atheistic.","type":"default","passage":"Outwitting the Stars","commentary":"","meaning":""},{"id":"18","title":"16.18","content":"“The verse is not nihilistic, ” Sri Yukteswar explained.\n\n “It merely signifies that to the unenlightened man, dependent on his senses for all final judgments, proof of God must remain unknown and therefore non-existent.\n\n True SANKHYA followers, with unshakable insight born of meditation, understand that the Lord is both existent and knowable.\n\n” Master expounded the Christian Bible with a beautiful clarity.\n\n It was from my Hindu guru, unknown to the roll call of Christian membership, that I learned to perceive the deathless essence of the Bible, and to understand the truth in Christ’s assertion-surely the most thrillingly intransigent ever uttered: “Heaven and earth shall pass away, but my words shall not pass away.\n\n” {FN16-11}","type":"default","passage":"Outwitting the Stars","commentary":"","meaning":""},{"id":"19","title":"16.19","content":"The great masters of India mold their lives by the same godly ideals which animated Jesus; these men are his proclaimed kin: “Whosoever shall do the will of my Father which is in heaven, the same is my brother, and sister, and mother.\n\n” {FN16-12} “If ye continue in my word, ” Christ pointed out, “then are ye my disciples indeed; and ye shall know the truth, and the truth shall make you free.\n\n” {FN16-13} Freemen all, lords of themselves, the Yogi-Christs of India are part of the immortal fraternity: those who have attained a liberating knowledge of the One Father.\n\n “The Adam and Eve story is incomprehensible to me!” I observed with considerable heat one day in my early struggles with the allegory.\n\n “Why did God punish not only the guilty pair, but also the innocent unborn generations?”","type":"default","passage":"Outwitting the Stars","commentary":"","meaning":""},{"id":"20","title":"16.20","content":"Master was more amused by my vehemence than my ignorance.\n\n “GENESIS is deeply symbolic, and cannot be grasped by a literal interpretation, ” he explained.\n\n “Its ‘tree of life’ is the human body.\n\n The spinal cord is like an upturned tree, with man’s hair as its roots, and afferent and efferent nerves as branches.\n\n The tree of the nervous system bears many enjoyable fruits, or sensations of sight, sound, smell, taste, and touch.\n\n In these, man may rightfully indulge; but he was forbidden the experience of sex, the ‘apple’ at the center of the bodily garden.\n\n {FN16-14} “The ‘serpent’ represents the coiled-up spinal energy which stimulates the sex nerves.\n\n ‘Adam’ is reason, and ‘Eve’ is feeling.\n\n When the emotion or Eve-consciousness in any human being is overpowered by the sex impulse, his reason or Adam also succumbs.\n\n {FN16-15}","type":"default","passage":"Outwitting the Stars","commentary":"","meaning":""},{"id":"21","title":"16.21","content":"“God created the human species by materializing the bodies of man and woman through the force of His will; He endowed the new species with the power to create children in a similar ‘immaculate’ or divine manner.\n\n {FN16-16} Because His manifestation in the individualized soul had hitherto been limited to animals, instinct-bound and lacking the potentialities of full reason, God made the first human bodies, symbolically called Adam and Eve.\n\n To these, for advantageous upward evolution, He transferred the souls or divine essence of two animals.\n\n {FN16-17} In Adam or man, reason predominated; in Eve or woman, feeling was ascendant.\n\n \n\nThus was expressed the duality or polarity which underlies the phenomenal worlds.\n\n Reason and feeling remain in a heaven of cooperative joy so long as the human mind is not tricked by the serpentine energy of animal propensities.","type":"default","passage":"Outwitting the Stars","commentary":"","meaning":""},{"id":"22","title":"16.22","content":"“The human body was therefore not solely a result of evolution from beasts, but was produced by an act of special creation by God.\n\n The animal forms were too crude to express full divinity; the human being was uniquely given a tremendous mental capacity-the ‘thousand-petaled lotus’ of the brain-as well as acutely awakened occult centers in the sp.\n\n “God, or the Divine Consciousness present within the first created pair, counseled them to enjoy all human sensibilities, but not to put their concentration on touch sensations.\n\n {FN16-18} These were banned in order to avoid the development of the sex organs, which would enmesh humanity in the inferior animal method of propagation.\n\n The warning not to revive subconsciously-present bestial memories was not heeded.\n\n Resuming the way of brute procreation, Adam and Eve fell from the state of heavenly joy natural to the original perfect man.","type":"default","passage":"Outwitting the Stars","commentary":"","meaning":""},{"id":"23","title":"16.23","content":"“Knowledge of ‘good and evil’ refers to the cosmic dualistic compulsion.\n\n Falling under the sway of MAYA through misuse of his feeling and reason, or Eve-and Adam-consciousness, man relinquishes his right to enter the heavenly garden of divine self-sufficiency.\n\n {FN16-19} The personal responsibility of every human being is to restore his ‘parents’ or dual nature to a unified harmony or Eden.\n\n” As Sri Yukteswar ended his discourse, I glanced with new respect at the pages of GENESI.\n\n “Dear Master, ” I said, “for the first time I feel a proper filial obligation toward Adam and Eve!” {FN16-1} From astronomical references in ancient Hindu scriptures, scholars have been able to correctly ascertain the dates of the authors.\n\n The scientific knowledge of the rishis was very great; in the KAUSHITAKI BRAHMANA we find precise astronomical passages which show that in 3100 ..\n\n the Hindus were far advanced in astronomy, which had a practical value in determining the auspicious times for astrological ceremonies.\n\n In an article in EAST-WEST, February, 1934, the following summary is given of the JYOTISH or body of Vedic astronomical treatises: “It contains the scientific lore which kept India at the forefront of all ancient nations and made her the mecca of seekers after knowledge.\n\n The very ancient BRAHMAGUPTA, one of the JYOTISH works, is an astronomical treatise dealing with such matters as the heliocentric motion of the planetary bodies in our solar system, the obliquity of the ecliptic, the earth’s spherical form, the reflected light of the moon, the earth’s daily axial revolution, the presence of fixed stars in the Milky Way, the law of gravitation, and other scientific facts which did not dawn in the Western world until the time of Copernicus and Newton.\n\n”","type":"default","passage":"Outwitting the Stars","commentary":"","meaning":""},{"id":"24","title":"16.24","content":"It is now well-known that the so-called “Arabic numerals, ” without whose symbols advanced mathematics is difficult, came to Europe in the 9th century, via the Arabs, from India, where that system of notation had been anciently formulated.\n\n Further light on India’s vast scientific heritage will be found in . . . Ray’s HISTORY OF HINDU CHEMISTRY, and in . . . Seal’s POSITIVE SCIENCES OF THE ANCIENT HINDU.\n\n {FN16-2} The blessing which flows from the mere sight of a saint.\n\n {FN16-3} One of the girls whom my family selected as a possible bride for me, afterwards married my cousin, Prabhas Chandra Ghose.","type":"default","passage":"Outwitting the Stars","commentary":"","meaning":""},{"id":"25","title":"16.25","content":"{FN16-4} A series of thirteen articles on the historical verification of Sri Yukteswar’s YUGA theory appeared in the magazine EAST-WEST  \n***(Los Angeles)***\n from September, 1932, to September, 193.\n\n {FN16-5} In the year ..\n\n 12, 50.\n\n {FN16-6} The Hindu scriptures place the present world-age as occurring within the KALI YUGA of a much longer universal cycle than the simple 24, 000-year equinoctial cycle with which Sri Yukteswar was concerned.\n\n The universal cycle of the scriptures is 4, 300, 560, 000 years in extent, and measures out a Day of Creation or the length of life assigned to our planetary system in its present form.\n\n This vast figure given by the rishis is based on a relationship between the length of the solar year and a multiple of Pi  \n***(.\n\n1416, the ratio of the circumference to the diameter of a circle)***\n.","type":"default","passage":"Outwitting the Stars","commentary":"","meaning":""},{"id":"26","title":"16.26","content":"The life span for a whole universe, according to the ancient seers, is 314, 159, 000, 000, 000 solar years, or “One Age of Brahma.\n\n” Scientists estimate the present age of the earth to be about two billion years, basing their conclusions on a study of lead pockets left as a result of radioactivity in rocks.\n\n The Hindu scriptures declare that an earth such as ours is dissolved for one of two reasons: the inhabitants as a whole become either completely good or completely evil.\n\n The world-mind thus generates a power which releases the captive atoms held together as an earth.\n\n Dire pronouncements are occasionally published regarding an imminent “end of the world.\n\n” The latest prediction of doom was given by Rev.\n\n Chas.\n\n . Long of Pasadena, who publicly set the “Day of Judgment” for Sept.\n\n 21, 194.\n\n UNITED PRESS reporters asked my opinion; I explained that world cycles follow an orderly progression according to a divine plan.\n\n No earthly dissolution is in sight; two billion years of ascending and descending equinoctial cycles are yet in store for our planet in its present form.\n\n The figures given by the rishis for the various world ages deserve careful study in the West; the magazine TIME  \n***(Dec.\n\n 17, 1945, . 6)***\n called them “reassuring statistics.\n\n”","type":"default","passage":"Outwitting the Stars","commentary":"","meaning":""},{"id":"27","title":"16.27","content":"{FN16-7} chapter VI:1.\n\n {FN16-8} “The light of the body is the eye: therefore when thine eye is single, thy whole body also is full of light; but when thine eye is evil, thy body also is full of darkness.\n\n Take heed therefore that the light which is in thee be not darkness.\n\n”-LUKE 11:34-3.\n\n {FN16-9} One of the six systems of Hindu philosophy.\n\n SANKHYA teaches final emancipation through knowledge of twenty-five principles, starting with PRAKRITI or nature and ending with PURUSHA or soul.\n\n {FN16-10} SANKHYA APHORISMS, I:9.\n\n {FN16-11} MATTHEW 24:3.\n\n {FN16-12} MATTHEW 12:5.\n\n {FN16-13} JOHN 8:31-3.\n\n . John testified: “But as many as received him, to them gave he power to become the sons of God, even to them that believe on his name  \n***(even to them who are established in the Christ Consciousness)***\n.\n\n”-JOHN 1:1.","type":"default","passage":"Outwitting the Stars","commentary":"","meaning":""},{"id":"28","title":"16.28","content":"{FN16-14} “We may eat of the fruit of the trees of the garden: but of the fruit of the tree which is in the midst of the garden, God hath said, Ye shall not eat of it, neither shall ye touch it, lest ye die.\n\n”-GENESIS 3:2-.\n\n {FN16-15} “The woman whom thou gavest to be with me, she gave me of the tree, and I did eat.\n\n The woman said, The serpent beguiled me, and I did eat.\n\n”-GE.\n\n 3:12-1.\n\n {FN16-16} “So God created man in his own image, in the image of God created he him; male and female created he them.\n\n And God blessed them, and God said unto them, Be fruitful and multiply, and replenish the earth, and subdue it.\n\n”-GE.\n\n 1:27-2.","type":"default","passage":"Outwitting the Stars","commentary":"","meaning":""},{"id":"29","title":"16.29","content":"{FN16-17} “And the Lord God formed man of the dust of the ground, and breathed into his nostrils the breath of life; and man became a living soul.\n\n”-GE.\n\n 2:.\n\n {FN16-18} “\n\nNow the serpent  \n***(sex force)***\n was more subtil than any beast of the field”  \n***(any other sense of the body)***\n.\n\n-GE.\n\n 3:.\n\n {FN16-19} “And the Lord God planted a garden eastward in Eden; and there he put the man whom he had formed.\n\n”-GE.\n\n 2:.\n\n “\n\nTherefore the Lord God sent him forth from the garden of Eden, to till the ground from whence he was taken.\n\n”-GE.\n\n 3:2.\n\n The divine man first made by God had his consciousness centered in the omnipotent single eye in the forehead  \n***(eastward)***\n.\n\n The all-creative powers of his will, focused at that spot, were lost to man when he began to “till the ground” of his physical nature.","type":"default","passage":"Outwitting the Stars","commentary":"","meaning":""},{"id":"30","title":"16.30","content":"","type":"default","passage":"Outwitting the Stars","commentary":"","meaning":""}]}