{"id":17,"title":"Sasi and the Three Sapphires","description":"Sasi and the Three Sapphires","sectionCount":16,"tags":null,"contentId":"AoY01","sections":[{"id":"1","title":"17.1","content":"SASI AND THE THREE SAPPHIRES “Because you and my son think so highly of Swami Sri Yukteswar, I will take a look at him.\n\n” The tone of voice used by . Narayan Chunder Roy implied that he was humoring the whim of half-wits.\n\n I concealed my indignation, in the best traditions of the proselyter.\n\n My companion, a veterinary surgeon, was a confirmed agnostic.\n\n His young son Santosh had implored me to take an interest in his father.\n\n So far my invaluable aid had been a bit on the invisible s.\n\n . Roy accompanied me the following day to the Serampore hermitage.\n\n After Master had granted him a brief interview, marked for the most part by stoic silence on both sides, the visitor brusquely departed.","type":"default","passage":"Sasi and the Three Sapphires","commentary":"","meaning":""},{"id":"2","title":"17.2","content":"“Why bring a dead man to the ashram?” Sri Yukteswar looked at me inquiringly as soon as the door had closed on the Calcutta skeptic.\n\n “Sir! The doctor is very much alive!” “But in a short time he will be dead.\n\n” I was shocked.\n\n “Sir, this will be a terrible blow to his son.\n\n Santosh yet hopes for time to change his father’s materialistic views.\n\n I beseech you, Master, to help the man.\n\n” “Very well; for your sake.\n\n” My guru’s face was impass.\n\n “The proud horse doctor is far gone in diabetes, although he does not know it.\n\n In fifteen days he will take to his bed.\n\n The physicians will give him up for lost; his natural time to leave this earth is six weeks from today.\n\n Due to your intercession, however, on that date he will recover.\n\n But there is one condition.\n\n You must get him to wear an astrological bangle; he will doubtless object as violently as one of his horses before an operation!” Master chuckled.","type":"default","passage":"Sasi and the Three Sapphires","commentary":"","meaning":""},{"id":"3","title":"17.3","content":"After a silence, during which I wondered how Santosh and I could best employ the arts of cajolery on the recalcitrant doctor, Sri Yukteswar made further disclosures.\n\n “As soon as the man gets well, advise him not to eat meat.\n\n He will not heed this counsel, however, and in six months, just as he is feeling at his best, he will drop dead.\n\n Even that six-month extension of life is granted him only because of your plea.\n\n” The following day I suggested to Santosh that he order an armlet at the jeweler’s.\n\n It was ready in a week, but . Roy refused to put it on.\n\n “I am in the best of health.\n\n You will never impress me with these astrological superstitions.\n\n” The doctor glanced at me belligerently.","type":"default","passage":"Sasi and the Three Sapphires","commentary":"","meaning":""},{"id":"4","title":"17.4","content":"I recalled with amusement that Master had justifiably compared the man to a balky horse.\n\n Another seven days passed; the doctor, suddenly ill, meekly consented to wear the bangle.\n\n Two weeks later the physician in attendance told me that his patient’s case was hopeless.\n\n He supplied harrowing details of the ravages inflicted by diabetes.\n\n I shook my head.\n\n “My guru has said that, after a sickness lasting one month, . Roy will be well.\n\n” The physician stared at me incredulously.\n\n But he sought me out a fortnight later, with an apologetic air.\n\n “.\n\n Roy has made a complete recovery!” he exclaimed.\n\n “It is the most amazing case in my experience.\n\n Never before have I seen a dying man show such an inexplicable comeback.\n\n Your guru must indeed be a healing prophet!”","type":"default","passage":"Sasi and the Three Sapphires","commentary":"","meaning":""},{"id":"5","title":"17.5","content":"After one interview with . Roy, during which I repeated Sri Yukteswar’s advice about a meatless diet, I did not see the man again for six months.\n\n He stopped for a chat one evening as I sat on the piazza of my family home on Gurpar Road.\n\n “Tell your teacher that by eating meat frequently, I have wholly regained my strength.\n\n His unscientific ideas on diet have not influenced me.\n\n” It was true that . Roy looked a picture of health.\n\n But the next day Santosh came running to me from his home on the next block.\n\n “This morning Father dropped dead!” This case was one of my strangest experiences with Master.\n\n He healed the rebellious veterinary surgeon in spite of his disbelief, and extended the man’s natural term on earth by six months, just because of my earnest supplication.\n\n Sri Yukteswar was boundless in his kindness when confronted by the urgent prayer of a devotee.","type":"default","passage":"Sasi and the Three Sapphires","commentary":"","meaning":""},{"id":"6","title":"17.6","content":"It was my proudest privilege to bring college friends to meet my guru.\n\n Many of them would lay aside-at least in the ashram!-their fashionable academic cloak of religious skepticism.\n\n One of my friends, Sasi, spent a number of happy week ends in Serampore.\n\n Master became immensely fond of the boy, and lamented that his private life was wild and disorderly.\n\n “Sasi, unless you reform, one year hence you will be dangerously ill.\n\n” Sri Yukteswar gazed at my friend with affectionate exasperation.\n\n “Mukunda is the witness: don’t say later that I didn’t warn you.\n\n” Sasi laughed.\n\n “Master, I will leave it to you to interest a sweet charity of cosmos in my own sad case! My spirit is willing but my will is weak.\n\n You are my only savior on earth; I believe in nothing else.\n\n”","type":"default","passage":"Sasi and the Three Sapphires","commentary":"","meaning":""},{"id":"7","title":"17.7","content":"“At least you should wear a two-carat blue sapph.\n\n It will help you.\n\n” “I can’t afford one.\n\n Anyhow, dear guruji, if trouble comes, I fully believe you will protect me.\n\n” “In a year you will bring three sapphires, ” Sri Yukteswar replied cryptically.\n\n “They will be of no use then.\n\n” Variations on this conversation took place regularly.\n\n “I can’t reform!” Sasi would say in comical despair.\n\n “And my trust in you, Master, is more precious to me than any stone!” A year later I was visiting my guru at the Calcutta home of his disciple, Naren Babu.\n\n About ten o’clock in the morning, as Sri Yukteswar and I were sitting quietly in the second-floor parlor, I heard the front door open.\n\n Master straightened stiffly.","type":"default","passage":"Sasi and the Three Sapphires","commentary":"","meaning":""},{"id":"8","title":"17.8","content":"“It is that Sasi, ” he remarked gravely.\n\n “The year is now up; both his lungs are gone.\n\n He has ignored my counsel; tell him I don’t want to see him.\n\n” Half stunned by Sri Yukteswar’s sternness, I raced down the stairway.\n\n Sasi was ascending.\n\n “O Mukunda! I do hope Master is here; I had a hunch he might be.\n\n” “Yes, but he doesn’t wish to be disturbed.\n\n” Sasi burst into tears and brushed past me.\n\n He threw himself at Sri Yukteswar’s feet, placing there three beautiful sapphires.\n\n “Omniscient guru, the doctors say I have galloping tuberculosis! They give me no longer than three more months! I humbly implore your aid; I know you can heal me!”","type":"default","passage":"Sasi and the Three Sapphires","commentary":"","meaning":""},{"id":"9","title":"17.9","content":"“Isn’t it a bit late now to be worrying over your life? Depart with your jewels; their time of usefulness is past.\n\n” Master then sat sphinxlike in an unrelenting silence, punctuated by the boy’s sobs for mercy.\n\n An intuitive conviction came to me that Sri Yukteswar was merely testing the depth of Sasi’s faith in the divine healing power.\n\n I was not surprised a tense hour later when Master turned a sympathetic gaze on my prostrate friend.\n\n “Get up, Sasi; what a commotion you make in other people’s houses! Return your sapphires to the jeweler’s; they are an unnecessary expense now.\n\n But get an astrological bangle and wear it.\n\n Fear not; in a few weeks you shall be well.\n\n”","type":"default","passage":"Sasi and the Three Sapphires","commentary":"","meaning":""},{"id":"10","title":"17.10","content":"Sasi’s smile illumined his tear-marred face like sudden sun over a sodden landscape.\n\n “Beloved guru, shall I take the medicines prescribed by the doctors?” Sri Yukteswar’s glance was longanimous.\n\n “Just as you wish-drink them or discard them; it does not matter.\n\n It is more possible for the sun and moon to interchange their positions than for you to die of tuberculosis.\n\n” He added abruptly, “Go now, before I change my mind!” With an agitated bow, my friend hastily departed.\n\n I visited him several times during the next few weeks, and was aghast to find his condition increasingly worse.\n\n “Sasi cannot last through the night.\n\n” These words from his physician, and the spectacle of my friend, now reduced almost to a skeleton, sent me posthaste to Serampore.\n\n My guru listened coldly to my tearful report.","type":"default","passage":"Sasi and the Three Sapphires","commentary":"","meaning":""},{"id":"11","title":"17.11","content":"“Why do you come here to bother me? You have already heard me assure Sasi of his recovery.\n\n” I bowed before him in great awe, and retreated to the door.\n\n Sri Yukteswar said no parting word, but sank into silence, his unwinking eyes half-open, their vision fled to another world.\n\n I returned at once to Sasi’s home in Calcutta.\n\n With astonishment I found my friend sitting up, drinking milk.\n\n “O Mukunda! What a miracle! Four hours ago I felt Master’s presence in the room; my terrible symptoms immediately disappeared.\n\n I feel that through his grace I am entirely well.\n\n” In a few weeks Sasi was stouter and in better health than ever before.\n\n {FN17-1} But his singular reaction to his healing had an ungrateful tinge: he seldom visited Sri Yukteswar again! My friend told me one day that he so deeply regretted his previous mode of life that he was ashamed to face Master.","type":"default","passage":"Sasi and the Three Sapphires","commentary":"","meaning":""},{"id":"12","title":"17.12","content":"I could only conclude that Sasi’s illness had had the contrasting effect of stiffening his will and impairing his manners.\n\n The first two years of my course at Scottish Church College were drawing to a close.\n\n My classroom attendance had been very spasmodic; what little studying I did was only to keep peace with my family.\n\n My two private tutors came regularly to my house; I was regularly absent: I can discern at least this one regularity in my scholastic career! In India two successful years of college bring an Intermediate Arts diploma; the student may then look forward to another two years and his ..\n\n degree.","type":"default","passage":"Sasi and the Three Sapphires","commentary":"","meaning":""},{"id":"13","title":"17.13","content":"The Intermediate Arts final examinations loomed ominously ahead.\n\n I fled to Puri, where my guru was spending a few weeks.\n\n Vaguely hoping that he would sanction my nonappearance at the finals, I related my embarrassing unpreparedness.\n\n But Master smiled consolingly.\n\n “You have wholeheartedly pursued your spiritual duties, and could not help neglecting your college work.\n\n Apply yourself diligently to your books for the next week: you shall get through your ordeal without failure.\n\n” I returned to Calcutta, firmly suppressing all reasonable doubts that occasionally arose with unnerving ridicule.\n\n Surveying the mountain of books on my table, I felt like a traveler lost in a wilderness.\n\n A long period of meditation brought me a labor-saving inspiration.\n\n Opening each book at random, I studied only those pages which lay thus exposed.\n\n Pursuing this course during eighteen hours a day for a week, I considered myself entitled to advise all succeeding generations on the art of cramming.","type":"default","passage":"Sasi and the Three Sapphires","commentary":"","meaning":""},{"id":"14","title":"17.14","content":"The following days in the examination halls were a justification of my seemingly haphazard procedure.\n\n I passed all the tests, though by a hairbreadth.\n\n The congratulations of my friends and family were ludicrously mixed with ejaculations betraying their astonishment.\n\n On his return from Puri, Sri Yukteswar gave me a pleasant surpr.\n\n “Your Calcutta studies are now over.\n\n I will see that you pursue your last two years of university work right here in Serampore.\n\n” I was puzzled.\n\n “Sir, there is no Bachelor of Arts course in this town.\n\n” Serampore College, the sole institution of higher learning, offered only a two-year course in Intermediate Arts.","type":"default","passage":"Sasi and the Three Sapphires","commentary":"","meaning":""},{"id":"15","title":"17.15","content":"Master smiled mischievously.\n\n “I am too old to go about collecting donations to establish an ..\n\n college for you.\n\n I guess I shall have to arrange the matter through someone else.\n\n” Two months later Professor Howells, president of Serampore College, publicly announced that he had succeeded in raising sufficient funds to offer a four-year course.\n\n Serampore College became a branch affiliation of the University of Calcutta.\n\n I was one of the first students to enroll in Serampore as an ..\n\n candidate.\n\n “Guruji, how kind you are to me! I have been longing to leave Calcutta and be near you every day in Serampore.\n\n Professor Howells does not dream how much he owes to your silent help!”","type":"default","passage":"Sasi and the Three Sapphires","commentary":"","meaning":""},{"id":"16","title":"17.16","content":"Sri Yukteswar gazed at me with mock severity.\n\n “\n\nNow you won’t have to spend so many hours on trains; what a lot of free time for your studies! Perhaps you will become less of a last-minute crammer and more of a scholar.\n\n” But somehow his tone lacked conviction.\n\n {FN17-1} In 1936 I heard from a friend that Sasi was still in excellent health.","type":"default","passage":"Sasi and the Three Sapphires","commentary":"","meaning":""}]}