{"id":18,"title":"A Mohammedan Wonder-Worker (Afzal Khan)","description":"A Mohammedan Wonder-Worker (Afzal Khan)","sectionCount":16,"tags":null,"contentId":"AoY01","sections":[{"id":"1","title":"18.1","content":"A MOHAMMEDAN WONDER-WORKER “Years ago, right in this very room you now occupy, a Mohammedan wonder-worker performed four miracles before me!” Sri Yukteswar made this surprising statement during his first visit to my new quarters.\n\n Immediately after entering Serampore College, I had taken a room in a near-by boardinghouse, called PANTH.\n\n It was an old-fashioned brick mansion, fronting the Ganges.\n\n “Master, what a coincidence! Are these newly decorated walls really ancient with memories?” I looked around my simply furnished room with awakened interest.\n\n “It is a long story.\n\n” My guru smiled reminiscently.\n\n “The name of the FAKIR {FN18-1} was Afzal Khan.\n\n He had acquired his extraordinary powers through a chance encounter with a Hindu yogi.","type":"default","passage":"A Mohammedan Wonder-Worker (Afzal Khan)","commentary":"","meaning":""},{"id":"2","title":"18.2","content":"“‘Son, I am thirsty; fetch me some water.\n\n’ A dust-covered SANNYASI made this request of Afzal one day during his early boyhood in a small village of eastern Beng.\n\n “‘Master, I am a Mohammedan.\n\n How could you, a Hindu, accept a drink from my hands?’ “‘Your truthfulness pleases me, my child.\n\n I do not observe the ostracizing rules of ungodly sectarianism.\n\n Go; bring me water quickly.\n\n’ “Afzal’s reverent obedience was rewarded by a loving glance from the yogi.\n\n “‘You possess good karma from former lives, ’ he observed solemnly.\n\n ‘I am going to teach you a certain yoga method which will give you command over one of the invisible realms.\n\n The great powers that will be yours should be exercised for worthy ends; never employ them selfishly! I perceive, alas! that you have brought over from the past some seeds of destructive tendencies.\n\n Do not allow them to sprout by watering them with fresh evil actions.\n\n The complexity of your previous karma is such that you must use this life to reconcile your yogic accomplishments with the highest humanitarian goals.\n\n’","type":"default","passage":"A Mohammedan Wonder-Worker (Afzal Khan)","commentary":"","meaning":""},{"id":"3","title":"18.3","content":"“After instructing the amazed boy in a complicated technique, the master vanished.\n\n “Afzal faithfully followed his yoga exercise for twenty years.\n\n His miraculous feats began to attract widespread attention.\n\n It seems that he was always accompanied by a disembodied spirit whom he called ‘Hazrat.\n\n’ This invisible entity was able to fulfill the FAKIR’S slightest wish.\n\n “Ignoring his master’s warning, Afzal began to misuse his powers.\n\n Whatever object he touched and then replaced would soon disappear without a trace.\n\n This disconcerting eventuality usually made the Mohammedan an objectionable guest! “He visited large jewelry stores in Calcutta from time to time, representing himself as a possible purchaser.\n\n Any jewel he handled would vanish shortly after he had left the sho.","type":"default","passage":"A Mohammedan Wonder-Worker (Afzal Khan)","commentary":"","meaning":""},{"id":"4","title":"18.4","content":"“Afzal was often surrounded by several hundred students, attracted by the hope of learning his secrets.\n\n The FAKIR occasionally invited them to travel with him.\n\n At the railway station he would manage to touch a roll of tickets.\n\n These he would return to the clerk, remarking: ‘I have changed my mind, and won’t buy them now.\n\n’ But when he boarded the train with his retinue, Afzal would be in possession of the required tickets.\n\n {FN18-2} “These exploits created an indignant uproar; Bengali jewelers and ticket-sellers were succumbing to nervous breakdowns! The police who sought to arrest Afzal found themselves helpless; the FAKIR could remove incriminating evidence merely by saying: ‘Hazrat, take this away.\n\n’”","type":"default","passage":"A Mohammedan Wonder-Worker (Afzal Khan)","commentary":"","meaning":""},{"id":"5","title":"18.5","content":"Sri Yukteswar rose from his seat and walked to the balcony of my room which overlooked the Ganges.\n\n I followed him, eager to hear more of the baffling Mohammedan Raffles.\n\n “This PANTHI house formerly belonged to a friend of m.\n\n He became acquainted with Afzal and asked him here.\n\n My friend also invited about twenty neighbors, including myself.\n\n I was only a youth then, and felt a lively curiosity about the notorious FAKI.\n\n” Master laughed.\n\n “I took the precaution of not wearing anything valuable! Afzal looked me over inquisitively, then remarked: “‘You have powerful hands.\n\n Go downstairs to the garden; get a smooth stone and write your name on it with chalk; then throw the stone as far as possible into the Ganges.\n\n’","type":"default","passage":"A Mohammedan Wonder-Worker (Afzal Khan)","commentary":"","meaning":""},{"id":"6","title":"18.6","content":"“I obeyed.\n\n As soon as the stone had vanished under distant waves, the Mohammedan addressed me again: “‘Fill a pot with Ganges water near the front of this house.\n\n’ “After I had returned with a vessel of water, the FAKIR cried, ‘Hazrat, put the stone in the pot!’ “The stone appeared at once.\n\n I pulled it from the vessel and found my signature as legible as when I had written it.\n\n “Babu, {FN18-3} one of my friends in the room, was wearing a heavy antique gold watch and chain.\n\n The FAKIR examined them with ominous admiration.\n\n Soon they were missing! “‘Afzal, please return my prized heirloom!’ Babu was nearly in tears.","type":"default","passage":"A Mohammedan Wonder-Worker (Afzal Khan)","commentary":"","meaning":""},{"id":"7","title":"18.7","content":"“The Mohammedan was stoically silent for awhile, then said, ‘You have five hundred rupees in an iron safe.\n\n Bring them to me, and I will tell you where to locate your timepiece.\n\n’ “The distraught Babu left immediately for his home.\n\n He came back shortly and handed Afzal the required sum.\n\n “‘Go to the little bridge near your house, ’ the FAKIR instructed Babu.\n\n ‘Call on Hazrat to give you the watch and chain.\n\n’ “Babu rushed away.\n\n On his return, he was wearing a smile of relief and no jewelry whatever.\n\n “‘When I commanded Hazrat as directed, ’ he announced, ‘my watch came tumbling down from the air into my right hand! You may be sure I locked the heirloom in my safe before rejoining the group here!’","type":"default","passage":"A Mohammedan Wonder-Worker (Afzal Khan)","commentary":"","meaning":""},{"id":"8","title":"18.8","content":"“Babu’s friends, witnesses of the comicotragedy of the ransom for a watch, were staring with resentment at Afz.\n\n He now spoke placatingly.\n\n “‘Please name any drink you want; Hazrat will produce it.\n\n’ “A number asked for milk, others for fruit juices.\n\n I was not too much shocked when the unnerved Babu requested whisky! The Mohammedan gave an order; the obliging Hazrat sent sealed containers sailing down the air and thudding to the floor.\n\n Each man found his desired beverage.\n\n “The promise of the fourth spectacular feat of the day was doubtless gratifying to our host: Afzal offered to supply an instantaneous lunch!","type":"default","passage":"A Mohammedan Wonder-Worker (Afzal Khan)","commentary":"","meaning":""},{"id":"9","title":"18.9","content":"“‘Let us order the most expensive dishes, ’ Babu suggested gloomily.\n\n ‘I want an elaborate meal for my five hundred rupees! Everything should be served on gold plates!’ “As soon as each man had expressed his preferences, the FAKIR addressed himself to the inexhaustible Hazrat.\n\n A great rattle ensued; gold platters filled with intricately-prepared curries, hot LUCHIS, and many out-of-season fruits, landed from nowhere at our feet.\n\n All the food was delicious.\n\n After feasting for an hour, we started to leave the room.\n\n A tremendous noise, as though dishes were being piled up, caused us to turn around.\n\n Lo! there was no sign of the glittering plates or the remnants of the me.\n\n”","type":"default","passage":"A Mohammedan Wonder-Worker (Afzal Khan)","commentary":"","meaning":""},{"id":"10","title":"18.10","content":"“Guruji, ” I interrupted, “if Afzal could easily secure such things as gold dishes, why did he covet the property of others?” “The FAKIR was not highly developed spiritually, ” Sri Yukteswar explained.\n\n “His mastery of a certain yoga technique gave him access to an astral plane where any desire is immediately materialized.\n\n Through the agency of an astral being, Hazrat, the Mohammedan could summon the atoms of any object from etheric energy by an act of powerful will.\n\n But such astrally-produced objects are structurally evanescent; they cannot be long retained.\n\n Afzal still yearned for worldly wealth which, though more hardly earned, has a more dependable durability.\n\n”","type":"default","passage":"A Mohammedan Wonder-Worker (Afzal Khan)","commentary":"","meaning":""},{"id":"11","title":"18.11","content":"I laughed.\n\n “It too sometimes vanishes most unaccountably!” “Afzal was not a man of God-realization, ” Master went on.\n\n “Miracles of a permanent and beneficial nature are performed by true saints because they have attuned themselves to the omnipotent Creator.\n\n Afzal was merely an ordinary man with an extraordinary power of penetrating a subtle realm not usually entered by mortals until death.\n\n” “I understand now, Guruji.\n\n The after-world appears to have some charming features.\n\n” Master agreed.\n\n “I never saw Afzal after that day, but a few years later Babu came to my home to show me a newspaper account of the Mohammedan’s public confession.\n\n From it I learned the facts I have just told you about Afzal’s early initiation from a Hindu guru.\n\n”","type":"default","passage":"A Mohammedan Wonder-Worker (Afzal Khan)","commentary":"","meaning":""},{"id":"12","title":"18.12","content":"The gist of the latter part of the published document, as recalled by Sri Yukteswar, was as follows: “I, Afzal Khan, am writing these words as an act of penance and as a warning to those who seek the possession of miraculous powers.\n\n For years I have been misusing the wondrous abilities imparted to me through the grace of God and my master.\n\n I became drunk with egotism, feeling that I was beyond the ordinary laws of morality.\n\n My day of reckoning finally arrived.\n\n “Recently I met an old man on a road outside Calcutta.\n\n He limped along painfully, carrying a shining object which looked like gold.\n\n I addressed him with greed in my heart.","type":"default","passage":"A Mohammedan Wonder-Worker (Afzal Khan)","commentary":"","meaning":""},{"id":"13","title":"18.13","content":"“‘I am Afzal Khan, the great FAKI.\n\n What have you there?’ “‘This ball of gold is my sole material wealth; it can be of no interest to a FAKI.\n\n I implore you, sir, to heal my lim.\n\n’ “I touched the ball and walked away without reply.\n\n The old man hobbled after me.\n\n He soon raised an outcry: ‘My gold is gone!’ “As I paid no attention, he suddenly spoke in a stentorian voice that issued oddly from his frail body: “‘Do you not recognize me?’ “I stood speechless, aghast at the belated discovery that this unimpressive old cripple was none other than the great saint who, long, long ago, had initiated me into yoga.\n\n He straightened himself; his body instantly became strong and youthful.","type":"default","passage":"A Mohammedan Wonder-Worker (Afzal Khan)","commentary":"","meaning":""},{"id":"14","title":"18.14","content":"“‘So!’ My guru’s glance was fiery.\n\n ‘I see with my own eyes that you use your powers, not to help suffering humanity, but to prey on it like a common thief! I withdraw your occult gifts; Hazrat is now freed from you.\n\n No longer shall you be a terror in Bengal!’ “I called on Hazrat in anguished tones; for the first time, he did not appear to my inner sight.\n\n But some dark veil suddenly lifted within me; I saw clearly the blasphemy of my l.\n\n “‘My guru, I thank you for coming to banish my long delusion.\n\n’ I was sobbing at his feet.\n\n ‘I promise to forsake my worldly ambitions.\n\n I will retire to the mountains for lonely meditation on God, hoping to atone for my evil past.\n\n’","type":"default","passage":"A Mohammedan Wonder-Worker (Afzal Khan)","commentary":"","meaning":""},{"id":"15","title":"18.15","content":"“My master regarded me with silent compassion.\n\n ‘I feel your sincerity, ’ he said finally.\n\n ‘Because of your earlier years of strict obedience, and because of your present repentance, I will grant you one boon.\n\n Your other powers are now gone, but whenever food and clothing are needed, you may still call successfully on Hazrat to supply them.\n\n Devote yourself wholeheartedly to divine understanding in the mountain solitudes.\n\n’ “My guru then vanished; I was left to my tears and reflections.\n\n Farewell, world! I go to seek the forgiveness of the Cosmic Beloved.\n\n” {FN18-1} A Moslem yogi; from the Arabic FAQIR, poor; originally applied to dervishes under a vow of poverty.","type":"default","passage":"A Mohammedan Wonder-Worker (Afzal Khan)","commentary":"","meaning":""},{"id":"16","title":"18.16","content":"{FN18-2} My father later told me that his company, the Bengal-Nagpur Railway, had been one of the firms victimized by Afzal Khan.\n\n {FN18-3} I do not recall the name of Sri Yukteswar’s friend, and must refer to him simply as “Babu”  \n***(Mister)***\n.","type":"default","passage":"A Mohammedan Wonder-Worker (Afzal Khan)","commentary":"","meaning":""}]}