{"id":19,"title":"My Guru Appears Simultaneously in Calcutta and Serampore","description":"My Guru Appears Simultaneously in Calcutta and Serampore","sectionCount":9,"tags":null,"contentId":"AoY01","sections":[{"id":"1","title":"19.1","content":"MY MASTER, IN CALCUTTA, APPEARS IN SERAMPORE “I am often beset by atheistic doubts.\n\n Yet a torturing surmise sometimes haunts me: may not untapped soul possibilities exist? Is man not missing his real destiny if he fails to explore them?” These remarks of Dijen Babu, my roommate at the PANTHI boardinghouse, were called forth by my invitation that he meet my guru.\n\n “Sri Yukteswarji will initiate you into KRIYA YOGA, ” I replied.\n\n “It calms the dualistic turmoil by a divine inner certainty.\n\n” That evening Dijen accompanied me to the hermitage.\n\n In Master’s presence my friend received such spiritual peace that he was soon a constant visitor.\n\n The trivial preoccupations of daily life are not enough for man; wisdom too is a native hunger.\n\n In Sri Yukteswar’s words Dijen found an incentive to those attempts-first painful, then effortlessly liberating-to locate a realer self within his bosom than the humiliating ego of a temporary birth, seldom ample enough for the Spirit.","type":"default","passage":"My Guru Appears Simultaneously in Calcutta and Serampore","commentary":"","meaning":""},{"id":"2","title":"19.2","content":"As Dijen and I were both pursuing the ..\n\n course at Serampore College, we got into the habit of walking together to the ashram as soon as classes were over.\n\n We would often see Sri Yukteswar standing on his second-floor balcony, welcoming our approach with a sm.\n\n One afternoon Kanai, a young hermitage resident, met Dijen and me at the door with disappointing news.\n\n “Master is not here; he was summoned to Calcutta by an urgent note.\n\n” The following day I received a post card from my guru.\n\n “I shall leave Calcutta Wednesday morning, ” he had written.\n\n “You and Dijen meet the nine o’clock train at Serampore station.\n\n”","type":"default","passage":"My Guru Appears Simultaneously in Calcutta and Serampore","commentary":"","meaning":""},{"id":"3","title":"19.3","content":"About eight-thirty on Wednesday morning, a telepathic message from Sri Yukteswar flashed insistently to my mind: “I am delayed; don’t meet the nine o’clock train.\n\n” I conveyed the latest instructions to Dijen, who was already dressed for departure.\n\n “You and your intuition!” My friend’s voice was edged in scorn.\n\n “I prefer to trust Master’s written word.\n\n” I shrugged my shoulders and seated myself with quiet finality.\n\n Muttering angrily, Dijen made for the door and closed it noisily behind him.\n\n As the room was rather dark, I moved nearer to the window overlooking the street.\n\n The scant sunlight suddenly increased to an intense brilliancy in which the iron-barred window completely vanished.\n\n Against this dazzling background appeared the clearly materialized figure of Sri Yukteswar!","type":"default","passage":"My Guru Appears Simultaneously in Calcutta and Serampore","commentary":"","meaning":""},{"id":"4","title":"19.4","content":"Bewildered to the point of shock, I rose from my chair and knelt before him.\n\n With my customary gesture of respectful greeting at my guru’s feet, I touched his shoes.\n\n These were a pair familiar to me, of orange-dyed canvas, soled with rope.\n\n His ocher swami cloth brushed against me; I distinctly felt not only the texture of his robe, but also the gritty surface of the shoes, and the pressure of his toes within them.\n\n Too much astounded to utter a word, I stood up and gazed at him questioningly.\n\n “I was pleased that you got my telepathic message.\n\n” Master’s voice was calm, entirely norm.\n\n “I have now finished my business in Calcutta, and shall arrive in Serampore by the ten o’clock train.\n\n”","type":"default","passage":"My Guru Appears Simultaneously in Calcutta and Serampore","commentary":"","meaning":""},{"id":"5","title":"19.5","content":"As I still stared mutely, Sri Yukteswar went on, “This is not an apparition, but my flesh and blood form.\n\n I have been divinely commanded to give you this experience, rare to achieve on earth.\n\n Meet me at the station; you and Dijen will see me coming toward you, dressed as I am now.\n\n I shall be preceded by a fellow passenger-a little boy carrying a silver jug.\n\n” My guru placed both hands on my head, with a murmured blessing.\n\n As he concluded with the words, “TABA ASI, ” {FN19-1} I heard a peculiar rumbling sound.\n\n {FN19-2} His body began to melt gradually within the piercing light.\n\n First his feet and legs vanished, then his torso and head, like a scroll being rolled u.\n\n To the very last, I could feel his fingers resting lightly on my hair.\n\n The effulgence faded; nothing remained before me but the barred window and a pale stream of sunlight.","type":"default","passage":"My Guru Appears Simultaneously in Calcutta and Serampore","commentary":"","meaning":""},{"id":"6","title":"19.6","content":"I remained in a half-stupor of confusion, questioning whether I had not been the victim of a hallucination.\n\n A crestfallen Dijen soon entered the room.\n\n “Master was not on the nine o’clock train, nor even the nine-thirty.\n\n” My friend made his announcement with a slightly apologetic air.\n\n “Come then; I know he will arrive at ten o’clock.\n\n” I took Dijen’s hand and rushed him forcibly along with me, heedless of his protests.\n\n In about ten minutes we entered the station, where the train was already puffing to a halt.\n\n “The whole train is filled with the light of Master’s aura! He is there!” I exclaimed joyfully.","type":"default","passage":"My Guru Appears Simultaneously in Calcutta and Serampore","commentary":"","meaning":""},{"id":"7","title":"19.7","content":"“You dream so?” Dijen laughed mockingly.\n\n “Let us wait here.\n\n” I told my friend details of the way in which our guru would approach us.\n\n As I finished my description, Sri Yukteswar came into view, wearing the same clothes I had seen a short time earlier.\n\n He walked slowly in the wake of a small lad bearing a silver jug.\n\n For a moment a wave of cold fear passed through me, at the unprecedented strangeness of my experience.\n\n I felt the materialistic, twentieth-century world slipping from me; was I back in the ancient days when Jesus appeared before Peter on the sea? As Sri Yukteswar, a modern Yogi-Christ, reached the spot where Dijen and I were speechlessly rooted, Master smiled at my friend and remarked:","type":"default","passage":"My Guru Appears Simultaneously in Calcutta and Serampore","commentary":"","meaning":""},{"id":"8","title":"19.8","content":"“I sent you a message too, but you were unable to grasp it.\n\n” Dijen was silent, but glared at me suspiciously.\n\n After we had escorted our guru to his hermitage, my friend and I proceeded toward Serampore College.\n\n Dijen halted in the street, indignation streaming from his every pore.\n\n “So! Master sent me a message! Yet you concealed it! I demand an explanation!” “Can I help it if your mental mirror oscillates with such restlessness that you cannot register our guru’s instructions?” I retorted.\n\n The anger vanished from Dijen’s face.\n\n “I see what you mean, ” he said ruefully.\n\n “But please explain how you could know about the child with the jug.\n\n”","type":"default","passage":"My Guru Appears Simultaneously in Calcutta and Serampore","commentary":"","meaning":""},{"id":"9","title":"19.9","content":"By the time I had finished the story of Master’s phenomenal appearance at the boardinghouse that morning, my friend and I had reached Serampore College.\n\n “The account I have just heard of our guru’s powers, ” Dijen said, “makes me feel that any university in the world is only a kindergarten.\n\n” {FN19-1} The Bengali “Good-by”; literally, it is a hopeful paradox: “Then I come.\n\n” {FN19-2} The characteristic sound of dematerialization of bodily atoms.","type":"default","passage":"My Guru Appears Simultaneously in Calcutta and Serampore","commentary":"","meaning":""}]}