{"id":2,"title":"Mother’s Death and the Amulet","description":"Mother’s Death and the Amulet","sectionCount":15,"tags":null,"contentId":"AoY01","sections":[{"id":"1","title":"2.1","content":"MY MOTHER’S DEATH AND THE MYSTIC AMULET My mother’s greatest desire was the marriage of my elder brother.\n\n “Ah, when I behold the face of Ananta’s wife, I shall find heaven on this earth!” I frequently heard Mother express in these words her strong Indian sentiment for family continuity.\n\n I was about eleven years old at the time of Ananta’s betroth.\n\n Mother was in Calcutta, joyously supervising the wedding preparations.\n\n Father and I alone remained at our home in Bareilly in northern India, whence Father had been transferred after two years at Lahore.\n\n I had previously witnessed the splendor of nuptial rites for my two elder sisters, Roma and Uma; but for Ananta, as the eldest son, plans were truly elaborate.\n\n Mother was welcoming numerous relatives, daily arriving in Calcutta from distant homes.\n\n She lodged them comfortably in a large, newly acquired house at 50 Amherst Street.\n\n Everything was in readiness-the banquet delicacies, the gay throne on which Brother was to be carried to the home of the bride-to-be, the rows of colorful lights, the mammoth cardboard elephants and camels, the English, Scottish and Indian orchestras, the professional entertainers, the priests for the ancient rituals.","type":"default","passage":"Mother’s Death and the Amulet","commentary":"","meaning":""},{"id":"2","title":"2.2","content":"Father and I, in gala spirits, were planning to join the family in time for the ceremony.\n\n Shortly before the great day, however, I had an ominous vision.\n\n It was in Bareilly on a midnight.\n\n As I slept beside Father on the piazza of our bungalow, I was awakened by a peculiar flutter of the mosquito netting over the bed.\n\n The flimsy curtains parted and I saw the beloved form of my mother.\n\n “Awaken your father!” Her voice was only a whisper.\n\n “Take the first available train, at four o’clock this morning.\n\n Rush to Calcutta if you would see me!” The wraithlike figure vanished.\n\n “Father, Father! Mother is dying!” The terror in my tone aroused him instantly.\n\n I sobbed out the fatal tidings.","type":"default","passage":"Mother’s Death and the Amulet","commentary":"","meaning":""},{"id":"3","title":"2.3","content":"“Never mind that hallucination of yours.\n\n” Father gave his characteristic negation to a new situation.\n\n “Your mother is in excellent health.\n\n If we get any bad news, we shall leave tomorrow.\n\n” “You shall never forgive yourself for not starting now!” Anguish caused me to add bitterly, “Nor shall I ever forgive you!” The melancholy morning came with explicit words: “Mother dangerously ill; marriage postponed; come at once.\n\n” Father and I left distractedly.\n\n One of my uncles met us en route at a transfer point.\n\n A train thundered toward us, looming with telescopic increase.\n\n From my inner tumult, an abrupt determination arose to hurl myself on the railroad tracks.\n\n Already bereft, I felt, of my mother, I could not endure a world suddenly barren to the bone.\n\n I loved Mother as my dearest friend on earth.\n\n Her solacing black eyes had been my surest refuge in the trifling tragedies of childhood.","type":"default","passage":"Mother’s Death and the Amulet","commentary":"","meaning":""},{"id":"4","title":"2.4","content":"“Does she yet live?” I stopped for one last question to my uncle.\n\n “Of course she is alive!” He was not slow to interpret the desperation in my face.\n\n But I scarcely believed him.\n\n When we reached our Calcutta home, it was only to confront the stunning mystery of death.\n\n I collapsed into an almost lifeless state.\n\n Years passed before any reconciliation entered my heart.\n\n Storming the very gates of heaven, my cries at last summoned the Divine Mother.\n\n Her words brought final healing to my suppurating wounds: “It is I who have watched over thee, life after life, in the tenderness of many mothers! See in My gaze the two black eyes, the lost beautiful eyes, thou seekest!”","type":"default","passage":"Mother’s Death and the Amulet","commentary":"","meaning":""},{"id":"5","title":"2.5","content":"Father and I returned to Bareilly soon after the crematory rites for the well-beloved.\n\n Early every morning I made a pathetic memorial—pilgrimage to a large SHEOLI tree which shaded the smooth, green-gold lawn before our bungalow.\n\n In poetical moments, I thought that the white SHEOLI flowers were strewing themselves with a willing devotion over the grassy altar.\n\n Mingling tears with the dew, I often observed a strange other-worldly light emerging from the dawn.\n\n Intense pangs of longing for God assailed me.\n\n I felt powerfully drawn to the Himalayas.\n\n One of my cousins, fresh from a period of travel in the holy hills, visited us in Bareilly.\n\n I listened eagerly to his tales about the high mountain abode of yogis and swamis.\n\n {FN2-1}","type":"default","passage":"Mother’s Death and the Amulet","commentary":"","meaning":""},{"id":"6","title":"2.6","content":"“Let us run away to the Himalayas.\n\n” My suggestion one day to Dwarka Prasad, the young son of our landlord in Bareilly, fell on unsympathetic ears.\n\n He revealed my plan to my elder brother, who had just arrived to see Father.\n\n Instead of laughing lightly over this impractical scheme of a small boy, Ananta made it a definite point to ridicule me.\n\n “Where is your orange robe? You can’t be a swami without that!” But I was inexplicably thrilled by his words.\n\n They brought a clear picture of myself roaming about India as a monk.\n\n Perhaps they awakened memories of a past life; in any case, I began to see with what natural ease I would wear the garb of that anciently-founded monastic order.","type":"default","passage":"Mother’s Death and the Amulet","commentary":"","meaning":""},{"id":"7","title":"2.7","content":"Chatting one morning with Dwarka, I felt a love for God descending with avalanchic force.\n\n My companion was only partly attentive to the ensuing eloquence, but I was wholeheartedly listening to myself.\n\n I fled that afternoon toward Naini Tal in the Himalayan foothills.\n\n Ananta gave determined chase; I was forced to return sadly to Bareilly.\n\n The only pilgrimage permitted me was the customary one at dawn to the SHEOLI tree.\n\n My heart wept for the lost Mothers, human and div.\n\n The rent left in the family fabric by Mother’s death was irreparable.\n\n Father never remarried during his nearly forty remaining years.\n\n Assuming the difficult role of Father-Mother to his little flock, he grew noticeably more tender, more approachable.\n\n With calmness and insight, he solved the various family problems.\n\n After office hours he retired like a hermit to the cell of his room, practicing KRIYA YOGA in a sweet serenity.\n\n Long after Mother’s death, I attempted to engage an English nurse to attend to details that would make my parent’s life more comfortable.\n\n But Father shook his head.","type":"default","passage":"Mother’s Death and the Amulet","commentary":"","meaning":""},{"id":"8","title":"2.8","content":"[Illustration: My Mother, A Disciple of Lahiri Mahasaya—see mother.\n\njpg] “Service to me ended with your mother.\n\n” His eyes were remote with a lifelong devotion.\n\n “I will not accept ministrations from any other woman.\n\n” Fourteen months after Mother’s passing, I learned that she had left me a momentous message.\n\n Ananta was present at her deathbed and had recorded her words.\n\n Although she had asked that the disclosure be made to me in one year, my brother delayed.\n\n He was soon to leave Bareilly for Calcutta, to marry the girl Mother had chosen for him.\n\n {FN2-2} One evening he summoned me to his s.\n\n “Mukunda, I have been reluctant to give you strange tidings.\n\n” Ananta’s tone held a note of resignation.\n\n “My fear was to inflame your desire to leave home.\n\n But in any case you are bristling with divine ardor.\n\n When I captured you recently on your way to the Himalayas, I came to a definite resolve.\n\n I must not further postpone the fulfillment of my solemn prom.\n\n” My brother handed me a small box, and delivered Mother’s message.","type":"default","passage":"Mother’s Death and the Amulet","commentary":"","meaning":""},{"id":"9","title":"2.9","content":"“Let these words be my final blessing, my beloved son Mukunda!” Mother had said.\n\n “The hour is here when I must relate a number of phenomenal events following your birth.\n\n I first knew your destined path when you were but a babe in my arms.\n\n I carried you then to the home of my guru in Benares.\n\n Almost hidden behind a throng of disciples, I could barely see Lahiri Mahasaya as he sat in deep meditation.\n\n “While I patted you, I was praying that the great guru take notice and bestow a blessing.\n\n As my silent devotional demand grew in intensity, he opened his eyes and beckoned me to approach.\n\n The others made a way for me; I bowed at the sacred feet.\n\n My master seated you on his lap, placing his hand on your forehead by way of spiritually baptizing you.","type":"default","passage":"Mother’s Death and the Amulet","commentary":"","meaning":""},{"id":"10","title":"2.10","content":"“‘Little mother, thy son will be a yogi.\n\n As a spiritual engine, he will carry many souls to God’s kingdom.\n\n’ “My heart leaped with joy to find my secret prayer granted by the omniscient guru.\n\n Shortly before your birth, he had told me you would follow his path.\n\n “Later, my son, your vision of the Great Light was known to me and your sister Roma, as from the next room we observed you motionless on the bed.\n\n Your little face was illuminated; your voice rang with iron resolve as you spoke of going to the Himalayas in quest of the Div.\n\n “In these ways, dear son, I came to know that your road lies far from worldly ambitions.\n\n The most singular event in my life brought further confirmation-an event which now impels my deathbed message.","type":"default","passage":"Mother’s Death and the Amulet","commentary":"","meaning":""},{"id":"11","title":"2.11","content":"“It was an interview with a sage in the Punjab.\n\n While our family was living in Lahore, one morning the servant came precipitantly into my room.\n\n “‘Mistress, a strange SADHU {FN2-3} is here.\n\n He insists that he “see the mother of Mukunda.\n\n”’ “These simple words struck a profound chord within me; I went at once to greet the visitor.\n\n Bowing at his feet, I sensed that before me was a true man of God.\n\n “‘Mother, ’ he said, ‘the great masters wish you to know that your stay on earth will not be long.\n\n Your next illness shall prove to be your last.\n\n’ {FN2-4} There was a silence, during which I felt no alarm but only a vibration of great peace.\n\n Finally he addressed me again:","type":"default","passage":"Mother’s Death and the Amulet","commentary":"","meaning":""},{"id":"12","title":"2.12","content":"“‘You are to be the custodian of a certain silver amulet.\n\n I will not give it to you today; to demonstrate the truth in my words, the talisman shall materialize in your hands tomorrow as you meditate.\n\n On your deathbed, you must instruct your eldest son Ananta to keep the amulet for one year and then to hand it over to your second son.\n\n Mukunda will understand the meaning of the talisman from the great ones.\n\n He should receive it about the time he is ready to renounce all worldly hopes and start his vital search for God.\n\n When he has retained the amulet for some years, and when it has served its purpose, it shall vanish.\n\n Even if kept in the most secret spot, it shall return whence it came.\n\n’","type":"default","passage":"Mother’s Death and the Amulet","commentary":"","meaning":""},{"id":"13","title":"2.13","content":"“I proffered alms {FN2-5} to the saint, and bowed before him in great reverence.\n\n Not taking the offering, he departed with a blessing.\n\n The next evening, as I sat with folded hands in meditation, a silver amulet materialized between my palms, even as the SADHU had promised.\n\n It made itself known by a cold, smooth touch.\n\n I have jealously guarded it for more than two years, and now leave it in Ananta’s keeping.\n\n Do not grieve for me, as I shall have been ushered by my great guru into the arms of the Infin.\n\n Farewell, my child; the Cosmic Mother will protect you.\n\n” A blaze of illumination came over me with possession of the amulet; many dormant memories awakened.\n\n The talisman, round and anciently quaint, was covered with Sanskrit characters.\n\n I understood that it came from teachers of past lives, who were invisibly guiding my steps.\n\n A further significance there was, indeed; but one does not reveal fully the heart of an amulet.","type":"default","passage":"Mother’s Death and the Amulet","commentary":"","meaning":""},{"id":"14","title":"2.14","content":"How the talisman finally vanished amidst deeply unhappy circumstances of my life; and how its loss was a herald of my gain of a guru, cannot be told in this chapter.\n\n But the small boy, thwarted in his attempts to reach the Himalayas, daily traveled far on the wings of his amulet.\n\n {FN2-1} Sanskrit root meaning of SWAMI is “he who is one with his Self  \n***(SWA)***\n.\n\n” Applied to a member of the Indian order of monks, the title has the formal respect of “the reverend.\n\n” {FN2-2} The Indian custom, whereby parents choose the life-partner for their child, has resisted the blunt assaults of t.\n\n The percentage is high of happy Indian marriages.","type":"default","passage":"Mother’s Death and the Amulet","commentary":"","meaning":""},{"id":"15","title":"2.15","content":"{FN2-3} An anchorite; one who pursues a SADHANA or path of spiritual discipl.\n\n {FN2-4} When I discovered by these words that Mother had possessed secret knowledge of a short life, I understood for the first time why she had been insistent on hastening the plans for Ananta’s marriage.\n\n Though she died before the wedding, her natural maternal wish had been to witness the rites.\n\n {FN2-5} A customary gesture of respect to SADHU.","type":"default","passage":"Mother’s Death and the Amulet","commentary":"","meaning":""}]}