{"id":20,"title":"We Do Not Visit Kashmir","description":"We Do Not Visit Kashmir","sectionCount":14,"tags":null,"contentId":"AoY01","sections":[{"id":"1","title":"20.1","content":"WE DO NOT VISIT KASHMIR “Father, I want to invite Master and four friends to accompany me to the Himalayan foothills during my summer vacation.\n\n May I have six train passes to Kashmir and enough money to cover our travel expenses?” As I had expected, Father laughed heartily.\n\n “This is the third time you have given me the same cock-and-bull story.\n\n Didn’t you make a similar request last summer, and the year before that? At the last moment, Sri Yukteswarji refuses to go.\n\n” “It is true, Father; I don’t know why my guru will not give me his definite word about Kashmir.\n\n {FN20-1} But if I tell him that I have already secured the passes from you, somehow I think that this time he will consent to make the journey.\n\n”","type":"default","passage":"We Do Not Visit Kashmir","commentary":"","meaning":""},{"id":"2","title":"20.2","content":"Father was unconvinced at the moment, but the following day, after some good-humored gibes, he handed me six passes and a roll of ten-rupee bills.\n\n “I hardly think your theoretical trip needs such practical props, ” he remarked, “but here they are.\n\n” That afternoon I exhibited my booty to Sri Yukteswar.\n\n Though he smiled at my enthusiasm, his words were noncommittal: “I would like to go; we shall see.\n\n” He made no comment when I asked his little hermitage disciple, Kanai, to accompany us.\n\n I also invited three other friends—Rajendra Nath Mitra, Jotin Auddy, and one other boy.\n\n Our date of departure was set for the following Monday.","type":"default","passage":"We Do Not Visit Kashmir","commentary":"","meaning":""},{"id":"3","title":"20.3","content":"On Saturday and Sunday I stayed in Calcutta, where marriage rites for a cousin were being celebrated at my family home.\n\n I arrived in Serampore with my luggage early Monday morning.\n\n Rajendra met me at the hermitage door.\n\n “Master is out, walking.\n\n He has refused to go.\n\n” I was equally grieved and obdurate.\n\n “I will not give Father a third chance to ridicule my chimerical plans for Kashmir.\n\n Come; the rest of us will go anyhow.\n\n” Rajendra agreed; I left the ashram to find a servant.\n\n Kanai, I knew, would not take the trip without Master, and someone was needed to look after the luggage.\n\n I bethought myself of Behari, previously a servant in my family home, who was now employed by a Serampore schoolmaster.\n\n As I walked along briskly, I met my guru in front of the Christian church near Serampore Courthouse.","type":"default","passage":"We Do Not Visit Kashmir","commentary":"","meaning":""},{"id":"4","title":"20.4","content":"“Where are you going?” Sri Yukteswar’s face was unsmiling.\n\n “Sir, I hear that you and Kanai will not take the trip we have been planning.\n\n I am seeking Behari.\n\n You will recall that last year he was so anxious to see Kashmir that he even offered to serve without pay.\n\n” “I remember.\n\n Nevertheless, I don’t think Behari will be willing to go.\n\n” I was exasperated.\n\n “He is just eagerly waiting for this opportunity!” My guru silently resumed his walk; I soon reached the schoolmaster’s house.\n\n Behari, in the courtyard, greeted me with a friendly warmth that abruptly vanished as soon as I mentioned Kashmir.\n\n With a murmured word of apology, the servant left me and entered his employer’s house.\n\n I waited half an hour, nervously assuring myself that Behari’s delay was being caused by preparations for his tri.\n\n Finally I knocked at the front door.","type":"default","passage":"We Do Not Visit Kashmir","commentary":"","meaning":""},{"id":"5","title":"20.5","content":"“Behari left by the back stairs about thirty minutes ago, ” a man informed me.\n\n A slight smile hovered about his lips.\n\n I departed sadly, wondering whether my invitation had been too coercive or whether Master’s unseen influence were at work.\n\n Passing the Christian church, again I saw my guru walking slowly toward me.\n\n Without waiting to hear my report, he exclaimed: “So Behari would not go! \n\nNow, what are your plans?” I felt like a recalcitrant child who is determined to defy his masterful father.\n\n “Sir, I am going to ask my uncle to lend me his servant, Lal Dhari.\n\n” “See your uncle if you want to, ” Sri Yukteswar replied with a chuckle.\n\n “But I hardly think you will enjoy the visit.\n\n”","type":"default","passage":"We Do Not Visit Kashmir","commentary":"","meaning":""},{"id":"6","title":"20.6","content":"Apprehensive but rebellious, I left my guru and entered Serampore Courthouse.\n\n My paternal uncle, Sarada Ghosh, a government attorney, welcomed me affectionately.\n\n “I am leaving today with some friends for Kashmir, ” I told him.\n\n “For years I have been looking forward to this Himalayan tri.\n\n” “I am happy for you, Mukunda.\n\n Is there anything I can do to make your journey more comfortable?” These kind words gave me a lift of encouragement.\n\n “Dear uncle, ” I said, “could you possibly spare me your servant, Lal Dhari?” My simple request had the effect of an earthquake.\n\n Uncle jumped so violently that his chair overturned, the papers on the desk flew in every direction, and his pipe, a long, coconut-stemmed hubble-bubble, fell to the floor with a great clatter.","type":"default","passage":"We Do Not Visit Kashmir","commentary":"","meaning":""},{"id":"7","title":"20.7","content":"“You selfish young man, ” he shouted, quivering with wrath, “what a preposterous idea! Who will look after me, if you take my servant on one of your pleasure jaunts?” I concealed my surprise, reflecting that my amiable uncle’s sudden change of front was only one more enigma in a day fully devoted to incomprehensibility.\n\n My retreat from the courthouse office was more alacritous than dignified.\n\n I returned to the hermitage, where my friends were expectantly gathered.\n\n Conviction was growing on me that some sufficient if exceedingly recondite motive was behind Master’s attitude.\n\n Remorse seized me that I had been trying to thwart my guru’s will.","type":"default","passage":"We Do Not Visit Kashmir","commentary":"","meaning":""},{"id":"8","title":"20.8","content":"“Mukunda, wouldn’t you like to stay awhile longer with me?” Sri Yukteswar inquired.\n\n “Rajendra and the others can go ahead now, and wait for you at Calcutta.\n\n There will be plenty of time to catch the last evening train leaving Calcutta for Kashmir.\n\n” “Sir, I don’t care to go without you, ” I said mournfully.\n\n My friends paid not the slightest attention to my remark.\n\n They summoned a hackney carriage and departed with all the luggage.\n\n Kanai and I sat quietly at our guru’s feet.\n\n After a half hour of complete silence, Master rose and walked toward the second-floor dining patio.\n\n “Kanai, please serve Mukunda’s food.\n\n His train leaves soon.\n\n”","type":"default","passage":"We Do Not Visit Kashmir","commentary":"","meaning":""},{"id":"9","title":"20.9","content":"Getting up from my blanket seat, I staggered suddenly with nausea and a ghastly churning sensation in my stomach.\n\n The stabbing pain was so intense that I felt I had been abruptly hurled into some violent hell.\n\n Groping blindly toward my guru, I collapsed before him, attacked by all symptoms of the dread Asiatic cholera.\n\n Sri Yukteswar and Kanai carried me to the sitting room.\n\n Racked with agony, I cried, “Master, I surrender my life to you;” for I believed it was indeed fast ebbing from the shores of my body.\n\n Sri Yukteswar put my head on his lap, stroking my forehead with angelic tenderness.\n\n “You see now what would have happened if you were at the station with your friends, ” he said.\n\n “I had to look after you in this strange way, because you chose to doubt my judgment about taking the trip at this particular t.\n\n”","type":"default","passage":"We Do Not Visit Kashmir","commentary":"","meaning":""},{"id":"10","title":"20.10","content":"I understood at last.\n\n Inasmuch as great masters seldom see fit to display their powers openly, a casual observer of the day’s events would have imagined that their sequence was quite natur.\n\n My guru’s intervention had been too subtle to be suspected.\n\n He had worked his will through Behari and my Uncle Sarada and Rajendra and the others in such an inconspicuous manner that probably everyone but myself thought the situations had been logically norm.\n\n As Sri Yukteswar never failed to observe his social obligations, he instructed Kanai to go for a specialist, and to notify my uncle.\n\n “Master, ” I protested, “only you can heal me.\n\n I am too far gone for any doctor.\n\n”","type":"default","passage":"We Do Not Visit Kashmir","commentary":"","meaning":""},{"id":"11","title":"20.11","content":"“Child, you are protected by the Divine Mercy.\n\n Don’t worry about the doctor; he will not find you in this state.\n\n You are already healed.\n\n” With my guru’s words, the excruciating suffering left me.\n\n I sat up feebly.\n\n A doctor soon arrived and examined me carefully.\n\n “You appear to have passed through the worst, ” he said.\n\n “I will take some specimens with me for laboratory tests.\n\n” The following morning the physician arrived hurriedly.\n\n I was sitting up, in good spirits.\n\n “Well, well, here you are, smiling and chatting as though you had had no close call with death.\n\n” He patted my hand gently.\n\n “I hardly expected to find you alive, after I had discovered from the specimens that your disease was Asiatic cholera.\n\n You are fortunate, young man, to have a guru with divine healing powers! I am convinced of it!”","type":"default","passage":"We Do Not Visit Kashmir","commentary":"","meaning":""},{"id":"12","title":"20.12","content":"I agreed wholeheartedly.\n\n As the doctor was preparing to leave, Rajendra and Auddy appeared at the door.\n\n The resentment in their faces changed into sympathy as they glanced at the physician and then at my somewhat wan countenance.\n\n “We were angry when you didn’t turn up as agreed at the Calcutta train.\n\n You have been sick?” “Yes.\n\n” I could not help laughing as my friends placed the luggage in the same corner it had occupied yesterday.\n\n I quoted: “There was a ship that went to Spain; when it arrived, it came back again!” Master entered the room.\n\n I permitted myself a convalescent’s liberty, and captured his hand lovingly.","type":"default","passage":"We Do Not Visit Kashmir","commentary":"","meaning":""},{"id":"13","title":"20.13","content":"“Guruji, ” I said, “from my twelfth year on, I have made many unsuccessful attempts to reach the Himalayas.\n\n I am finally convinced that without your blessings the Goddess Parvati {FN20-2} will not receive me!” {FN20-1} Although Master failed to make any explanation, his reluctance to visit Kashmir during those two summers may have been a foreknowledge that the time was not ripe for his illness there  \n***(see chapter 22)***\n.\n\n {FN20-2} Literally, “of the mountains.\n\n” Parvati, mythologically represented as a daughter of Himavat or the sacred mountains, is a name given to the SHAKTI or “consort” of Shiva.","type":"default","passage":"We Do Not Visit Kashmir","commentary":"","meaning":""},{"id":"14","title":"20.14","content":"","type":"default","passage":"We Do Not Visit Kashmir","commentary":"","meaning":""}]}