{"id":21,"title":"We Visit Kashmir","description":"We Visit Kashmir","sectionCount":24,"tags":null,"contentId":"AoY01","sections":[{"id":"1","title":"21.1","content":"WE VISIT KASHMIR “You are strong enough now to travel.\n\n I will accompany you to Kashmir, ” Sri Yukteswar informed me two days after my miraculous recovery from Asiatic cholera.\n\n That evening our party of six entrained for the north.\n\n Our first leisurely stop was at Simla, a queenly city resting on the throne of Himalayan hills.\n\n We strolled over the steep streets, admiring the magnificent views.\n\n “English strawberries for sale, ” cried an old woman, squatting in a picturesque open market place.\n\n Master was curious about the strange little red fruits.\n\n He bought a basketful and offered it to Kanai and myself, who were near-by.\n\n I tasted one berry but spat it hastily on the ground.","type":"default","passage":"We Visit Kashmir","commentary":"","meaning":""},{"id":"2","title":"21.2","content":"“Sir, what a sour fruit! I could never like strawberries!” My guru laughed.\n\n “Oh, you will like them-in America.\n\n At a dinner there, your hostess will serve them with sugar and cream.\n\n After she has mashed the berries with a fork, you will taste them and say: ‘What delicious strawberries!’ Then you will remember this day in Simla.\n\n” Sri Yukteswar’s forecast vanished from my mind, but reappeared there many years later, shortly after my arrival in America.\n\n I was a dinner guest at the home of . Alice . Hasey  \n***(Sister Yogmata)***\n in West Somerville, Massachusetts.\n\n When a dessert of strawberries was put on the table, my hostess picked up her fork and mashed my berries, adding cream and sugar.\n\n “The fruit is rather tart; I think you will like it fixed this way, ” she remarked.","type":"default","passage":"We Visit Kashmir","commentary":"","meaning":""},{"id":"3","title":"21.3","content":"I took a mouthful.\n\n “What delicious strawberries!” I exclaimed.\n\n At once my guru’s prediction in Simla emerged from the fathomless cave of memory.\n\n It was staggering to realize that long ago Sri Yukteswar’s God-tuned mind had sensitively detected the program of karmic events wandering in the ether of futurity.\n\n Our party soon left Simla and entrained for Rawalpindi.\n\n There we hired a large landau, drawn by two horses, in which we started a seven-day trip to Srinagar, capital city of Kashmir.\n\n The second day of our northbound journey brought into view the true Himalayan vastness.\n\n As the iron wheels of our carriage creaked along the hot, stony roads, we were enraptured with changing vistas of mountainous grandeur.","type":"default","passage":"We Visit Kashmir","commentary":"","meaning":""},{"id":"4","title":"21.4","content":"“Sir, ” Auddy said to Master, “I am greatly enjoying these glorious scenes in your holy company.\n\n” I felt a throb of pleasure at Auddy’s appreciation, for I was acting as host on this tri.\n\n Sri Yukteswar caught my thought; he turned to me and whispered: “Don’t flatter yourself; Auddy is not nearly as entranced with the scenery as he is with the prospect of leaving us long enough to have a cigaret.\n\n” I was shocked.\n\n “Sir, ” I said in an undertone, “please do not break our harmony by these unpleasant words.\n\n I can hardly believe that Auddy is hankering for a smoke.\n\n” {FN21-1} I looked apprehensively at my usually irrepressible guru.","type":"default","passage":"We Visit Kashmir","commentary":"","meaning":""},{"id":"5","title":"21.5","content":"“Very well; I won’t say anything to Auddy.\n\n” Master chuckled.\n\n “But you will soon see, when the landau halts, that Auddy is quick to seize his opportunity.\n\n” The carriage arrived at a small caravanserai.\n\n As our horses were led to be watered, Auddy inquired, “Sir, do you mind if I ride awhile with the driver? I would like to get a little outside air.\n\n” Sri Yukteswar gave permission, but remarked to me, “He wants fresh smoke and not fresh air.\n\n” The landau resumed its noisy progress over the dusty roads.\n\n Master’s eyes were twinkling; he instructed me, “Crane up your neck through the carriage door and see what Auddy is doing with the air.\n\n”","type":"default","passage":"We Visit Kashmir","commentary":"","meaning":""},{"id":"6","title":"21.6","content":"I obeyed, and was astounded to observe Auddy in the act of exhaling rings of cigaret smoke.\n\n My glance toward Sri Yukteswar was apologetic.\n\n “You are right, as always, sir.\n\n Auddy is enjoying a puff along with a panorama.\n\n” I surmised that my friend had received a gift from the cab driver; I knew Auddy had not carried any cigarets from Calcutta.\n\n We continued on the labyrinthine way, adorned by views of rivers, valleys, precipitous crags, and multitudinous mountain tiers.\n\n Every night we stopped at rustic inns, and prepared our own food.\n\n Sri Yukteswar took special care of my diet, insisting that I have lime juice at all meals.\n\n I was still weak, but daily improving, though the rattling carriage was strictly designed for discomfort.","type":"default","passage":"We Visit Kashmir","commentary":"","meaning":""},{"id":"7","title":"21.7","content":"Joyous anticipations filled our hearts as we neared central Kashmir, paradise land of lotus lakes, floating gardens, gaily canopied houseboats, the many-bridged Jhelum River, and flower-strewn pastures, all ringed round by the Himalayan majesty.\n\n Our approach to Srinagar was through an avenue of tall, welcoming trees.\n\n We engaged rooms at a double-storied inn overlooking the noble hills.\n\n No running water was available; we drew our supply from a near-by well.\n\n The summer weather was ideal, with warm days and slightly cold nights.\n\n We made a pilgrimage to the ancient Srinagar temple of Swami Shankara.\n\n As I gazed upon the mountain-peak hermitage, standing bold against the sky, I fell into an ecstatic trance.\n\n A vision appeared of a hilltop mansion in a distant land.\n\n The lofty Shankara ashram before me was transformed into the structure where, years later, I established the Self-Realization Fellowship headquarters in America.\n\n When I first visited Los Angeles, and saw the large building on the crest of Mount Washington, I recognized it at once from my long-past visions in Kashmir and elsewhere.","type":"default","passage":"We Visit Kashmir","commentary":"","meaning":""},{"id":"8","title":"21.8","content":"A few days at Srinagar; then on to Gulmarg  \n***(“mountain paths of flowers”)***\n, elevated by six thousand feet.\n\n There I had my first ride on a large horse.\n\n Rajendra mounted a small trotter, whose heart was fired with ambition for speed.\n\n We ventured onto the very steep Khilanmarg; the path led through a dense forest, abounding in tree-mushrooms, where the mist-shrouded trails were often precarious.\n\n But Rajendra’s little animal never permitted my oversized steed a moment’s rest, even at the most perilous turns.\n\n On, on, untiringly came Rajendra’s horse, oblivious to all but the joy of competition.\n\n Our strenuous race was rewarded by a breath-taking view.\n\n For the first time in this life, I gazed in all directions at sublime snow-capped Himalayas, lying tier upon tier like silhouettes of huge polar bears.\n\n My eyes feasted exultingly on endless reaches of icy mountains against sunny blue skies.","type":"default","passage":"We Visit Kashmir","commentary":"","meaning":""},{"id":"9","title":"21.9","content":"I rolled merrily with my young companions, all wearing overcoats, on the sparkling white slopes.\n\n On our downward trip we saw afar a vast carpet of yellow flowers, wholly transfiguring the bleak hills.\n\n Our next excursions were to the famous royal “pleasure gardens” of the Emperor Jehangir, at Shalimar and Nishat Bagh.\n\n The ancient palace at Nishat Bagh is built directly over a natural waterfall.\n\n Rushing down from the mountains, the torrent has been regulated through ingenious contrivances to flow over colorful terraces and to gush into fountains amidst the dazzling flower-beds.\n\n The stream also enters several of the palace rooms, ultimately dropping fairy like into the lake below.\n\n The immense gardens are riotous with color—roses of a dozen hues, snapdragons, lavender, pansies, poppies.\n\n An emerald enclosing outline is given by symmetrical rows of CHINARS, {FN21-2} cypresses, cherry trees; beyond them tower the white austerities of the Himalayas.","type":"default","passage":"We Visit Kashmir","commentary":"","meaning":""},{"id":"10","title":"21.10","content":"Kashmir grapes are considered a rare delicacy in Calcutta.\n\n Rajendra, who had been promising himself a veritable feast on reaching Kashmir, was disappointed to find there no large vineyards.\n\n \n\nNow and then I chaffed him jocosely over his baseless anticipation.\n\n “Oh, I have become so much gorged with grapes I can’t walk!” I would say.\n\n “The invisible grapes are brewing within me!” Later I heard that sweet grapes grow abundantly in Kabul, west of Kashmir.\n\n We consoled ourselves with ice cream made of RABRI, a heavily condensed milk, and flavored with whole pistachio nuts.\n\n We took several trips in the SHIKARAS or houseboats, shaded by red-embroidered canopies, coursing along the intricate channels of Dal Lake, a network of canals like a watery spider web.\n\n Here the numerous floating gardens, crudely improvised with logs and earth, strike one with amazement, so incongruous is the first sight of vegetables and melons growing in the midst of vast waters.\n\n Occasionally one sees a peasant, disdaining to be “rooted to the soil, ” towing his square plot of “land” to a new location in the many-fingered lake.","type":"default","passage":"We Visit Kashmir","commentary":"","meaning":""},{"id":"11","title":"21.11","content":"In this storied vale one finds an epitome of all the earth’s beauties.\n\n The Lady of Kashmir is mountain-crowned, lake-garlanded, and flower-shod.\n\n In later years, after I had toured many distant lands, I understood why Kashmir is often called the world’s most scenic spot.\n\n It possesses some of the charms of the Swiss Alps, and of Loch Lomond in Scotland, and of the exquisite English lakes.\n\n An American traveler in Kashmir finds much to remind him of the rugged grandeur of Alaska and of Pikes Peak near Denver.\n\n As entries in a scenic beauty contest, I offer for first prize either the gorgeous view of Xochimilco in Mexico, where mountains, skies, and poplars reflect themselves in myriad lanes of water amidst the playful fish, or the jewel-like lakes of Kashmir, guarded like beautiful maidens by the stern surveillance of the Himalayas.\n\n These two places stand out in my memory as the loveliest spots on earth.","type":"default","passage":"We Visit Kashmir","commentary":"","meaning":""},{"id":"12","title":"21.12","content":"Yet I was awed also when I first beheld the wonders of Yellowstone National Park and of the Grand Canyon of the Colorado, and of Alaska.\n\n Yellowstone Park is perhaps the only region where one can see innumerable geysers shooting high into the air, performing year after year with clockwork regularity.\n\n Its opal and sapphire pools and hot sulphurous springs, its bears and wild creatures, remind one that here Nature left a specimen of her earliest creation.\n\n Motoring along the roads of Wyoming to the “Devil’s Paint Pot” of hot bubbling mud, with gurgling springs, vaporous fountains, and spouting geysers in all directions, I was disposed to say that Yellowstone deserves a special prize for uniqueness.","type":"default","passage":"We Visit Kashmir","commentary":"","meaning":""},{"id":"13","title":"21.13","content":"The ancient majestic redwoods of Yosemite, stretching their huge columns far into the unfathomable sky, are green natural cathedrals designed with skill div.\n\n Though there are wonderful falls in the Orient, none match the torrential beauty of Niagara near the Canadian border.\n\n The Mammoth Caves of Kentucky and the Carlsbad Caverns in New Mexico, with colorful iciclelike formations, are stunning fairylands.\n\n Their long needles of stalactite spires, hanging from cave ceilings and mirrored in underground waters, present a glimpse of other worlds as fancied by man.\n\n Most of the Hindus of Kashmir, world-famed for their beauty, are as white as Europeans and have similar features and bone structure; many have blue eyes and blonde hair.\n\n Dressed in Western clothes, they look like Americans.\n\n The cold Himalayas protect the Kashmiris from the sultry sun and preserve their light complexions.\n\n As one travels to the southern and tropical latitudes of India, he finds progressively that the people become darker and darker.","type":"default","passage":"We Visit Kashmir","commentary":"","meaning":""},{"id":"14","title":"21.14","content":"After spending happy weeks in Kashmir, I was forced to return to Bengal for the fall term of Serampore College.\n\n Sri Yukteswar remained in Srinagar, with Kanai and Auddy.\n\n Before I departed, Master hinted that his body would be subject to suffering in Kashmir.\n\n “Sir, you look a picture of health, ” I protested.\n\n “There is a chance that I may even leave this earth.\n\n” “Guruji!” I fell at his feet with an imploring gesture.\n\n “Please promise that you won’t leave your body now.\n\n I am utterly unprepared to carry on without you.\n\n” Sri Yukteswar was silent, but smiled at me so compassionately that I felt reassured.\n\n Reluctantly I left him.","type":"default","passage":"We Visit Kashmir","commentary":"","meaning":""},{"id":"15","title":"21.15","content":"“Master dangerously ill.\n\n” This telegram from Auddy reached me shortly after my return to Serampore.\n\n “Sir, ” I wired my guru frantically, “I asked for your promise not to leave me.\n\n Please keep your body; otherwise, I also shall die.\n\n” “Be it as you wish.\n\n” This was Sri Yukteswar’s reply from Kashmir.\n\n A letter from Auddy arrived in a few days, informing me that Master had recovered.\n\n On his return to Serampore during the next fortnight, I was grieved to find my guru’s body reduced to half its usual weight.\n\n Fortunately for his disciples, Sri Yukteswar burned many of their sins in the fire of his severe fever in Kashmir.\n\n The metaphysical method of physical transfer of disease is known to highly advanced yogis.\n\n A strong man can assist a weaker one by helping to carry his heavy load; a spiritual superman is able to minimize his disciples’ physical or mental burdens by sharing the karma of their past actions.\n\n Just as a rich man loses some money when he pays off a large debt for his prodigal son, who is thus saved from dire consequences of his own folly, so a master willingly sacrifices a portion of his bodily wealth to lighten the misery of disciples.\n\n {FN21-3}","type":"default","passage":"We Visit Kashmir","commentary":"","meaning":""},{"id":"16","title":"21.16","content":"By a secret method, the yogi unites his mind and astral vehicle with those of a suffering individual; the disease is conveyed, wholly or in part, to the saint’s body.\n\n Having harvested God on the physical field, a master no longer cares what happens to that material form.\n\n Though he may allow it to register a certain disease in order to relieve others, his mind is never affected; he considers himself fortunate in being able to render such aid.\n\n The devotee who has achieved final salvation in the Lord finds that his body has completely fulfilled its purpose; he can then use it in any way he deems fit.\n\n His work in the world is to alleviate the sorrows of mankind, whether through spiritual means or by intellectual counsel or through will power or by the physical transfer of disease.\n\n Escaping to the superconsciousness whenever he so desires, a master can remain oblivious of physical suffering; sometimes he chooses to bear bodily pain stoically, as an example to disciples.\n\n By putting on the ailments of others, a yogi can satisfy, for them, the karmic law of cause and effect.\n\n This law is mechanically or mathematically operative; its workings can be scientifically manipulated by men of divine wisdom.","type":"default","passage":"We Visit Kashmir","commentary":"","meaning":""},{"id":"17","title":"21.17","content":"The spiritual law does not require a master to become ill whenever he heals another person.\n\n Healings ordinarily take place through the saint’s knowledge of various methods of instantaneous cure in which no hurt to the spiritual healer is involved.\n\n On rare occasions, however, a master who wishes to greatly quicken his disciples’ evolution may then voluntarily work out on his own body a large measure of their undesirable karma.\n\n Jesus signified himself as a ransom for the sins of many.\n\n With his divine powers, {FN21-4} his body could never have been subjected to death by crucifixion if he had not willingly cooperated with the subtle cosmic law of cause and effect.\n\n He thus took on himself the consequences of others’ karma, especially that of his disciples.\n\n In this manner they were highly purified and made fit to receive the omnipresent consciousness which later descended on them.","type":"default","passage":"We Visit Kashmir","commentary":"","meaning":""},{"id":"18","title":"21.18","content":"Only a self-realized master can transfer his life force, or convey into his own body the diseases of others.\n\n An ordinary man cannot employ this yogic method of cure, nor is it desirable that he should do so; for an unsound physical instrument is a hindrance to God—meditation.\n\n The Hindu scriptures teach that the first duty of man is to keep his body in good condition; otherwise his mind is unable to remain fixed in devotional concentration.\n\n A very strong mind, however, can transcend all physical difficulties and attain to God-realization.\n\n Many saints have ignored illness and succeeded in their divine quest.\n\n . Francis of Assisi, severely afflicted with ailments, healed others and even raised the dead.","type":"default","passage":"We Visit Kashmir","commentary":"","meaning":""},{"id":"19","title":"21.19","content":"I knew an Indian saint, half of whose body was once festering with sores.\n\n His diabetic condition was so acute that under ordinary conditions he could not sit still at one time for more than fifteen minutes.\n\n But his spiritual aspiration was undeterrable.\n\n “Lord, ” he prayed, “wilt Thou come into my broken temple?” With ceaseless command of will, the saint gradually became able to sit daily in the lotus posture for eighteen continuous hours, engrossed in the ecstatic trance.\n\n “And, ” he told me, “at the end of three years, I found the Infinite Light blazing within my shattered form.\n\n Rejoicing in the joyful splendour, I forgot the body.\n\n Later I saw that it had become whole through the Divine Mercy.\n\n”","type":"default","passage":"We Visit Kashmir","commentary":"","meaning":""},{"id":"20","title":"21.20","content":"A historical healing incident concerns King Baber  \n***(1483-1530)***\n, founder of the Mogul empire in India.\n\n His son, Prince Humayun, was mortally ill.\n\n The father prayed with anguished determination that he receive the sickness, and that his son be spared.\n\n After all physicians had given up hope, Humayun recovered.\n\n Baber immediately fell sick and died of the same disease which had stricken his son.\n\n Humayun succeeded Baber as Emperor of Hindustan.\n\n Many people imagine that every spiritual master has, or should have, the health and strength of a Sandow.\n\n The assumption is unfounded.\n\n A sickly body does not indicate that a guru is not in touch with divine powers, any more than lifelong health necessarily indicates an inner illumination.\n\n The condition of the physical body, in other words, cannot rightfully be made a test of a master.\n\n His distinguishing qualifications must be sought in his own domain, the spiritu.","type":"default","passage":"We Visit Kashmir","commentary":"","meaning":""},{"id":"21","title":"21.21","content":"Numerous bewildered seekers in the West erroneously think that an eloquent speaker or writer on metaphysics must be a master.\n\n The rishis, however, have pointed out that the acid test of a master is a man’s ability to enter at will the breathless state, and to maintain the unbroken SAMADHI of NIRBIKALP.\n\n {FN21-5} Only by these achievements can a human being prove that he has “mastered” MAYA or the dualistic Cosmic Delusion.\n\n He alone can say from the depths of realization: “EKAM SAT, ”-“Only One exists.\n\n” “The VEDAS declare that the ignorant man who rests content with making the slightest distinction between the individual soul and the Supreme Self is exposed to danger, ” Shankara the great monist has written.\n\n “Where there is duality by virtue of ignorance, one sees all things as distinct from the Self.\n\n When everything is seen as the Self, then there is not even an atom other than the Self.\n\n . . .","type":"default","passage":"We Visit Kashmir","commentary":"","meaning":""},{"id":"22","title":"21.22","content":"“As soon as the knowledge of the Reality has sprung up, there can be no fruits of past actions to be experienced, owing to the unreality of the body, in the same way as there can be no dream after waking.\n\n” Only great gurus are able to assume the karma of disciples.\n\n Sri Yukteswar would not have suffered in Kashmir unless he had received permission from the Spirit within him to help his disciples in that strange way.\n\n Few saints were ever more sensitively equipped with wisdom to carry out divine commands than my God-tuned Master.\n\n When I ventured a few words of sympathy over his emaciated figure, my guru said gaily:","type":"default","passage":"We Visit Kashmir","commentary":"","meaning":""},{"id":"23","title":"21.23","content":"“It has its good points; I am able now to get into some small GANJIS  \n***(undershirts)***\n that I haven’t worn in years!” Listening to Master’s jovial laugh, I remembered the words of . Francis de Sales: “A saint that is sad is a sad saint!” {FN21-1} It is a mark of disrespect, in India, to smoke in the presence of one’s elders and superiors.\n\n {FN21-2} The Oriental plane tree.\n\n.\n\n {FN21-3} Many Christian saints, including Therese Neumann  \n***(see chapter 39)***\n, are familiar with the metaphysical transfer of disease.\n\n {FN21-4} Christ said, just before he was led away to be crucified: “Thinkest thou that I cannot now pray to my Father, and he shall presently give me more than twelve legions of angels? But how then shall the scriptures be fulfilled, that thus it must be?”-MATTHEW 26:53-5.","type":"default","passage":"We Visit Kashmir","commentary":"","meaning":""},{"id":"24","title":"21.24","content":"{FN21-5} See ..\n\n/chapters 26, 43 NOTE.","type":"default","passage":"We Visit Kashmir","commentary":"","meaning":""}]}