{"id":22,"title":"The Heart of a Stone Image","description":"The Heart of a Stone Image","sectionCount":16,"tags":null,"contentId":"AoY01","sections":[{"id":"1","title":"22.1","content":"THE HEART OF A STONE IMAGE “As a loyal Hindu wife, I do not wish to complain of my husband.\n\n But I yearn to see him turn from his materialistic views.\n\n He delights in ridiculing the pictures of saints in my meditation room.\n\n Dear brother, I have deep faith that you can help him.\n\n Will you?” My eldest sister Roma gazed beseechingly at me.\n\n I was paying a short visit at her Calcutta home on Girish Vidyaratna Lane.\n\n Her plea touched me, for she had exercised a profound spiritual influence over my early life, and had lovingly tried to fill the void left in the family circle by Mother’s death.\n\n “Beloved sister, of course I will do anything I can.\n\n” I smiled, eager to lift the gloom plainly visible on her face, in contrast to her usual calm and cheerful expression.","type":"default","passage":"The Heart of a Stone Image","commentary":"","meaning":""},{"id":"2","title":"22.2","content":"Roma and I sat awhile in silent prayer for guidance.\n\n A year earlier, my sister had asked me to initiate her into KRIYA YOGA, in which she was making notable progress.\n\n An inspiration seized me.\n\n “Tomorrow, ” I said, “I am going to the Dakshineswar temple.\n\n Please come with me, and persuade your husband to accompany us.\n\n I feel that in the vibrations of that holy place, Divine Mother will touch his heart.\n\n But don’t disclose our object in wanting him to go.\n\n” Sister agreed hopefully.\n\n Very early the next morning I was pleased to find that Roma and her husband were in readiness for the tri.\n\n As our hackney carriage rattled along Upper Circular Road toward Dakshineswar, my brother-in-law, Satish Chandra Bose, amused himself by deriding spiritual gurus of the past, present, and future.\n\n I noticed that Roma was quietly weeping.","type":"default","passage":"The Heart of a Stone Image","commentary":"","meaning":""},{"id":"3","title":"22.3","content":"[Illustration: Self-Realization Church of All Religions, San Diego, California—see sandiego.\n\njpg] [Illustration: I stand with my two sisters, Roma  \n***(at left)***\n and Nalini—see sisters.\n\njpg] [Illustration: My sister Uma, as a young girl—see uma.\n\njpg] “Sister, cheer up!” I whispered.\n\n “Don’t give your husband the satisfaction of believing that we take his mockery seriously.\n\n” “Mukunda, how can you admire worthless humbugs?” Satish was saying.\n\n “A SADHU’S very appearance is repuls.\n\n He is either as thin as a skeleton, or as unholily fat as an elephant!” I shouted with laughter.\n\n My good-natured reaction was annoying to Satish; he retired into sullen silence.\n\n As our cab entered the Dakshineswar grounds, he grinned sarcastically.","type":"default","passage":"The Heart of a Stone Image","commentary":"","meaning":""},{"id":"4","title":"22.4","content":"“This excursion, I suppose, is a scheme to reform me?” As I turned away without reply, he caught my arm.\n\n “Young . Monk, ” he said, “don’t forget to make proper arrangements with the temple authorities to provide for our noon me.\n\n” “I am going to meditate now.\n\n Do not worry about your lunch, ” I replied sharply.\n\n “Divine Mother will look after it.\n\n” “I don’t trust Divine Mother to do a single thing for me.\n\n But I do hold you responsible for my food.\n\n” Satish’s tones were threatening.\n\n I proceeded alone to the colonnaded hall which fronts the large temple of Kali, or Mother Nature.\n\n Selecting a shady spot near one of the pillars, I arranged my body in the lotus posture.\n\n Although it was only about seven o’clock, the morning sun would soon be oppress.","type":"default","passage":"The Heart of a Stone Image","commentary":"","meaning":""},{"id":"5","title":"22.5","content":"The world receded as I became devotionally entranced.\n\n My mind was concentrated on Goddess Kali, whose image at Dakshineswar had been the special object of adoration by the great master, Sri Ramakrishna Paramhansa.\n\n In answer to his anguished demands, the stone image of this very temple had often taken a living form and conversed with him.\n\n “Silent Mother with stony heart, ” I prayed, “Thou becamest filled with life at the request of Thy beloved devotee Ramakrishna; why dost Thou not also heed the wails of this yearning son of Thine?” My aspiring zeal increased boundlessly, accompanied by a divine peace.\n\n Yet, when five hours had passed, and the Goddess whom I was inwardly visualizing had made no response, I felt slightly disheartened.\n\n Sometimes it is a test by God to delay the fulfillment of prayers.\n\n But He eventually appears to the persistent devotee in whatever form he holds dear.\n\n A devout Christian sees Jesus; a Hindu beholds Krishna, or the Goddess Kali, or an expanding Light if his worship takes an impersonal turn.","type":"default","passage":"The Heart of a Stone Image","commentary":"","meaning":""},{"id":"6","title":"22.6","content":"Reluctantly I opened my eyes, and saw that the temple doors were being locked by a priest, in conformance with a noon-hour custom.\n\n I rose from my secluded seat under the open, roofed hall, and stepped into the courtyard.\n\n Its stone floor was scorching under the midday sun; my bare feet were painfully burned.\n\n “Divine Mother, ” I silently remonstrated, “Thou didst not come to me in vision, and now Thou art hidden in the temple behind closed doors.\n\n I wanted to offer a special prayer to Thee today on behalf of my brother-in-law.\n\n” My inward petition was instantly acknowledged.\n\n First, a delightful cold wave descended over my back and under my feet, banishing all discomfort.\n\n Then, to my amazement, the temple became greatly magnified.\n\n Its large door slowly opened, revealing the stone figure of Goddess Kali.\n\n Gradually it changed into a living form, smilingly nodding in greeting, thrilling me with joy indescribable.\n\n As if by a mystic syringe, the breath was withdrawn from my lungs; my body became very still, though not inert.","type":"default","passage":"The Heart of a Stone Image","commentary":"","meaning":""},{"id":"7","title":"22.7","content":"An ecstatic enlargement of consciousness followed.\n\n I could see clearly for several miles over the Ganges River to my left, and beyond the temple into the entire Dakshineswar precincts.\n\n The walls of all buildings glimmered transparently; through them I observed people walking to and fro over distant acres.\n\n Though I was breathless and my body in a strangely quiet state, yet I was able to move my hands and feet freely.\n\n For several minutes I experimented in closing and opening my eyes; in either state I saw distinctly the whole Dakshineswar panorama.\n\n Spiritual sight, x-raylike, penetrates into all matter; the divine eye is center everywhere, circumference nowhere.\n\n I realized anew, standing there in the sunny courtyard, that when man ceases to be a prodigal child of God, engrossed in a physical world indeed dream, baseless as a bubble, he reinherits his eternal realms.\n\n If “escapism” be a need of man, cramped in his narrow personality, can any escape compare with the majesty of omnipresence?","type":"default","passage":"The Heart of a Stone Image","commentary":"","meaning":""},{"id":"8","title":"22.8","content":"In my sacred experience at Dakshineswar, the only extraordinarily-enlarged objects were the temple and the form of the Goddess.\n\n Everything else appeared in its normal dimensions, although each was enclosed in a halo of mellow light-white, blue, and pastel rainbow hues.\n\n My body seemed to be of ethereal substance, ready to levitate.\n\n Fully conscious of my material surroundings, I was looking about me and taking a few steps without disturbing the continuity of the blissful vision.\n\n Behind the temple walls I suddenly glimpsed my brother-in-law as he sat under the thorny branches of a sacred BEL tree.\n\n I could effortlessly discern the course of his thoughts.\n\n Somewhat uplifted under the holy influence of Dakshineswar, his mind yet held unkind reflections about me.\n\n I turned directly to the gracious form of the Goddess.","type":"default","passage":"The Heart of a Stone Image","commentary":"","meaning":""},{"id":"9","title":"22.9","content":"“Divine Mother, ” I prayed, “wilt Thou not spiritually change my sister’s husband?” The beautiful figure, hitherto silent, spoke at last: “Thy wish is granted!” I looked happily at Satish.\n\n As though instinctively aware that some spiritual power was at work, he rose resentfully from his seat on the ground.\n\n I saw him running behind the temple; he approached me, shaking his fist.\n\n The all-embracing vision disappeared.\n\n No longer could I see the glorious Goddess; the towering temple was reduced to its ordinary size, minus its transparency.\n\n Again my body sweltered under the fierce rays of the sun.\n\n I jumped to the shelter of the pillared hall, where Satish pursued me angrily.\n\n I looked at my watch.\n\n It was one o’clock; the divine vision had lasted an hour.","type":"default","passage":"The Heart of a Stone Image","commentary":"","meaning":""},{"id":"10","title":"22.10","content":"“You little fool, ” my brother-in-law blurted out, “you have been sitting there cross-legged and cross-eyed for six hours.\n\n I have gone back and forth watching you.\n\n Where is my food? \n\nNow the temple is closed; you failed to notify the authorities; we are left without lunch!” The exaltation I had felt at the Goddess’ presence was still vibrant within my heart.\n\n I was emboldened to exclaim, “Divine Mother will feed us!” Satish was beside himself with rage.\n\n “Once and for all, ” he shouted, “I would like to see your Divine Mother giving us food here without prior arrangements!” His words were hardly uttered when a temple priest crossed the courtyard and joined us.","type":"default","passage":"The Heart of a Stone Image","commentary":"","meaning":""},{"id":"11","title":"22.11","content":"“Son, ” he addressed me, “I have been observing your face serenely glowing during hours of meditation.\n\n I saw the arrival of your party this morning, and felt a desire to put aside ample food for your lunch.\n\n It is against the temple rules to feed those who do not make a request beforehand, but I have made an exception for you.\n\n” I thanked him, and gazed straight into Satish’s eyes.\n\n He flushed with emotion, lowering his gaze in silent repentance.\n\n When we were served a lavish meal, including out-of-season mangoes, I noticed that my brother-in-law’s appetite was meager.\n\n He was bewildered, diving deep into the ocean of thought.\n\n On the return journey to Calcutta, Satish, with softened expression, occasionally glanced at me pleadingly.\n\n But he did not speak a single word after the moment the priest had appeared to invite us to lunch, as though in direct answer to Satish’s challenge.","type":"default","passage":"The Heart of a Stone Image","commentary":"","meaning":""},{"id":"12","title":"22.12","content":"The following afternoon I visited my sister at her home.\n\n She greeted me affectionately.\n\n “Dear brother, ” she cried, “what a miracle! Last evening my husband wept openly before me.\n\n “‘Beloved DEVI, ’ {FN22-1} he said, ‘I am happy beyond expression that this reforming scheme of your brother’s has wrought a transformation.\n\n I am going to undo every wrong I have done you.\n\n From tonight we will use our large bedroom only as a place of worship; your small meditation room shall be changed into our sleeping quarters.\n\n I am sincerely sorry that I have ridiculed your brother.\n\n For the shameful way I have been acting, I will punish myself by not talking to Mukunda until I have progressed in the spiritual path.\n\n Deeply I will seek the Divine Mother from now on; someday I must surely find Her!’”","type":"default","passage":"The Heart of a Stone Image","commentary":"","meaning":""},{"id":"13","title":"22.13","content":"Years later, I visited my brother-in-law in Delhi.\n\n I was overjoyed to perceive that he had developed highly in self-realization, and had been blessed by the vision of Divine Mother.\n\n During my stay with him, I noticed that Satish secretly spent the greater part of every night in divine meditation, though he was suffering from a serious ailment, and was engaged during the day at his off.\n\n The thought came to me that my brother-in-law’s life span would not be a long one.\n\n Roma must have read my mind.\n\n “Dear brother, ” she said, “I am well, and my husband is sick.\n\n Nevertheless, I want you to know that, as a devoted Hindu wife, I am going to be the first one to die.\n\n {FN22-2} It won’t be long now before I pass on.\n\n”","type":"default","passage":"The Heart of a Stone Image","commentary":"","meaning":""},{"id":"14","title":"22.14","content":"Taken aback at her ominous words, I yet realized their sting of truth.\n\n I was in America when my sister died, about a year after her prediction.\n\n My youngest brother Bishnu later gave me the details.\n\n “Roma and Satish were in Calcutta at the time of her death, ” Bishnu told me.\n\n “That morning she dressed herself in her bridal finery.\n\n “‘Why this special costume?’ Satish inquired.\n\n “‘This is my last day of service to you on earth, ’ Roma replied.\n\n A short time later she had a heart attack.\n\n As her son was rushing out for aid, she said: “‘Son, do not leave me.\n\n It is no use; I shall be gone before a doctor could arr.\n\n’ Ten minutes later, holding the feet of her husband in reverence, Roma consciously left her body, happily and without suffering.","type":"default","passage":"The Heart of a Stone Image","commentary":"","meaning":""},{"id":"15","title":"22.15","content":"“Satish became very reclusive after his wife’s death, ” Bishnu continued.\n\n “One day he and I were looking at a large smiling photograph of Roma.\n\n “‘Why do you smile?’ Satish suddenly exclaimed, as though his wife were present.\n\n ‘You think you were clever in arranging to go before me.\n\n I shall prove that you cannot long remain away from me; soon I shall join you.\n\n’ “Although at this time Satish had fully recovered from his sickness, and was enjoying excellent health, he died without apparent cause shortly after his strange remark before the photograph.\n\n” \n\nThus prophetically passed my dearly beloved eldest sister Roma, and her husband Satish-he who changed at Dakshineswar from an ordinary worldly man to a silent saint.","type":"default","passage":"The Heart of a Stone Image","commentary":"","meaning":""},{"id":"16","title":"22.16","content":"{FN22-1} Goddess.\n\n {FN22-2} The Hindu wife believes it is a sign of spiritual advancement if she dies before her husband, as a proof of her loyal service to him, or “dying in harness.\n\n”","type":"default","passage":"The Heart of a Stone Image","commentary":"","meaning":""}]}