{"id":23,"title":"My University Degree","description":"My University Degree","sectionCount":19,"tags":null,"contentId":"AoY01","sections":[{"id":"1","title":"23.1","content":"I RECEIVE MY UNIVERSITY DEGREE “You ignore your textbook assignments in philosophy.\n\n No doubt you are depending on an unlaborious ‘intuition’ to get you through the examinations.\n\n But unless you apply yourself in a more scholarly manner, I shall see to it that you don’t pass this course.\n\n” Professor . . Ghoshal of Serampore College was addressing me sternly.\n\n If I failed to pass his final written classroom test, I would be ineligible to take the conclusive examinations.\n\n These are formulated by the faculty of Calcutta University, which numbers Serampore College among its affiliated branches.\n\n A student in Indian universities who is unsuccessful in one subject in the ..\n\n finals must be examined anew in ALL his subjects the following year.","type":"default","passage":"My University Degree","commentary":"","meaning":""},{"id":"2","title":"23.2","content":"My instructors at Serampore College usually treated me with kindness, not untinged by an amused tolerance.\n\n “Mukunda is a bit over-drunk with religion.\n\n” \n\nThus summing me up, they tactfully spared me the embarrassment of answering classroom questions; they trusted the final written tests to eliminate me from the list of ..\n\n candidates.\n\n The judgment passed by my fellow students was expressed in their nickname for me-“Mad Monk.\n\n” I took an ingenious step to nullify Professor Ghoshal’s threat to me of failure in philosophy.\n\n When the results of the final tests were about to be publicly announced, I asked a classmate to accompany me to the professor’s study.","type":"default","passage":"My University Degree","commentary":"","meaning":""},{"id":"3","title":"23.3","content":"“Come along; I want a witness, ” I told my companion.\n\n “I shall be very much disappointed if I have not succeeded in outwitting the instructor.\n\n” Professor Ghoshal shook his head after I had inquired what rating he had given my paper.\n\n “You are not among those who have passed, ” he said in triumph.\n\n He hunted through a large pile on his desk.\n\n “Your paper isn’t here at all; you have failed, in any case, through non-appearance at the examination.\n\n” I chuckled.\n\n “Sir, I was there.\n\n May I look through the stack myself?” The professor, nonplused, gave his permission; I quickly found my paper, where I had carefully omitted any identification mark except my roll call number.\n\n Unwarned by the “red flag” of my name, the instructor had given a high rating to my answers even though they were unembellished by textbook quotations.\n\n {FN23-1}","type":"default","passage":"My University Degree","commentary":"","meaning":""},{"id":"4","title":"23.4","content":"Seeing through my trick, he now thundered, “Sheer brazen luck!” He added hopefully, “You are sure to fail in the ..\n\n finals.\n\n” For the tests in my other subjects, I received some coaching, particularly from my dear friend and cousin, Prabhas Chandra Ghose, {FN23-2} son of my Uncle Sarada.\n\n I staggered painfully but successfully-with the lowest possible passing marks-through all my final tests.\n\n \n\nNow, after four years of college, I was eligible to sit for the ..\n\n examinations.\n\n Nevertheless, I hardly expected to avail myself of the privilege.\n\n The Serampore College finals were child’s play compared to the stiff ones which would be set by Calcutta University for the ..\n\n degree.\n\n My almost daily visits to Sri Yukteswar had left me little time to enter the college halls.\n\n There it was my presence rather than my absence that brought forth ejaculations of amazement from my classmates!","type":"default","passage":"My University Degree","commentary":"","meaning":""},{"id":"5","title":"23.5","content":"My customary routine was to set out on my bicycle about nine-thirty in the morning.\n\n In one hand I would carry an offering for my guru-a few flowers from the garden of my PANTHI boardinghouse.\n\n Greeting me affably, Master would invite me to lunch.\n\n I invariably accepted with alacrity, glad to banish the thought of college for the day.\n\n After hours with Sri Yukteswar, listening to his incomparable flow of wisdom, or helping with ashram duties, I would reluctantly depart around midnight for the PANTH.\n\n Occasionally I stayed all night with my guru, so happily engrossed in his conversation that I scarcely noticed when darkness changed into dawn.","type":"default","passage":"My University Degree","commentary":"","meaning":""},{"id":"6","title":"23.6","content":"One night about eleven o’clock, as I was putting on my shoes {FN23-3} in preparation for the ride to the boardinghouse, Master questioned me gravely.\n\n “When do your ..\n\n examinations start?” “Five days hence, sir.\n\n” “I hope you are in readiness for them.\n\n” Transfixed with alarm, I held one shoe in the air.\n\n “Sir, ” I protested, “you know how my days have been passed with you rather than with the professors.\n\n How can I enact a farce by appearing for those difficult finals?” Sri Yukteswar’s eyes were turned piercingly on m.\n\n “You must appear.\n\n” His tone was coldly peremptory.\n\n “We should not give cause for your father and other relatives to criticize your preference for ashram l.\n\n Just promise me that you will be present for the examinations; answer them the best way you can.\n\n”","type":"default","passage":"My University Degree","commentary":"","meaning":""},{"id":"7","title":"23.7","content":"Uncontrollable tears were coursing down my face.\n\n I felt that Master’s command was unreasonable, and that his interest was, to say the least, belated.\n\n “I will appear if you wish it, ” I said amidst sobs.\n\n “But no time remains for proper preparation.\n\n” Under my breath I muttered, “I will fill up the sheets with your teachings in answer to the questions!” When I entered the hermitage the following day at my usual hour, I presented my bouquet with a certain mournful solemnity.\n\n Sri Yukteswar laughed at my woebegone air.\n\n “Mukunda, has the Lord ever failed you, at an examination or elsewhere?” “No, sir, ” I responded warmly.\n\n Grateful memories came in a revivifying flood.","type":"default","passage":"My University Degree","commentary":"","meaning":""},{"id":"8","title":"23.8","content":"“Not laziness but burning zeal for God has prevented you from seeking college honors, ” my guru said kindly.\n\n After a silence, he quoted, “‘Seek ye first the kingdom of God, and His righteousness; and all these things shall be added unto you.\n\n’” {FN23-4} For the thousandth time, I felt my burdens lifted in Master’s presence.\n\n When we had finished our early lunch, he suggested that I return to the PANTH.\n\n “Does your friend, Romesh Chandra Dutt, still live in your boardinghouse?” “Yes, sir.\n\n” “Get in touch with him; the Lord will inspire him to help you with the examinations.\n\n” “Very well, sir; but Romesh is unusually busy.\n\n He is the honor man in our class, and carries a heavier course than the others.\n\n”","type":"default","passage":"My University Degree","commentary":"","meaning":""},{"id":"9","title":"23.9","content":"Master waved aside my objections.\n\n “Romesh will find time for you.\n\n \n\nNow go.\n\n” I bicycled back to the PANTH.\n\n The first person I met in the boardinghouse compound was the scholarly Romesh.\n\n As though his days were quite free, he obligingly agreed to my diffident request.\n\n “Of course; I am at your serv.\n\n” He spent several hours of that afternoon and of succeeding days in coaching me in my various subjects.\n\n “I believe many questions in English literature will be centered in the route of Childe Harold, ” he told me.\n\n “We must get an atlas at once.\n\n” I hastened to the home of my Uncle Sarada and borrowed an atlas.\n\n Romesh marked the European map at the places visited by Byron’s romantic traveler.","type":"default","passage":"My University Degree","commentary":"","meaning":""},{"id":"10","title":"23.10","content":"A few classmates had gathered around to listen to the tutoring.\n\n “Romesh is advising you wrongly, ” one of them commented to me at the end of a session.\n\n “Usually only fifty per cent of the questions are about the books; the other half will involve the authors’ lives.\n\n” When I sat for the examination in English literature the following day, my first glance at the questions caused tears of gratitude to pour forth, wetting my paper.\n\n The classroom monitor came to my desk and made a sympathetic inquiry.\n\n “My guru foretold that Romesh would help me, ” I explained.\n\n “Look; the very questions dictated to me by Romesh are here on the examination sheet! Fortunately for me, there are very few questions this year on English authors, whose lives are wrapped in deep mystery so far as I am concerned!”","type":"default","passage":"My University Degree","commentary":"","meaning":""},{"id":"11","title":"23.11","content":"My boardinghouse was in an uproar when I returned.\n\n The boys who had been ridiculing Romesh’s method of coaching looked at me in awe, almost deafening me with congratulations.\n\n During the week of the examinations, I spent many hours with Romesh, who formulated questions that he thought were likely to be set by the professors.\n\n Day by day, Romesh’s questions appeared in almost the same form on the examination sheets.\n\n The news was widely circulated in the college that something resembling a miracle was occurring, and that success seemed probable for the absent-minded “Mad Monk.\n\n” I made no attempt to hide the facts of the case.\n\n The local professors were powerless to alter the questions, which had been arranged by Calcutta University.","type":"default","passage":"My University Degree","commentary":"","meaning":""},{"id":"12","title":"23.12","content":"Thinking over the examination in English literature, I realized one morning that I had made a serious error.\n\n One section of the questions had been divided into two parts of A or B, and C or . Instead of answering one question from each part, I had carelessly answered both questions in Group I, and had failed to consider anything in Group I.\n\n The best mark I could score in that paper would be 33, three less than the passing mark of 3.\n\n I rushed to Master and poured out my troubles.\n\n “Sir, I have made an unpardonable blunder.\n\n I don’t deserve the divine blessings through Romesh; I am quite unworthy.\n\n”","type":"default","passage":"My University Degree","commentary":"","meaning":""},{"id":"13","title":"23.13","content":"“Cheer up, Mukunda.\n\n” Sri Yukteswar’s tones were light and unconcerned.\n\n He pointed to the blue vault of the heavens.\n\n “It is more possible for the sun and moon to interchange their positions in space than it is for you to fail in getting your degree!” I left the hermitage in a more tranquil mood, though it seemed mathematically inconceivable that I could pass.\n\n I looked once or twice apprehensively into the sky; the Lord of Day appeared to be securely anchored in his customary orbit! As I reached the PANTHI, I overheard a classmate’s remark: “I have just learned that this year, for the first time, the required passing mark in English literature has been lowered.\n\n”","type":"default","passage":"My University Degree","commentary":"","meaning":""},{"id":"14","title":"23.14","content":"I entered the boy’s room with such speed that he looked up in alarm.\n\n I questioned him eagerly.\n\n “Long-haired monk, ” he said laughingly, “why this sudden interest in scholastic matters? Why cry in the eleventh hour? But it is true that the passing mark has just been lowered to 33 points.\n\n” A few joyous leaps took me into my own room, where I sank to my knees and praised the mathematical perfections of my Divine Father.\n\n Every day I thrilled with the consciousness of a spiritual presence that I clearly felt to be guiding me through Romesh.\n\n A significant incident occurred in connection with the examination in Bengali.\n\n Romesh, who had touched little on that subject, called me back one morning as I was leaving the boardinghouse on my way to the examination hall.","type":"default","passage":"My University Degree","commentary":"","meaning":""},{"id":"15","title":"23.15","content":"“There is Romesh shouting for you, ” a classmate said to me impatiently.\n\n “Don’t return; we shall be late at the hall.\n\n” Ignoring the advice, I ran back to the house.\n\n “The Bengali examination is usually easily passed by our Bengali boys, ” Romesh told me.\n\n “But I have just had a hunch that this year the professors have planned to massacre the students by asking questions from our ancient literature.\n\n” My friend then briefly outlined two stories from the life of Vidyasagar, a renowned philanthropist.\n\n I thanked Romesh and quickly bicycled to the college hall.\n\n The examination sheet in Bengali proved to contain two parts.\n\n The first instruction was: “Write two instances of the charities of Vidyasagar.\n\n” As I transferred to the paper the lore that I had so recently acquired, I whispered a few words of thanksgiving that I had heeded Romesh’s last-minute summons.\n\n Had I been ignorant of Vidyasagar’s benefactions to mankind  \n***(including ultimately myself)***\n, I could not have passed the Bengali examination.\n\n Failing in one subject, I would have been forced to stand examination anew in all subjects the following year.\n\n Such a prospect was understandably abhorrent.","type":"default","passage":"My University Degree","commentary":"","meaning":""},{"id":"16","title":"23.16","content":"The second instruction on the sheet read: “Write an essay in Bengali on the life of the man who has most inspired you.\n\n” Gentle reader, I need not inform you what man I chose for my theme.\n\n As I covered page after page with praise of my guru, I smiled to realize that my muttered prediction was coming true: “I will fill up the sheets with your teachings!” I had not felt inclined to question Romesh about my course in philosophy.\n\n Trusting my long training under Sri Yukteswar, I safely disregarded the textbook explanations.\n\n The highest mark given to any of my papers was the one in philosophy.\n\n My score in all other subjects was just barely within the passing mark.","type":"default","passage":"My University Degree","commentary":"","meaning":""},{"id":"17","title":"23.17","content":"It is a pleasure to record that my unselfish friend Romesh received his own degree CUM LAUD.\n\n Father was wreathed in smiles at my graduation.\n\n “I hardly thought you would pass, Mukunda, ” he confessed.\n\n “You spend so much time with your guru.\n\n” Master had indeed correctly detected the unspoken criticism of my father.\n\n For years I had been uncertain that I would ever see the day when an ..\n\n would follow my name.\n\n I seldom use the title without reflecting that it was a divine gift, conferred on me for reasons somewhat obscure.\n\n Occasionally I hear college men remark that very little of their crammed knowledge remained with them after graduation.\n\n That admission consoles me a bit for my undoubted academic deficiencies.","type":"default","passage":"My University Degree","commentary":"","meaning":""},{"id":"18","title":"23.18","content":"On the day I received my degree from Calcutta University, I knelt at my guru’s feet and thanked him for all the blessings flowing from his life into m.\n\n “Get up, Mukunda, ” he said indulgently.\n\n “The Lord simply found it more convenient to make you a graduate than to rearrange the sun and moon!” {FN23-1} I must do Professor Ghoshal the justice of admitting that the strained relationship between us was not due to any fault of his, but solely to my absences from classes and inattention in them.\n\n Professor Ghoshal was, and is, a remarkable orator with vast philosophical knowledge.\n\n In later years we came to a cordial understanding.\n\n.","type":"default","passage":"My University Degree","commentary":"","meaning":""},{"id":"19","title":"23.19","content":"{FN23-2} Although my cousin and I have the same family name of Ghosh, Prabhas has accustomed himself to transliterating his name in English as Ghose; therefore I follow his own spelling here.\n\n {FN23-3} A disciple always removes his shoes in an Indian hermitage.\n\n {FN23-4} MATTHEW 6:3.","type":"default","passage":"My University Degree","commentary":"","meaning":""}]}