{"id":24,"title":"I Become a Monk of the Swami Order","description":"I Become a Monk of the Swami Order","sectionCount":21,"tags":null,"contentId":"AoY01","sections":[{"id":"1","title":"24.1","content":"I BECOME A MONK OF THE SWAMI ORDER “Master, my father has been anxious for me to accept an executive position with the Bengal-Nagpur Railway.\n\n But I have definitely refused it.\n\n” I added hopefully, “Sir, will you not make me a monk of the Swami Order?” I looked pleadingly at my guru.\n\n During preceding years, in order to test the depth of my determination, he had refused this same request.\n\n Today, however, he smiled graciously.\n\n “Very well; tomorrow I will initiate you into swamishi.\n\n” He went on quietly, “I am happy that you have persisted in your desire to be a monk.\n\n Lahiri Mahasaya often said: ‘If you don’t invite God to be your summer Guest, He won’t come in the winter of your l.\n\n’”","type":"default","passage":"I Become a Monk of the Swami Order","commentary":"","meaning":""},{"id":"2","title":"24.2","content":"“Dear master, I could never falter in my goal to belong to the Swami Order like your revered self.\n\n” I smiled at him with measureless affection.\n\n “He that is unmarried careth for the things that belong to the Lord, how he may please the Lord: but he that is married careth for the things of the world, how he may please his w.\n\n” {FN24-1} I had analyzed the lives of many of my friends who, after undergoing certain spiritual discipline, had then married.\n\n Launched on the sea of worldly responsibilities, they had forgotten their resolutions to meditate deeply.\n\n To allot God a secondary place in life was, to me, inconceivable.\n\n Though He is the sole Owner of the cosmos, silently showering us with gifts from life to life, one thing yet remains which He does not own, and which each human heart is empowered to withhold or bestow-man’s love.\n\n The Creator, in taking infinite pains to shroud with mystery His presence in every atom of creation, could have had but one motive-a sensitive desire that men seek Him only through free will.\n\n With what velvet glove of every humility has He not covered the iron hand of omnipotence!","type":"default","passage":"I Become a Monk of the Swami Order","commentary":"","meaning":""},{"id":"3","title":"24.3","content":"The following day was one of the most memorable in my l.\n\n It was a sunny Thursday, I remember, in July, 1914, a few weeks after my graduation from college.\n\n On the inner balcony of his Serampore hermitage, Master dipped a new piece of white silk into a dye of ocher, the traditional color of the Swami Order.\n\n After the cloth had dried, my guru draped it around me as a renunciate’s robe.\n\n “Someday you will go to the West, where silk is preferred, ” he said.\n\n “As a symbol, I have chosen for you this silk material instead of the customary cotton.\n\n” In India, where monks embrace the ideal of poverty, a silk-clad swami is an unusual sight.\n\n Many yogis, however, wear garments of silk, which preserves certain subtle bodily currents better than cotton.","type":"default","passage":"I Become a Monk of the Swami Order","commentary":"","meaning":""},{"id":"4","title":"24.4","content":"“I am averse to ceremonies, ” Sri Yukteswar remarked.\n\n “I will make you a swami in the BIDWAT  \n***(non-ceremonious)***\n manner.\n\n” The BIBIDISA or elaborate initiation into swamiship includes a fire ceremony, during which symbolical funeral rites are performed.\n\n The physical body of the disciple is represented as dead, cremated in the flame of wisdom.\n\n The newly-made swami is then given a chant, such as: “This ATMA is Brahma” {FN24-2} or “Thou art That” or “I am He.\n\n” Sri Yukteswar, however, with his love of simplicity, dispensed with all formal rites and merely asked me to select a new name.\n\n “I will give you the privilege of choosing it yourself, ” he said, smiling.","type":"default","passage":"I Become a Monk of the Swami Order","commentary":"","meaning":""},{"id":"5","title":"24.5","content":"“Yogananda, ” I replied, after a moment’s thought.\n\n The name literally means “Bliss  \n***(ANANDA)***\n through divine union  \n***(YOGA)***\n.\n\n” “Be it so.\n\n Forsaking your family name of Mukunda Lal Ghosh, henceforth you shall be called Yogananda of the Giri branch of the Swami Order.\n\n” As I knelt before Sri Yukteswar, and for the first time heard him pronounce my new name, my heart overflowed with gratitude.\n\n How lovingly and tirelessly had he labored, that the boy Mukunda be someday transformed into the monk Yogananda! I joyfully sang a few verses from the long Sanskrit chant of Lord Shankara: “Mind, nor intellect, nor ego, feeling; Sky nor earth nor metals am . I am He, I am He, Blessed Spirit, I am He! No birth, no death, no caste have I; Father, mother, have I none.\n\n I am He, I am He, Blessed Spirit, I am He! Beyond the flights of fancy, formless am I, Permeating the limbs of all life; Bondage I do not fear; I am free, ever free, I am He, I am He, Blessed Spirit, I am He!”","type":"default","passage":"I Become a Monk of the Swami Order","commentary":"","meaning":""},{"id":"6","title":"24.6","content":"Every swami belongs to the ancient monastic order which was organized in its present form by Shankara.\n\n {FN24-3} Because it is a formal order, with an unbroken line of saintly representatives serving as active leaders, no man can give himself the title of swami.\n\n He rightfully receives it only from another swami; all monks thus trace their spiritual lineage to one common guru, Lord Shankara.\n\n By vows of poverty, chastity, and obedience to the spiritual teacher, many Catholic Christian monastic orders resemble the Order of Swamis.\n\n In addition to his new name, usually ending in ANANDA, the swami takes a title which indicates his formal connection with one of the ten subdivisions of the Swami Order.\n\n These DASANAMIS or ten agnomens include the GIRI  \n***(mountain)***\n, to which Sri Yukteswar, and hence myself, belong.\n\n Among the other branches are the SAGAR  \n***(sea)***\n, BHARATI  \n***(land)***\n, ARANYA  \n***(forest)***\n, PURI  \n***(tract)***\n, TIRTHA  \n***(place of pilgrimage)***\n, and SARASWATI  \n***(wisdom of nature)***\n.","type":"default","passage":"I Become a Monk of the Swami Order","commentary":"","meaning":""},{"id":"7","title":"24.7","content":"The new name received by a swami thus has a twofold significance, and represents the attainment of supreme bliss  \n***(ANANDA)***\n through some divine quality or state-love, wisdom, devotion, service, yoga-and through a harmony with nature, as expressed in her infinite vastness of oceans, mountains, skies.\n\n The ideal of selfless service to all mankind, and of renunciation of personal ties and ambitions, leads the majority of swamis to engage actively in humanitarian and educational work in India, or occasionally in foreign lands.\n\n Ignoring all prejudices of caste, creed, class, color, sex, or race, a swami follows the precepts of human brotherhood.\n\n His goal is absolute unity with Spirit.\n\n Imbuing his waking and sleeping consciousness with the thought, “I am He, ” he roams contentedly, in the world but not of it.\n\n \n\nThus only may he justify his title of swami-one who seeks to achieve union with the SWA or Self.\n\n It is needless to add that not all formally titled swamis are equally successful in reaching their high go.","type":"default","passage":"I Become a Monk of the Swami Order","commentary":"","meaning":""},{"id":"8","title":"24.8","content":"Sri Yukteswar was both a swami and a yogi.\n\n A swami, formally a monk by virtue of his connection with the ancient order, is not always a yogi.\n\n Anyone who practices a scientific technique of God-contact is a yogi; he may be either married or unmarried, either a worldly man or one of formal religious ties.\n\n A swami may conceivably follow only the path of dry reasoning, of cold renunciation; but a yogi engages himself in a definite, step-by-step procedure by which the body and mind are disciplined, and the soul liberated.\n\n Taking nothing for granted on emotional grounds, or by faith, a yogi practices a thoroughly tested series of exercises which were first mapped out by the early rishis.\n\n Yoga has produced, in every age of India, men who became truly free, truly Yogi-Christs.","type":"default","passage":"I Become a Monk of the Swami Order","commentary":"","meaning":""},{"id":"9","title":"24.9","content":"Like any other science, yoga is applicable to people of every clime and t.\n\n The theory advanced by certain ignorant writers that yoga is “unsuitable for Westerners” is wholly false, and has lamentably prevented many sincere students from seeking its manifold blessings.\n\n Yoga is a method for restraining the natural turbulence of thoughts, which otherwise impartially prevent all men, of all lands, from glimpsing their true nature of Spirit.\n\n Yoga cannot know a barrier of East and West any more than does the healing and equitable light of the sun.\n\n So long as man possesses a mind with its restless thoughts, so long will there be a universal need for yoga or control.","type":"default","passage":"I Become a Monk of the Swami Order","commentary":"","meaning":""},{"id":"10","title":"24.10","content":"[Illustration: THE LORD IN HIS ASPECT AS SHIVA, Not a historical personage like Krishna, Shiva is the name given to God in the last aspect of His threefold nature  \n***(Creator-Preserver-Destroyer)***\n.\n\n Shiva, the Annihilator of maya or delusion, is symbolically represented in the scriptures as the Lord of Renunciates, the King of Yogis.\n\n In Hindu art He is always shown with the new moon in His hair, and wearing a garland of hooded snakes, ancient emblem of evil overcome and perfect wisdom.\n\n The “single” eye of omniscience is open on His forehead.\n\n—see shiva.\n\njpg] The ancient rishi Patanjali defines “yoga” as “control of the fluctuations of the mind-stuff.\n\n” {FN24-4} His very short and masterly expositions, the YOGA SUTRAS, form one of the six systems of Hindu philosophy.\n\n {FN24-5} In contradistinction to Western philosophies, all six Hindu systems embody not only theoretical but practical teachings.\n\n In addition to every conceivable ontological inquiry, the six systems formulate six definite disciplines aimed at the permanent removal of suffering and the attainment of timeless bliss.","type":"default","passage":"I Become a Monk of the Swami Order","commentary":"","meaning":""},{"id":"11","title":"24.11","content":"The common thread linking all six systems is the declaration that no true freedom for man is possible without knowledge of the ultimate Reality.\n\n The later UPANISHADS uphold the YOGA SUTRAS, among the six systems, as containing the most efficacious methods for achieving direct perception of truth.\n\n Through the practical techniques of yoga, man leaves behind forever the barren realms of speculation and cognizes in experience the veritable Essence.\n\n The YOGA system as outlined by Patanjali is known as the Eightfold Path.\n\n The first steps,  \n***(1)***\n YAMA and  \n***(2)***\n NIYAMA, require observance of ten negative and positive moralities-avoidance of injury to others, of untruthfulness, of stealing, of incontinence, of gift-receiving  \n***(which brings obligations)***\n; and purity of body and mind, contentment, self-discipline, study, and devotion to God.","type":"default","passage":"I Become a Monk of the Swami Order","commentary":"","meaning":""},{"id":"12","title":"24.12","content":"The next steps are  \n***(3)***\n ASANA  \n***(right posture)***\n; the spinal column must be held straight, and the body firm in a comfortable position for meditation;  \n***(4)***\n PRANAYAMA  \n***(control of PRANA, subtle life currents)***\n; and  \n***(5)***\n PRATYAHARA  \n***(withdrawal of the senses from external objects)***\n.\n\n The last steps are forms of yoga proper:  \n***(6)***\n DHARANA  \n***(concentration)***\n; holding the mind to one thought;  \n***(7)***\n DHYANA  \n***(meditation)***\n, and  \n***(8)***\n SAMADHI  \n***(superconscious perception)***\n.\n\n This is the Eightfold Path of Yoga {FN24-6} which leads one to the final goal of KAIVALYA  \n***(Absoluteness)***\n, a term which might be more comprehensibly put as “realization of the Truth beyond all intellectual apprehension.\n\n”","type":"default","passage":"I Become a Monk of the Swami Order","commentary":"","meaning":""},{"id":"13","title":"24.13","content":"“Which is greater, ” one may ask, “a swami or a yogi?” If and when final oneness with God is achieved, the distinctions of the various paths disappear.\n\n The BHAGAVAD GITA, however, points out that the methods of yoga are all-embrac.\n\n Its techniques are not meant only for certain types and temperaments, such as those few who incline toward the monastic life; yoga requires no formal allegiance.\n\n Because the yogic science satisfies a universal need, it has a natural universal applicability.\n\n A true yogi may remain dutifully in the world; there he is like butter on water, and not like the easily-diluted milk of unchurned and undisciplined humanity.\n\n To fulfill one’s earthly responsibilities is indeed the higher path, provided the yogi, maintaining a mental uninvolvement with egotistical desires, plays his part as a willing instrument of God.","type":"default","passage":"I Become a Monk of the Swami Order","commentary":"","meaning":""},{"id":"14","title":"24.14","content":"There are a number of great souls, living in American or European or other non-Hindu bodies today who, though they may never have heard the words YOGI and SWAMI, are yet true exemplars of those terms.\n\n Through their disinterested service to mankind, or through their mastery over passions and thoughts, or through their single hearted love of God, or through their great powers of concentration, they are, in a sense, yogis; they have set themselves the goal of yoga-self-control.\n\n These men could rise to even greater heights if they were taught the definite science of yoga, which makes possible a more conscious direction of one’s mind and l.","type":"default","passage":"I Become a Monk of the Swami Order","commentary":"","meaning":""},{"id":"15","title":"24.15","content":"Yoga has been superficially misunderstood by certain Western writers, but its critics have never been its practitioners.\n\n Among many thoughtful tributes to yoga may be mentioned one by . . . Jung, the famous Swiss psychologist.\n\n “When a religious method recommends itself as ‘scientific, ’ it can be certain of its public in the West.\n\n Yoga fulfills this expectation, ” . Jung writes.\n\n {FN24-7} “Quite apart from the charm of the new, and the fascination of the half-understood, there is good cause for Yoga to have many adherents.\n\n It offers the possibility of controllable experience, and thus satisfies the scientific need of ‘facts, ’ and besides this, by reason of its breadth and depth, its venerable age, its doctrine and method, which include every phase of life, it promises undreamed-of possibilities.","type":"default","passage":"I Become a Monk of the Swami Order","commentary":"","meaning":""},{"id":"16","title":"24.16","content":"“Every religious or philosophical practice means a psychological discipline, that is, a method of mental hygiene.\n\n The manifold, purely bodily procedures of Yoga {FN24-8} also mean a physiological hygiene which is superior to ordinary gymnastics and breathing exercises, inasmuch as it is not merely mechanistic and scientific, but also philosophical; in its training of the parts of the body, it unites them with the whole of the spirit, as is quite clear, for instance, in the PRANAYAMA exercises where PRANA is both the breath and the universal dynamics of the cosmos.\n\n “When the thing which the individual is doing is also a cosmic event, the effect experienced in the body  \n***(the innervation)***\n, unites with the emotion of the spirit  \n***(the universal idea)***\n, and out of this there develops a lively unity which no technique, however scientific, can produce.\n\n Yoga practice is unthinkable, and would also be ineffectual, without the concepts on which Yoga is based.\n\n It combines the bodily and the spiritual with each other in an extraordinarily complete way.","type":"default","passage":"I Become a Monk of the Swami Order","commentary":"","meaning":""},{"id":"17","title":"24.17","content":"“In the East, where these ideas and practices have developed, and where for several thousand years an unbroken tradition has created the necessary spiritual foundations, Yoga is, as I can readily believe, the perfect and appropriate method of fusing body and mind together so that they form a unity which is scarcely to be questioned.\n\n This unity creates a psychological disposition which makes possible intuitions that transcend consciousness.\n\n” The Western day is indeed nearing when the inner science of self-control will be found as necessary as the outer conquest of nature.\n\n This new Atomic Age will see men’s minds sobered and broadened by the now scientifically indisputable truth that matter is in reality a concentrate of energy.\n\n Finer forces of the human mind can and must liberate energies greater than those within stones and metals, lest the material atomic giant, newly unleashed, turn on the world in mindless destruction.\n\n {FN24-9}","type":"default","passage":"I Become a Monk of the Swami Order","commentary":"","meaning":""},{"id":"18","title":"24.18","content":"{FN24-1} I CORINTHIANS 7:32-3.\n\n {FN24-2} Literally, “This soul is Spirit.\n\n” The Supreme Spirit, the Uncreated, is wholly unconditioned  \n***(NETI, NETI, not this, not that)***\n but is often referred to in VEDANTA as SAT-CHIT-ANANDA, that is, Being-Intelligence-Bliss.\n\n {FN24-3} Sometimes called Shankaracharya.\n\n ACHARYA means “religious teacher.\n\n” Shankara’s date is a center of the usual scholastic dispute.\n\n A few records indicate that the peerless monist lived from 510 to 478 ..\n\n; Western historians assign him to the late eighth century ..\n\n Readers who are interested in Shankara’s famous exposition of the BRAHMA SUTRAS will find a careful English translation in . Paul Deussen’s SYSTEM OF THE VEDANTA  \n***(Chicago: Open Court Publishing Company, 1912)***\n.\n\n Short extracts from his writings will be found in SELECTED WORKS OF SRI SHANKARACHARYA  \n***(Natesan & Co.\n\n, Madras)***\n.","type":"default","passage":"I Become a Monk of the Swami Order","commentary":"","meaning":""},{"id":"19","title":"24.19","content":"{FN24-4} “CHITTA VRITTI NIRODHA”-YOGA SUTRA I:.\n\n Patanjali’s date is unknown, though a number of scholars place him in the second century ..\n\n The rishis gave forth treatises on all subjects with such insight that ages have been powerless to outmode them; yet, to the subsequent consternation of historians, the sages made no effort to attach their own dates and personalities to their literary works.\n\n They knew their lives were only temporarily important as flashes of the great infinite Life; and that truth is timeless, impossible to trademark, and no private possession of their own.\n\n {FN24-5} The six orthodox systems  \n***(SADDARSANA)***\n are SANKHYA, YOGA, VEDANTA, MIMAMSA, NYAYA, and VAISESIK.\n\n Readers of a scholarly bent will delight in the subtleties and broad scope of these ancient formulations as summarized, in English, in HISTORY OF INDIAN PHILOSOPHY, . I, by . Surendranath DasGupta  \n***(Cambridge University Press, 1922)***\n.","type":"default","passage":"I Become a Monk of the Swami Order","commentary":"","meaning":""},{"id":"20","title":"24.20","content":"{FN24-6} Not to be confused with the “Noble Eightfold Path” of Buddhism, a guide to man’s conduct of life, as follows  \n***(1)***\n Right Ideals,  \n***(2)***\n Right Motive,  \n***(3)***\n Right Speech,  \n***(4)***\n Right Action,  \n***(5)***\n Right Means of Livelihood,  \n***(6)***\n Right Effort,  \n***(7)***\n Right Remembrance  \n***(of the Self)***\n,  \n***(8)***\n Right Realization  \n***(SAMADHI)***\n.\n\n {FN24-7} . Jung attended the Indian Science Congress in 1937 and received an honorary degree from the University of Calcutta.\n\n {FN24-8} . Jung is here referring to HATHA YOGA, a specialized branch of bodily postures and techniques for health and longevity.\n\n HATHA is useful, and produces spectacular physical results, but this branch of yoga is little used by yogis bent on spiritual liberation.","type":"default","passage":"I Become a Monk of the Swami Order","commentary":"","meaning":""},{"id":"21","title":"24.21","content":"{FN24-9} In Plato’s TIMAEUS story of Atlantis, he tells of the inhabitants’ advanced state of scientific knowledge.\n\n The lost continent is believed to have vanished about 9500 ..\n\n through a cataclysm of nature; certain metaphysical writers, however, state that the Atlanteans were destroyed as a result of their misuse of atomic power.\n\n Two French writers have recently compiled a BIBLIOGRAPHY OF ATLANTIS, listing over 1700 historical and other references.","type":"default","passage":"I Become a Monk of the Swami Order","commentary":"","meaning":""}]}