{"id":25,"title":"Brother Ananta and Sister Nalini","description":"Brother Ananta and Sister Nalini","sectionCount":14,"tags":null,"contentId":"AoY01","sections":[{"id":"1","title":"25.1","content":"BROTHER ANANTA AND SISTER NALINI “Ananta cannot live; the sands of his karma for this life have run out.\n\n” These inexorable words reached my inner consciousness as I sat one morning in deep meditation.\n\n Shortly after I had entered the Swami Order, I paid a visit to my birthplace, Gorakhpur, as a guest of my elder brother Ananta.\n\n A sudden illness confined him to his bed; I nursed him lovingly.\n\n The solemn inward pronouncement filled me with grief.\n\n I felt that I could not bear to remain longer in Gorakhpur, only to see my brother removed before my helpless gaze.\n\n Amidst uncomprehending criticism from my relatives, I left India on the first available boat.\n\n It cruised along Burma and the China Sea to Japan.\n\n I disembarked at Kobe, where I spent only a few days.\n\n My heart was too heavy for sightseeing.","type":"default","passage":"Brother Ananta and Sister Nalini","commentary":"","meaning":""},{"id":"2","title":"25.2","content":"On the return trip to India, the boat touched at Shanghai.\n\n There . Misra, the ship’s physician, guided me to several curio shops, where I selected various presents for Sri Yukteswar and my family and friends.\n\n For Ananta I purchased a large carved bamboo piece.\n\n No sooner had the Chinese salesman handed me the bamboo souvenir than I dropped it on the floor, crying out, “I have bought this for my dear dead brother!” A clear realization had swept over me that his soul was just being freed in the Infin.\n\n The souvenir was sharply and symbolically cracked by its fall; amidst sobs, I wrote on the bamboo surface: “For my beloved Ananta, now gone.\n\n”","type":"default","passage":"Brother Ananta and Sister Nalini","commentary":"","meaning":""},{"id":"3","title":"25.3","content":"My companion, the doctor, was observing these proceedings with a sardonic sm.\n\n “Save your tears, ” he remarked.\n\n “Why shed them until you are sure he is dead?” When our boat reached Calcutta, . Misra again accompanied me.\n\n My youngest brother Bishnu was waiting to greet me at the dock.\n\n “I know Ananta has departed this life, ” I said to Bishnu, before he had had time to speak.\n\n “Please tell me, and the doctor here, when Ananta died.\n\n” Bishnu named the date, which was the very day that I had bought the souvenirs in Shanghai.\n\n “Look here!” . Misra ejaculated.\n\n “Don’t let any word of this get around! The professors will be adding a year’s study of mental telepathy to the medical course, which is already long enough!”","type":"default","passage":"Brother Ananta and Sister Nalini","commentary":"","meaning":""},{"id":"4","title":"25.4","content":"Father embraced me warmly as I entered our Gurpar Road home.\n\n “You have come, ” he said tenderly.\n\n Two large tears dropped from his eyes.\n\n Ordinarily undemonstrative, he had never before shown me these signs of affection.\n\n Outwardly the grave father, inwardly he possessed the melting heart of a mother.\n\n In all his dealings with the family, his dual parental role was distinctly manifest.\n\n Soon after Ananta’s passing, my younger sister Nalini was brought back from death’s door by a divine healing.\n\n Before relating the story, I will refer to a few phases of her earlier l.\n\n The childhood relationship between Nalini and myself had not been of the happiest nature.\n\n I was very thin; she was thinner still.\n\n Through an unconscious motive or “complex” which psychiatrists will have no difficulty in identifying, I often used to tease my sister about her cadaverous appearance.\n\n Her retorts were equally permeated with the callous frankness of extreme youth.\n\n Sometimes Mother intervened, ending the childish quarrels, temporarily, by a gentle box on my ear, as the elder ear.","type":"default","passage":"Brother Ananta and Sister Nalini","commentary":"","meaning":""},{"id":"5","title":"25.5","content":"Time passed; Nalini was betrothed to a young Calcutta physician, Panchanon Bose.\n\n He received a generous dowry from Father, presumably  \n***(as I remarked to Sister)***\n to compensate the bridegroom-to-be for his fate in allying himself with a human bean-pole.\n\n Elaborate marriage rites were celebrated in due t.\n\n On the wedding night, I joined the large and jovial group of relatives in the living room of our Calcutta home.\n\n The bridegroom was leaning on an immense gold-brocaded pillow, with Nalini at his s.\n\n A gorgeous purple silk SARI {FN25-1} could not, alas, wholly hide her angularity.\n\n I sheltered myself behind the pillow of my new brother-in-law and grinned at him in friendly fashion.\n\n He had never seen Nalini until the day of the nuptial ceremony, when he finally learned what he was getting in the matrimonial lottery.","type":"default","passage":"Brother Ananta and Sister Nalini","commentary":"","meaning":""},{"id":"6","title":"25.6","content":"Feeling my sympathy, . Bose pointed unobtrusively to Nalini, and whispered in my ear, “Say, what’s this?” “Why, Doctor, ” I replied, “it is a skeleton for your observation!” Convulsed with mirth, my brother-in-law and I were hard put to it to maintain the proper decorum before our assembled relatives.\n\n As the years went on, . Bose endeared himself to our family, who called on him whenever illness arose.\n\n He and I became fast friends, often joking together, usually with Nalini as our target.\n\n “It is a medical curiosity, ” my brother-in-law remarked to me one day.\n\n “I have tried everything on your lean sister-cod liver oil, butter, malt, honey, fish, meat, eggs, tonics.\n\n Still she fails to bulge even one-hundredth of an inch.\n\n” We both chuckled.","type":"default","passage":"Brother Ananta and Sister Nalini","commentary":"","meaning":""},{"id":"7","title":"25.7","content":"A few days later I visited the Bose home.\n\n My errand there took only a few minutes; I was leaving, unnoticed, I thought, by Nalini.\n\n As I reached the front door, I heard her voice, cordial but commanding.\n\n “Brother, come here.\n\n You are not going to give me the slip this t.\n\n I want to talk to you.\n\n” I mounted the stairs to her room.\n\n To my surprise, she was in tears.\n\n “Dear brother, ” she said, “let us bury the old hatchet.\n\n I see that your feet are now firmly set on the spiritual path.\n\n I want to become like you in every way.\n\n” She added hopefully, “You are now robust in appearance; can you help me? My husband does not come near me, and I love him so dearly! But still more I want to progress in God-realization, even if I must remain thin {FN25-2} and unattract.\n\n”","type":"default","passage":"Brother Ananta and Sister Nalini","commentary":"","meaning":""},{"id":"8","title":"25.8","content":"My heart was deeply touched at her plea.\n\n Our new friendship steadily progressed; one day she asked to become my disciple.\n\n “Train me in any way you l.\n\n I put my trust in God instead of tonics.\n\n” She gathered together an armful of medicines and poured them down the roof drain.\n\n As a test of her faith, I asked her to omit from her diet all fish, meat, and eggs.\n\n After several months, during which Nalini had strictly followed the various rules I had outlined, and had adhered to her vegetarian diet in spite of numerous difficulties, I paid her a visit.\n\n “Sis, you have been conscientiously observing the spiritual injunctions; your reward is near.\n\n” I smiled mischievously.\n\n “How plump do you want to be-as fat as our aunt who hasn’t seen her feet in years?”","type":"default","passage":"Brother Ananta and Sister Nalini","commentary":"","meaning":""},{"id":"9","title":"25.9","content":"“No! But I long to be as stout as you are.\n\n” I replied solemnly.\n\n “By the grace of God, as I have spoken truth always, I speak truly now.\n\n {FN25-3} Through the divine blessings, your body shall verily change from today; in one month it shall have the same weight as m.\n\n” These words from my heart found fulfillment.\n\n In thirty days, Nalini’s weight equalled m.\n\n The new roundness gave her beauty; her husband fell deeply in love.\n\n Their marriage, begun so inauspiciously, turned out to be ideally happy.\n\n On my return from Japan, I learned that during my absence Nalini had been stricken with typhoid fever.\n\n I rushed to her home, and was aghast to find her reduced to a mere skeleton.\n\n She was in a coma.","type":"default","passage":"Brother Ananta and Sister Nalini","commentary":"","meaning":""},{"id":"10","title":"25.10","content":"“Before her mind became confused by illness, ” my brother-in-law told me, “she often said: ‘If brother Mukunda were here, I would not be faring thus.\n\n’” He added despairingly, “The other doctors and myself see no hope.\n\n Blood dysentery has set in, after her long bout with typhoid.\n\n” I began to move heaven and earth with my prayers.\n\n Engaging an Anglo-Indian nurse, who gave me full cooperation, I applied to my sister various yoga techniques of healing.\n\n The blood dysentery disappeared.\n\n But . Bose shook his head mournfully.\n\n “She simply has no more blood left to shed.\n\n” “She will recover, ” I replied stoutly.\n\n “In seven days her fever will be gone.\n\n”","type":"default","passage":"Brother Ananta and Sister Nalini","commentary":"","meaning":""},{"id":"11","title":"25.11","content":"A week later I was thrilled to see Nalini open her eyes and gaze at me with loving recognition.\n\n From that day her recovery was swift.\n\n Although she regained her usual weight, she bore one sad scar of her nearly fatal illness: her legs were paralyzed.\n\n Indian and English specialists pronounced her a hopeless cripple.\n\n The incessant war for her life which I had waged by prayer had exhausted me.\n\n I went to Serampore to ask Sri Yukteswar’s hel.\n\n His eyes expressed deep sympathy as I told him of Nalini’s plight.\n\n “Your sister’s legs will be normal at the end of one month.\n\n” He added, “Let her wear, next to her skin, a band with an unperforated two-carat pearl, held on by a clas.\n\n”","type":"default","passage":"Brother Ananta and Sister Nalini","commentary":"","meaning":""},{"id":"12","title":"25.12","content":"I prostrated myself at his feet with joyful relief.\n\n “Sir, you are a master; your word of her recovery is enough.\n\n But if you insist I shall immediately get her a pearl.\n\n” My guru nodded.\n\n “Yes, do that.\n\n” He went on to correctly describe the physical and mental characteristics of Nalini, whom he had never seen.\n\n “Sir, ” I inquired, “is this an astrological analysis? You do not know her birth day or hour.\n\n” Sri Yukteswar smiled.\n\n “There is a deeper astrology, not dependent on the testimony of calendars and clocks.\n\n Each man is a part of the Creator, or Cosmic Man; he has a heavenly body as well as one of earth.\n\n The human eye sees the physical form, but the inward eye penetrates more profoundly, even to the universal pattern of which each man is an integral and individual part.\n\n”","type":"default","passage":"Brother Ananta and Sister Nalini","commentary":"","meaning":""},{"id":"13","title":"25.13","content":"I returned to Calcutta and purchased a pearl for Nalini.\n\n A month later, her paralyzed legs were completely healed.\n\n Sister asked me to convey her heartfelt gratitude to my guru.\n\n He listened to her message in silence.\n\n But as I was taking my leave, he made a pregnant comment.\n\n “Your sister has been told by many doctors that she can never bear children.\n\n Assure her that in a few years she will give birth to two daughters.\n\n” Some years later, to Nalini’s joy, she bore a girl, followed in a few years by another daughter.\n\n “Your master has blessed our home, our entire family, ” my sister said.\n\n “The presence of such a man is a sanctification on the whole of India.\n\n Dear brother, please tell Sri Yukteswarji that, through you, I humbly count myself as one of his KRIYA YOGA disciples.\n\n”","type":"default","passage":"Brother Ananta and Sister Nalini","commentary":"","meaning":""},{"id":"14","title":"25.14","content":"{FN25-1} The gracefully draped dress of Indian women.\n\n {FN25-2} Because most persons in India are thin, reasonable plumpness is considered very desirable.\n\n {FN25-3} The Hindu scriptures declare that those who habitually speak the truth will develop the power of materializing their words.\n\n What commands they utter from the heart will come true in l.","type":"default","passage":"Brother Ananta and Sister Nalini","commentary":"","meaning":""}]}