{"id":26,"title":"The Science of Kriya Yoga","description":"The Science of Kriya Yoga","sectionCount":24,"tags":null,"contentId":"AoY01","sections":[{"id":"1","title":"26.1","content":"THE SCIENCE OF KRIYA YOGA The science of KRIYA YOGA, mentioned so often in these pages, became widely known in modern India through the instrumentality of Lahiri Mahasaya, my guru’s guru.\n\n The Sanskrit root of KRIYA is KRI, to do, to act and react; the same root is found in the word KARMA, the natural principle of cause and effect.\n\n KRIYA YOGA is thus “union  \n***(yoga)***\n with the Infinite through a certain action or r.\n\n” A yogi who faithfully follows its technique is gradually freed from karma or the universal chain of causation.\n\n Because of certain ancient yogic injunctions, I cannot give a full explanation of KRIYA YOGA in the pages of a book intended for the general public.\n\n The actual technique must be learned from a KRIYABAN or KRIYA YOGI; here a broad reference must suff.","type":"default","passage":"The Science of Kriya Yoga","commentary":"","meaning":""},{"id":"2","title":"26.2","content":"KRIYA YOGA is a simple, psychophysiological method by which the human blood is decarbonized and recharged with oxygen.\n\n The atoms of this extra oxygen are transmuted into life current to rejuvenate the brain and spinal centers.\n\n {FN26-1} By stopping the accumulation of venous blood, the yogi is able to lessen or prevent the decay of tissues; the advanced yogi transmutes his cells into pure energy.\n\n Elijah, Jesus, Kabir and other prophets were past masters in the use of KRIYA or a similar technique, by which they caused their bodies to dematerialize at will.\n\n KRIYA is an ancient science.\n\n Lahiri Mahasaya received it from his guru, Babaji, who rediscovered and clarified the technique after it had been lost in the Dark Ages.","type":"default","passage":"The Science of Kriya Yoga","commentary":"","meaning":""},{"id":"3","title":"26.3","content":"“The KRIYA YOGA which I am giving to the world through you in this nineteenth century, ” Babaji told Lahiri Mahasaya, “is a revival of the same science which Krishna gave, millenniums ago, to Arjuna, and which was later known to Patanjali, and to Christ, . John, . Paul, and other disciples.\n\n” KRIYA YOGA is referred to by Krishna, India’s greatest prophet, in a stanza of the BHAGAVAD GITA: “Offering inhaling breath into the outgoing breath, and offering the outgoing breath into the inhaling breath, the yogi neutralizes both these breaths; he thus releases the life force from the heart and brings it under his control.\n\n” {FN26-2} The interpretation is: “The yogi arrests decay in the body by an addition of life force, and arrests the mutations of growth in the body by APAN  \n***(eliminating current)***\n.\n\n \n\nThus neutralizing decay and growth, by quieting the heart, the yogi learns life control.\n\n”","type":"default","passage":"The Science of Kriya Yoga","commentary":"","meaning":""},{"id":"4","title":"26.4","content":"Krishna also relates {FN26-3} that it was he, in a former incarnation, who communicated the indestructible yoga to an ancient illuminato, Vivasvat, who gave it to Manu, the great legislator.\n\n {FN26-4} He, in turn, instructed Ikshwaku, the father of India’s solar warrior dynasty.\n\n Passing thus from one to another, the royal yoga was guarded by the rishis until the coming of the materialistic ages.\n\n {FN26-5} Then, due to priestly secrecy and man’s indifference, the sacred knowledge gradually became inaccessible.\n\n KRIYA YOGA is mentioned twice by the ancient sage Patanjali, foremost exponent of yoga, who wrote: “KRIYA YOGA consists of body discipline, mental control, and meditating on AU.\n\n” {FN26-6} Patanjali speaks of God as the actual Cosmic Sound of AUM heard in meditation.\n\n {FN26-7} AUM is the Creative Word, {FN26-8} the sound of the Vibratory Motor.\n\n Even the yoga-beginner soon inwardly hears the wondrous sound of AU.\n\n Receiving this blissful spiritual encouragement, the devotee becomes assured that he is in actual touch with divine realms.","type":"default","passage":"The Science of Kriya Yoga","commentary":"","meaning":""},{"id":"5","title":"26.5","content":"Patanjali refers a second time to the life-control or KRIYA technique thus: “Liberation can be accomplished by that PRANAYAMA which is attained by disjoining the course of inspiration and expiration.\n\n” {FN26-9} . Paul knew KRIYA YOGA, or a technique very similar to it, by which he could switch life currents to and from the senses.\n\n He was therefore able to say: “Verily, I protest by our rejoicing which I have in Christ, I DIE DAIL.\n\n” {FN26-10} By daily withdrawing his bodily life force, he united it by yoga union with the rejoicing  \n***(eternal bliss)***\n of the Christ consciousness.\n\n In that felicitous state, he was consciously aware of being dead to the delusive sensory world of MAY.","type":"default","passage":"The Science of Kriya Yoga","commentary":"","meaning":""},{"id":"6","title":"26.6","content":"In the initial states of God-contact  \n***(SABIKALPA SAMADHI)***\n the devotee’s consciousness merges with the Cosmic Spirit; his life force is withdrawn from the body, which appears “dead, ” or motionless and rigid.\n\n The yogi is fully aware of his bodily condition of suspended animation.\n\n As he progresses to higher spiritual states  \n***(NIRBIKALPA SAMADHI)***\n, however, he communes with God without bodily fixation, and in his ordinary waking consciousness, even in the midst of exacting worldly duties.\n\n {FN26-11} “KRIYA YOGA is an instrument through which human evolution can be quickened, ” Sri Yukteswar explained to his students.\n\n “The ancient yogis discovered that the secret of cosmic consciousness is intimately linked with breath mastery.\n\n This is India’s unique and deathless contribution to the world’s treasury of knowledge.\n\n The life force, which is ordinarily absorbed in maintaining the heart-pump, must be freed for higher activities by a method of calming and stilling the ceaseless demands of the breath.\n\n”","type":"default","passage":"The Science of Kriya Yoga","commentary":"","meaning":""},{"id":"7","title":"26.7","content":"The KRIYA YOGI mentally directs his life energy to revolve, upward and downward, around the six spinal centers  \n***(medullary, cervical, dorsal, lumbar, sacral, and coccygeal plexuses)***\n which correspond to the twelve astral signs of the zodiac, the symbolic Cosmic Man.\n\n One-half minute of revolution of energy around the sensitive spinal cord of man effects subtle progress in his evolution; that half-minute of KRIYA equals one year of natural spiritual unfoldment.\n\n The astral system of a human being, with six  \n***(twelve by polarity)***\n inner constellations revolving around the sun of the omniscient spiritual eye, is interrelated with the physical sun and the twelve zodiacal signs.\n\n All men are thus affected by an inner and an outer universe.\n\n The ancient rishis discovered that man’s earthly and heavenly environment, in twelve-year cycles, push him forward on his natural path.\n\n The scriptures aver that man requires a million years of normal, diseaseless evolution to perfect his human brain sufficiently to express cosmic consciousness.","type":"default","passage":"The Science of Kriya Yoga","commentary":"","meaning":""},{"id":"8","title":"26.8","content":"One thousand KRIYA practiced in eight hours gives the yogi, in one day, the equivalent of one thousand years of natural evolution: 365, 000 years of evolution in one year.\n\n In three years, a KRIYA YOGI can thus accomplish by intelligent self-effort the same result which nature brings to pass in a million years.\n\n The KRIYA short cut, of course, can be taken only by deeply developed yogis.\n\n With the guidance of a guru, such yogis have carefully prepared their bodies and brains to receive the power created by intensive pract.\n\n The KRIYA beginner employs his yogic exercise only fourteen to twenty-eight times, twice daily.\n\n A number of yogis achieve emancipation in six or twelve or twenty-four or forty-eight years.\n\n A yogi who dies before achieving full realization carries with him the good karma of his past KRIYA effort; in his new life he is harmoniously propelled toward his Infinite Go.","type":"default","passage":"The Science of Kriya Yoga","commentary":"","meaning":""},{"id":"9","title":"26.9","content":"The body of the average man is like a fifty-watt lamp, which cannot accommodate the billion watts of power roused by an excessive practice of KRIY.\n\n Through gradual and regular increase of the simple and “foolproof” methods of KRIYA, man’s body becomes astrally transformed day by day, and is finally fitted to express the infinite potentials of cosmic energy-the first materially active expression of Spirit.\n\n KRIYA YOGA has nothing in common with the unscientific breathing exercises taught by a number of misguided zealots.\n\n Their attempts to forcibly hold breath in the lungs is not only unnatural but decidedly unpleasant.\n\n KRIYA, on the other hand, is accompanied from the very beginning by an accession of peace, and by soothing sensations of regenerative effect in the sp.","type":"default","passage":"The Science of Kriya Yoga","commentary":"","meaning":""},{"id":"10","title":"26.10","content":"The ancient yogic technique converts the breath into mind.\n\n By spiritual advancement, one is able to cognize the breath as an act of mind-a dream-breath.\n\n Many illustrations could be given of the mathematical relationship between man’s respiratory rate and the variations in his states of consciousness.\n\n A person whose attention is wholly engrossed, as in following some closely knit intellectual argument, or in attempting some delicate or difficult physical feat, automatically breathes very slowly.\n\n Fixity of attention depends on slow breathing; quick or uneven breaths are an inevitable accompaniment of harmful emotional states: fear, lust, anger.\n\n The restless monkey breathes at the rate of 32 times a minute, in contrast to man’s average of 18 times.\n\n The elephant, tortoise, snake and other animals noted for their longevity have a respiratory rate which is less than man’s.\n\n The tortoise, for instance, who may attain the age of 300 years, {FN26-12} breathes only 4 times per minute.","type":"default","passage":"The Science of Kriya Yoga","commentary":"","meaning":""},{"id":"11","title":"26.11","content":"The rejuvenating effects of sleep are due to man’s temporary unawareness of body and breathing.\n\n The sleeping man becomes a yogi; each night he unconsciously performs the yogic rite of releasing himself from bodily identification, and of merging the life force with healing currents in the main brain region and the six sub-dynamos of his spinal centers.\n\n The sleeper thus dips unknowingly into the reservoir of cosmic energy which sustains all l.\n\n The voluntary yogi performs a simple, natural process consciously, not unconsciously like the slow-paced sleeper.\n\n The KRIYA YOGI uses his technique to saturate and feed all his physical cells with undecaying light and keep them in a magnetized state.\n\n He scientifically makes breath unnecessary, without producing the states of subconscious sleep or unconsciousness.","type":"default","passage":"The Science of Kriya Yoga","commentary":"","meaning":""},{"id":"12","title":"26.12","content":"By KRIYA, the outgoing life force is not wasted and abused in the senses, but constrained to reunite with subtler spinal energies.\n\n By such reinforcement of life, the yogi’s body and brain cells are electrified with the spiritual elixir.\n\n \n\nThus he removes himself from studied observance of natural laws, which can only take him-by circuitous means as given by proper food, sunlight, and harmonious thoughts-to a million-year Go.\n\n It needs twelve years of normal healthful living to effect even slight perceptible change in brain structure, and a million solar returns are exacted to sufficiently refine the cerebral tenement for manifestation of cosmic consciousness.","type":"default","passage":"The Science of Kriya Yoga","commentary":"","meaning":""},{"id":"13","title":"26.13","content":"Untying the cord of breath which binds the soul to the body, KRIYA serves to prolong life and enlarge the consciousness to infinity.\n\n The yoga method overcomes the tug of war between the mind and the matter-bound senses, and frees the devotee to reinherit his eternal kingdom.\n\n He knows his real nature is bound neither by physical encasement nor by breath, symbol of the mortal enslavement to air, to nature’s elemental compulsions.\n\n Introspection, or “sitting in the silence, ” is an unscientific way of trying to force apart the mind and senses, tied together by the life force.\n\n The contemplative mind, attempting its return to divinity, is constantly dragged back toward the senses by the life currents.\n\n KRIYA, controlling the mind DIRECTLY through the life force, is the easiest, most effective, and most scientific avenue of approach to the Infin.\n\n In contrast to the slow, uncertain “bullock cart” theological path to God, KRIYA may justly be called the “airplane” route.","type":"default","passage":"The Science of Kriya Yoga","commentary":"","meaning":""},{"id":"14","title":"26.14","content":"The yogic science is based on an empirical consideration of all forms of concentration and meditation exercises.\n\n Yoga enables the devotee to switch off or on, at will, life current from the five sense telephones of sight, sound, smell, taste, and touch.\n\n Attaining this power of sense-disconnection, the yogi finds it simple to unite his mind at will with divine realms or with the world of matter.\n\n No longer is he unwillingly brought back by the life force to the mundane sphere of rowdy sensations and restless thoughts.\n\n Master of his body and mind, the KRIYA YOGI ultimately achieves victory over the “last enemy, ” death.","type":"default","passage":"The Science of Kriya Yoga","commentary":"","meaning":""},{"id":"15","title":"26.15","content":"So shalt thou feed on Death, that feeds on men: And Death once dead, there’s no more dying then.\n\n {FN26-13} The life of an advanced KRIYA YOGI is influenced, not by effects of past actions, but solely by directions from the soul.\n\n The devotee thus avoids the slow, evolutionary monitors of egoistic actions, good and bad, of common life, cumbrous and snail-like to the eagle hearts.\n\n The superior method of soul living frees the yogi who, shorn of his ego-prison, tastes the deep air of omnipresence.\n\n The thralldom of natural living is, in contrast, set in a pace humiliating.\n\n Conforming his life to the evolutionary order, a man can command no concessionary haste from nature but, living without error against the laws of his physical and mental endowment, still requires about a million years of incarnating masquerades to know final emancipation.","type":"default","passage":"The Science of Kriya Yoga","commentary":"","meaning":""},{"id":"16","title":"26.16","content":"The telescopic methods of yogis, disengaging themselves from physical and mental identifications in favor of soul-individuality, thus commend themselves to those who eye with revolt a thousand thousand years.\n\n This numerical periphery is enlarged for the ordinary man, who lives in harmony not even with nature, let alone his soul, but pursues instead unnatural complexities, thus offending in his body and thoughts the sweet sanities of nature.\n\n For him, two times a million years can scarce suffice for liberation.\n\n Gross man seldom or never realizes that his body is a kingdom, governed by Emperor Soul on the throne of the cranium, with subsidiary regents in the six spinal centers or spheres of consciousness.\n\n This theocracy extends over a throng of obedient subjects: twenty-seven thousand billion cells-endowed with a sure if automatic intelligence by which they perform all duties of bodily growths, transformations, and dissolutions-and fifty million substratal thoughts, emotions, and variations of alternating phases in man’s consciousness in an average life of sixty years.\n\n Any apparent insurrection of bodily or cerebral cells toward Emperor Soul, manifesting as disease or depression, is due to no disloyalty among the humble citizens, but to past or present misuse by man of his individuality or free will, given to him simultaneous with a soul, and revocable never.","type":"default","passage":"The Science of Kriya Yoga","commentary":"","meaning":""},{"id":"17","title":"26.17","content":"Identifying himself with a shallow ego, man takes for granted that it is he who thinks, wills, feels, digests meals, and keeps himself alive, never admitting through reflection  \n***(only a little would suffice!)***\n that in his ordinary life he is naught but a puppet of past actions  \n***(karma)***\n and of nature or environment.\n\n Each man’s intellectual reactions, feelings, moods, and habits are circumscribed by effects of past causes, whether of this or a prior l.\n\n Lofty above such influences, however, is his regal soul.\n\n Spurning the transitory truths and freedoms, the KRIYA YOGI passes beyond all disillusionment into his unfettered Being.\n\n All scriptures declare man to be not a corruptible body, but a living soul; by KRIYA he is given a method to prove the scriptural truth.","type":"default","passage":"The Science of Kriya Yoga","commentary":"","meaning":""},{"id":"18","title":"26.18","content":"“Outward ritual cannot destroy ignorance, because they are not mutually contradictory, ” wrote Shankara in his famous CENTURY OF VERSE.\n\n “Realized knowledge alone destroys ignorance.\n\n . . . Knowledge cannot spring up by any other means than inquiry.\n\n ‘Who am I? How was this universe born? Who is its maker? What is its material cause?’ This is the kind of inquiry referred to.\n\n” The intellect has no answer for these questions; hence the rishis evolved yoga as the technique of spiritual inquiry.\n\n KRIYA YOGA is the real “fire rite” often extolled in the BHAGAVAD GIT.\n\n The purifying fires of yoga bring eternal illumination, and thus differ much from outward and little-effective religious fire ceremonies, where perception of truth is oft burnt, to solemn chanted accompaniment, along with the incense!","type":"default","passage":"The Science of Kriya Yoga","commentary":"","meaning":""},{"id":"19","title":"26.19","content":"The advanced yogi, withholding all his mind, will, and feeling from false identification with bodily desires, uniting his mind with superconscious forces in the spinal shrines, thus lives in this world as God hath planned, not impelled by impulses from the past nor by new witlessnesses of fresh human motivations.\n\n Such a yogi receives fulfillment of his Supreme Desire, safe in the final haven of inexhaustibly blissful Spirit.\n\n The yogi offers his labyrinthine human longings to a monotheistic bonfire dedicated to the unparalleled God.\n\n This is indeed the true yogic fire ceremony, in which all past and present desires are fuel consumed by love div.\n\n The Ultimate Flame receives the sacrifice of all human madness, and man is pure of dross.\n\n His bones stripped of all desirous flesh, his karmic skeleton bleached in the antiseptic suns of wisdom, he is clean at last, inoffensive before man and Maker.","type":"default","passage":"The Science of Kriya Yoga","commentary":"","meaning":""},{"id":"20","title":"26.20","content":"Referring to yoga’s sure and methodical efficacy, Lord Krishna praises the technological yogi in the following words: “The yogi is greater than body-disciplining ascetics, greater even than the followers of the path of wisdom  \n***(JNANA YOGA)***\n, or of the path of action  \n***(KARMA YOGA)***\n; be thou, O disciple Arjuna, a yogi!” {FN26-14} {FN26-1} The noted scientist, . George . Crile of Cleveland, explained before a 1940 meeting of the American Association for the Advancement of Science the experiments by which he had proved that all bodily tissues are electrically negative, except the brain and nervous system tissues which remain electrically positive because they take up revivifying oxygen at a more rapid rate.","type":"default","passage":"The Science of Kriya Yoga","commentary":"","meaning":""},{"id":"21","title":"26.21","content":"{FN26-2} BHAGAVAD GITA, IV:2.\n\n {FN26-3} BHAGAVAD GITA IV:1-.\n\n {FN26-4} The author of MANAVA DHARMA SHASTRA.\n\n These institutes of canonized common law are effective in India to this day.\n\n The French scholar, Louis Jacolliot, writes that the date of Manu “is lost in the night of the ante-historical period of India; and no scholar has dared to refuse him the title of the most ancient lawgiver in the world.\n\n” In LA BIBLE DANS L’INDE, pages 33-37, Jacolliot reproduces parallel textual references to prove that the Roman CODE OF JUSTINIAN follows closely the LAWS OF MAN.\n\n {FN26-5} The start of the materialistic ages, according to Hindu scriptural reckonings, was 3102 ..\n\n This was the beginning of the Descending Dwapara Age  \n***(see page 174)***\n.\n\n Modern scholars, blithely believing that 10, 000 years ago all men were sunk in a barbarous Stone Age, summarily dismiss as “myths” all records and traditions of very ancient civilizations in India, China, Egypt, and other lands.","type":"default","passage":"The Science of Kriya Yoga","commentary":"","meaning":""},{"id":"22","title":"26.22","content":"{FN26-6} Patanjali’s APHORISMS, II:.\n\n In using the words KRIYA YOGA, Patanjali was referring to either the exact technique taught by Babaji, or one very similar to it.\n\n That it was a definite technique of life control is proved by Patanjali’s APHORISM II:4.\n\n {FN26-7} Patanjali’s APHORISMS, I:2.\n\n {FN26-8} “In the beginning was the Word, and the Word was with God, and the Word was God.\n\n . . . All things were made by him; and without him was not any thing made that was made.\n\n”-JOHN 1:1-.\n\n AUM  \n***(OM)***\n of the VEDAS became the sacred word AMIN of the Moslems, HUM of the Tibetans, and AMEN of the Christians  \n***(its meaning in Hebrew being SURE, FAITHFUL)***\n.\n\n “These things saith the Amen, the faithful and true witness, the beginning of the creation of God.\n\n”-REVELATIONS 3:1.","type":"default","passage":"The Science of Kriya Yoga","commentary":"","meaning":""},{"id":"23","title":"26.23","content":"{FN26-9} APHORISMS II:4.\n\n.\n\n {FN26-10} I CORINTHIANS 15:3.\n\n “Our rejoicing” is the correct translation; not, as usually given, “your rejoicing.\n\n” . Paul was referring to the OMNIPRESENCE of the Christ consciousness.\n\n.\n\n {FN26-11} KALPA means time or aeon.\n\n SABIKALPA means subject to time or change; some link with PRAKRITI or matter remains.\n\n NIRBIKALPA means timeless, changeless; this is the highest state of SAMADH.\n\n {FN26-12} According to the LINCOLN LIBRARY OF ESSENTIAL INFORMATION, . 1030, the giant tortoise lives between 200 and 300 years.\n\n {FN26-13} Shakespeare: SONNET #14.\n\n {FN26-14} BHAGAVAD GITA, VI:4.","type":"default","passage":"The Science of Kriya Yoga","commentary":"","meaning":""},{"id":"24","title":"26.24","content":"","type":"default","passage":"The Science of Kriya Yoga","commentary":"","meaning":""}]}