{"id":27,"title":"Founding of a Yoga School at Ranchi","description":"Founding of a Yoga School at Ranchi","sectionCount":23,"tags":null,"contentId":"AoY01","sections":[{"id":"1","title":"27.1","content":"FOUNDING A YOGA SCHOOL AT RANCHI “Why are you averse to organizational work?” Master’s question startled me a bit.\n\n It is true that my private conviction at the time was that organizations were “hornets’ nests.\n\n” “It is a thankless task, sir, ” I answered.\n\n “No matter what the leader does or does not, he is criticized.\n\n” “Do you want the whole divine CHANNA  \n***(milk curd)***\n for yourself alone?” My guru’s retort was accompanied by a stern glance.\n\n “Could you or anyone else achieve God-contact through yoga if a line of generous-hearted masters had not been willing to convey their knowledge to others?” He added, “God is the Honey, organizations are the hives; both are necessary.\n\n Any FORM is useless, of course, without the spirit, but why should you not start busy hives full of the spiritual nectar?”","type":"default","passage":"Founding of a Yoga School at Ranchi","commentary":"","meaning":""},{"id":"2","title":"27.2","content":"His counsel moved me deeply.\n\n Although I made no outward reply, an adamant resolution arose in my breast: I would share with my fellows, so far as lay in my power, the unshackling truths I had learned at my guru’s feet.\n\n “Lord, ” I prayed, “may Thy Love shine forever on the sanctuary of my devotion, and may I be able to awaken that Love in other hearts.\n\n” On a previous occasion, before I had joined the monastic order, Sri Yukteswar had made a most unexpected remark.\n\n “How you will miss the companionship of a wife in your old age!” he had said.\n\n “Do you not agree that the family man, engaged in useful work to maintain his wife and children, thus plays a rewarding role in God’s eyes?”","type":"default","passage":"Founding of a Yoga School at Ranchi","commentary":"","meaning":""},{"id":"3","title":"27.3","content":"“Sir, ” I had protested in alarm, “you know that my desire in this life is to espouse only the Cosmic Beloved.\n\n” Master had laughed so merrily that I understood his observation was made merely as a test of my faith.\n\n “Remember, ” he had said slowly, “that he who discards his worldly duties can justify himself only by assuming some kind of responsibility toward a much larger family.\n\n” The ideal of an all-sided education for youth had always been close to my heart.\n\n I saw clearly the arid results of ordinary instruction, aimed only at the development of body and intellect.\n\n Moral and spiritual values, without whose appreciation no man can approach happiness, were yet lacking in the formal curriculum.\n\n I determined to found a school where young boys could develop to the full stature of manhood.\n\n My first step in that direction was made with seven children at Dihika, a small country site in Beng.","type":"default","passage":"Founding of a Yoga School at Ranchi","commentary":"","meaning":""},{"id":"4","title":"27.4","content":"A year later, in 1918, through the generosity of Sir Manindra Chandra Nundy, the Maharaja of Kasimbazar, I was able to transfer my fast-growing group to Ranchi.\n\n This town in Bihar, about two hundred miles from Calcutta, is blessed with one of the most healthful climates in India.\n\n The Kasimbazar Palace at Ranchi was transformed into the headquarters for the new school, which I called BRAHMACHARYA VIDYALAYA {FN27-1} in accordance with the educational ideals of the rishis.\n\n Their forest ashrams had been the ancient seats of learning, secular and divine, for the youth of India.\n\n At Ranchi I organized an educational program for both grammar and high school grades.\n\n It included agricultural, industrial, commercial, and academic subjects.\n\n The students were also taught yoga concentration and meditation, and a unique system of physical development, “Yogoda, ” whose principles I had discovered in 191.","type":"default","passage":"Founding of a Yoga School at Ranchi","commentary":"","meaning":""},{"id":"5","title":"27.5","content":"Realizing that man’s body is like an electric battery, I reasoned that it could be recharged with energy through the direct agency of the human will.\n\n As no action, slight or large, is possible without WILLING, man can avail himself of his prime mover, will, to renew his bodily tissues without burdensome apparatus or mechanical exercises.\n\n I therefore taught the Ranchi students my simple “Yogoda” techniques by which the life force, centred in man’s medulla oblongata, can be consciously and instantly recharged from the unlimited supply of cosmic energy.\n\n The boys responded wonderfully to this training, developing extraordinary ability to shift the life energy from one part of the body to another part, and to sit in perfect poise in difficult body postures.\n\n {FN27-2} They performed feats of strength and endurance which many powerful adults could not equ.\n\n My youngest brother, Bishnu Charan Ghosh, joined the Ranchi school; he later became a leading physical culturist in Beng.\n\n He and one of his students traveled to Europe and America, giving exhibitions of strength and skill which amazed the university savants, including those at Columbia University in New York.","type":"default","passage":"Founding of a Yoga School at Ranchi","commentary":"","meaning":""},{"id":"6","title":"27.6","content":"At the end of the first year at Ranchi, applications for admission reached two thousand.\n\n But the school, which at that time was solely residential, could accommodate only about one hundred.\n\n Instruction for day students was soon added.\n\n In the VIDYALAYA I had to play father-mother to the little children, and to cope with many organizational difficulties.\n\n I often remembered Christ’s words: “Verily I say unto you, There is no man that hath left house, or brethren or sisters, or father, or mother, or wife, or children, or lands, for my sake, and the gospel’s, but he shall receive an hundredfold now in this time, houses and brethren, and sisters, and mothers, and children, and lands, with persecutions; and in the world to come eternal l.\n\n” {FN27-3} Sri Yukteswar had interpreted these words: “The devotee who forgoes the life-experiences of marriage and family, and exchanges the problems of a small household and limited activities for the larger responsibilities of service to society in general, is undertaking a task which is often accompanied by persecution from a misunderstanding world, but also by a divine inner contentment.\n\n”","type":"default","passage":"Founding of a Yoga School at Ranchi","commentary":"","meaning":""},{"id":"7","title":"27.7","content":"[Illustration: Yogoda Math, beautiful hermitage of Self-Realization Fellowship at Dakshineswar on the Ganges.\n\n Founded in 1938 as a yoga retreat for students of East and West.\n\n—see math.\n\njpg] [Illustration: Central building of the Yogoda Sat-Sanga Brahmacharya Vidyalaya at Ranchi, Bihar, established in 1918 as a yoga school for boys, with grammar and high school education.\n\n Connected with it is the philanthropic Lahiri Mahasaya Mission.\n\n—see ranchi.\n\njpg] One day my father arrived in Ranchi to bestow a paternal blessing, long withheld because I had hurt him by refusing his offer of a position with the Bengal-Nagpur Railway.","type":"default","passage":"Founding of a Yoga School at Ranchi","commentary":"","meaning":""},{"id":"8","title":"27.8","content":"“Son, ” he said, “I am now reconciled to your choice in l.\n\n It gives me joy to see you amidst these happy, eager youngsters; you belong here rather than with the lifeless figures of railroad timetables.\n\n” He waved toward a group of a dozen little ones who were tagging at my heels.\n\n “I had only eight children, ” he observed with twinkling eyes, “but I can feel for you!” With a large fruit orchard and twenty-five fertile acres at our disposal, the students, teachers, and myself enjoyed many happy hours of outdoor labor in these ideal surroundings.\n\n We had many pets, including a young deer who was fairly idolized by the children.\n\n I too loved the fawn so much that I allowed it to sleep in my room.\n\n At the light of dawn, the little creature would toddle over to my bed for a morning caress.","type":"default","passage":"Founding of a Yoga School at Ranchi","commentary":"","meaning":""},{"id":"9","title":"27.9","content":"One day I fed the pet earlier than usual, as I had to attend to some business in the town of Ranchi.\n\n Although I cautioned the boys not to feed the fawn until my return, one of them was disobedient, and gave the baby deer a large quantity of milk.\n\n When I came back in the evening, sad news greeted me: “The little fawn is nearly dead, through over feeding.\n\n” In tears, I placed the apparently lifeless pet on my la.\n\n I prayed piteously to God to spare its l.\n\n Hours later, the small creature opened its eyes, stood up, and walked feebly.\n\n The whole school shouted for joy.\n\n But a deep lesson came to me that night, one I can never forget.\n\n I stayed up with the fawn until two o’clock, when I fell aslee.\n\n The deer appeared in a dream, and spoke to me:","type":"default","passage":"Founding of a Yoga School at Ranchi","commentary":"","meaning":""},{"id":"10","title":"27.10","content":"“You are holding me back.\n\n Please let me go; let me go!” “All right, ” I answered in the dream.\n\n I awoke immediately, and cried out, “Boys, the deer is dying!” The children rushed to my s.\n\n I ran to the corner of the room where I had placed the pet.\n\n It made a last effort to rise, stumbled toward me, then dropped at my feet, dead.\n\n According to the mass karma which guides and regulates the destinies of animals, the deer’s life was over, and it was ready to progress to a higher form.\n\n But by my deep attachment, which I later realized was selfish, and by my fervent prayers, I had been able to hold it in the limitations of the animal form from which the soul was struggling for release.\n\n The soul of the deer made its plea in a dream because, without my loving permission, it either would not or could not go.\n\n As soon as I agreed, it departed.","type":"default","passage":"Founding of a Yoga School at Ranchi","commentary":"","meaning":""},{"id":"11","title":"27.11","content":"All sorrow left me; I realized anew that God wants His children to love everything as a part of Him, and not to feel delusively that death ends all.\n\n The ignorant man sees only the unsurmountable wall of death, hiding, seemingly forever, his cherished friends.\n\n But the man of unattachment, he who loves others as expressions of the Lord, understands that at death the dear ones have only returned for a breathing-space of joy in Him.\n\n The Ranchi school grew from small and simple beginnings to an institution now well-known in India.\n\n Many departments of the school are supported by voluntary contributions from those who rejoice in perpetuating the educational ideals of the rishis.\n\n Under the general name of YOGODA SAT-SANGA, {FN27-4} flourishing branch schools have been established at Midnapore, Lakshmanpur, and Puri.","type":"default","passage":"Founding of a Yoga School at Ranchi","commentary":"","meaning":""},{"id":"12","title":"27.12","content":"The Ranchi headquarters maintains a Medical Department where medicines and the services of doctors are supplied freely to the poor of the locality.\n\n The number treated has averaged more than 18, 000 persons a year.\n\n The VIDYALAYA has made its mark, too, in Indian competitive sports, and in the scholastic field, where many Ranchi alumni have distinguished themselves in later university l.\n\n The school, now in its twenty-eighth year and the center of many activities, {FN27-5} has been honored by visits of eminent men from the East and the West.\n\n One of the earliest great figures to inspect the VIDYALAYA in its first year was Swami Pranabananda, the Benares “saint with two bodies.\n\n” As the great master viewed the picturesque outdoor classes, held under the trees, and saw in the evening that young boys were sitting motionless for hours in yoga meditation, he was profoundly moved.","type":"default","passage":"Founding of a Yoga School at Ranchi","commentary":"","meaning":""},{"id":"13","title":"27.13","content":"“Joy comes to my heart, ” he said, “to see that Lahiri Mahasaya’s ideals for the proper training of youth are being carried on in this institution.\n\n My guru’s blessings be on it.\n\n” A young lad sitting by my side ventured to ask the great yogi a question.\n\n “Sir, ” he said, “shall I be a monk? Is my life only for God?” Though Swami Pranabananda smiled gently, his eyes were piercing the future.\n\n “Child, ” he replied, “when you grow up, there is a beautiful bride waiting for you.\n\n” The boy did eventually marry, after having planned for years to enter the Swami Order.\n\n Sometime after Swami Pranabananda had visited Ranchi, I accompanied my father to the Calcutta house where the yogi was temporarily staying.\n\n Pranabananda’s prediction, made to me so many years before, came rushing to my mind: “I shall see you, with your father, later on.\n\n”","type":"default","passage":"Founding of a Yoga School at Ranchi","commentary":"","meaning":""},{"id":"14","title":"27.14","content":"As Father entered the swami’s room, the great yogi rose from his seat and embraced my parent with loving respect.\n\n “Bhagabati, ” he said, “what are you doing about yourself? Don’t you see your son racing to the Infinite?” I blushed to hear his praise before my father.\n\n The swami went on, “You recall how often our blessed guru used to say: ‘BANAT, BANAT, BAN JA.\n\n’ {FN26-6} So keep up KRIYA YOGA ceaselessly, and reach the divine portals quickly.\n\n” The body of Pranabananda, which had appeared so well and strong during my amazing first visit to him in Benares, now showed definite aging, though his posture was still admirably erect.","type":"default","passage":"Founding of a Yoga School at Ranchi","commentary":"","meaning":""},{"id":"15","title":"27.15","content":"“Swamiji, ” I inquired, looking straight into his eyes, “please tell me the truth: Aren’t you feeling the advance of age? As the body is weakening, are your perceptions of God suffering any diminution?” He smiled angelically.\n\n “The Beloved is more than ever with me now.\n\n” His complete conviction overwhelmed my mind and soul.\n\n He went on, “I am still enjoying the two pensions-one from Bhagabati here, and one from above.\n\n” Pointing his finger heavenward, the saint fell into an ecstasy, his face lit with a divine glow-an ample answer to my question.\n\n Noticing that Pranabananda’s room contained many plants and packages of seed, I asked their purpose.","type":"default","passage":"Founding of a Yoga School at Ranchi","commentary":"","meaning":""},{"id":"16","title":"27.16","content":"“I have left Benares permanently, ” he said, “and am now on my way to the Himalayas.\n\n There I shall open an ashram for my disciples.\n\n These seeds will produce spinach and a few other vegetables.\n\n My dear ones will live simply, spending their time in blissful God-union.\n\n Nothing else is necessary.\n\n” Father asked his brother disciple when he would return to Calcutta.\n\n “Never again, ” the saint replied.\n\n “This year is the one in which Lahiri Mahasaya told me I would leave my beloved Benares forever and go to the Himalayas, there to throw off my mortal frame.\n\n” My eyes filled with tears at his words, but the swami smiled tranquilly.\n\n He reminded me of a little heavenly child, sitting securely on the lap of the Divine Mother.\n\n The burden of the years has no ill effect on a great yogi’s full possession of supreme spiritual powers.\n\n He is able to renew his body at will; yet sometimes he does not care to retard the aging process, but allows his karma to work itself out on the physical plane, using his old body as a time-saving device to exclude the necessity of working out karma in a new incarnation.","type":"default","passage":"Founding of a Yoga School at Ranchi","commentary":"","meaning":""},{"id":"17","title":"27.17","content":"Months later I met an old friend, Sanandan, who was one of Pranabananda’s close disciples.\n\n “My adorable guru is gone, ” he told me, amidst sobs.\n\n “He established a hermitage near Rishikesh, and gave us loving training.\n\n When we were pretty well settled, and making rapid spiritual progress in his company, he proposed one day to feed a huge crowd from Rishikesh.\n\n I inquired why he wanted such a large number.\n\n “‘This is my last festival ceremony, ’ he said.\n\n I did not understand the full implications of his words.\n\n “Pranabanandaji helped with the cooking of great amounts of food.\n\n We fed about 2000 guests.\n\n After the feast, he sat on a high platform and gave an inspired sermon on the Infin.\n\n At the end, before the gaze of thousands, he turned to me, as I sat beside him on the dais, and spoke with unusual force.","type":"default","passage":"Founding of a Yoga School at Ranchi","commentary":"","meaning":""},{"id":"18","title":"27.18","content":"“‘Sanandan, be prepared; I am going to kick the frame.\n\n’ {FN27-7} “After a stunned silence, I cried loudly, ‘Master, don’t do it! Please, please, don’t do it!’ The crowd was tongue-tied, watching us curiously.\n\n My guru smiled at me, but his solemn gaze was already fixed on Eternity.\n\n “‘Be not selfish, ’ he said, ‘nor grieve for me.\n\n I have been long cheerfully serving you all; now rejoice and wish me Godspeed.\n\n I go to meet my Cosmic Beloved.\n\n’ In a whisper, Pranabanandaji added, ‘I shall be reborn shortly.\n\n After enjoying a short period of the Infinite Bliss, I shall return to earth and join Babaji.\n\n {FN27-8} You shall soon know when and where my soul has been encased in a new body.\n\n’","type":"default","passage":"Founding of a Yoga School at Ranchi","commentary":"","meaning":""},{"id":"19","title":"27.19","content":"“He cried again, ‘Sanandan, here I kick the frame by the second KRIYA YOG.\n\n’ {FN27-9} “He looked at the sea of faces before us, and gave a blessing.\n\n Directing his gaze inwardly to the spiritual eye, he became immob.\n\n While the bewildered crowd thought he was meditating in an ecstatic state, he had already left the tabernacle of flesh and plunged his soul into the cosmic vastness.\n\n The disciples touched his body, seated in the lotus posture, but it was no longer the warm flesh.\n\n Only a stiffened frame remained; the tenant had fled to the immortal shore.\n\n” I inquired where Pranabananda was to be reborn.","type":"default","passage":"Founding of a Yoga School at Ranchi","commentary":"","meaning":""},{"id":"20","title":"27.20","content":"“That’s a sacred trust I cannot divulge to anyone, ” Sanandan replied.\n\n “Perhaps you may find out some other way.\n\n” Years later I discovered from Swami Keshabananda {FN27-10} that Pranabananda, a few years after his birth in a new body, had gone to Badrinarayan in the Himalayas, and there joined the group of saints around the great Babaji.\n\n {FN27-1} VIDYALAYA, school.\n\n BRAHMACHARYA here refers to one of the four stages in the Vedic plan for man’s life, as comprising that of  \n***(1)***\n the celibate student  \n***(BRAHMACHARI)***\n;  \n***(2)***\n the householder with worldly responsibilities  \n***(GRIHASTHA)***\n;  \n***(3)***\n the hermit  \n***(VANAPRASTHA)***\n;  \n***(4)***\n the forest dweller or wanderer, free from all earthly concerns  \n***(SANNYASI)***\n.\n\n This ideal scheme of life, while not widely observed in modern India, still has many devout followers.\n\n The four stages are carried out religiously under the lifelong direction of a guru.","type":"default","passage":"Founding of a Yoga School at Ranchi","commentary":"","meaning":""},{"id":"21","title":"27.21","content":"{FN27-2} A number of American students also have mastered various ASANAS or postures, including Bernard Cole, an instructor in Los Angeles of the Self-Realization Fellowship teachings.\n\n {FN27-3} MARK 10:29-3.\n\n.\n\n {FN27-4} Yogoda: YOGA, union, harmony, equilibrium; DA, that which imparts.\n\n Sat-Sanga: SAT, truth; SANGA, fellowshi.\n\n In the West, to avoid the use of a Sanskrit name, the YOGODA SAT-SANGA movement has been called the SELF-REALIZATION FELLOWSHI.\n\n {FN27-5} The activities at Ranchi are described more fully in chapter 4.\n\n The Lakshmanpur school is in the capable charge of . . . Dey, ..\n\n The medical department is ably supervised by . . . Pal and Sasi Bhusan Mullick.","type":"default","passage":"Founding of a Yoga School at Ranchi","commentary":"","meaning":""},{"id":"22","title":"27.22","content":"{FN27-6} One of Lahiri Mahasaya’s favorite remarks, given as encouragement for his students’ perseverance.\n\n A free translation is: “Striving, striving, one day behold! the Divine Goal!” {FN27-7} ., give up the body.\n\n {FN27-8} Lahiri Mahasaya’s guru, who is still living.\n\n  \n***(See chapter 3.\n\n)***\n {FN27-9} The second KRIYA, as taught by Lahiri Mahasaya, enables the devotee that has mastered it to leave and return to the body consciously at any t.\n\n Advanced yogis use the second Kriya technique during the last exit of death, a moment they invariably know beforehand.\n\n {FN27-10} My meeting with Keshabananda is described in chapter 4.","type":"default","passage":"Founding of a Yoga School at Ranchi","commentary":"","meaning":""},{"id":"23","title":"27.23","content":"","type":"default","passage":"Founding of a Yoga School at Ranchi","commentary":"","meaning":""}]}