{"id":28,"title":"Kashi, Reborn and Rediscovered","description":"Kashi, Reborn and Rediscovered","sectionCount":12,"tags":null,"contentId":"AoY01","sections":[{"id":"1","title":"28.1","content":"KASHI, REBORN AND REDISCOVERED “Please do not go into the water.\n\n Let us bathe by dipping our buckets.\n\n” I was addressing the young Ranchi students who were accompanying me on an eight-mile hike to a neighboring hill.\n\n The pond before us was inviting, but a distaste for it had arisen in my mind.\n\n The group around me followed my example of dipping buckets, but a few lads yielded to the temptation of the cool waters.\n\n No sooner had they dived than large water snakes wiggled around them.\n\n The boys came out of the pond with comical alacrity.\n\n We enjoyed a picnic lunch after we reached our destination.\n\n I sat under a tree, surrounded by a group of students.\n\n Finding me in an inspirational mood, they plied me with questions.","type":"default","passage":"Kashi, Reborn and Rediscovered","commentary":"","meaning":""},{"id":"2","title":"28.2","content":"“Please tell me, sir, ” one youth inquired, “if I shall always stay with you in the path of renunciation.\n\n” “Ah, no, ” I replied, “you will be forcibly taken away to your home, and later you will marry.\n\n” Incredulous, he made a vehement protest.\n\n “Only if I am dead can I be carried home.\n\n” But in a few months, his parents arrived to take him away, in spite of his tearful resistance; some years later, he did marry.\n\n After answering many questions, I was addressed by a lad named Kashi.\n\n He was about twelve years old, a brilliant student, and beloved by all.\n\n “Sir, ” he said, “what will be my fate?” “You shall soon be dead.\n\n” The reply came from my lips with an irresistible force.","type":"default","passage":"Kashi, Reborn and Rediscovered","commentary":"","meaning":""},{"id":"3","title":"28.3","content":"This unexpected disclosure shocked and grieved me as well as everyone present.\n\n Silently rebuking myself as an ENFANT TERRIBLE, I refused to answer further questions.\n\n On our return to the school, Kashi came to my room.\n\n “If I die, will you find me when I am reborn, and bring me again to the spiritual path?” He sobbed.\n\n I felt constrained to refuse this difficult occult responsibility.\n\n But for weeks afterward, Kashi pressed me doggedly.\n\n Seeing him unnerved to the breaking point, I finally consoled him.\n\n “Yes, ” I promised.\n\n “If the Heavenly Father lends His aid, I will try to find you.\n\n” During the summer vacation, I started on a short tri.\n\n Regretting that I could not take Kashi with me, I called him to my room before leaving, and carefully instructed him to remain, against all persuasion, in the spiritual vibrations of the school.\n\n Somehow I felt that if he did not go home, he might avoid the impending calamity.","type":"default","passage":"Kashi, Reborn and Rediscovered","commentary":"","meaning":""},{"id":"4","title":"28.4","content":"No sooner had I left than Kashi’s father arrived in Ranchi.\n\n For fifteen days he tried to break the will of his son, explaining that if Kashi would go to Calcutta for only four days to see his mother, he could then return.\n\n Kashi persistently refused.\n\n The father finally said he would take the boy away with the help of the pol.\n\n The threat disturbed Kashi, who was unwilling to be the cause of any unfavorable publicity to the school.\n\n He saw no choice but to go.\n\n I returned to Ranchi a few days later.\n\n When I heard how Kashi had been removed, I entrained at once for Calcutta.\n\n There I engaged a horse cab.\n\n Very strangely, as the vehicle passed beyond the Howrah bridge over the Ganges, I beheld Kashi’s father and other relatives in mourning clothes.\n\n Shouting to my driver to stop, I rushed out and glared at the unfortunate father.","type":"default","passage":"Kashi, Reborn and Rediscovered","commentary":"","meaning":""},{"id":"5","title":"28.5","content":"“.\n\n Murderer, ” I cried somewhat unreasonably, “you have killed my boy!” The father had already realized the wrong he had done in forcibly bringing Kashi to Calcutta.\n\n During the few days the boy had been there, he had eaten contaminated food, contracted cholera, and passed on.\n\n My love for Kashi, and the pledge to find him after death, night and day haunted me.\n\n No matter where I went, his face loomed up before me.\n\n I began a memorable search for him, even as long ago I had searched for my lost mother.\n\n [Illustration: Kashi, lost and rediscovered—see kashi.\n\njpg] [Illustration: My brother Bishnu; Motilal Mukherji of Serampore, a highly advanced disciple of Sri Yukteswar; my father; . Wright; myself; Tulsi Narayan Bose; Swami Satyananda of Ranchi—see bishnu.\n\njpg]","type":"default","passage":"Kashi, Reborn and Rediscovered","commentary":"","meaning":""},{"id":"6","title":"28.6","content":"[Illustration: A group of delegates to the 1920 International Congress of Religious Liberals at Boston, where I gave my maiden speech in America.\n\n  \n***(Left to Right)***\n Rev.\n\n Clay MacCauley, Rev.\n\n . Rhondda Williams, . . Ushigasaki, Rev.\n\n Jabez . Sunderland, myself, Rev.\n\n Chas.\n\n . Wendte, Rev.\n\n Samuel . Eliot, Rev.\n\n Basil Martin, Rev.\n\n Christopher . Street, Rev.\n\n Samuel . Crothers.\n\n—see congress.\n\njpg] I felt that inasmuch as God had given me the faculty of reason, I must utilize it and tax my powers to the utmost in order to discover the subtle laws by which I could know the boy’s astral whereabouts.\n\n He was a soul vibrating with unfulfilled desires, I realized-a mass of light floating somewhere amidst millions of luminous souls in the astral regions.\n\n How was I to tune in with him, among so many vibrating lights of other souls?","type":"default","passage":"Kashi, Reborn and Rediscovered","commentary":"","meaning":""},{"id":"7","title":"28.7","content":"Using a secret yoga technique, I broadcasted my love to Kashi’s soul through the microphone of the spiritual eye, the inner point between the eyebrows.\n\n With the antenna of upraised hands and fingers, I often turned myself round and round, trying to locate the direction in which he had been reborn as an embryo.\n\n I hoped to receive response from him in the concentration-tuned radio of my heart.\n\n {FN28-1} I intuitively felt that Kashi would soon return to the earth, and that if I kept unceasingly broadcasting my call to him, his soul would reply.\n\n I knew that the slightest impulse sent by Kashi would be felt in my fingers, hands, arms, spine, and nerves.","type":"default","passage":"Kashi, Reborn and Rediscovered","commentary":"","meaning":""},{"id":"8","title":"28.8","content":"With undiminished zeal, I practiced the yoga method steadily for about six months after Kashi’s death.\n\n Walking with a few friends one morning in the crowded Bowbazar section of Calcutta, I lifted my hands in the usual manner.\n\n For the first time, there was response.\n\n I thrilled to detect electrical impulses trickling down my fingers and palms.\n\n These currents translated themselves into one overpowering thought from a deep recess of my consciousness: “I am Kashi; I am Kashi; come to me!” The thought became almost audible as I concentrated on my heart radio.\n\n In the characteristic, slightly hoarse whisper of Kashi, {FN28-2} I heard his summons again and again.\n\n I seized the arm of one of my companions, Prokash Das, {FN28-3} and smiled at him joyfully.","type":"default","passage":"Kashi, Reborn and Rediscovered","commentary":"","meaning":""},{"id":"9","title":"28.9","content":"“It looks as though I have located Kashi!” I began to turn round and round, to the undisguised amusement of my friends and the passing throng.\n\n The electrical impulses tingled through my fingers only when I faced toward a near-by path, aptly named “Serpentine Lane.\n\n” The astral currents disappeared when I turned in other directions.\n\n “Ah, ” I exclaimed, “Kashi’s soul must be living in the womb of some mother whose home is in this lane.\n\n” My companions and I approached closer to Serpentine Lane; the vibrations in my upraised hands grew stronger, more pronounced.\n\n As if by a magnet, I was pulled toward the right side of the road.\n\n Reaching the entrance of a certain house, I was astounded to find myself transfixed.\n\n I knocked at the door in a state of intense excitement, holding my very breath.\n\n I felt that the successful end had come for my long, arduous, and certainly unusual quest!","type":"default","passage":"Kashi, Reborn and Rediscovered","commentary":"","meaning":""},{"id":"10","title":"28.10","content":"The door was opened by a servant, who told me her master was at home.\n\n He descended the stairway from the second floor and smiled at me inquiringly.\n\n I hardly knew how to frame my question, at once pertinent and impertinent.\n\n “Please tell me, sir, if you and your wife have been expecting a child for about six months?” “Yes, it is so.\n\n” Seeing that I was a swami, a renunciate attired in the traditional orange cloth, he added politely, “Pray inform me how you know my affairs.\n\n” When he heard about Kashi and the promise I had given, the astonished man believed my story.\n\n “A male child of fair complexion will be born to you, ” I told him.\n\n “He will have a broad face, with a cowlick atop his forehead.\n\n His disposition will be notably spiritu.\n\n” I felt certain that the coming child would bear these resemblances to Kashi.","type":"default","passage":"Kashi, Reborn and Rediscovered","commentary":"","meaning":""},{"id":"11","title":"28.11","content":"Later I visited the child, whose parents had given him his old name of Kashi.\n\n Even in infancy he was strikingly similar in appearance to my dear Ranchi student.\n\n The child showed me an instantaneous affection; the attraction of the past awoke with redoubled intensity.\n\n Years later the teen-age boy wrote me, during my stay in America.\n\n He explained his deep longing to follow the path of a renunciate.\n\n I directed him to a Himalayan master who, to this day, guides the reborn Kashi.\n\n {FN28-1} The will, projected from the point between the eyebrows, is known by yogis as the broadcasting apparatus of thought.\n\n When the feeling is calmly concentrated on the heart, it acts as a mental radio, and can receive the messages of others from far or near.\n\n In telepathy the fine vibrations of thoughts in one person’s mind are transmitted through the subtle vibrations of astral ether and then through the grosser earthly ether, creating electrical waves which, in turn, translate themselves into thought waves in the mind of the other person.","type":"default","passage":"Kashi, Reborn and Rediscovered","commentary":"","meaning":""},{"id":"12","title":"28.12","content":"{FN28-2} Every soul in its pure state is omniscient.\n\n Kashi’s soul remembered all the characteristics of Kashi, the boy, and therefore mimicked his hoarse voice in order to stir my recognition.\n\n {FN28-3} Prokash Das is the present director of our Yogoda Math  \n***(hermitage)***\n at Dakshineswar in Beng.","type":"default","passage":"Kashi, Reborn and Rediscovered","commentary":"","meaning":""}]}