{"id":29,"title":"Rabindranath Tagore and I Compare Schools","description":"Rabindranath Tagore and I Compare Schools","sectionCount":12,"tags":null,"contentId":"AoY01","sections":[{"id":"1","title":"29.1","content":"RABINDRANATH TAGORE AND I COMPARE SCHOOLS “Rabindranath Tagore taught us to sing, as a natural form of self-expression, like the birds.\n\n” Bhola Nath, a bright fourteen-year-old lad at my Ranchi school, gave me this explanation after I had complimented him one morning on his melodious outbursts.\n\n With or without provocation, the boy poured forth a tuneful stream.\n\n He had previously attended the famous Tagore school of “Santiniketan”  \n***(Haven of Peace)***\n at Bolpur.\n\n “The songs of Rabindranath have been on my lips since early youth, ” I told my companion.\n\n “All Bengal, even the unlettered peasants, delights in his lofty verse.\n\n”","type":"default","passage":"Rabindranath Tagore and I Compare Schools","commentary":"","meaning":""},{"id":"2","title":"29.2","content":"Bhola and I sang together a few refrains from Tagore, who has set to music thousands of Indian poems, some original and others of hoary antiquity.\n\n “I met Rabindranath soon after he had received the Nobel Prize for literature, ” I remarked after our vocalizing.\n\n “I was drawn to visit him because I admired his undiplomatic courage in disposing of his literary critics.\n\n” I chuckled.\n\n Bhola curiously inquired the story.\n\n “The scholars severely flayed Tagore for introducing a new style into Bengali poetry, ” I began.\n\n “He mixed colloquial and classical expressions, ignoring all the prescribed limitations dear to the pundits’ hearts.\n\n His songs embody deep philosophic truth in emotionally appealing terms, with little regard for the accepted literary forms.","type":"default","passage":"Rabindranath Tagore and I Compare Schools","commentary":"","meaning":""},{"id":"3","title":"29.3","content":"“One influential critic slightingly referred to Rabindranath as a ‘pigeon-poet who sold his cooings in print for a rupee.\n\n’ But Tagore’s revenge was at hand; the whole Western world paid homage at his feet soon after he had translated into English his GITANJALI  \n***(‘Song Offerings’)***\n.\n\n A trainload of pundits, including his one-time critics, went to Santiniketan to offer their congratulations.\n\n “Rabindranath received his guests only after an intentionally long delay, and then heard their praise in stoic silence.\n\n Finally he turned against them their own habitual weapons of criticism.\n\n “‘Gentlemen, ’ he said, ‘the fragrant honors you here bestow are incongruously mingled with the putrid odors of your past contempt.\n\n Is there possibly any connection between my award of the Nobel Prize, and your suddenly acute powers of appreciation? I am still the same poet who displeased you when I first offered my humble flowers at the shrine of Beng.\n\n’","type":"default","passage":"Rabindranath Tagore and I Compare Schools","commentary":"","meaning":""},{"id":"4","title":"29.4","content":"“The newspapers published an account of the bold chastisement given by Tagore.\n\n I admired the outspoken words of a man unhypnotized by flattery, ” I went on.\n\n “I was introduced to Rabindranath in Calcutta by his secretary, . . . Andrews, {FN29-1} who was simply attired in a Bengali DHOT.\n\n He referred lovingly to Tagore as his GURUDEV.\n\n “Rabindranath received me graciously.\n\n He emanated a soothing aura of charm, culture, and courtliness.\n\n Replying to my question about his literary background, Tagore told me that one ancient source of his inspiration, besides our religious epics, had been the classical poet, Bidyapati.\n\n”","type":"default","passage":"Rabindranath Tagore and I Compare Schools","commentary":"","meaning":""},{"id":"5","title":"29.5","content":"Inspired by these memories, I began to sing Tagore’s version of an old Bengali song, “Light the Lamp of Thy Love.\n\n” Bhola and I chanted joyously as we strolled over the VIDYALAYA grounds.\n\n About two years after founding the Ranchi school, I received an invitation from Rabindranath to visit him at Santiniketan in order to discuss our educational ideals.\n\n I went gladly.\n\n The poet was seated in his study when I entered; I thought then, as at our first meeting, that he was as striking a model of superb manhood as any painter could des.\n\n His beautifully chiseled face, nobly patrician, was framed in long hair and flowing beard.\n\n Large, melting eyes; an angelic smile; and a voice of flutelike quality which was literally enchanting.\n\n Stalwart, tall, and grave, he combined an almost womanly tenderness with the delightful spontaneity of a child.\n\n No idealized conception of a poet could find more suitable embodiment than in this gentle singer.","type":"default","passage":"Rabindranath Tagore and I Compare Schools","commentary":"","meaning":""},{"id":"6","title":"29.6","content":"Tagore and I were soon deep in a comparative study of our schools, both founded along unorthodox lines.\n\n We discovered many identical features-outdoor instruction, simplicity, ample scope for the child’s creative spirit.\n\n Rabindranath, however, laid considerable stress on the study of literature and poetry, and the self-expression through music and song which I had already noted in the case of Bhola.\n\n The Santiniketan children observed periods of silence, but were given no special yoga training.\n\n The poet listened with flattering attention to my description of the energizing “Yogoda” exercises and the yoga concentration techniques which are taught to all students at Ranchi.","type":"default","passage":"Rabindranath Tagore and I Compare Schools","commentary":"","meaning":""},{"id":"7","title":"29.7","content":"Tagore told me of his own early educational struggles.\n\n “I fled from school after the fifth grade, ” he said, laughing.\n\n I could readily understand how his innate poetic delicacy had been affronted by the dreary, disciplinary atmosphere of a schoolroom.\n\n “That is why I opened Santiniketan under the shady trees and the glories of the sky.\n\n” He motioned eloquently to a little group studying in the beautiful garden.\n\n “A child is in his natural setting amidst the flowers and songbirds.\n\n Only thus may he fully express the hidden wealth of his individual endowment.\n\n True education can never be crammed and pumped from without; rather it must aid in bringing spontaneously to the surface the infinite hoards of wisdom within.\n\n” {FN29-2}","type":"default","passage":"Rabindranath Tagore and I Compare Schools","commentary":"","meaning":""},{"id":"8","title":"29.8","content":"I agreed.\n\n “The idealistic and hero-worshiping instincts of the young are starved on an exclusive diet of statistics and chronological eras.\n\n” The poet spoke lovingly of his father, Devendranath, who had inspired the Santiniketan beginnings.\n\n “Father presented me with this fertile land, where he had already built a guest house and temple, ” Rabindranath told me.\n\n “I started my educational experiment here in 1901, with only ten boys.\n\n The eight thousand pounds which came with the Nobel Prize all went for the upkeep of the school.\n\n” The elder Tagore, Devendranath, known far and wide as “Maharishi, ” was a very remarkable man, as one may discover from his AUTOBIOGRAPH.\n\n Two years of his manhood were spent in meditation in the Himalayas.\n\n In turn, his father, Dwarkanath Tagore, had been celebrated throughout Bengal for his munificent public benefactions.\n\n From this illustrious tree has sprung a family of geniuses.\n\n Not Rabindranath alone; all his relatives have distinguished themselves in creative expression.\n\n His brothers, Gogonendra and Abanindra, are among the foremost artists {FN29-3} of India; another brother, Dwijendra, is a deep-seeing philosopher, at whose gentle call the birds and woodland creatures respond.","type":"default","passage":"Rabindranath Tagore and I Compare Schools","commentary":"","meaning":""},{"id":"9","title":"29.9","content":"Rabindranath invited me to stay overnight in the guest house.\n\n It was indeed a charming spectacle, in the evening, to see the poet seated with a group in the patio.\n\n Time unfolded backward: the scene before me was like that of an ancient hermitage-the joyous singer encircled by his devotees, all aureoled in divine love.\n\n Tagore knitted each tie with the cords of harmony.\n\n Never assertive, he drew and captured the heart by an irresistible magnetism.\n\n Rare blossom of poesy blooming in the garden of the Lord, attracting others by a natural fragrance! In his melodious voice, Rabindranath read to us a few of his exquisite poems, newly created.\n\n Most of his songs and plays, written for the delectation of his students, have been composed at Santiniketan.\n\n The beauty of his lines, to me, lies in his art of referring to God in nearly every stanza, yet seldom mentioning the sacred Name.\n\n “Drunk with the bliss of singing, ” he wrote, “I forget myself and call thee friend who art my lord.\n\n”","type":"default","passage":"Rabindranath Tagore and I Compare Schools","commentary":"","meaning":""},{"id":"10","title":"29.10","content":"The following day, after lunch, I bade the poet a reluctant farewell.\n\n I rejoice that his little school has now grown to an international university, “Viswa-Bharati, ” where scholars of all lands have found an ideal setting.\n\n “Where the mind is without fear and the head is held high; Where knowledge is free; Where the world has not been broken up into fragments by narrow domestic walls; Where words come out from the depth of truth; Where tireless striving stretches its arms toward perfection; Where the clear stream of reason has not lost its way into the dreary desert sand of dead habit; Where the mind is led forward by Thee into ever-widening thought and action; Into that heaven of freedom, my Father, let my country awake!” {FN29-4} RABINDRANATH TAGORE","type":"default","passage":"Rabindranath Tagore and I Compare Schools","commentary":"","meaning":""},{"id":"11","title":"29.11","content":"{FN29-1} The English writer and publicist, close friend of Mahatma Gandhi.\n\n . Andrews is honored in India for his many services to his adopted land.\n\n {FN29-2} “The soul having been often born, or, as the Hindus say, ‘traveling the path of existence through thousands of births’ . . . there is nothing of which she has not gained the knowledge; no wonder that she is able to recollect . . . what formerly she knew.\n\n . . . For inquiry and learning is reminiscence all.\n\n”-EMERSO.\n\n {FN29-3} Rabindranath, too, in his sixties, engaged in a serious study of painting.\n\n Exhibitions of his “futuristic” work were given some years ago in European capitals and New York.","type":"default","passage":"Rabindranath Tagore and I Compare Schools","commentary":"","meaning":""},{"id":"12","title":"29.12","content":"{FN29-4} GITANJALI  \n***(New York: Macmillan Co.\n\n)***\n.\n\n A thoughtful study of the poet will be found in THE PHILOSOPHY OF RABINDRANATH TAGORE, by the celebrated scholar, Sir . Radhakrishnan  \n***(Macmillan, 1918)***\n.\n\n Another expository volume is . . Roy’s RABINDRANATH TAGORE: THE MAN AND HIS POETRY  \n***(New York: Dodd, Mead, 1915)***\n.\n\n BUDDHA AND THE GOSPEL OF BUDDHISM  \n***(New York: Putnam’s, 1916)***\n, by the eminent Oriental art authority, Ananda . Coomaraswamy, contains a number of illustrations in color by the poet’s brother, Abanindra Nath Tagore.","type":"default","passage":"Rabindranath Tagore and I Compare Schools","commentary":"","meaning":""}]}