{"id":3,"title":"The Saint with Two Bodies (Swami Pranabananda)","description":"The Saint with Two Bodies (Swami Pranabananda)","sectionCount":17,"tags":null,"contentId":"AoY01","sections":[{"id":"1","title":"3.1","content":"THE SAINT WITH TWO BODIES “Father, if I promise to return home without coercion, may I take a sight-seeing trip to Benares?” My keen love of travel was seldom hindered by Father.\n\n He permitted me, even as a mere boy, to visit many cities and pilgrimage spots.\n\n Usually one or more of my friends accompanied me; we would travel comfortably on first-class passes provided by Father.\n\n His position as a railroad official was fully satisfactory to the nomads in the family.\n\n Father promised to give my request due consideration.\n\n The next day he summoned me and held out a round-trip pass from Bareilly to Benares, a number of rupee notes, and two letters.","type":"default","passage":"The Saint with Two Bodies (Swami Pranabananda)","commentary":"","meaning":""},{"id":"2","title":"3.2","content":"“I have a business matter to propose to a Benares friend, Kedar Nath Babu.\n\n Unfortunately I have lost his address.\n\n But I believe you will be able to get this letter to him through our common friend, Swami Pranabananda.\n\n The swami, my brother disciple, has attained an exalted spiritual stature.\n\n You will benefit by his company; this second note will serve as your introduction.\n\n” Father’s eyes twinkled as he added, “Mind, no more flights from home!” I set forth with the zest of my twelve years  \n***(though time has never dimmed my delight in new scenes and strange faces)***\n.\n\n Reaching Benares, I proceeded immediately to the swami’s residence.\n\n The front door was open; I made my way to a long, hall-like room on the second floor.\n\n A rather stout man, wearing only a loincloth, was seated in lotus posture on a slightly raised platform.\n\n His head and unwrinkled face were clean-shaven; a beatific smile played about his lips.\n\n To dispel my thought that I had intruded, he greeted me as an old friend.","type":"default","passage":"The Saint with Two Bodies (Swami Pranabananda)","commentary":"","meaning":""},{"id":"3","title":"3.3","content":"“BABA ANAND  \n***(bliss to my dear one)***\n.\n\n” His welcome was given heartily in a childlike vo.\n\n I knelt and touched his feet.\n\n “Are you Swami Pranabananda?” He nodded.\n\n “Are you Bhagabati’s son?” His words were out before I had had time to get Father’s letter from my pocket.\n\n In astonishment, I handed him the note of introduction, which now seemed superfluous.\n\n “Of course I will locate Kedar Nath Babu for you.\n\n” The saint again surprised me by his clairvoyance.\n\n He glanced at the letter, and made a few affectionate references to my parent.\n\n “You know, I am enjoying two pensions.\n\n One is by the recommendation of your father, for whom I once worked in the railroad off.\n\n The other is by the recommendation of my Heavenly Father, for whom I have conscientiously finished my earthly duties in l.\n\n”","type":"default","passage":"The Saint with Two Bodies (Swami Pranabananda)","commentary":"","meaning":""},{"id":"4","title":"3.4","content":"I found this remark very obscure.\n\n “What kind of pension, sir, do you receive from the Heavenly Father? Does He drop money in your lap?” He laughed.\n\n “I mean a pension of fathomless peace-a reward for many years of deep meditation.\n\n I never crave money now.\n\n My few material needs are amply provided for.\n\n Later you will understand the significance of a second pension.\n\n” Abruptly terminating our conversation, the saint became gravely motionless.\n\n A sphinxlike air enveloped him.\n\n At first his eyes sparkled, as if observing something of interest, then grew dull.\n\n I felt abashed at his pauciloquy; he had not yet told me how I could meet Father’s friend.\n\n A trifle restlessly, I looked about me in the bare room, empty except for us two.\n\n My idle gaze took in his wooden sandals, lying under the platform seat.","type":"default","passage":"The Saint with Two Bodies (Swami Pranabananda)","commentary":"","meaning":""},{"id":"5","title":"3.5","content":"“Little sir, {FN3-1} don’t get worried.\n\n The man you wish to see will be with you in half an hour.\n\n” The yogi was reading my mind-a feat not too difficult at the moment! Again he fell into inscrutable silence.\n\n My watch informed me that thirty minutes had elapsed.\n\n The swami aroused himself.\n\n “I think Kedar Nath Babu is nearing the door.\n\n” I heard somebody coming up the stairs.\n\n An amazed incomprehension arose suddenly; my thoughts raced in confusion: “How is it possible that Father’s friend has been summoned to this place without the help of a messenger? The swami has spoken to no one but myself since my arrival!”","type":"default","passage":"The Saint with Two Bodies (Swami Pranabananda)","commentary":"","meaning":""},{"id":"6","title":"3.6","content":"Abruptly I quitted the room and descended the steps.\n\n Halfway down I met a thin, fair-skinned man of medium height.\n\n He appeared to be in a hurry.\n\n “Are you Kedar Nath Babu?” Excitement colored my vo.\n\n “Yes.\n\n Are you not Bhagabati’s son who has been waiting here to meet me?” He smiled in friendly fashion.\n\n “Sir, how do you happen to come here?” I felt baffled resentment over his inexplicable presence.\n\n “Everything is mysterious today! Less than an hour ago I had just finished my bath in the Ganges when Swami Pranabananda approached me.\n\n I have no idea how he knew I was there at that t.\n\n “‘Bhagabati’s son is waiting for you in my apartment, ’ he said.\n\n ‘Will you come with me?’ I gladly agreed.\n\n As we proceeded hand in hand, the swami in his wooden sandals was strangely able to outpace me, though I wore these stout walking shoes.","type":"default","passage":"The Saint with Two Bodies (Swami Pranabananda)","commentary":"","meaning":""},{"id":"7","title":"3.7","content":"“‘How long will it take you to reach my place?’ Pranabanandaji suddenly halted to ask me this question.\n\n “‘About half an hour.\n\n’ “‘I have something else to do at present.\n\n’ He gave me an enigmatical glance.\n\n ‘I must leave you behind.\n\n You can join me in my house, where Bhagabati’s son and I will be awaiting you.\n\n’ “Before I could remonstrate, he dashed swiftly past me and disappeared in the crowd.\n\n I walked here as fast as possible.\n\n” This explanation only increased my bewilderment.\n\n I inquired how long he had known the swami.\n\n “We met a few times last year, but not recently.\n\n I was very glad to see him again today at the bathing GHA.\n\n”","type":"default","passage":"The Saint with Two Bodies (Swami Pranabananda)","commentary":"","meaning":""},{"id":"8","title":"3.8","content":"“I cannot believe my ears! Am I losing my mind? Did you meet him in a vision, or did you actually see him, touch his hand, and hear the sound of his feet?” “I don’t know what you’re driving at!” He flushed angrily.\n\n “I am not lying to you.\n\n Can’t you understand that only through the swami could I have known you were waiting at this place for me?” “Why, that man, Swami Pranabananda, has not left my sight a moment since I first came about an hour ago.\n\n” I blurted out the whole story.\n\n His eyes opened widely.\n\n “Are we living in this material age, or are we dreaming? I never expected to witness such a miracle in my life! I thought this swami was just an ordinary man, and now I find he can materialize an extra body and work through it!” Together we entered the saint’s room.","type":"default","passage":"The Saint with Two Bodies (Swami Pranabananda)","commentary":"","meaning":""},{"id":"9","title":"3.9","content":"“Look, those are the very sandals he was wearing at the GHAT, ” Kedar Nath Babu whispered.\n\n “He was clad only in a loincloth, just as I see him now.\n\n” As the visitor bowed before him, the saint turned to me with a quizzical sm.\n\n “Why are you stupefied at all this? The subtle unity of the phenomenal world is not hidden from true yogis.\n\n I instantly see and converse with my disciples in distant Calcutta.\n\n They can similarly transcend at will every obstacle of gross matter.\n\n” It was probably in an effort to stir spiritual ardor in my young breast that the swami had condescended to tell me of his powers of astral radio and television.\n\n {FN3-2} But instead of enthusiasm, I experienced only an awe-stricken fear.\n\n Inasmuch as I was destined to undertake my divine search through one particular guru-Sri Yukteswar, whom I had not yet met-I felt no inclination to accept Pranabananda as my teacher.\n\n I glanced at him doubtfully, wondering if it were he or his counterpart before me.","type":"default","passage":"The Saint with Two Bodies (Swami Pranabananda)","commentary":"","meaning":""},{"id":"10","title":"3.10","content":"[Illustration: Swami Pranabananda, “The Saint With Two Bodies”, An Exalted Disciple of Lahiri Mahasaya—see pranabananda.\n\njpg] The master sought to banish my disquietude by bestowing a soul-awakening gaze, and by some inspiring words about his guru.\n\n “Lahiri Mahasaya was the greatest yogi I ever knew.\n\n He was Divinity Itself in the form of flesh.\n\n” If a disciple, I reflected, could materialize an extra fleshly form at will, what miracles indeed could be barred to his master? “I will tell you how priceless is a guru’s hel.\n\n I used to meditate with another disciple for eight hours every night.\n\n We had to work at the railroad office during the day.\n\n Finding difficulty in carrying on my clerical duties, I desired to devote my whole time to God.\n\n For eight years I persevered, meditating half the night.\n\n I had wonderful results; tremendous spiritual perceptions illumined my mind.\n\n But a little veil always remained between me and the Infin.\n\n Even with super-human earnestness, I found the final irrevocable union to be denied me.\n\n One evening I paid a visit to Lahiri Mahasaya and pleaded for his divine intercession.\n\n My importunities continued during the entire night.","type":"default","passage":"The Saint with Two Bodies (Swami Pranabananda)","commentary":"","meaning":""},{"id":"11","title":"3.11","content":"“‘Angelic Guru, my spiritual anguish is such that I can no longer bear my life without meeting the Great Beloved face to face!’ “‘What can I do? You must meditate more profoundly.\n\n’ “‘I am appealing to Thee, O God my Master! I see Thee materialized before me in a physical body; bless me that I may perceive Thee in Thine infinite form!’ “Lahiri Mahasaya extended his hand in a benign gesture.\n\n ‘You may go now and meditate.\n\n I have interceded for you with Brahma.\n\n’ {FN3-3} “Immeasurably uplifted, I returned to my home.\n\n In meditation that night, the burning Goal of my life was achieved.\n\n \n\nNow I ceaselessly enjoy the spiritual pension.\n\n Never from that day has the Blissful Creator remained hidden from my eyes behind any screen of delusion.\n\n”","type":"default","passage":"The Saint with Two Bodies (Swami Pranabananda)","commentary":"","meaning":""},{"id":"12","title":"3.12","content":"Pranabananda’s face was suffused with divine light.\n\n The peace of another world entered my heart; all fear had fled.\n\n The saint made a further confidence.\n\n “Some months later I returned to Lahiri Mahasaya and tried to thank him for his bestowal of the infinite gift.\n\n Then I mentioned another matter.\n\n “‘Divine Guru, I can no longer work in the off.\n\n Please release me.\n\n Brahma keeps me continuously intoxicated.\n\n’ “‘Apply for a pension from your company.\n\n’ “‘What reason shall I give, so early in my service?’ “‘Say what you feel.\n\n’ “The next day I made my application.\n\n The doctor inquired the grounds for my premature request.","type":"default","passage":"The Saint with Two Bodies (Swami Pranabananda)","commentary":"","meaning":""},{"id":"13","title":"3.13","content":"“‘At work, I find an overpowering sensation rising in my sp.\n\n {FN3-4} It permeates my whole body, unfitting me for the performance of my duties.\n\n’ “Without further questioning the physician recommended me highly for a pension, which I soon received.\n\n I know the divine will of Lahiri Mahasaya worked through the doctor and the railroad officials, including your father.\n\n Automatically they obeyed the great guru’s spiritual direction, and freed me for a life of unbroken communion with the Beloved.\n\n” {FN3-5} After this extraordinary revelation, Swami Pranabananda retired into one of his long silences.\n\n As I was taking leave, touching his feet reverently, he gave me his blessing:","type":"default","passage":"The Saint with Two Bodies (Swami Pranabananda)","commentary":"","meaning":""},{"id":"14","title":"3.14","content":"“Your life belongs to the path of renunciation and yoga.\n\n I shall see you again, with your father, later on.\n\n” The years brought fulfillment to both these predictions.\n\n {FN3-6} Kedar Nath Babu walked by my side in the gathering darkness.\n\n I delivered Father’s letter, which my companion read under a street lam.\n\n “Your father suggests that I take a position in the Calcutta office of his railroad company.\n\n How pleasant to look forward to at least one of the pensions that Swami Pranabananda enjoys! But it is impossible; I cannot leave Benares.\n\n Alas, two bodies are not yet for me!” {FN3-1} CHOTO MAHASAYA is the term by which a number of Indian saints addressed me.\n\n It translates “little sir.\n\n”.","type":"default","passage":"The Saint with Two Bodies (Swami Pranabananda)","commentary":"","meaning":""},{"id":"15","title":"3.15","content":"{FN3-2} In its own way, physical science is affirming the validity of laws discovered by yogis through mental science.\n\n \n\nFor example, a demonstration that man has televisional powers was given on Nov.\n\n 26, 1934 at the Royal University of Rome.\n\n “.\n\n Giuseppe Calligaris, professor of neuro-psychology, pressed certain points of a subject’s body and the subject responded with minute descriptions of other persons and objects on the opposite side of a wall.\n\n . Calligaris told the other professors that if certain areas on the skin are agitated, the subject is given super-sensorial impressions enabling him to see objects that he could not otherwise perce.\n\n To enable his subject to discern things on the other side of a wall, Professor Calligaris pressed on a spot to the right of the thorax for fifteen minutes.\n\n . Calligaris said that if other spots of the body were agitated, the subjects could see objects at any distance, regardless of whether they had ever before seen those objects.\n\n”.","type":"default","passage":"The Saint with Two Bodies (Swami Pranabananda)","commentary":"","meaning":""},{"id":"16","title":"3.16","content":"{FN3-3} God in His aspect of Creator; from Sanskrit root BRIH, to expand.\n\n When Emerson’s poem BRAHMA appeared in the ATLANTIC MONTHLY in 1857, most the readers were bewildered.\n\n Emerson chuckled.\n\n “Tell them, ” he said, “to say ‘Jehovah’ instead of ‘Brahma’ and they will not feel any perplexity.\n\n” {FN3-4} In deep meditation, the first experience of Spirit is on the altar of the spine, and then in the brain.\n\n The torrential bliss is overwhelming, but the yogi learns to control its outward manifestations.\n\n {FN3-5} After his retirement, Pranabananda wrote one of the most profound commentaries on the BHAGAVAD GITA, available in Bengali and Hindi.","type":"default","passage":"The Saint with Two Bodies (Swami Pranabananda)","commentary":"","meaning":""},{"id":"17","title":"3.17","content":"{FN3-6} See chapter 2.","type":"default","passage":"The Saint with Two Bodies (Swami Pranabananda)","commentary":"","meaning":""}]}