{"id":30,"title":"The Law of Miracles","description":"The Law of Miracles","sectionCount":29,"tags":null,"contentId":"AoY01","sections":[{"id":"1","title":"30.1","content":"THE LAW OF MIRACLES The great novelist Leo Tolstoy wrote a delightful story, THE THREE HERMIT.\n\n His friend Nicholas Roerich {FN30-1} has summarized the tale, as follows: “On an island there lived three old hermits.\n\n They were so simple that the only prayer they used was: ‘We are three; Thou art Three-have mercy on us!’ Great miracles were manifested during this naive prayer.\n\n “The local bishop {FN30-2} came to hear about the three hermits and their inadmissible prayer, and decided to visit them in order to teach them the canonical invocations.\n\n He arrived on the island, told the hermits that their heavenly petition was undignified, and taught them many of the customary prayers.\n\n The bishop then left on a boat.\n\n He saw, following the ship, a radiant light.\n\n As it approached, he discerned the three hermits, who were holding hands and running upon the waves in an effort to overtake the vessel.","type":"default","passage":"The Law of Miracles","commentary":"","meaning":""},{"id":"2","title":"30.2","content":"“‘We have forgotten the prayers you taught us, ’ they cried as they reached the bishop, ‘and have hastened to ask you to repeat them.\n\n’ The awed bishop shook his head.\n\n “‘Dear ones, ’ he replied humbly, ‘continue to live with your old prayer!’” How did the three saints walk on the water? How did Christ resurrect his crucified body? How did Lahiri Mahasaya and Sri Yukteswar perform their miracles? Modern science has, as yet, no answer; though with the advent of the atomic bomb and the wonders of radar, the scope of the world-mind has been abruptly enlarged.\n\n The word “impossible” is becoming less prominent in the scientific vocabulary.","type":"default","passage":"The Law of Miracles","commentary":"","meaning":""},{"id":"3","title":"30.3","content":"The ancient Vedic scriptures declare that the physical world operates under one fundamental law of MAYA, the principle of relativity and duality.\n\n God, the Sole Life, is an Absolute Unity; He cannot appear as the separate and diverse manifestations of a creation except under a false or unreal veil.\n\n That cosmic illusion is MAY.\n\n Every great scientific discovery of modern times has served as a confirmation of this simple pronouncement of the rishis.\n\n Newton’s Law of Motion is a law of MAYA: “To every action there is always an equal and contrary reaction; the mutual actions of any two bodies are always equal and oppositely directed.\n\n” Action and reaction are thus exactly equ.\n\n “To have a single force is impossible.\n\n There must be, and always is, a pair of forces equal and oppos.\n\n”","type":"default","passage":"The Law of Miracles","commentary":"","meaning":""},{"id":"4","title":"30.4","content":"Fundamental natural activities all betray their mayic origin.\n\n Electricity, for example, is a phenomenon of repulsion and attraction; its electrons and protons are electrical opposites.\n\n Another example: the atom or final particle of matter is, like the earth itself, a magnet with positive and negative poles.\n\n The entire phenomenal world is under the inexorable sway of polarity; no law of physics, chemistry, or any other science is ever found free from inherent opposite or contrasted principles.\n\n Physical science, then, cannot formulate laws outside of MAYA, the very texture and structure of creation.\n\n Nature herself is MAYA; natural science must perforce deal with her ineluctable quiddity.\n\n In her own domain, she is eternal and inexhaustible; future scientists can do no more than probe one aspect after another of her varied infinitude.\n\n Science thus remains in a perpetual flux, unable to reach finality; fit indeed to formulate the laws of an already existing and functioning cosmos, but powerless to detect the Law Framer and Sole Operator.\n\n The majestic manifestations of gravitation and electricity have become known, but what gravitation and electricity are, no mortal knoweth.\n\n {FN30-3}","type":"default","passage":"The Law of Miracles","commentary":"","meaning":""},{"id":"5","title":"30.5","content":"[Illustration: A GURU AND DISCIPLE, Forest hermitages were the ancient seats of learning, secular and divine, for the youth of India.\n\n Here a venerable guru, leaning on a wooden meditation elbow-prop, is initiating his disciple into the august mysteries of Spirit.\n\n—see guru.\n\njpg] To surmount MAYA was the task assigned to the human race by the millennial prophets.\n\n To rise above the duality of creation and perceive the unity of the Creator was conceived of as man’s highest go.\n\n Those who cling to the cosmic illusion must accept its essential law of polarity: flow and ebb, rise and fall, day and night, pleasure and pain, good and evil, birth and death.\n\n This cyclic pattern assumes a certain anguishing monotony, after man has gone through a few thousand human births; he begins to cast a hopeful eye beyond the compulsions of MAY.","type":"default","passage":"The Law of Miracles","commentary":"","meaning":""},{"id":"6","title":"30.6","content":"To tear the veil of MAYA is to pierce the secret of creation.\n\n The yogi who thus denudes the universe is the only true monotheist.\n\n All others are worshiping heathen images.\n\n So long as man remains subject to the dualistic delusions of nature, the Janus-faced MAYA is his goddess; he cannot know the one true God.\n\n The world illusion, MAYA, is individually called AVIDYA, literally, “not-knowledge, ” ignorance, delusion.\n\n MAYA or AVIDYA can never be destroyed through intellectual conviction or analysis, but solely through attaining the interior state of NIRBIKALPA SAMADH.\n\n The Old Testament prophets, and seers of all lands and ages, spoke from that state of consciousness.\n\n Ezekiel says  \n***(43:1-2)***\n: “Afterwards he brought me to the gate, even the gate that looketh toward the east: and, behold, the glory of the God of Israel came from the way of the east: and his voice was like a noise of many waters: and the earth shined with his glory.\n\n” Through the divine eye in the forehead  \n***(east)***\n, the yogi sails his consciousness into omnipresence, hearing the Word or Aum, divine sound of many waters or vibrations which is the sole reality of creation.","type":"default","passage":"The Law of Miracles","commentary":"","meaning":""},{"id":"7","title":"30.7","content":"Among the trillion mysteries of the cosmos, the most phenomenal is light.\n\n Unlike sound-waves, whose transmission requires air or other material media, light-waves pass freely through the vacuum of interstellar space.\n\n Even the hypothetical ether, held as the interplanetary medium of light in the undulatory theory, can be discarded on the Einsteinian grounds that the geometrical properties of space render the theory of ether unnecessary.\n\n Under either hypothesis, light remains the most subtle, the freest from material dependence, of any natural manifestation.\n\n In the gigantic conceptions of Einstein, the velocity of light-186, 000 miles per second-dominates the whole Theory of Relativity.\n\n He proves mathematically that the velocity of light is, so far as man’s finite mind is concerned, the only CONSTANT in a universe of unstayable flux.\n\n On the sole absolute of light-velocity depend all human standards of time and space.\n\n Not abstractly eternal as hitherto considered, time and space are relative and finite factors, deriving their measurement validity only in reference to the yardstick of light-velocity.\n\n In joining space as a dimensional relativity, time has surrendered age-old claims to a changeless value.\n\n Time is now stripped to its rightful nature-a simple essence of ambiguity! With a few equational strokes of his pen, Einstein has banished from the cosmos every fixed reality except that of light.","type":"default","passage":"The Law of Miracles","commentary":"","meaning":""},{"id":"8","title":"30.8","content":"In a later development, his Unified Field Theory, the great physicist embodies in one mathematical formula the laws of gravitation and of electromagnetism.\n\n Reducing the cosmical structure to variations on a single law, Einstein {FN30-4} reaches across the ages to the rishis who proclaimed a sole texture of creation-that of a protean MAY.\n\n On the epochal Theory of Relativity have arisen the mathematical possibilities of exploring the ultimate atom.\n\n Great scientists are now boldly asserting not only that the atom is energy rather than matter, but that atomic energy is essentially mind-stuff.\n\n “The frank realization that physical science is concerned with a world of shadows is one of the most significant advances, ” Sir Arthur Stanley Eddington writes in THE NATURE OF THE PHYSICAL WORL.\n\n “In the world of physics we watch a shadowgraph performance of the drama of familiar l.\n\n The shadow of my elbow rests on the shadow table as the shadow ink flows over the shadow paper.\n\n It is all symbolic, and as a symbol the physicist leaves it.\n\n Then comes the alchemist Mind who transmutes the symbols.\n\n . . . To put the conclusion crudely, the stuff of the world is mind-stuff.\n\n . . . The realistic matter and fields of force of former physical theory are altogether irrelevant except in so far as the mind-stuff has itself spun these imaginings.\n\n . . . The external world has thus become a world of shadows.\n\n In removing our illusions we have removed the substance, for indeed we have seen that substance is one of the greatest of our illusions.\n\n”","type":"default","passage":"The Law of Miracles","commentary":"","meaning":""},{"id":"9","title":"30.9","content":"With the recent discovery of the electron microscope came definite proof of the light-essence of atoms and of the inescapable duality of nature.\n\n THE NEW YORK TIMES gave the following report of a 1937 demonstration of the electron microscope before a meeting of the American Association for the Advancement of Science: “The crystalline structure of tungsten, hitherto known only indirectly by means of X-rays, stood outlined boldly on a fluorescent screen, showing nine atoms in their correct positions in the space lattice, a cube, with one atom in each corner and one in the center.\n\n The atoms in the crystal lattice of the tungsten appeared on the fluorescent screen as points of light, arranged in geometric pattern.\n\n Against this crystal cube of light the bombarding molecules of air could be observed as dancing points of light, similar to points of sunlight shimmering on moving waters.\n\n . . .","type":"default","passage":"The Law of Miracles","commentary":"","meaning":""},{"id":"10","title":"30.10","content":"“The principle of the electron microscope was first discovered in 1927 by Drs.\n\n Clinton . Davisson and Lester . Germer of the Bell Telephone Laboratories, New York City, who found that the electron had a dual personality partaking of the characteristic of both a particle and a wave.\n\n The wave quality gave the electron the characteristic of light, and a search was begun to devise means for ‘focusing’ electrons in a manner similar to the focusing of light by means of a lens.\n\n “For his discovery of the Jekyll-Hyde quality of the electron, which corroborated the prediction made in 1924 by De Broglie, French Nobel Prize winning physicist, and showed that the entire realm of physical nature had a dual personality, . Davisson also received the Nobel Prize in physics.\n\n”","type":"default","passage":"The Law of Miracles","commentary":"","meaning":""},{"id":"11","title":"30.11","content":"“The stream of knowledge, ” Sir James Jeans writes in THE MYSTERIOUS UNIVERSE, “is heading towards a non-mechanical reality; the universe begins to look more like a great thought than like a great mach.\n\n” Twentieth-century science is thus sounding like a page from the hoary VEDA.\n\n From science, then, if it must be so, let man learn the philosophic truth that there is no material universe; its warp and woof is MAYA, illusion.\n\n Its mirages of reality all break down under analysis.\n\n As one by one the reassuring props of a physical cosmos crash beneath him, man dimly perceives his idolatrous reliance, his past transgression of the divine command: “Thou shalt have no other gods before Me.\n\n”","type":"default","passage":"The Law of Miracles","commentary":"","meaning":""},{"id":"12","title":"30.12","content":"In his famous equation outlining the equivalence of mass and energy, Einstein proved that the energy in any particle of matter is equal to its mass or weight multiplied by the square of the velocity of light.\n\n The release of the atomic energies is brought about through the annihilation of the material particles.\n\n The “death” of matter has been the “birth” of an Atomic Age.\n\n Light-velocity is a mathematical standard or constant not because there is an absolute value in 186, 000 miles a second, but because no material body, whose mass increases with its velocity, can ever attain the velocity of light.\n\n Stated another way: only a material body whose mass is infinite could equal the velocity of light.","type":"default","passage":"The Law of Miracles","commentary":"","meaning":""},{"id":"13","title":"30.13","content":"THIS CONCEPTION BRINGS US TO THE LAW OF MIRACLE.\n\n The masters who are able to materialize and dematerialize their bodies or any other object, and to move with the velocity of light, and to utilize the creative light-rays in bringing into instant visibility any physical manifestation, have fulfilled the necessary Einsteinian condition: their mass is infin.\n\n The consciousness of a perfected yogi is effortlessly identified, not with a narrow body, but with the universal structure.\n\n Gravitation, whether the “force” of Newton or the Einsteinian “manifestation of inertia, ” is powerless to COMPEL a master to exhibit the property of “weight” which is the distinguishing gravitational condition of all material objects.\n\n He who knows himself as the omnipresent Spirit is subject no longer to the rigidities of a body in time and space.\n\n Their imprisoning “rings-pass-not” have yielded to the solvent: “I am He.\n\n”","type":"default","passage":"The Law of Miracles","commentary":"","meaning":""},{"id":"14","title":"30.14","content":"“Fiat lux! And there was light.\n\n” God’s first command to His ordered creation  \n***(GENESIS 1:3)***\n brought into being the only atomic reality: light.\n\n On the beams of this immaterial medium occur all divine manifestations.\n\n Devotees of every age testify to the appearance of God as flame and light.\n\n “The King of kings, and Lord of lords; who only hath immortality, dwelling in the light which no man can approach unto.\n\n” {FN30-5} A yogi who through perfect meditation has merged his consciousness with the Creator perceives the cosmical essence as light; to him there is no difference between the light rays composing water and the light rays composing land.\n\n Free from matter-consciousness, free from the three dimensions of space and the fourth dimension of time, a master transfers his body of light with equal ease over the light rays of earth, water, fire, or air.\n\n Long concentration on the liberating spiritual eye has enabled the yogi to destroy all delusions concerning matter and its gravitational weight; thenceforth he sees the universe as an essentially undifferentiated mass of light.","type":"default","passage":"The Law of Miracles","commentary":"","meaning":""},{"id":"15","title":"30.15","content":"“Optical images, ” . . . Troland of Harvard tells us, “are built up on the same principle as the ordinary ‘half-tone’ engravings; that is, they are made up of minute dottings or stripplings far too small to be detected by the eye.\n\n . . . The sensitiveness of the retina is so great that a visual sensation can be produced by relatively few Quanta of the right kind of light.\n\n” Through a master’s divine knowledge of light phenomena, he can instantly project into perceptible manifestation the ubiquitous light atoms.\n\n The actual form of the projection-whether it be a tree, a medicine, a human body-is in conformance with a yogi’s powers of will and of visualization.","type":"default","passage":"The Law of Miracles","commentary":"","meaning":""},{"id":"16","title":"30.16","content":"In man’s dream-consciousness, where he has loosened in sleep his clutch on the egoistic limitations that daily hem him round, the omnipotence of his mind has a nightly demonstration.\n\n Lo! there in the dream stand the long-dead friends, the remotest continents, the resurrected scenes of his childhood.\n\n With that free and unconditioned consciousness, known to all men in the phenomena of dreams, the God-tuned master has forged a never-severed link.\n\n Innocent of all personal motives, and employing the creative will bestowed on him by the Creator, a yogi rearranges the light atoms of the universe to satisfy any sincere prayer of a devotee.\n\n For this purpose were man and creation made: that he should rise up as master of MAYA, knowing his dominion over the cosmos.","type":"default","passage":"The Law of Miracles","commentary":"","meaning":""},{"id":"17","title":"30.17","content":"“And God said, Let us make man in our image, after our likeness: and let them have dominion over the fish of the sea, and over the fowl of the air, and over the cattle, and over all the earth, and over every creeping thing that creepeth upon the earth.\n\n” {FN30-6} In 1915, shortly after I had entered the Swami Order, I witnessed a vision of violent contrasts.\n\n In it the relativity of human consciousness was vividly established; I clearly perceived the unity of the Eternal Light behind the painful dualities of MAY.\n\n The vision descended on me as I sat one morning in my little attic room in Father’s Gurpar Road home.\n\n For months World War I had been raging in Europe; I reflected sadly on the vast toll of death.","type":"default","passage":"The Law of Miracles","commentary":"","meaning":""},{"id":"18","title":"30.18","content":"As I closed my eyes in meditation, my consciousness was suddenly transferred to the body of a captain in command of a battleshi.\n\n The thunder of guns split the air as shots were exchanged between shore batteries and the ship’s cannons.\n\n A huge shell hit the powder magazine and tore my ship asunder.\n\n I jumped into the water, together with the few sailors who had survived the explosion.\n\n Heart pounding, I reached the shore safely.\n\n But alas! a stray bullet ended its furious flight in my chest.\n\n I fell groaning to the ground.\n\n My whole body was paralyzed, yet I was aware of possessing it as one is conscious of a leg gone to slee.","type":"default","passage":"The Law of Miracles","commentary":"","meaning":""},{"id":"19","title":"30.19","content":"“At last the mysterious footstep of Death has caught up with me, ” I thought.\n\n With a final sigh, I was about to sink into unconsciousness when lo! I found myself seated in the lotus posture in my Gurpar Road room.\n\n Hysterical tears poured forth as I joyfully stroked and pinched my regained possession-a body free from any bullet hole in the breast.\n\n I rocked to and fro, inhaling and exhaling to assure myself that I was al.\n\n Amidst these self-congratulations, again I found my consciousness transferred to the captain’s dead body by the gory shore.\n\n Utter confusion of mind came upon me.\n\n “Lord, ” I prayed, “am I dead or alive?”","type":"default","passage":"The Law of Miracles","commentary":"","meaning":""},{"id":"20","title":"30.20","content":"A dazzling play of light filled the whole horizon.\n\n A soft rumbling vibration formed itself into words: “What has life or death to do with Light? In the image of My Light I have made you.\n\n The relativities of life and death belong to the cosmic dream.\n\n Behold your dreamless being! Awake, my child, awake!” As steps in man’s awakening, the Lord inspires scientists to discover, at the right time and place, the secrets of His creation.\n\n Many modern discoveries help men to apprehend the cosmos as a varied expression of one power-light, guided by divine intelligence.\n\n The wonders of the motion picture, of radio, of television, of radar, of the photo-electric cell-the all-seeing “electric eye, ” of atomic energies, are all based on the electromagnetic phenomenon of light.","type":"default","passage":"The Law of Miracles","commentary":"","meaning":""},{"id":"21","title":"30.21","content":"The motion picture art can portray any miracle.\n\n From the impressive visual standpoint, no marvel is barred to trick photography.\n\n A man’s transparent astral body can be seen rising from his gross physical form, he can walk on the water, resurrect the dead, reverse the natural sequence of developments, and play havoc with time and space.\n\n Assembling the light images as he pleases, the photographer achieves optical wonders which a true master produces with actual light rays.\n\n The lifelike images of the motion picture illustrate many truths concerning creation.\n\n The Cosmic Director has written His own plays, and assembled the tremendous casts for the pageant of the centuries.\n\n From the dark booth of eternity, He pours His creative beam through the films of successive ages, and the pictures are thrown on the screen of space.\n\n Just as the motion-picture images appear to be real, but are only combinations of light and shade, so is the universal variety a delusive seeming.\n\n The planetary spheres, with their countless forms of life, are naught but figures in a cosmic motion picture, temporarily true to five sense perceptions as the scenes are cast on the screen of man’s consciousness by the infinite creative beam.","type":"default","passage":"The Law of Miracles","commentary":"","meaning":""},{"id":"22","title":"30.22","content":"A cinema audience can look up and see that all screen images are appearing through the instrumentality of one imageless beam of light.\n\n The colorful universal drama is similarly issuing from the single white light of a Cosmic Source.\n\n With inconceivable ingenuity God is staging an entertainment for His human children, making them actors as well as audience in His planetary theater.\n\n One day I entered a motion picture house to view a newsreel of the European battlefields.\n\n World War I was still being waged in the West; the newsreel recorded the carnage with such realism that I left the theater with a troubled heart.","type":"default","passage":"The Law of Miracles","commentary":"","meaning":""},{"id":"23","title":"30.23","content":"“Lord, ” I prayed, “why dost Thou permit such suffering?” To my intense surprise, an instant answer came in the form of a vision of the actual European battlefields.\n\n The horror of the struggle, filled with the dead and dying, far surpassed in ferocity any representation of the newsreel.\n\n “Look intently!” A gentle voice spoke to my inner consciousness.\n\n “You will see that these scenes now being enacted in France are nothing but a play of chiaroscuro.\n\n They are the cosmic motion picture, as real and as unreal as the theater newsreel you have just seen-a play within a play.\n\n” My heart was still not comforted.\n\n The divine voice went on: “Creation is light and shadow both, else no picture is possible.\n\n The good and evil of MAYA must ever alternate in supremacy.\n\n If joy were ceaseless here in this world, would man ever seek another? Without suffering he scarcely cares to recall that he has forsaken his eternal home.\n\n Pain is a prod to remembrance.\n\n The way of escape is through wisdom! The tragedy of death is unreal; those who shudder at it are like an ignorant actor who dies of fright on the stage when nothing more is fired at him than a blank cartridge.\n\n My sons are the children of light; they will not sleep forever in delusion.\n\n”","type":"default","passage":"The Law of Miracles","commentary":"","meaning":""},{"id":"24","title":"30.24","content":"Although I had read scriptural accounts of MAYA, they had not given me the deep insight that came with the personal visions and their accompanying words of consolation.\n\n One’s values are profoundly changed when he is finally convinced that creation is only a vast motion picture, and that not in it, but beyond it, lies his own reality.\n\n As I finished writing this chapter, I sat on my bed in the lotus posture.\n\n My room was dimly lit by two shaded lamps.\n\n Lifting my gaze, I noticed that the ceiling was dotted with small mustard-colored lights, scintillating and quivering with a radiumlike luster.\n\n Myriads of pencilled rays, like sheets of rain, gathered into a transparent shaft and poured silently upon me.","type":"default","passage":"The Law of Miracles","commentary":"","meaning":""},{"id":"25","title":"30.25","content":"At once my physical body lost its grossness and became metamorphosed into astral texture.\n\n I felt a floating sensation as, barely touching the bed, the weightless body shifted slightly and alternately to left and right.\n\n I looked around the room; the furniture and walls were as usual, but the little mass of light had so multiplied that the ceiling was invisible.\n\n I was wonder-struck.\n\n “This is the cosmic motion picture mechanism.\n\n” A voice spoke as though from within the light.\n\n “Shedding its beam on the white screen of your bed sheets, it is producing the picture of your body.\n\n Behold, your form is nothing but light!”","type":"default","passage":"The Law of Miracles","commentary":"","meaning":""},{"id":"26","title":"30.26","content":"I gazed at my arms and moved them back and forth, yet could not feel their weight.\n\n An ecstatic joy overwhelmed me.\n\n This cosmic stem of light, blossoming as my body, seemed a divine replica of the light beams streaming out of the projection booth in a cinema house and manifesting as pictures on the screen.\n\n For a long time I experienced this motion picture of my body in the dimly lighted theater of my own bedroom.\n\n Despite the many visions I have had, none was ever more singular.\n\n As my illusion of a solid body was completely dissipated, and my realization deepened that the essence of all objects is light, I looked up to the throbbing stream of lifetrons and spoke entreatingly.","type":"default","passage":"The Law of Miracles","commentary":"","meaning":""},{"id":"27","title":"30.27","content":"“Divine Light, please withdraw this, my humble bodily picture, into Thyself, even as Elijah was drawn up to heaven by a flame.\n\n” This prayer was evidently startling; the beam disappeared.\n\n My body resumed its normal weight and sank on the bed; the swarm of dazzling ceiling lights flickered and vanished.\n\n My time to leave this earth had apparently not arrived.\n\n “Besides, ” I thought philosophically, “the prophet Elijah might well be displeased at my presumption!” {FN30-1} This famous Russian artist and philosopher has been living for many years in India near the Himalayas.\n\n “From the peaks comes revelation, ” he has written.\n\n “In caves and upon the summits lived the rishis.\n\n Over the snowy peaks of the Himalayas burns a bright glow, brighter than stars and the fantastic flashes of lightning.\n\n”","type":"default","passage":"The Law of Miracles","commentary":"","meaning":""},{"id":"28","title":"30.28","content":"{FN30-2} The story may have a historical basis; an editorial note informs us that the bishop met the three monks while he was sailing from Archangel to the Slovetsky Monastery, at the mouth of the Dvina River.\n\n {FN30-3} Marconi, the great inventor, made the following admission of scientific inadequacy before the finalities: “The inability of science to solve life is absolute.\n\n This fact would be truly frightening were it not for faith.\n\n The mystery of life is certainly the most persistent problem ever placed before the thought of man.\n\n” {FN30-4} A clue to the direction taken by Einstein’s genius is given by the fact that he is a lifelong disciple of the great philosopher Spinoza, whose best-known work is ETHICS DEMONSTRATED IN GEOMETRICAL ORDE.","type":"default","passage":"The Law of Miracles","commentary":"","meaning":""},{"id":"29","title":"30.29","content":"{FN30-5} I TIMOTHY 6:15-1.\n\n {FN30-6} GENESIS 1:2.","type":"default","passage":"The Law of Miracles","commentary":"","meaning":""}]}