{"id":31,"title":"An Interview with the Sacred Mother (Kashi Moni Lahiri)","description":"An Interview with the Sacred Mother (Kashi Moni Lahiri)","sectionCount":28,"tags":null,"contentId":"AoY01","sections":[{"id":"1","title":"31.1","content":"AN INTERVIEW WITH THE SACRED MOTHER “Reverend Mother, I was baptized in infancy by your prophet-husband.\n\n He was the guru of my parents and of my own guru Sri Yukteswarji.\n\n Will you therefore give me the privilege of hearing a few incidents in your sacred life?” I was addressing Srimati Kashi Moni, the life-companion of Lahiri Mahasaya.\n\n Finding myself in Benares for a short period, I was fulfilling a long-felt desire to visit the venerable lady.\n\n She received me graciously at the old Lahiri homestead in the Garudeswar Mohulla section of Benares.\n\n Although aged, she was blooming like a lotus, silently emanating a spiritual fragrance.\n\n She was of medium build, with a slender neck and fair skin.\n\n Large, lustrous eyes softened her motherly face.","type":"default","passage":"An Interview with the Sacred Mother (Kashi Moni Lahiri)","commentary":"","meaning":""},{"id":"2","title":"31.2","content":"“Son, you are welcome here.\n\n Come upstairs.\n\n” Kashi Moni led the way to a very small room where, for a time, she had lived with her husband.\n\n I felt honored to witness the shrine in which the peerless master had condescended to play the human drama of matrimony.\n\n The gentle lady motioned me to a pillow seat by her s.\n\n “It was years before I came to realize the divine stature of my husband, ” she began.\n\n “One night, in this very room, I had a vivid dream.\n\n Glorious angels floated in unimaginable grace above me.\n\n So realistic was the sight that I awoke at once; the room was strangely enveloped in dazzling light.","type":"default","passage":"An Interview with the Sacred Mother (Kashi Moni Lahiri)","commentary":"","meaning":""},{"id":"3","title":"31.3","content":"“My husband, in lotus posture, was levitated in the center of the room, surrounded by angels who were worshiping him with the supplicating dignity of palm-folded hands.\n\n Astonished beyond measure, I was convinced that I was still dreaming.\n\n “‘Woman, ’ Lahiri Mahasaya said, ‘you are not dreaming.\n\n Forsake your sleep forever and forever.\n\n’ As he slowly descended to the floor, I prostrated myself at his feet.\n\n “‘Master, ’ I cried, ‘again and again I bow before you! Will you pardon me for having considered you as my husband? I die with shame to realize that I have remained asleep in ignorance by the side of one who is divinely awakened.\n\n From this night, you are no longer my husband, but my guru.\n\n Will you accept my insignificant self as your disciple?’ {FN31-1}","type":"default","passage":"An Interview with the Sacred Mother (Kashi Moni Lahiri)","commentary":"","meaning":""},{"id":"4","title":"31.4","content":"“The master touched me gently.\n\n ‘Sacred soul, ar.\n\n You are accepted.\n\n’ He motioned toward the angels.\n\n ‘Please bow in turn to each of these holy saints.\n\n’ “When I had finished my humble genuflections, the angelic voices sounded together, like a chorus from an ancient scripture.\n\n “‘Consort of the Divine One, thou art blessed.\n\n We salute thee.\n\n’ They bowed at my feet and lo! their refulgent forms vanished.\n\n The room darkened.\n\n “My guru asked me to receive initiation into KRIYA YOG.\n\n “‘Of course, ’ I responded.\n\n ‘I am sorry not to have had its blessing earlier in my l.\n\n’ “‘The time was not r.\n\n’ Lahiri Mahasaya smiled consolingly.\n\n ‘Much of your karma I have silently helped you to work out.\n\n \n\nNow you are willing and ready.\n\n’","type":"default","passage":"An Interview with the Sacred Mother (Kashi Moni Lahiri)","commentary":"","meaning":""},{"id":"5","title":"31.5","content":"“He touched my forehead.\n\n Masses of whirling light appeared; the radiance gradually formed itself into the opal-blue spiritual eye, ringed in gold and centered with a white pentagonal star.\n\n “‘Penetrate your consciousness through the star into the kingdom of the Infin.\n\n’ My guru’s voice had a new note, soft like distant music.\n\n “Vision after vision broke as oceanic surf on the shores of my soul.\n\n The panoramic spheres finally melted in a sea of bliss.\n\n I lost myself in ever-surging blessedness.\n\n When I returned hours later to awareness of this world, the master gave me the technique of KRIYA YOG.","type":"default","passage":"An Interview with the Sacred Mother (Kashi Moni Lahiri)","commentary":"","meaning":""},{"id":"6","title":"31.6","content":"“From that night on, Lahiri Mahasaya never slept in my room again.\n\n Nor, thereafter, did he ever slee.\n\n He remained in the front room downstairs, in the company of his disciples both by day and by night.\n\n” The illustrious lady fell into silence.\n\n Realizing the uniqueness of her relationship with the sublime yogi, I finally ventured to ask for further reminiscences.\n\n “Son, you are greedy.\n\n Nevertheless you shall have one more story.\n\n” She smiled shyly.\n\n “I will confess a sin which I committed against my guru-husband.\n\n Some months after my initiation, I began to feel forlorn and neglected.\n\n One morning Lahiri Mahasaya entered this little room to fetch an article; I quickly followed him.\n\n Overcome by violent delusion, I addressed him scathingly.","type":"default","passage":"An Interview with the Sacred Mother (Kashi Moni Lahiri)","commentary":"","meaning":""},{"id":"7","title":"31.7","content":"“‘You spend all your time with the disciples.\n\n What about your responsibilities for your wife and children? I regret that you do not interest yourself in providing more money for the family.\n\n’ “The master glanced at me for a moment, then lo! he was gone.\n\n Awed and frightened, I heard a voice resounding from every part of the room: “‘It is all nothing, don’t you see? How could a nothing like me produce riches for you?’ “‘Guruji, ’ I cried, ‘I implore pardon a million times! My sinful eyes can see you no more; please appear in your sacred form.\n\n’ “‘I am here.\n\n’ This reply came from above me.\n\n I looked up and saw the master materialize in the air, his head touching the ceiling.\n\n His eyes were like blinding flames.\n\n Beside myself with fear, I lay sobbing at his feet after he had quietly descended to the floor.","type":"default","passage":"An Interview with the Sacred Mother (Kashi Moni Lahiri)","commentary":"","meaning":""},{"id":"8","title":"31.8","content":"“‘Woman, ’ he said, ‘seek divine wealth, not the paltry tinsel of earth.\n\n After acquiring inward treasure, you will find that outward supply is always forthcoming.\n\n’ He added, ‘One of my spiritual sons will make provision for you.\n\n’ “My guru’s words naturally came true; a disciple did leave a considerable sum for our family.\n\n” I thanked Kashi Moni for sharing with me her wondrous experiences.\n\n {FN31-2} On the following day I returned to her home and enjoyed several hours of philosophical discussion with Tincouri and Ducouri Lahiri.\n\n These two saintly sons of India’s great yogi followed closely in his ideal footsteps.\n\n Both men were fair, tall, stalwart, and heavily bearded, with soft voices and an old-fashioned charm of manner.","type":"default","passage":"An Interview with the Sacred Mother (Kashi Moni Lahiri)","commentary":"","meaning":""},{"id":"9","title":"31.9","content":"His wife was not the only woman disciple of Lahiri Mahasaya; there were hundreds of others, including my mother.\n\n A woman chela once asked the guru for his photograph.\n\n He handed her a print, remarking, “If you deem it a protection, then it is so; otherwise it is only a picture.\n\n” A few days later this woman and Lahiri Mahasaya’s daughter-in-law happened to be studying the BHAGAVAD GITA at a table behind which hung the guru’s photograph.\n\n An electrical storm broke out with great fury.\n\n “Lahiri Mahasaya, protect us!” The women bowed before the picture.\n\n Lightning struck the book which they had been reading, but the two devotees were unhurt.","type":"default","passage":"An Interview with the Sacred Mother (Kashi Moni Lahiri)","commentary":"","meaning":""},{"id":"10","title":"31.10","content":"“I felt as though a sheet of ice had been placed around me to ward off the scorching heat, ” the chela explained.\n\n Lahiri Mahasaya performed two miracles in connection with a woman disciple, Abhoya.\n\n She and her husband, a Calcutta lawyer, started one day for Benares to visit the guru.\n\n Their carriage was delayed by heavy traffic; they reached the Howrah main station only to hear the Benares train whistling for departure.\n\n Abhoya, near the ticket office, stood quietly.\n\n “Lahiri Mahasaya, I beseech thee to stop the train!” she silently prayed.\n\n “I cannot suffer the pangs of delay in waiting another day to see thee.\n\n”","type":"default","passage":"An Interview with the Sacred Mother (Kashi Moni Lahiri)","commentary":"","meaning":""},{"id":"11","title":"31.11","content":"The wheels of the snorting train continued to move round and round, but there was no onward progress.\n\n The engineer and passengers descended to the platform to view the phenomenon.\n\n An English railroad guard approached Abhoya and her husband.\n\n Contrary to all precedent, he volunteered his services.\n\n “Babu, ” he said, “give me the money.\n\n I will buy your tickets while you get aboard.\n\n” As soon as the couple was seated and had received the tickets, the train slowly moved forward.\n\n In panic, the engineer and passengers clambered again to their places, knowing neither how the train started, nor why it had stopped in the first place.","type":"default","passage":"An Interview with the Sacred Mother (Kashi Moni Lahiri)","commentary":"","meaning":""},{"id":"12","title":"31.12","content":"Arriving at the home of Lahiri Mahasaya in Benares, Abhoya silently prostrated herself before the master, and tried to touch his feet.\n\n “Compose yourself, Abhoya, ” he remarked.\n\n “How you love to bother me! As if you could not have come here by the next train!” Abhoya visited Lahiri Mahasaya on another memorable occasion.\n\n This time she wanted his intercession, not with a train, but with the stork.\n\n “I pray you to bless me that my ninth child may live, ” she said.\n\n “Eight babies have been born to me; all died soon after birth.\n\n” The master smiled sympathetically.\n\n “Your coming child will l.\n\n Please follow my instructions carefully.\n\n The baby, a girl, will be born at night.\n\n See that the oil lamp is kept burning until dawn.\n\n Do not fall asleep and thus allow the light to become extinguished.\n\n”","type":"default","passage":"An Interview with the Sacred Mother (Kashi Moni Lahiri)","commentary":"","meaning":""},{"id":"13","title":"31.13","content":"Abhoya’s child was a daughter, born at night, exactly as foreseen by the omniscient guru.\n\n The mother instructed her nurse to keep the lamp filled with oil.\n\n Both women kept the urgent vigil far into the early morning hours, but finally fell aslee.\n\n The lamp oil was almost gone; the light flickered feebly.\n\n The bedroom door unlatched and flew open with a violent sound.\n\n The startled women awoke.\n\n Their astonished eyes beheld the form of Lahiri Mahasaya.\n\n “Abhoya, behold, the light is almost gone!” He pointed to the lamp, which the nurse hastened to refill.\n\n As soon as it burned again brightly, the master vanished.\n\n The door closed; the latch was affixed without visible agency.","type":"default","passage":"An Interview with the Sacred Mother (Kashi Moni Lahiri)","commentary":"","meaning":""},{"id":"14","title":"31.14","content":"Abhoya’s ninth child survived; in 1935, when I made inquiry, she was still living.\n\n One of Lahiri Mahasaya’s disciples, the venerable Kali Kumar Roy, related to me many fascinating details of his life with the master.\n\n “I was often a guest at his Benares home for weeks at a time, ” Roy told me.\n\n “I observed that many saintly figures, DANDA {FN31-3} swamis, arrived in the quiet of night to sit at the guru’s feet.\n\n Sometimes they would engage in discussion of meditational and philosophical points.\n\n At dawn the exalted guests would depart.\n\n I found during my visits that Lahiri Mahasaya did not once lie down to slee.","type":"default","passage":"An Interview with the Sacred Mother (Kashi Moni Lahiri)","commentary":"","meaning":""},{"id":"15","title":"31.15","content":"“During an early period of my association with the master, I had to contend with the opposition of my employer, ” Roy went on.\n\n “He was steeped in materialism.\n\n “‘I don’t want religious fanatics on my staff, ’ he would sneer.\n\n ‘If I ever meet your charlatan guru, I shall give him some words to remember.\n\n’ “This alarming threat failed to interrupt my regular program; I spent nearly every evening in my guru’s presence.\n\n One night my employer followed me and rushed rudely into the parlor.\n\n He was doubtless fully bent on uttering the pulverizing remarks he had promised.\n\n No sooner had the man seated himself than Lahiri Mahasaya addressed the little group of about twelve disciples.","type":"default","passage":"An Interview with the Sacred Mother (Kashi Moni Lahiri)","commentary":"","meaning":""},{"id":"16","title":"31.16","content":"“‘Would you all like to see a picture?’ “When we nodded, he asked us to darken the room.\n\n ‘Sit behind one another in a circle, ’ he said, ‘and place your hands over the eyes of the man in front of you.\n\n’ “I was not surprised to see that my employer also was following, albeit unwillingly, the master’s directions.\n\n In a few minutes Lahiri Mahasaya asked us what we were seeing.\n\n “‘Sir, ’ I replied, ‘a beautiful woman appears.\n\n She wears a red-bordered SARI, and stands near an elephant-ear plant.\n\n’ All the other disciples gave the same description.\n\n The master turned to my employer.\n\n ‘Do you recognize that woman?’","type":"default","passage":"An Interview with the Sacred Mother (Kashi Moni Lahiri)","commentary":"","meaning":""},{"id":"17","title":"31.17","content":"“‘Yes.\n\n’ The man was evidently struggling with emotions new to his nature.\n\n ‘I have been foolishly spending my money on her, though I have a good w.\n\n I am ashamed of the motives which brought me here.\n\n Will you forgive me, and receive me as a disciple?’ “‘If you lead a good moral life for six months, I shall accept you.\n\n’ The master enigmatically added, ‘Otherwise I won’t have to initiate you.\n\n’ “For three months my employer refrained from temptation; then he resumed his former relationship with the woman.\n\n Two months later he died.\n\n \n\nThus I came to understand my guru’s veiled prophecy about the improbability of the man’s initiation.\n\n”","type":"default","passage":"An Interview with the Sacred Mother (Kashi Moni Lahiri)","commentary":"","meaning":""},{"id":"18","title":"31.18","content":"Lahiri Mahasaya had a very famous friend, Swami Trailanga, who was reputed to be over three hundred years old.\n\n The two yogis often sat together in meditation.\n\n Trailanga’s fame is so widespread that few Hindus would deny the possibility of truth in any story of his astounding miracles.\n\n If Christ returned to earth and walked the streets of New York, displaying his divine powers, it would cause the same excitement that was created by Trailanga decades ago as he passed through the crowded lanes of Benares.\n\n On many occasions the swami was seen to drink, with no ill effect, the most deadly poisons.\n\n Thousands of people, including a few who are still living, have seen Trailanga floating on the Ganges.\n\n For days together he would sit on top of the water, or remain hidden for very long periods under the waves.\n\n A common sight at the Benares bathing GHATS was the swami’s motionless body on the blistering stone slabs, wholly exposed to the merciless Indian sun.\n\n By these feats Trailanga sought to teach men that a yogi’s life does not depend upon oxygen or ordinary conditions and precautions.\n\n Whether he were above water or under it, and whether or not his body lay exposed to the fierce solar rays, the master proved that he lived by divine consciousness: death could not touch him.","type":"default","passage":"An Interview with the Sacred Mother (Kashi Moni Lahiri)","commentary":"","meaning":""},{"id":"19","title":"31.19","content":"The yogi was great not only spiritually, but physically.\n\n His weight exceeded three hundred pounds: a pound for each year of his life! As he ate very seldom, the mystery is increased.\n\n A master, however, easily ignores all usual rules of health, when he desires to do so for some special reason, often a subtle one known only to himself.\n\n Great saints who have awakened from the cosmic mayic dream and realized this world as an idea in the Divine Mind, can do as they wish with the body, knowing it to be only a manipulatable form of condensed or frozen energy.\n\n Though physical scientists now understand that matter is nothing but congealed energy, fully-illumined masters have long passed from theory to practice in the field of matter-control.","type":"default","passage":"An Interview with the Sacred Mother (Kashi Moni Lahiri)","commentary":"","meaning":""},{"id":"20","title":"31.20","content":"Trailanga always remained completely nude.\n\n The harassed police of Benares came to regard him as a baffling problem child.\n\n The natural swami, like the early Adam in the garden of Eden, was utterly unconscious of his nakedness.\n\n The police were quite conscious of it, however, and unceremoniously committed him to jail.\n\n General embarrassment ensued; the enormous body of Trailanga was soon seen, in its usual entirety, on the prison roof.\n\n His cell, still securely locked, offered no clue to his mode of escape.\n\n The discouraged officers of the law once more performed their duty.\n\n This time a guard was posted before the swami’s cell.\n\n Might again retired before right.\n\n Trailanga was soon observed in his nonchalant stroll over the roof.\n\n Justice is blind; the outwitted police decided to follow her example.","type":"default","passage":"An Interview with the Sacred Mother (Kashi Moni Lahiri)","commentary":"","meaning":""},{"id":"21","title":"31.21","content":"The great yogi preserved a habitual silence.\n\n {FN31-4} In spite of his round face and huge, barrel-like stomach, Trailanga ate only occasionally.\n\n After weeks without food, he would break his fast with potfuls of clabbered milk offered to him by devotees.\n\n A skeptic once determined to expose Trailanga as a charlatan.\n\n A large bucket of calcium-lime mixture, used in whitewashing walls, was placed before the swami.\n\n “Master, ” the materialist said, in mock reverence, “I have brought you some clabbered milk.\n\n Please drink it.\n\n” Trailanga unhesitatingly drained, to the last drop, the containerful of burning l.\n\n In a few minutes the evildoer fell to the ground in agony.","type":"default","passage":"An Interview with the Sacred Mother (Kashi Moni Lahiri)","commentary":"","meaning":""},{"id":"22","title":"31.22","content":"“Help, swami, help!” he cried.\n\n “I am on fire! Forgive my wicked test!” The great yogi broke his habitual silence.\n\n “Scoffer, ” he said, “you did not realize when you offered me poison that my life is one with your own.\n\n Except for my knowledge that God is present in my stomach, as in every atom of creation, the lime would have killed me.\n\n \n\nNow that you know the divine meaning of boomerang, never again play tricks on anyone.\n\n” The well-purged sinner, healed by Trailanga’s words, slunk feebly away.\n\n The reversal of pain was not due to any volition of the master, but came about through unerring application of the law of justice which upholds creation’s farthest swinging orb.\n\n Men of God-realization like Trailanga allow the divine law to operate instantaneously; they have banished forever all thwarting crosscurrents of ego.","type":"default","passage":"An Interview with the Sacred Mother (Kashi Moni Lahiri)","commentary":"","meaning":""},{"id":"23","title":"31.23","content":"The automatic adjustments of righteousness, often paid in an unexpected coin as in the case of Trailanga and his would be murderer, assuage our hasty indignance at human injust.\n\n “Vengeance is mine; I will repay, saith the Lord.\n\n” {FN31-5} What need for man’s brief resources? the universe duly conspires for retribution.\n\n Dull minds discredit the possibility of divine justice, love, omniscience, immortality.\n\n “Airy scriptural conjectures!” This insensitive viewpoint, aweless before the cosmic spectacle, arouses a train of events which brings its own awakening.\n\n The omnipotence of spiritual law was referred to by Christ on the occasion of his triumphant entry into Jerusalem.\n\n As the disciples and the multitude shouted for joy, and cried, “Peace in heaven, and glory in the highest, ” certain Pharisees complained of the undignified spectacle.\n\n “Master, ” they protested, “rebuke thy disciples.\n\n”","type":"default","passage":"An Interview with the Sacred Mother (Kashi Moni Lahiri)","commentary":"","meaning":""},{"id":"24","title":"31.24","content":"“I tell you, ” Jesus replied, “that, if these should hold their peace, the stones would immediately cry out.\n\n” {FN31-6} In this reprimand to the Pharisees, Christ was pointing out that divine justice is no figurative abstraction, and that a man of peace, though his tongue be torn from its roots, will yet find his speech and his defense in the bedrock of creation, the universal order itself.\n\n “Think you, ” Jesus was saying, “to silence men of peace? As well may you hope to throttle the voice of God, whose very stones sing His glory and His omnipresence.\n\n Will you demand that men not celebrate in honor of the peace in heaven, but should only gather together in multitudes to shout for war on earth? Then make your preparations, O Pharisees, to overtopple the foundations of the world; for it is not gentle men alone, but stones or earth, and water and fire and air that will rise up against you, to bear witness of His ordered harmony.\n\n”","type":"default","passage":"An Interview with the Sacred Mother (Kashi Moni Lahiri)","commentary":"","meaning":""},{"id":"25","title":"31.25","content":"The grace of the Christlike yogi, Trailanga, was once bestowed on my SAJO MAMA  \n***(maternal uncle)***\n.\n\n One morning Uncle saw the master surrounded by a crowd of devotees at a Benares ghat.\n\n He managed to edge his way close to Trailanga, whose feet he touched humbly.\n\n Uncle was astonished to find himself instantly freed from a painful chronic disease.\n\n {FN31-7} The only known living disciple of the great yogi is a woman, Shankari Mai Jiew.\n\n Daughter of one of Trailanga’s disciples, she received the swami’s training from her early childhood.\n\n She lived for forty years in a series of lonely Himalayan caves near Badrinath, Kedarnath, Amarnath, and Pasupatinath.\n\n The BRAHMACHARINI  \n***(woman ascetic)***\n, born in 1826, is now well over the century mark.\n\n Not aged in appearance, however, she has retained her black hair, sparkling teeth, and amazing energy.\n\n She comes out of her seclusion every few years to attend the periodical MELAS or religious fairs.","type":"default","passage":"An Interview with the Sacred Mother (Kashi Moni Lahiri)","commentary":"","meaning":""},{"id":"26","title":"31.26","content":"This woman saint often visited Lahiri Mahasaya.\n\n She has related that one day, in the Barackpur section near Calcutta, while she was sitting by Lahiri Mahasaya’s side, his great guru Babaji quietly entered the room and held converse with them both.\n\n On one occasion her master Trailanga, forsaking his usual silence, honored Lahiri Mahasaya very pointedly in public.\n\n A Benares disciple objected.\n\n “Sir, ” he said, “why do you, a swami and a renunciate, show such respect to a householder?” “My son, ” Trailanga replied, “Lahiri Mahasaya is like a divine kitten, remaining wherever the Cosmic Mother has placed him.\n\n While dutifully playing the part of a worldly man, he has received that perfect self-realization for which I have renounced even my loincloth!”","type":"default","passage":"An Interview with the Sacred Mother (Kashi Moni Lahiri)","commentary":"","meaning":""},{"id":"27","title":"31.27","content":"{FN31-1} One is reminded here of Milton’s line: “He for God only, she for God in him.\n\n” {FN31-2} The venerable mother passed on at Benares in 193.\n\n {FN31-3} Staff, symbolizing the spinal cord, carried ritually by certain orders of monks.\n\n {FN31-4} He was a MUNI, a monk who observes MAUNA, spiritual silence.\n\n The Sanskrit root MUNI is akin to Greek MONOS, “alone, single, ” from which are derived the English words MONK, MONISM, . {FN31-5} ROMANS 12:1.\n\n {FN31-6} LUKE 19:37-4.\n\n {FN31-7} The lives of Trailanga and other great masters remind us of Jesus’ words: “And these signs shall follow them that believe; In my name  \n***(the Christ consciousness)***\n they shall cast out devils; they shall speak with new tongues; they shall take up serpents; and if they drink any deadly thing, it shall not hurt them; they shall lay hands on the sick, and they shall recover.\n\n”-MARK 16:17-1.","type":"default","passage":"An Interview with the Sacred Mother (Kashi Moni Lahiri)","commentary":"","meaning":""},{"id":"28","title":"31.28","content":"","type":"default","passage":"An Interview with the Sacred Mother (Kashi Moni Lahiri)","commentary":"","meaning":""}]}