{"id":32,"title":"Rama is Raised from the Dead","description":"Rama is Raised from the Dead","sectionCount":21,"tags":null,"contentId":"AoY01","sections":[{"id":"1","title":"32.1","content":"RAMA IS RAISED FROM THE DEAD “\n\nNow a certain man was sick, named Lazarus.\n\n . . . When Jesus heard that, he said, This sickness is not unto death, but for the glory of God, that the Son of God might be glorified thereby.\n\n’” {FN32-1} Sri Yukteswar was expounding the Christian scriptures one sunny morning on the balcony of his Serampore hermitage.\n\n Besides a few of Master’s other disciples, I was present with a small group of my Ranchi students.\n\n “In this passage Jesus calls himself the Son of God.\n\n Though he was truly united with God, his reference here has a deep impersonal significance, ” my guru explained.\n\n “The Son of God is the Christ or Divine Consciousness in man.\n\n No MORTAL can glorify God.\n\n The only honor that man can pay his Creator is to seek Him; man cannot glorify an Abstraction that he does not know.\n\n The ‘glory’ or nimbus around the head of the saints is a symbolic witness of their CAPACITY to render divine homage.\n\n”","type":"default","passage":"Rama is Raised from the Dead","commentary":"","meaning":""},{"id":"2","title":"32.2","content":"Sri Yukteswar went on to read the marvelous story of Lazarus’ resurrection.\n\n At its conclusion Master fell into a long silence, the sacred book open on his knee.\n\n “I too was privileged to behold a similar miracle.\n\n” My guru finally spoke with solemn unction.\n\n “Lahiri Mahasaya resurrected one of my friends from the dead.\n\n” The young lads at my side smiled with keen interest.\n\n There was enough of the boy in me, too, to enjoy not only the philosophy but, in particular, any story I could get Sri Yukteswar to relate about his wondrous experiences with his guru.\n\n “My friend Rama and I were inseparable, ” Master began.\n\n “Because he was shy and reclusive, he chose to visit our guru Lahiri Mahasaya only during the hours of midnight and dawn, when the crowd of daytime disciples was absent.\n\n As Rama’s closest friend, I served as a spiritual vent through which he let out the wealth of his spiritual perceptions.\n\n I found inspiration in his ideal companionshi.\n\n” My guru’s face softened with memories.","type":"default","passage":"Rama is Raised from the Dead","commentary":"","meaning":""},{"id":"3","title":"32.3","content":"“Rama was suddenly put to a severe test, ” Sri Yukteswar continued.\n\n “He contracted the disease of Asiatic cholera.\n\n As our master never objected to the services of physicians at times of serious illness, two specialists were summoned.\n\n Amidst the frantic rush of ministering to the stricken man, I was deeply praying to Lahiri Mahasaya for hel.\n\n I hurried to his home and sobbed out the story.\n\n “‘The doctors are seeing Rama.\n\n He will be well.\n\n’ My guru smiled jovially.\n\n “I returned with a light heart to my friend’s bedside, only to find him in a dying state.\n\n “‘He cannot last more than one or two hours, ’ one of the physicians told me with a gesture of despair.\n\n Once more I hastened to Lahiri Mahasaya.","type":"default","passage":"Rama is Raised from the Dead","commentary":"","meaning":""},{"id":"4","title":"32.4","content":"“‘The doctors are conscientious men.\n\n I am sure Rama will be well.\n\n’ The master dismissed me blithely.\n\n “At Rama’s place I found both doctors gone.\n\n One had left me a note: ‘We have done our best, but his case is hopeless.\n\n’ “My friend was indeed the picture of a dying man.\n\n I did not understand how Lahiri Mahasaya’s words could fail to come true, yet the sight of Rama’s rapidly ebbing life kept suggesting to my mind: ‘All is over now.\n\n’ Tossing thus on the seas of faith and apprehensive doubt, I ministered to my friend as best I could.\n\n He roused himself to cry out: “‘Yukteswar, run to Master and tell him I am gone.\n\n Ask him to bless my body before its last rites.\n\n’ With these words Rama sighed heavily and gave up the ghost.\n\n {FN32-2}","type":"default","passage":"Rama is Raised from the Dead","commentary":"","meaning":""},{"id":"5","title":"32.5","content":"“I wept for an hour by his beloved form.\n\n Always a lover of quiet, now he had attained the utter stillness of death.\n\n Another disciple came in; I asked him to remain in the house until I returned.\n\n Half-dazed, I trudged back to my guru.\n\n “‘How is Rama now?’ Lahiri Mahasaya’s face was wreathed in smiles.\n\n “‘Sir, you will soon see how he is, ’ I blurted out emotionally.\n\n ‘In a few hours you will see his body, before it is carried to the crematory grounds.\n\n’ I broke down and moaned openly.\n\n “‘Yukteswar, control yourself.\n\n Sit calmly and meditate.\n\n’ My guru retired into SAMADH.\n\n The afternoon and night passed in unbroken silence; I struggled unsuccessfully to regain an inner composure.","type":"default","passage":"Rama is Raised from the Dead","commentary":"","meaning":""},{"id":"6","title":"32.6","content":"“At dawn Lahiri Mahasaya glanced at me consolingly.\n\n ‘I see you are still disturbed.\n\n Why didn’t you explain yesterday that you expected me to give Rama tangible aid in the form of some medicine?’ The master pointed to a cup-shaped lamp containing crude castor oil.\n\n ‘Fill a little bottle from the lamp; put seven drops into Rama’s mouth.\n\n’ “‘Sir, ’ I remonstrated, ‘he has been dead since yesterday noon.\n\n Of what use is the oil now?’ “‘Never mind; just do as I ask.\n\n’ Lahiri Mahasaya’s cheerful mood was incomprehensible; I was still in the unassuaged agony of bereavement.\n\n Pouring out a small amount of oil, I departed for Rama’s house.","type":"default","passage":"Rama is Raised from the Dead","commentary":"","meaning":""},{"id":"7","title":"32.7","content":"“I found my friend’s body rigid in the death-clas.\n\n Paying no attention to his ghastly condition, I opened his lips with my right finger and managed, with my left hand and the help of the cork, to put the oil drop by drop over his clenched teeth.\n\n “As the seventh drop touched his cold lips, Rama shivered violently.\n\n His muscles vibrated from head to foot as he sat up wonderingly.\n\n “‘I saw Lahiri Mahasaya in a blaze of light, ’ he cried.\n\n He shone like the sun.\n\n ‘Arise; forsake your sleep, ’ he commanded me.\n\n ‘Come with Yukteswar to see me.\n\n’” “I could scarcely believe my eyes when Rama dressed himself and was strong enough after that fatal sickness to walk to the home of our guru.\n\n There he prostrated himself before Lahiri Mahasaya with tears of gratitude.","type":"default","passage":"Rama is Raised from the Dead","commentary":"","meaning":""},{"id":"8","title":"32.8","content":"“The master was beside himself with mirth.\n\n His eyes twinkled at me mischievously.\n\n “‘Yukteswar, ’ he said, ‘surely henceforth you will not fail to carry with you a bottle of castor oil! Whenever you see a corpse, just administer the oil! Why, seven drops of lamp oil must surely foil the power of Yama!’ {FN32-3} “‘Guruji, you are ridiculing me.\n\n I don’t understand; please point out the nature of my error.\n\n’ “‘I told you twice that Rama would be well; yet you could not fully believe me, ’ Lahiri Mahasaya explained.\n\n ‘I did not mean the doctors would be able to cure him; I remarked only that they were in attendance.\n\n There was no causal connection between my two statements.\n\n I didn’t want to interfere with the physicians; they have to live, too.\n\n’ In a voice resounding with joy, my guru added, ‘Always know that the inexhaustible Paramatman {FN32-4} can heal anyone, doctor or no doctor.\n\n’","type":"default","passage":"Rama is Raised from the Dead","commentary":"","meaning":""},{"id":"9","title":"32.9","content":"“‘I see my mistake, ’ I acknowledged remorsefully.\n\n ‘I know now that your simple word is binding on the whole cosmos.\n\n’” As Sri Yukteswar finished the awesome story, one of the spellbound listeners ventured a question that, from a child, was doubly understandable.\n\n “Sir, ” he said, “why did your guru use castor oil?” “Child, giving the oil had no meaning except that I expected something material and Lahiri Mahasaya chose the near-by oil as an objective symbol for awakening my greater faith.\n\n The master allowed Rama to die, because I had partially doubted.\n\n But the divine guru knew that inasmuch as he had said the disciple would be well, the healing must take place, even though he had to cure Rama of death, a disease usually final!”","type":"default","passage":"Rama is Raised from the Dead","commentary":"","meaning":""},{"id":"10","title":"32.10","content":"Sri Yukteswar dismissed the little group, and motioned me to a blanket seat at his feet.\n\n “Yogananda, ” he said with unusual gravity, “you have been surrounded from birth by direct disciples of Lahiri Mahasaya.\n\n The great master lived his sublime life in partial seclusion, and steadfastly refused to permit his followers to build any organization around his teachings.\n\n He made, nevertheless, a significant prediction.\n\n “‘About fifty years after my passing, ’ he said, ‘my life will be written because of a deep interest in yoga which the West will manifest.\n\n The yogic message will encircle the globe, and aid in establishing that brotherhood of man which results from direct perception of the One Father.\n\n’","type":"default","passage":"Rama is Raised from the Dead","commentary":"","meaning":""},{"id":"11","title":"32.11","content":"“My son Yogananda, ” Sri Yukteswar went on, “you must do your part in spreading that message, and in writing that sacred l.\n\n” Fifty years after Lahiri Mahasaya’s passing in 1895 culminated in 1945, the year of completion of this present book.\n\n I cannot but be struck by the coincidence that the year 1945 has also ushered in a new age-the era of revolutionary atomic energies.\n\n All thoughtful minds turn as never before to the urgent problems of peace and brotherhood, lest the continued use of physical force banish all men along with the problems.\n\n Though the human race and its works disappear tracelessly by time or bomb, the sun does not falter in its course; the stars keep their invariable vigil.\n\n Cosmic law cannot be stayed or changed, and man would do well to put himself in harmony with it.\n\n If the cosmos is against might, if the sun wars not with the planets but retires at dueful time to give the stars their little sway, what avails our mailed fist? Shall any peace indeed come out of it? Not cruelty but good will arms the universal sinews; a humanity at peace will know the endless fruits of victory, sweeter to the taste than any nurtured on the soil of blood.","type":"default","passage":"Rama is Raised from the Dead","commentary":"","meaning":""},{"id":"12","title":"32.12","content":"The effective League of Nations will be a natural, nameless league of human hearts.\n\n The broad sympathies and discerning insight needed for the healing of earthly woes cannot flow from a mere intellectual consideration of man’s diversities, but from knowledge of man’s sole unity-his kinship with God.\n\n Toward realization of the world’s highest ideal-peace through brotherhood-may yoga, the science of personal contact with the Divine, spread in time to all men in all lands.\n\n Though India’s civilization is ancient above any other, few historians have noted that her feat of national survival is by no means an accident, but a logical incident in the devotion to eternal verities which India has offered through her best men in every generation.\n\n By sheer continuity of being, by intransitivity before the ages-can dusty scholars truly tell us how many?-India has given the worthiest answer of any people to the challenge of t.","type":"default","passage":"Rama is Raised from the Dead","commentary":"","meaning":""},{"id":"13","title":"32.13","content":"The Biblical story {FN32-5} of Abraham’s plea to the Lord that the city of Sodom be spared if ten righteous men could be found therein, and the divine reply: “I will not destroy it for ten’s sake, ” gains new meaning in the light of India’s escape from the oblivion of Babylon, Egypt and other mighty nations who were once her contemporaries.\n\n The Lord’s answer clearly shows that a land lives, not by its material achievements, but in its masterpieces of man.\n\n Let the divine words be heard again, in this twentieth century, twice dyed in blood ere half over: No nation that can produce ten men, great in the eyes of the Unbribable Judge, shall know extinction.\n\n Heeding such persuasions, India has proved herself not witless against the thousand cunnings of t.\n\n Self-realized masters in every century have hallowed her soil; modern Christlike sages, like Lahiri Mahasaya and his disciple Sri Yukteswar, rise up to proclaim that the science of yoga is more vital than any material advances to man’s happiness and to a nation’s longevity.","type":"default","passage":"Rama is Raised from the Dead","commentary":"","meaning":""},{"id":"14","title":"32.14","content":"Very scanty information about the life of Lahiri Mahasaya and his universal doctrine has ever appeared in print.\n\n For three decades in India, America, and Europe, I have found a deep and sincere interest in his message of liberating yoga; a written account of the master’s life, even as he foretold, is now needed in the West, where lives of the great modern yogis are little known.\n\n Nothing but one or two small pamphlets in English has been written on the guru’s l.\n\n One biography in Bengali, SRI SRI {FN32-6} SHYAMA CHARAN LAHIRI MAHASAYA, appeared in 194.\n\n It was written by my disciple, Swami Satyananda, who for many years has been the ACHARYA  \n***(spiritual preceptor)***\n at our VIDYALAYA in Ranchi.\n\n I have translated a few passages from his book and have incorporated them into this section devoted to Lahiri Mahasaya.","type":"default","passage":"Rama is Raised from the Dead","commentary":"","meaning":""},{"id":"15","title":"32.15","content":"It was into a pious Brahmin family of ancient lineage that Lahiri Mahasaya was born September 30, 182.\n\n His birthplace was the village of Ghurni in the Nadia district near Krishnagar, Beng.\n\n He was the youngest son of Muktakashi, the second wife of the esteemed Gaur Mohan Lahiri.\n\n  \n***(His first wife, after the birth of three sons, had died during a pilgrimage.\n\n)***\n The boy’s mother passed away during his childhood; little about her is known except the revealing fact that she was an ardent devotee of Lord Shiva, {FN32-7} scripturally designated as the “King of Yogis.\n\n” The boy Lahiri, whose given name was Shyama Charan, spent his early years in the ancestral home at Nadia.\n\n At the age of three or four he was often observed sitting under the sands in the posture of a yogi, his body completely hidden except for the head.","type":"default","passage":"Rama is Raised from the Dead","commentary":"","meaning":""},{"id":"16","title":"32.16","content":"The Lahiri estate was destroyed in the winter of 1833, when the nearby Jalangi River changed its course and disappeared into the depths of the Ganges.\n\n One of the Shiva temples founded by the Lahiris went into the river along with the family home.\n\n A devotee rescued the stone image of Lord Shiva from the swirling waters and placed it in a new temple, now well-known as the Ghurni Shiva S.\n\n Gaur Mohan Lahiri and his family left Nadia and became residents of Benares, where the father immediately erected a Shiva temple.\n\n He conducted his household along the lines of Vedic discipline, with regular observance of ceremonial worship, acts of charity, and scriptural study.\n\n Just and open-minded, however, he did not ignore the beneficial current of modern ideas.","type":"default","passage":"Rama is Raised from the Dead","commentary":"","meaning":""},{"id":"17","title":"32.17","content":"The boy Lahiri took lessons in Hindi and Urdu in Benares study-groups.\n\n He attended a school conducted by Joy Narayan Ghosal, receiving instruction in Sanskrit, Bengali, French, and English.\n\n Applying himself to a close study of the VEDAS, the young yogi listened eagerly to scriptural discussions by learned Brahmins, including a Marhatta pundit named Nag-Bhatta.\n\n Shyama Charan was a kind, gentle, and courageous youth, beloved by all his companions.\n\n With a well-proportioned, bright, and powerful body, he excelled in swimming and in many skillful activities.\n\n In 1846 Shyama Charan Lahiri was married to Srimati Kashi Moni, daughter of Sri Debnarayan Sany.\n\n A model Indian housewife, Kashi Moni cheerfully carried on her home duties and the traditional householder’s obligation to serve guests and the poor.\n\n Two saintly sons, Tincouri and Ducouri, blessed the union.","type":"default","passage":"Rama is Raised from the Dead","commentary":"","meaning":""},{"id":"18","title":"32.18","content":"At the age of 23, in 1851, Lahiri Mahasaya took the post of accountant in the Military Engineering Department of the English government.\n\n He received many promotions during the time of his serv.\n\n \n\nThus not only was he a master before God’s eyes, but also a success in the little human drama where he played his given role as an office worker in the world.\n\n As the offices of the Army Department were shifted, Lahiri Mahasaya was transferred to Gazipur, Mirjapur, Danapur, Naini Tal, Benares, and other localities.\n\n After the death of his father, Lahiri had to assume the entire responsibility of his family, for whom he bought a quiet residence in the Garudeswar Mohulla neighborhood of Benares.","type":"default","passage":"Rama is Raised from the Dead","commentary":"","meaning":""},{"id":"19","title":"32.19","content":"It was in his thirty-third year that Lahiri Mahasaya saw fulfillment of the purpose for which he had been reincarnated on earth.\n\n The ash-hidden flame, long smouldering, received its opportunity to burst into flame.\n\n A divine decree, resting beyond the gaze of human beings, works mysteriously to bring all things into outer manifestation at the proper t.\n\n He met his great guru, Babaji, near Ranikhet, and was initiated by him into KRIYA YOG.\n\n This auspicious event did not happen to him alone; it was a fortunate moment for all the human race, many of whom were later privileged to receive the soul-awakening gift of KRIY.\n\n The lost, or long-vanished, highest art of yoga was again being brought to light.\n\n Many spiritually thirsty men and women eventually found their way to the cool waters of KRIYA YOG.\n\n Just as in the Hindu legend, where Mother Ganges offers her divine draught to the parched devotee Bhagirath, so the celestial flood of KRIYA rolled from the secret fastnesses of the Himalayas into the dusty haunts of men.","type":"default","passage":"Rama is Raised from the Dead","commentary":"","meaning":""},{"id":"20","title":"32.20","content":"{FN32-1} JOHN 11:1-.\n\n {FN32-2} A cholera victim is often rational and fully conscious right up to the moment of death.\n\n {FN32-3} The god of death.\n\n {FN32-4} Literally, “Supreme soul.\n\n” {FN32-5} GENESIS 18:23-3.\n\n {FN32-6} SRI, a prefix meaning “holy, ” is attached  \n***(generally twice or thrice)***\n to names of great Indian teachers.\n\n {FN32-7} One of the trinity of Godhead-Brahma, Vishnu, Shiva-whose universal work is, respectively, that of creation, preservation, and dissolution-restoration.\n\n Shiva  \n***(sometimes spelled Siva)***\n, represented in mythology as the Lord of Renunciates, appears in visions to His devotees under various aspects, such as Mahadeva, the matted-haired Ascetic, and Nataraja, the Cosmic Dancer.","type":"default","passage":"Rama is Raised from the Dead","commentary":"","meaning":""},{"id":"21","title":"32.21","content":"","type":"default","passage":"Rama is Raised from the Dead","commentary":"","meaning":""}]}