{"id":33,"title":"Babaji, the Yogi-Christ of Modern India","description":"Babaji, the Yogi-Christ of Modern India","sectionCount":21,"tags":null,"contentId":"AoY01","sections":[{"id":"1","title":"33.1","content":"BABAJI, THE YOGI-CHRIST OF MODERN INDIA The northern Himalayan crags near Badrinarayan are still blessed by the living presence of Babaji, guru of Lahiri Mahasaya.\n\n The secluded master has retained his physical form for centuries, perhaps for millenniums.\n\n The deathless Babaji is an AVATAR.\n\n This Sanskrit word means “descent”; its roots are AVA, “down, ” and TRI, “to pass.\n\n” In the Hindu scriptures, AVATARA signifies the descent of Divinity into flesh.\n\n “Babaji’s spiritual state is beyond human comprehension, ” Sri Yukteswar explained to me.\n\n “The dwarfed vision of men cannot pierce to his transcendental star.\n\n One attempts in vain even to picture the avatar’s attainment.\n\n It is inconceivable.\n\n”","type":"default","passage":"Babaji, the Yogi-Christ of Modern India","commentary":"","meaning":""},{"id":"2","title":"33.2","content":"The UPANISHADS have minutely classified every stage of spiritual advancement.\n\n A SIDDHA  \n***(“perfected being”)***\n has progressed from the state of a JIVANMUKTA  \n***(“freed while living”)***\n to that of a PARAMUKTA  \n***(“supremely free”-full power over death)***\n; the latter has completely escaped from the mayic thralldom and its reincarnational round.\n\n The PARAMUKTA therefore seldom returns to a physical body; if he does, he is an avatar, a divinely appointed medium of supernal blessings on the world.\n\n An avatar is unsubject to the universal economy; his pure body, visible as a light image, is free from any debt to nature.\n\n The casual gaze may see nothing extraordinary in an avatar’s form but it casts no shadow nor makes any footprint on the ground.\n\n These are outward symbolic proofs of an inward lack of darkness and material bondage.\n\n Such a God-man alone knows the Truth behind the relativities of life and death.\n\n Omar Khayyam, so grossly misunderstood, sang of this liberated man in his immortal scripture, the RUBAIYAT:","type":"default","passage":"Babaji, the Yogi-Christ of Modern India","commentary":"","meaning":""},{"id":"3","title":"33.3","content":"“Ah, Moon of my Delight who know’st no wane, The Moon of Heav’n is rising once again; How oft hereafter rising shall she look Through this same Garden after me-in vain!” The “Moon of Delight” is God, eternal Polaris, anachronous never.\n\n The “Moon of Heav’n” is the outward cosmos, fettered to the law of periodic recurrence.\n\n Its chains had been dissolved forever by the Persian seer through his self-realization.\n\n “How oft hereafter rising shall she look . . . after me-in vain!” What frustration of search by a frantic universe for an absolute omission! Christ expressed his freedom in another way: “And a certain scribe came, and said unto him, Master, I will follow thee whithersoever thou goest.\n\n And Jesus saith unto him, The foxes have holes, and the birds of the air have nests; but the Son of man hath not where to lay his head.\n\n” {FN33-1}","type":"default","passage":"Babaji, the Yogi-Christ of Modern India","commentary":"","meaning":""},{"id":"4","title":"33.4","content":"Spacious with omnipresence, could Christ indeed be followed except in the overarching Spirit? Krishna, Rama, Buddha, and Patanjali were among the ancient Indian avatars.\n\n A considerable poetic literature in Tamil has grown up around Agastya, a South Indian avatar.\n\n He worked many miracles during the centuries preceding and following the Christian era, and is credited with retaining his physical form even to this day.\n\n Babaji’s mission in India has been to assist prophets in carrying out their special dispensations.\n\n He thus qualifies for the scriptural classification of MAHAVATAR  \n***(Great Avatar)***\n.\n\n He has stated that he gave yoga initiation to Shankara, ancient founder of the Swami Order, and to Kabir, famous medieval saint.\n\n His chief nineteenth-century disciple was, as we know, Lahiri Mahasaya, revivalist of the lost KRIYA art.","type":"default","passage":"Babaji, the Yogi-Christ of Modern India","commentary":"","meaning":""},{"id":"5","title":"33.5","content":"[Illustration: BABAJI, THE MAHAVATAR, Guru of Lahiri Mahasaya, I have helped an artist to draw a true likeness of the great Yogi-Christ of modern India.\n\n—see babaji.\n\njpg] The MAHAVATAR is in constant communion with Christ; together they send out vibrations of redemption, and have planned the spiritual technique of salvation for this age.\n\n The work of these two fully-illumined masters-one with the body, and one without it-is to inspire the nations to forsake suicidal wars, race hatreds, religious sectarianism, and the boomerang-evils of materialism.\n\n Babaji is well aware of the trend of modern times, especially of the influence and complexities of Western civilization, and realizes the necessity of spreading the self-liberations of yoga equally in the West and in the East.","type":"default","passage":"Babaji, the Yogi-Christ of Modern India","commentary":"","meaning":""},{"id":"6","title":"33.6","content":"That there is no historical reference to Babaji need not surprise us.\n\n The great guru has never openly appeared in any century; the misinterpreting glare of publicity has no place in his millennial plans.\n\n Like the Creator, the sole but silent Power, Babaji works in a humble obscurity.\n\n Great prophets like Christ and Krishna come to earth for a specific and spectacular purpose; they depart as soon as it is accomplished.\n\n Other avatars, like Babaji, undertake work which is concerned more with the slow evolutionary progress of man during the centuries than with any one outstanding event of history.\n\n Such masters always veil themselves from the gross public gaze, and have the power to become invisible at will.\n\n For these reasons, and because they generally instruct their disciples to maintain silence about them, a number of towering spiritual figures remain world-unknown.\n\n I give in these pages on Babaji merely a hint of his life-only a few facts which he deems it fit and helpful to be publicly imparted.","type":"default","passage":"Babaji, the Yogi-Christ of Modern India","commentary":"","meaning":""},{"id":"7","title":"33.7","content":"No limiting facts about Babaji’s family or birthplace, dear to the annalist’s heart, have ever been discovered.\n\n His speech is generally in Hindi, but he converses easily in any language.\n\n He has adopted the simple name of Babaji  \n***(revered father)***\n; other titles of respect given him by Lahiri Mahasaya’s disciples are Mahamuni Babaji Maharaj  \n***(supreme ecstatic saint)***\n, Maha Yogi  \n***(greatest of yogis)***\n, Trambak Baba and Shiva Baba  \n***(titles of avatars of Shiva)***\n.\n\n Does it matter that we know not the patronymic of an earth-released master? “Whenever anyone utters with reverence the name of Babaji, ” Lahiri Mahasaya said, “that devotee attracts an instant spiritual blessing.\n\n”","type":"default","passage":"Babaji, the Yogi-Christ of Modern India","commentary":"","meaning":""},{"id":"8","title":"33.8","content":"The deathless guru bears no marks of age on his body; he appears to be no more than a youth of twenty-f.\n\n Fair-skinned, of medium build and height, Babaji’s beautiful, strong body radiates a perceptible glow.\n\n His eyes are dark, calm, and tender; his long, lustrous hair is copper-colored.\n\n A very strange fact is that Babaji bears an extraordinarily exact resemblance to his disciple Lahiri Mahasaya.\n\n The similarity is so striking that, in his later years, Lahiri Mahasaya might have passed as the father of the youthful-looking Babaji.\n\n Swami Kebalananda, my saintly Sanskrit tutor, spent some time with Babaji in the Himalayas.","type":"default","passage":"Babaji, the Yogi-Christ of Modern India","commentary":"","meaning":""},{"id":"9","title":"33.9","content":"“The peerless master moves with his group from place to place in the mountains, ” Kebalananda told me.\n\n “His small band contains two highly advanced American disciples.\n\n After Babaji has been in one locality for some time, he says: ‘DERA DANDA UTHA.\n\n’  \n***(‘Let us lift our camp and staff.\n\n’)***\n He carries a symbolic DANDA  \n***(bamboo staff)***\n.\n\n His words are the signal for moving with his group instantaneously to another place.\n\n He does not always employ this method of astral travel; sometimes he goes on foot from peak to peak.\n\n “Babaji can be seen or recognized by others only when he so desires.\n\n He is known to have appeared in many slightly different forms to various devotees-sometimes without beard and moustache, and sometimes with them.\n\n As his undecaying body requires no food, the master seldom eats.\n\n As a social courtesy to visiting disciples, he occasionally accepts fruits, or rice cooked in milk and clarified butter.","type":"default","passage":"Babaji, the Yogi-Christ of Modern India","commentary":"","meaning":""},{"id":"10","title":"33.10","content":"“Two amazing incidents of Babaji’s life are known to me, ” Kebalananda went on.\n\n “His disciples were sitting one night around a huge fire which was blazing for a sacred Vedic ceremony.\n\n The master suddenly seized a burning log and lightly struck the bare shoulder of a chela who was close to the f.\n\n “‘Sir, how cruel!’ Lahiri Mahasaya, who was present, made this remonstrance.\n\n “‘Would you rather have seen him burned to ashes before your eyes, according to the decree of his past karma?’ “With these words Babaji placed his healing hand on the chela’s disfigured shoulder.\n\n ‘I have freed you tonight from painful death.\n\n The karmic law has been satisfied through your slight suffering by f.\n\n’","type":"default","passage":"Babaji, the Yogi-Christ of Modern India","commentary":"","meaning":""},{"id":"11","title":"33.11","content":"“On another occasion Babaji’s sacred circle was disturbed by the arrival of a stranger.\n\n He had climbed with astonishing skill to the nearly inaccessible ledge near the camp of the master.\n\n “‘Sir, you must be the great Babaji.\n\n’ The man’s face was lit with inexpressible reverence.\n\n ‘For months I have pursued a ceaseless search for you among these forbidding crags.\n\n I implore you to accept me as a disciple.\n\n’ “When the great guru made no response, the man pointed to the rocky chasm at his feet.\n\n “‘If you refuse me, I will jump from this mountain.\n\n Life has no further value if I cannot win your guidance to the Div.\n\n’","type":"default","passage":"Babaji, the Yogi-Christ of Modern India","commentary":"","meaning":""},{"id":"12","title":"33.12","content":"“‘Jump then, ’ Babaji said unemotionally.\n\n ‘I cannot accept you in your present state of development.\n\n’ “The man immediately hurled himself over the cliff.\n\n Babaji instructed the shocked disciples to fetch the stranger’s body.\n\n When they returned with the mangled form, the master placed his divine hand on the dead man.\n\n Lo! he opened his eyes and prostrated himself humbly before the omnipotent one.\n\n “‘You are now ready for discipleshi.\n\n’ Babaji beamed lovingly on his resurrected chela.\n\n ‘You have courageously passed a difficult test.\n\n Death shall not touch you again; now you are one of our immortal flock.\n\n’ Then he spoke his usual words of departure, ‘DERA DANDA UTHAO’; the whole group vanished from the mountain.\n\n”","type":"default","passage":"Babaji, the Yogi-Christ of Modern India","commentary":"","meaning":""},{"id":"13","title":"33.13","content":"An avatar lives in the omnipresent Spirit; for him there is no distance inverse to the square.\n\n Only one reason, therefore, can motivate Babaji in maintaining his physical form from century to century: the desire to furnish humanity with a concrete example of its own possibilities.\n\n Were man never vouchsafed a glimpse of Divinity in the flesh, he would remain oppressed by the heavy mayic delusion that he cannot transcend his mortality.\n\n Jesus knew from the beginning the sequence of his life; he passed through each event not for himself, not from any karmic compulsion, but solely for the upliftment of reflective human beings.\n\n His four reporter-disciples-Matthew, Mark, Luke, and John-recorded the ineffable drama for the benefit of later generations.","type":"default","passage":"Babaji, the Yogi-Christ of Modern India","commentary":"","meaning":""},{"id":"14","title":"33.14","content":"For Babaji, also, there is no relativity of past, present, future; from the beginning he has known all phases of his l.\n\n Yet, accommodating himself to the limited understanding of men, he has played many acts of his divine life in the presence of one or more witnesses.\n\n \n\nThus it came about that a disciple of Lahiri Mahasaya was present when Babaji deemed the time to be ripe for him to proclaim the possibility of bodily immortality.\n\n He uttered this promise before Ram Gopal Muzumdar, that it might finally become known for the inspiration of other seeking hearts.\n\n The great ones speak their words and participate in the seemingly natural course of events, solely for the good of man, even as Christ said: “Father . . . I knew that thou hearest me always: but BECAUSE OF THE PEOPLE WHICH STAND BY I SAID IT, that they may believe that thou hast sent me.\n\n” {FN33-2} During my visit at Ranbajpur with Ram Gopal, “the sleepless saint, ” {FN33-3} he related the wondrous story of his first meeting with Babaji.","type":"default","passage":"Babaji, the Yogi-Christ of Modern India","commentary":"","meaning":""},{"id":"15","title":"33.15","content":"“I sometimes left my isolated cave to sit at Lahiri Mahasaya’s feet in Benares, ” Ram Gopal told me.\n\n “One midnight as I was silently meditating in a group of his disciples, the master made a surprising request.\n\n “‘Ram Gopal, ’ he said, ‘go at once to the Dasasamedh bathing GHA.\n\n’ “I soon reached the secluded spot.\n\n The night was bright with moonlight and the glittering stars.\n\n After I had sat in patient silence for awhile, my attention was drawn to a huge stone slab near my feet.\n\n It rose gradually, revealing an underground cave.\n\n As the stone remained balanced in some unknown manner, the draped form of a young and surpassingly lovely woman was levitated from the cave high into the air.\n\n Surrounded by a soft halo, she slowly descended in front of me and stood motionless, steeped in an inner state of ecstasy.\n\n She finally stirred, and spoke gently.","type":"default","passage":"Babaji, the Yogi-Christ of Modern India","commentary":"","meaning":""},{"id":"16","title":"33.16","content":"“‘I am Mataji, {FN33-4} the sister of Babaji.\n\n I have asked him and also Lahiri Mahasaya to come to my cave tonight to discuss a matter of great importance.\n\n’ “A nebulous light was rapidly floating over the Ganges; the strange luminescence was reflected in the opaque waters.\n\n It approached nearer and nearer until, with a blinding flash, it appeared by the side of Mataji and condensed itself instantly into the human form of Lahiri Mahasaya.\n\n He bowed humbly at the feet of the woman saint.\n\n “Before I had recovered from my bewilderment, I was further wonderstruck to behold a circling mass of mystical light traveling in the sky.\n\n Descending swiftly, the flaming whirlpool neared our group and materialized itself into the body of a beautiful youth who, I understood at once, was Babaji.\n\n He looked like Lahiri Mahasaya, the only difference being that Babaji appeared much younger, and had long, bright hair.","type":"default","passage":"Babaji, the Yogi-Christ of Modern India","commentary":"","meaning":""},{"id":"17","title":"33.17","content":"“Lahiri Mahasaya, Mataji, and myself knelt at the guru’s feet.\n\n An ethereal sensation of beatific glory thrilled every fiber of my being as I touched his divine flesh.\n\n “‘Blessed sister, ’ Babaji said, ‘I am intending to shed my form and plunge into the Infinite Current.\n\n’ “‘I have already glimpsed your plan, beloved master.\n\n I wanted to discuss it with you tonight.\n\n Why should you leave your body?’ The glorious woman looked at him beseechingly.\n\n “‘What is the difference if I wear a visible or invisible wave on the ocean of my Spirit?’ “Mataji replied with a quaint flash of wit.\n\n ‘Deathless guru, if it makes no difference, then please do not ever relinquish your form.\n\n’ {FN33-5}","type":"default","passage":"Babaji, the Yogi-Christ of Modern India","commentary":"","meaning":""},{"id":"18","title":"33.18","content":"“‘Be it so, ’ Babaji said solemnly.\n\n ‘I will never leave my physical body.\n\n It will always remain visible to at least a small number of people on this earth.\n\n The Lord has spoken His own wish through your lips.\n\n’ “As I listened in awe to the conversation between these exalted beings, the great guru turned to me with a benign gesture.\n\n “‘Fear not, Ram Gopal, ’ he said, ‘you are blessed to be a witness at the scene of this immortal prom.\n\n’ “As the sweet melody of Babaji’s voice faded away, his form and that of Lahiri Mahasaya slowly levitated and moved backward over the Ganges.\n\n An aureole of dazzling light templed their bodies as they vanished into the night sky.\n\n Mataji’s form floated to the cave and descended; the stone slab closed of itself, as if working on an invisible leverage.","type":"default","passage":"Babaji, the Yogi-Christ of Modern India","commentary":"","meaning":""},{"id":"19","title":"33.19","content":"“Infinitely inspired, I wended my way back to Lahiri Mahasaya’s place.\n\n As I bowed before him in the early dawn, my guru smiled at me understandingly.\n\n “‘I am happy for you, Ram Gopal, ’ he said.\n\n ‘The desire of meeting Babaji and Mataji, which you have often expressed to me, has found at last a sacred fulfillment.\n\n’ “My fellow disciples informed me that Lahiri Mahasaya had not moved from his dais since early the preceding evening.\n\n “‘He gave a wonderful discourse on immortality after you had left for the Dasasamedh GHAT, ’ one of the chelas told me.\n\n For the first time I fully realized the truth in the scriptural verses which state that a man of self-realization can appear at different places in two or more bodies at the same t.","type":"default","passage":"Babaji, the Yogi-Christ of Modern India","commentary":"","meaning":""},{"id":"20","title":"33.20","content":"“Lahiri Mahasaya later explained to me many metaphysical points concerning the hidden divine plan for this earth, ” Ram Gopal concluded.\n\n “Babaji has been chosen by God to remain in his body for the duration of this particular world cycle.\n\n Ages shall come and go—still the deathless master, {FN33-6} beholding the drama of the centuries, shall be present on this stage terrestri.\n\n” {FN33-1} MATTHEW 8:19-2.\n\n {FN33-2} JOHN 11:41-4.\n\n {FN33-3} The omnipresent yogi who observed that I failed to bow before the Tarakeswar shrine  \n***(.\n\n.\n\n/chapter 13)***\n.\n\n {FN33-4} “Holy Mother.\n\n” Mataji also has lived through the centuries; she is almost as far advanced spiritually as her brother.\n\n She remains in ecstasy in a hidden underground cave near the Dasasamedh GHA.","type":"default","passage":"Babaji, the Yogi-Christ of Modern India","commentary":"","meaning":""},{"id":"21","title":"33.21","content":"{FN33-5} This incident reminds one of Thales.\n\n The great Greek philosopher taught that there was no difference between life and death.\n\n “Why, then, ” inquired a critic, “do you not die?” “Because, ” answered Thales, “it makes no difference.\n\n” {FN33-6} “Verily, verily, I say unto you, If a man keep my saying  \n***(remain unbrokenly in the Christ Consciousness)***\n, he shall never see death.\n\n”-JOHN 8:5.","type":"default","passage":"Babaji, the Yogi-Christ of Modern India","commentary":"","meaning":""}]}