{"id":34,"title":"Materializing a Palace in the Himalayas","description":"Materializing a Palace in the Himalayas","sectionCount":33,"tags":null,"contentId":"AoY01","sections":[{"id":"1","title":"34.1","content":"MATERIALIZING A PALACE IN THE HIMALAYAS “Babaji’s first meeting with Lahiri Mahasaya is an enthralling story, and one of the few which gives us a detailed glimpse of the deathless guru.\n\n” These words were Swami Kebalananda’s preamble to a wondrous tale.\n\n The first time he recounted it I was literally spellbound.\n\n On many other occasions I coaxed my gentle Sanskrit tutor to repeat the story, which was later told me in substantially the same words by Sri Yukteswar.\n\n Both these Lahiri Mahasaya disciples had heard the awesome tale direct from the lips of their guru.\n\n “My first meeting with Babaji took place in my thirty-third year, ” Lahiri Mahasaya had said.\n\n “In the autumn of 1861 I was stationed in Danapur as a government accountant in the Military Engineering Department.\n\n One morning the office manager summoned me.","type":"default","passage":"Materializing a Palace in the Himalayas","commentary":"","meaning":""},{"id":"2","title":"34.2","content":"“‘Lahiri, ’ he said, ‘a telegram has just come from our main off.\n\n You are to be transferred to Ranikhet, where an army post {FN34-1} is now being established.\n\n’ “With one servant, I set out on the 500-mile tri.\n\n Traveling by horse and buggy, we arrived in thirty days at the Himalayan site of Ranikhet.\n\n {FN34-2} “My office duties were not onerous; I was able to spend many hours roaming in the magnificent hills.\n\n A rumor reached me that great saints blessed the region with their presence; I felt a strong desire to see them.\n\n During a ramble one early afternoon, I was astounded to hear a distant voice calling my name.\n\n I continued my vigorous upward climb on Drongiri Mountain.\n\n A slight uneasiness beset me at the thought that I might not be able to retrace my steps before darkness had descended over the jungle.","type":"default","passage":"Materializing a Palace in the Himalayas","commentary":"","meaning":""},{"id":"3","title":"34.3","content":"“I finally reached a small clearing whose sides were dotted with caves.\n\n On one of the rocky ledges stood a smiling young man, extending his hand in welcome.\n\n I noticed with astonishment that, except for his copper-colored hair, he bore a remarkable resemblance to myself.\n\n “‘Lahiri, you have come!’ The saint addressed me affectionately in Hindi.\n\n ‘Rest here in this cave.\n\n It was I who called you.\n\n’ “I entered a neat little grotto which contained several woolen blankets and a few KAMANDULUS  \n***(begging bowls)***\n.\n\n “‘Lahiri, do you remember that seat?’ The yogi pointed to a folded blanket in one corner.\n\n “‘No, sir.\n\n’ Somewhat dazed at the strangeness of my adventure, I added, ‘I must leave now, before nightfall.\n\n I have business in the morning at my off.\n\n’","type":"default","passage":"Materializing a Palace in the Himalayas","commentary":"","meaning":""},{"id":"4","title":"34.4","content":"“The mysterious saint replied in English, ‘The office was brought for you, and not you for the off.\n\n’ “I was dumbfounded that this forest ascetic should not only speak English but also paraphrase the words of Christ.\n\n {FN34-3} “‘I see my telegram took effect.\n\n’ The yogi’s remark was incomprehensible to me; I inquired his meaning.\n\n “‘I refer to the telegram that summoned you to these isolated parts.\n\n It was I who silently suggested to the mind of your superior officer that you be transferred to Ranikhet.\n\n When one feels his unity with mankind, all minds become transmitting stations through which he can work at will.\n\n’ He added gently, ‘Lahiri, surely this cave seems familiar to you?’","type":"default","passage":"Materializing a Palace in the Himalayas","commentary":"","meaning":""},{"id":"5","title":"34.5","content":"“As I maintained a bewildered silence, the saint approached and struck me gently on the forehead.\n\n At his magnetic touch, a wondrous current swept through my brain, releasing the sweet seed-memories of my previous l.\n\n “‘I remember!’ My voice was half-choked with joyous sobs.\n\n ‘You are my guru Babaji, who has belonged to me always! Scenes of the past arise vividly in my mind; here in this cave I spent many years of my last incarnation!’ As ineffable recollections overwhelmed me, I tearfully embraced my master’s feet.\n\n “‘For more than three decades I have waited for you here-waited for you to return to me!’ Babaji’s voice rang with celestial love.\n\n ‘You slipped away and vanished into the tumultuous waves of the life beyond death.\n\n The magic wand of your karma touched you, and you were gone! Though you lost sight of me, never did I lose sight of you! I pursued you over the luminescent astral sea where the glorious angels sail.\n\n Through gloom, storm, upheaval, and light I followed you, like a mother bird guarding her young.\n\n As you lived out your human term of womb-life, and emerged a babe, my eye was ever on you.\n\n When you covered your tiny form in the lotus posture under the Nadia sands in your childhood, I was invisibly present! Patiently, month after month, year after year, I have watched over you, waiting for this perfect day.\n\n \n\nNow you are with me! Lo, here is your cave, loved of yore! I have kept it ever clean and ready for you.\n\n Here is your hallowed ASANA-blanket, where you daily sat to fill your expanding heart with God! Behold there your bowl, from which you often drank the nectar prepared by me! See how I have kept the brass cup brightly polished, that you might drink again therefrom! My own, do you now understand?’","type":"default","passage":"Materializing a Palace in the Himalayas","commentary":"","meaning":""},{"id":"6","title":"34.6","content":"“‘My guru, what can I say?’ I murmured brokenly.\n\n ‘Where has one ever heard of such deathless love?’ I gazed long and ecstatically on my eternal treasure, my guru in life and death.\n\n “‘Lahiri, you need purification.\n\n Drink the oil in this bowl and lie down by the river.\n\n’ Babaji’s practical wisdom, I reflected with a quick, reminiscent smile, was ever to the fore.\n\n “I obeyed his directions.\n\n Though the icy Himalayan night was descending, a comforting warmth, an inner radiation, began to pulsate in every cell of my body.\n\n I marveled.\n\n Was the unknown oil endued with a cosmical heat? “Bitter winds whipped around me in the darkness, shrieking a fierce challenge.\n\n The chill wavelets of the Gogash River lapped now and then over my body, outstretched on the rocky bank.\n\n Tigers howled near-by, but my heart was free of fear; the radiant force newly generated within me conveyed an assurance of unassailable protection.\n\n Several hours passed swiftly; faded memories of another life wove themselves into the present brilliant pattern of reunion with my divine guru.","type":"default","passage":"Materializing a Palace in the Himalayas","commentary":"","meaning":""},{"id":"7","title":"34.7","content":"“My solitary musings were interrupted by the sound of approaching footsteps.\n\n In the darkness, a man’s hand gently helped me to my feet, and gave me some dry clothing.\n\n “‘Come, brother, ’ my companion said.\n\n ‘The master awaits you.\n\n’ “He led the way through the forest.\n\n The somber night was suddenly lit by a steady luminosity in the distance.\n\n “‘Can that be the sunrise?’ I inquired.\n\n ‘Surely the whole night has not passed?’ “‘The hour is midnight.\n\n’ My guide laughed softly.\n\n ‘Yonder light is the glow of a golden palace, materialized here tonight by the peerless Babaji.\n\n In the dim past, you once expressed a desire to enjoy the beauties of a palace.\n\n Our master is now satisfying your wish, thus freeing you from the bonds of karma.\n\n’ {FN34-4} He added, ‘The magnificent palace will be the scene of your initiation tonight into KRIYA YOG.\n\n All your brothers here join in a paean of welcome, rejoicing at the end of your long ex.\n\n Behold!’","type":"default","passage":"Materializing a Palace in the Himalayas","commentary":"","meaning":""},{"id":"8","title":"34.8","content":"“A vast palace of dazzling gold stood before us.\n\n Studded with countless jewels, and set amidst landscaped gardens, it presented a spectacle of unparalleled grandeur.\n\n Saints of angelic countenance were stationed by resplendent gates, half-reddened by the glitter of rubies.\n\n Diamonds, pearls, sapphires, and emeralds of great size and luster were imbedded in the decorative arches.\n\n “I followed my companion into a spacious reception hall.\n\n The odor of incense and of roses wafted through the air; dim lamps shed a multicolored glow.\n\n Small groups of devotees, some fair, some dark-skinned, chanted musically, or sat in the meditative posture, immersed in an inner peace.\n\n A vibrant joy pervaded the atmosphere.","type":"default","passage":"Materializing a Palace in the Himalayas","commentary":"","meaning":""},{"id":"9","title":"34.9","content":"“‘Feast your eyes; enjoy the artistic splendors of this palace, for it has been brought into being solely in your honor.\n\n’ My guide smiled sympathetically as I uttered a few ejaculations of wonderment.\n\n “‘Brother, ’ I said, ‘the beauty of this structure surpasses the bounds of human imagination.\n\n Please tell me the mystery of its origin.\n\n’ “‘I will gladly enlighten you.\n\n’ My companion’s dark eyes sparkled with wisdom.\n\n ‘In reality there is nothing inexplicable about this materialization.\n\n The whole cosmos is a materialized thought of the Creator.\n\n This heavy, earthly clod, floating in space, is a dream of God.\n\n He made all things out of His consciousness, even as man in his dream consciousness reproduces and vivifies a creation with its creatures.","type":"default","passage":"Materializing a Palace in the Himalayas","commentary":"","meaning":""},{"id":"10","title":"34.10","content":"“‘God first created the earth as an idea.\n\n Then He quickened it; energy atoms came into being.\n\n He coordinated the atoms into this solid sphere.\n\n All its molecules are held together by the will of God.\n\n When He withdraws His will, the earth again will disintegrate into energy.\n\n Energy will dissolve into consciousness; the earth-idea will disappear from objectivity.\n\n “‘The substance of a dream is held in materialization by the subconscious thought of the dreamer.\n\n When that cohesive thought is withdrawn in wakefulness, the dream and its elements dissolve.\n\n A man closes his eyes and erects a dream-creation which, on awakening, he effortlessly dematerializes.\n\n He follows the divine archetypal pattern.\n\n Similarly, when he awakens in cosmic consciousness, he will effortlessly dematerialize the illusions of the cosmic dream.","type":"default","passage":"Materializing a Palace in the Himalayas","commentary":"","meaning":""},{"id":"11","title":"34.11","content":"“‘Being one with the infinite all-accomplishing Will, Babaji can summon the elemental atoms to combine and manifest themselves in any form.\n\n This golden palace, instantaneously created, is real, even as this earth is re.\n\n Babaji created this palatial mansion out of his mind and is holding its atoms together by the power of his will, even as God created this earth and is maintaining it intact.\n\n’ He added, ‘When this structure has served its purpose, Babaji will dematerialize it.\n\n’ “As I remained silent in awe, my guide made a sweeping gesture.\n\n ‘This shimmering palace, superbly embellished with jewels, has not been built by human effort or with laboriously mined gold and gems.\n\n It stands solidly, a monumental challenge to man.\n\n {FN34-5} Whoever realizes himself as a son of God, even as Babaji has done, can reach any goal by the infinite powers hidden within him.\n\n A common stone locks within itself the secret of stupendous atomic energy; {FN34-6} even so, a mortal is yet a powerhouse of divinity.\n\n’","type":"default","passage":"Materializing a Palace in the Himalayas","commentary":"","meaning":""},{"id":"12","title":"34.12","content":"“The sage picked up from a near-by table a graceful vase whose handle was blazing with diamonds.\n\n ‘Our great guru created this palace by solidifying myriads of free cosmic rays, ’ he went on.\n\n ‘Touch this vase and its diamonds; they will satisfy all the tests of sensory experience.\n\n’ “I examined the vase, and passed my hand over the smooth room-walls, thick with glistening gold.\n\n Each of the jewels scattered lavishly about was worthy of a king’s collection.\n\n Deep satisfaction spread over my mind.\n\n A submerged desire, hidden in my subconsciousness from lives now gone, seemed simultaneously gratified and extinguished.","type":"default","passage":"Materializing a Palace in the Himalayas","commentary":"","meaning":""},{"id":"13","title":"34.13","content":"“My stately companion led me through ornate arches and corridors into a series of chambers richly furnished in the style of an emperor’s palace.\n\n We entered an immense hall.\n\n In the center stood a golden throne, encrusted with jewels shedding a dazzling medley of colors.\n\n There, in lotus posture, sat the supreme Babaji.\n\n I knelt on the shining floor at his feet.\n\n “‘Lahiri, are you still feasting on your dream desires for a golden palace?’ My guru’s eyes were twinkling like his own sapphires.\n\n ‘Wake! All your earthly thirsts are about to be quenched forever.\n\n’ He murmured some mystic words of blessing.\n\n ‘My son, ar.\n\n Receive your initiation into the kingdom of God through KRIYA YOG.\n\n’","type":"default","passage":"Materializing a Palace in the Himalayas","commentary":"","meaning":""},{"id":"14","title":"34.14","content":"“Babaji stretched out his hand; a HOMA  \n***(sacrificial)***\n fire appeared, surrounded by fruits and flowers.\n\n I received the liberating yogic technique before this flaming altar.\n\n “The rites were completed in the early dawn.\n\n I felt no need for sleep in my ecstatic state, and wandered around the palace, filled on all sides with treasures and priceless OBJETS D’AR.\n\n Descending to the gorgeous gardens, I noticed, near-by, the same caves and barren mountain ledges which yesterday had boasted no adjacency to palace or flowered terrace.\n\n “Reentering the palace, fabulously glistening in the cold Himalayan sunlight, I sought the presence of my master.\n\n He was still enthroned, surrounded by many quiet disciples.","type":"default","passage":"Materializing a Palace in the Himalayas","commentary":"","meaning":""},{"id":"15","title":"34.15","content":"“‘Lahiri, you are hungry.\n\n’ Babaji added, ‘Close your eyes.\n\n’ “When I reopened them, the enchanting palace and its picturesque gardens had disappeared.\n\n My own body and the forms of Babaji and the cluster of chelas were all now seated on the bare ground at the exact site of the vanished palace, not far from the sunlit entrances of the rocky grottos.\n\n I recalled that my guide had remarked that the palace would be dematerialized, its captive atoms released into the thought-essence from which it had sprung.\n\n Although stunned, I looked trustingly at my guru.\n\n I knew not what to expect next on this day of miracles.","type":"default","passage":"Materializing a Palace in the Himalayas","commentary":"","meaning":""},{"id":"16","title":"34.16","content":"“‘The purpose for which the palace was created has now been served, ’ Babaji explained.\n\n He lifted an earthen vessel from the ground.\n\n ‘Put your hand there and receive whatever food you des.\n\n’ “As soon as I touched the broad, empty bowl, it became heaped with hot butter-fried LUCHIS, curry, and rare sweetmeats.\n\n I helped myself, observing that the vessel was ever-filled.\n\n At the end of my meal I looked around for water.\n\n My guru pointed to the bowl before me.\n\n Lo! the food had vanished; in its place was water, clear as from a mountain stream.\n\n “‘Few mortals know that the kingdom of God includes the kingdom of mundane fulfillments, ’ Babaji observed.\n\n ‘The divine realm extends to the earthly, but the latter, being illusory, cannot include the essence of reality.\n\n’","type":"default","passage":"Materializing a Palace in the Himalayas","commentary":"","meaning":""},{"id":"17","title":"34.17","content":"“‘Beloved guru, last night you demonstrated for me the link of beauty in heaven and earth!’ I smiled at memories of the vanished palace; surely no simple yogi had ever received initiation into the august mysteries of Spirit amidst surroundings of more impressive luxury! I gazed tranquilly at the stark contrast of the present scene.\n\n The gaunt ground, the skyey roof, the caves offering primitive shelter-all seemed a gracious natural setting for the seraphic saints around me.\n\n “I sat that afternoon on my blanket, hallowed by associations of past-life realizations.\n\n My divine guru approached and passed his hand over my head.\n\n I entered the NIRBIKALPA SAMADHI state, remaining unbrokenly in its bliss for seven days.\n\n Crossing the successive strata of self-knowledge, I penetrated the deathless realms of reality.\n\n All delusive limitations dropped away; my soul was fully established on the eternal altar of the Cosmic Spirit.\n\n On the eighth day I fell at my guru’s feet and implored him to keep me always near him in this sacred wilderness.","type":"default","passage":"Materializing a Palace in the Himalayas","commentary":"","meaning":""},{"id":"18","title":"34.18","content":"“‘My son, ’ Babaji said, embracing me, ‘your role in this incarnation must be played on an outward stage.\n\n Prenatally blessed by many lives of lonely meditation, you must now mingle in the world of men.\n\n “‘A deep purpose underlay the fact that you did not meet me this time until you were already a married man, with modest business responsibilities.\n\n You must put aside your thoughts of joining our secret band in the Himalayas; your life lies in the crowded marts, serving as an example of the ideal yogi-householder.\n\n “‘The cries of many bewildered worldly men and women have not fallen unheard on the ears of the Great Ones, ’ he went on.\n\n ‘You have been chosen to bring spiritual solace through KRIYA YOGA to numerous earnest seekers.\n\n The millions who are encumbered by family ties and heavy worldly duties will take new heart from you, a householder like themselves.\n\n You must guide them to see that the highest yogic attainments are not barred to the family man.\n\n Even in the world, the yogi who faithfully discharges his responsibilities, without personal motive or attachment, treads the sure path of enlightenment.","type":"default","passage":"Materializing a Palace in the Himalayas","commentary":"","meaning":""},{"id":"19","title":"34.19","content":"“‘No necessity compels you to leave the world, for inwardly you have already sundered its every karmic tie.\n\n Not of this world, you must yet be in it.\n\n Many years still remain during which you must conscientiously fulfill your family, business, civic, and spiritual duties.\n\n A sweet new breath of divine hope will penetrate the arid hearts of worldly men.\n\n From your balanced life, they will understand that liberation is dependent on inner, rather than outer, renunciations.\n\n’ “How remote seemed my family, the office, the world, as I listened to my guru in the high Himalayan solitudes.\n\n Yet adamantine truth rang in his words; I submissively agreed to leave this blessed haven of peace.\n\n Babaji instructed me in the ancient rigid rules which govern the transmission of the yogic art from guru to disciple.","type":"default","passage":"Materializing a Palace in the Himalayas","commentary":"","meaning":""},{"id":"20","title":"34.20","content":"“‘Bestow the KRIYA key only on qualified chelas, ’ Babaji said.\n\n ‘He who vows to sacrifice all in the quest of the Divine is fit to unravel the final mysteries of life through the science of meditation.\n\n’ “‘Angelic guru, as you have already favored mankind by resurrecting the lost KRIYA art, will you not increase that benefit by relaxing the strict requirements for discipleship?’ I gazed beseechingly at Babaji.\n\n ‘I pray that you permit me to communicate KRIYA to all seekers, even though at first they cannot vow themselves to complete inner renunciation.\n\n The tortured men and women of the world, pursued by the threefold suffering, {FN34-7} need special encouragement.\n\n They may never attempt the road to freedom if KRIYA initiation be withheld from them.\n\n’","type":"default","passage":"Materializing a Palace in the Himalayas","commentary":"","meaning":""},{"id":"21","title":"34.21","content":"“‘Be it so.\n\n The divine wish has been expressed through you.\n\n’ With these simple words, the merciful guru banished the rigorous safeguards that for ages had hidden KRIYA from the world.\n\n ‘Give KRIYA freely to all who humbly ask for hel.\n\n’ “After a silence, Babaji added, ‘Repeat to each of your disciples this majestic promise from the BHAGAVAD GITA: “SWALPAMASYA DHARMASYA, TRAYATA MAHATO BHOYAT”—“Even a little bit of the practice of this religion will save you from dire fears and colossal sufferings.\n\n”’ {FN34-8} “As I knelt the next morning at my guru’s feet for his farewell blessing, he sensed my deep reluctance to leave him.","type":"default","passage":"Materializing a Palace in the Himalayas","commentary":"","meaning":""},{"id":"22","title":"34.22","content":"“‘There is no separation for us, my beloved child.\n\n’ He touched my shoulder affectionately.\n\n ‘Wherever you are, whenever you call me, I shall be with you instantly.\n\n’ “Consoled by his wondrous promise, and rich with the newly found gold of God-wisdom, I wended my way down the mountain.\n\n At the office I was welcomed by my fellow employees, who for ten days had thought me lost in the Himalayan jungles.\n\n A letter soon arrived from the head off.\n\n “‘Lahiri should return to the Danapur {FN34-9} office, ’ it read.\n\n ‘His transfer to Ranikhet occurred by error.\n\n Another man should have been sent to assume the Ranikhet duties.\n\n’","type":"default","passage":"Materializing a Palace in the Himalayas","commentary":"","meaning":""},{"id":"23","title":"34.23","content":"“I smiled, reflecting on the hidden crosscurrents in the events which had led me to this furthermost spot of India.\n\n “Before returning to Danapur, I spent a few days with a Bengali family at Moradabad.\n\n A party of six friends gathered to greet me.\n\n As I turned the conversation to spiritual subjects, my host observed gloomily: “‘Oh, in these days India is destitute of saints!’ “‘Babu, ’ I protested warmly, ‘of course there are still great masters in this land!’ “In a mood of exalted fervor, I felt impelled to relate my miraculous experiences in the Himalayas.\n\n The little company was politely incredulous.","type":"default","passage":"Materializing a Palace in the Himalayas","commentary":"","meaning":""},{"id":"24","title":"34.24","content":"“‘Lahiri, ’ one man said soothingly, ‘your mind has been under a strain in those rarefied mountain airs.\n\n This is some daydream you have recounted.\n\n’ “Burning with the enthusiasm of truth, I spoke without due thought.\n\n ‘If I call him, my guru will appear right in this house.\n\n’ “Interest gleamed in every eye; it was no wonder that the group was eager to behold a saint materialized in such a strange way.\n\n Half-reluctantly, I asked for a quiet room and two new woolen blankets.\n\n “‘The master will materialize from the ether, ’ I said.\n\n ‘Remain silently outside the door; I shall soon call you.\n\n’ “I sank into the meditative state, humbly summoning my guru.\n\n The darkened room soon filled with a dim aural moonlight; the luminous figure of Babaji emerged.","type":"default","passage":"Materializing a Palace in the Himalayas","commentary":"","meaning":""},{"id":"25","title":"34.25","content":"“‘Lahiri, do you call me for a trifle?’ The master’s gaze was stern.\n\n ‘Truth is for earnest seekers, not for those of idle curiosity.\n\n It is easy to believe when one sees; there is nothing then to deny.\n\n Supersensual truth is deserved and discovered by those who overcome their natural materialistic skepticism.\n\n’ He added gravely, ‘Let me go!’ “I fell entreatingly at his feet.\n\n ‘Holy guru, I realize my serious error; I humbly ask pardon.\n\n It was to create faith in these spiritually blinded minds that I ventured to call you.\n\n Because you have graciously appeared at my prayer, please do not depart without bestowing a blessing on my friends.\n\n Unbelievers though they be, at least they were willing to investigate the truth of my strange assertions.\n\n’","type":"default","passage":"Materializing a Palace in the Himalayas","commentary":"","meaning":""},{"id":"26","title":"34.26","content":"“‘Very well; I will stay awh.\n\n I do not wish your word discredited before your friends.\n\n’ Babaji’s face had softened, but he added gently, ‘Henceforth, my son, I shall come when you need me, and not always when you call me.\n\n {FN34-10}’ “Tense silence reigned in the little group when I opened the door.\n\n As if mistrusting their senses, my friends stared at the lustrous figure on the blanket seat.\n\n “‘This is mass-hypnotism!’ One man laughed blatantly.\n\n ‘No one could possibly have entered this room without our knowledge!’ “Babaji advanced smilingly and motioned to each one to touch the warm, solid flesh of his body.\n\n Doubts dispelled, my friends prostrated themselves on the floor in awed repentance.","type":"default","passage":"Materializing a Palace in the Himalayas","commentary":"","meaning":""},{"id":"27","title":"34.27","content":"“‘Let HALUA {FN34-11} be prepared.\n\n’ Babaji made this request, I knew, to further assure the group of his physical reality.\n\n While the porridge was boiling, the divine guru chatted affably.\n\n Great was the metamorphosis of these doubting Thomases into devout . Pauls.\n\n After we had eaten, Babaji blessed each of us in turn.\n\n There was a sudden flash; we witnessed the instantaneous dechemicalization of the electronic elements of Babaji’s body into a spreading vaporous light.\n\n The God-tuned will power of the master had loosened its grasp of the ether atoms held together as his body; forthwith the trillions of tiny lifetronic sparks faded into the infinite reservoir.","type":"default","passage":"Materializing a Palace in the Himalayas","commentary":"","meaning":""},{"id":"28","title":"34.28","content":"“‘With my own eyes I have seen the conqueror of death.\n\n’ Maitra, {FN34-12} one of the group, spoke reverently.\n\n His face was transfigured with the joy of his recent awakening.\n\n ‘The supreme guru played with time and space, as a child plays with bubbles.\n\n I have beheld one with the keys of heaven and earth.\n\n’ “I soon returned to Danapur.\n\n Firmly anchored in the Spirit, again I assumed the manifold business and family obligations of a householder.\n\n” Lahiri Mahasaya also related to Swami Kebalananda and Sri Yukteswar the story of another meeting with Babaji, under circumstances which recalled the guru’s promise: “I shall come whenever you need me.\n\n”","type":"default","passage":"Materializing a Palace in the Himalayas","commentary":"","meaning":""},{"id":"29","title":"34.29","content":"“The scene was a KUMBHA MELA at Allahabad, ” Lahiri Mahasaya told his disciples.\n\n “I had gone there during a short vacation from my office duties.\n\n As I wandered amidst the throng of monks and sadhus who had come from great distances to attend the holy festival, I noticed an ash-smeared ascetic who was holding a begging bowl.\n\n The thought arose in my mind that the man was hypocritical, wearing the outward symbols of renunciation without a corresponding inward grace.\n\n “No sooner had I passed the ascetic than my astounded eye fell on Babaji.\n\n He was kneeling in front of a matted-haired anchor.\n\n “‘Guruji!’ I hastened to his s.\n\n ‘Sir, what are you doing here?’","type":"default","passage":"Materializing a Palace in the Himalayas","commentary":"","meaning":""},{"id":"30","title":"34.30","content":"“‘I am washing the feet of this renunciate, and then I shall clean his cooking utensils.\n\n’ Babaji smiled at me like a little child; I knew he was intimating that he wanted me to criticize no one, but to see the Lord as residing equally in all body-temples, whether of superior or inferior men.\n\n The great guru added, ‘By serving wise and ignorant sadhus, I am learning the greatest of virtues, pleasing to God above all others-humility.\n\n’” {FN34-1} \n\nNow a military sanatorium.\n\n By 1861 the British Government had already established certain telegraphic communciations.\n\n {FN34-2} Ranikhet, in the Almora district of United Provinces, is situated at the foot of Nanda Devi, the highest Himalayan peak  \n***(25, 661 feet)***\n in British India.","type":"default","passage":"Materializing a Palace in the Himalayas","commentary":"","meaning":""},{"id":"31","title":"34.31","content":"{FN34-3} “The sabbath was made for man, and not man for the sabbath.\n\n”—MARK 2:2.\n\n {FN34-4} The karmic law requires that every human wish find ultimate fulfillment.\n\n Desire is thus the chain which binds man to the reincarnational wheel.\n\n {FN34-5} “What is a miracle?-’Tis a reproach, ’Tis an implicit satire on mankind.\n\n” —Edward Young, in NIGHT THOUGHT.\n\n {FN34-5} The theory of the atomic structure of matter was expounded in the ancient Indian VAISESIKA and NYAYA treatises.\n\n “There are vast worlds all placed away within the hollows of each atom, multifarious as the motes in a sunbeam.\n\n”—YOGA VASISHTH.","type":"default","passage":"Materializing a Palace in the Himalayas","commentary":"","meaning":""},{"id":"32","title":"34.32","content":"{FN34-7} Physical, mental, and spiritual suffering; manifested, respectively, in disease, in psychological inadequacies or “complexes, ” and in soul-ignorance.\n\n {FN34-8} Chapter II:4.\n\n {FN34-9} A town near Benares.\n\n {FN34-10} In the path to the Infinite, even illumined masters like Lahiri Mahasaya may suffer from an excess of zeal, and be subject to discipl.\n\n In the BHAGAVAD GITA, we read many passages where the divine guru Krishna gives chastisement to the prince of devotees, Arjuna.\n\n {FN34-11} A porridge made of cream of wheat fried in butter, and boiled with milk.\n\n {FN34-12} The man, Maitra, to whom Lahiri Mahasaya is here referring, afterward became highly advanced in self-realization.\n\n I met Maitra shortly after my graduation from high school; he visited the Mahamandal hermitage in Benares while I was a resident.\n\n He told me then of Babaji’s materialization before the group in Moradabad.\n\n “As a result of the miracle, ” Maitra explained to me, “I became a lifelong disciple of Lahiri Mahasaya.\n\n”","type":"default","passage":"Materializing a Palace in the Himalayas","commentary":"","meaning":""},{"id":"33","title":"34.33","content":"","type":"default","passage":"Materializing a Palace in the Himalayas","commentary":"","meaning":""}]}