{"id":36,"title":"Babaji’s Interest in the West","description":"Babaji’s Interest in the West","sectionCount":27,"tags":null,"contentId":"AoY01","sections":[{"id":"1","title":"36.1","content":"BABAJI’S INTEREST IN THE WEST “Master, did you ever meet Babaji?” It was a calm summer night in Serampore; the large stars of the tropics gleamed over our heads as I sat by Sri Yukteswar’s side on the second-story balcony of the hermitage.\n\n “Yes.\n\n” Master smiled at my direct question; his eyes lit with reverence.\n\n “Three times I have been blessed by the sight of the deathless guru.\n\n Our first meeting was in Allahabad at a KUMBHA MEL.\n\n” The religious fairs held in India since time immemorial are known as KUMBHA MELAS; they have kept spiritual goals in constant sight of the multitude.\n\n Devout Hindus gather by the millions every six years to meet thousands of sadhus, yogis, swamis, and ascetics of all kinds.\n\n Many are hermits who never leave their secluded haunts except to attend the MELAS and bestow their blessings on worldly men and women.","type":"default","passage":"Babaji’s Interest in the West","commentary":"","meaning":""},{"id":"2","title":"36.2","content":"“I was not a swami at the time I met Babaji, ” Sri Yukteswar went on.\n\n “But I had already received KRIYA initiation from Lahiri Mahasaya.\n\n He encouraged me to attend the MELA which was convening in January, 1894 at Allahabad.\n\n It was my first experience of a KUMBHA; I felt slightly dazed by the clamor and surge of the crowd.\n\n In my searching gazes around I saw no illumined face of a master.\n\n Passing a bridge on the bank of the Ganges, I noticed an acquaintance standing near-by, his begging bowl extended.\n\n “‘Oh, this fair is nothing but a chaos of noise and beggars, ’ I thought in disillusionment.\n\n ‘I wonder if Western scientists, patiently enlarging the realms of knowledge for the practical good of mankind, are not more pleasing to God than these idlers who profess religion but concentrate on alms.\n\n’","type":"default","passage":"Babaji’s Interest in the West","commentary":"","meaning":""},{"id":"3","title":"36.3","content":"“My smouldering reflections on social reform were interrupted by the voice of a tall sannyasi who halted before me.\n\n “‘Sir, ’ he said, ‘a saint is calling you.\n\n’ “‘Who is he?’ “‘Come and see for yourself.\n\n’ “Hesitantly following this laconic advice, I soon found myself near a tree whose branches were sheltering a guru with an attractive group of disciples.\n\n The master, a bright unusual figure, with sparkling dark eyes, rose at my approach and embraced me.\n\n “‘Welcome, Swamiji, ’ he said affectionately.\n\n “‘Sir, ’ I replied emphatically, ‘I am NOT a swami.\n\n’ “‘Those on whom I am divinely directed to bestow the title of “swami” never cast it off.\n\n’ The saint addressed me simply, but deep conviction of truth rang in his words; I was engulfed in an instant wave of spiritual blessing.\n\n Smiling at my sudden elevation into the ancient monastic order, {FN36-1} I bowed at the feet of the obviously great and angelic being in human form who had thus honored me.","type":"default","passage":"Babaji’s Interest in the West","commentary":"","meaning":""},{"id":"4","title":"36.4","content":"“Babaji-for it was indeed he-motioned me to a seat near him under the tree.\n\n He was strong and young, and looked like Lahiri Mahasaya; yet the resemblance did not strike me, even though I had often heard of the extraordinary similarities in the appearance of the two masters.\n\n Babaji possesses a power by which he can prevent any specific thought from arising in a person’s mind.\n\n Evidently the great guru wished me to be perfectly natural in his presence, not overawed by knowledge of his identity.\n\n “‘What do you think of the KUMBHA MELA?’ “‘I was greatly disappointed, sir.\n\n’ I added hastily, ‘Up until the time I met you.\n\n Somehow saints and this commotion don’t seem to belong together.\n\n’","type":"default","passage":"Babaji’s Interest in the West","commentary":"","meaning":""},{"id":"5","title":"36.5","content":"“‘Child, ’ the master said, though apparently I was nearly twice his own age, ‘for the faults of the many, judge not the whole.\n\n Everything on earth is of mixed character, like a mingling of sand and sugar.\n\n Be like the wise ant which seizes only the sugar, and leaves the sand untouched.\n\n Though many sadhus here still wander in delusion, yet the MELA is blessed by a few men of God-realization.\n\n’ “In view of my own meeting with this exalted master, I quickly agreed with his observation.\n\n “‘Sir, ’ I commented, ‘I have been thinking of the scientific men of the West, greater by far in intelligence than most people congregated here, living in distant Europe and America, professing different creeds, and ignorant of the real values of such MELAS as the present one.\n\n They are the men who could benefit greatly by meetings with India’s masters.\n\n But, although high in intellectual attainments, many Westerners are wedded to rank materialism.\n\n Others, famous in science and philosophy, do not recognize the essential unity in religion.\n\n Their creeds serve as insurmountable barriers that threaten to separate them from us forever.\n\n’","type":"default","passage":"Babaji’s Interest in the West","commentary":"","meaning":""},{"id":"6","title":"36.6","content":"“‘I saw that you are interested in the West, as well as the East.\n\n’ Babaji’s face beamed with approv.\n\n ‘I felt the pangs of your heart, broad enough for all men, whether Oriental or Occident.\n\n That is why I summoned you here.\n\n “‘East and West must establish a golden middle path of activity and spirituality combined, ’ he continued.\n\n ‘India has much to learn from the West in material development; in return, India can teach the universal methods by which the West will be able to base its religious beliefs on the unshakable foundations of yogic science.\n\n “‘You, Swamiji, have a part to play in the coming harmonious exchange between Orient and Occident.\n\n Some years hence I shall send you a disciple whom you can train for yoga dissemination in the West.\n\n The vibrations there of many spiritually seeking souls come floodlike to me.\n\n I perceive potential saints in America and Europe, waiting to be awakened.\n\n’”","type":"default","passage":"Babaji’s Interest in the West","commentary":"","meaning":""},{"id":"7","title":"36.7","content":"At this point in his story, Sri Yukteswar turned his gaze fully on m.\n\n “My son, ” he said, smiling in the moonlight, “you are the disciple that, years ago, Babaji promised to send me.\n\n” I was happy to learn that Babaji had directed my steps to Sri Yukteswar, yet it was hard for me to visualize myself in the remote West, away from my beloved guru and the simple hermitage peace.\n\n “Babaji then spoke of the BHAGAVAD GITA, ” Sri Yukteswar went on.\n\n “To my astonishment, he indicated by a few words of praise that he was aware of the fact that I had written interpretations on various GITA chapters.\n\n “‘At my request, Swamiji, please undertake another task, ’ the great master said.\n\n ‘Will you not write a short book on the underlying basic unity between the Christian and Hindu scriptures? Show by parallel references that the inspired sons of God have spoken the same truths, now obscured by men’s sectarian differences.\n\n’","type":"default","passage":"Babaji’s Interest in the West","commentary":"","meaning":""},{"id":"8","title":"36.8","content":"“‘Maharaj, ’ {FN36-2} I answered diffidently, ‘what a command! Shall I be able to fulfill it?’ “Babaji laughed softly.\n\n ‘My son, why do you doubt?’ he said reassuringly.\n\n ‘Indeed, Whose work is all this, and Who is the Doer of all actions? Whatever the Lord has made me say is bound to materialize as truth.\n\n’ “I deemed myself empowered by the blessings of the saint, and agreed to write the book.\n\n Feeling reluctantly that the parting-hour had arrived, I rose from my leafy seat.\n\n “‘Do you know Lahiri?’ {FN36-3} the master inquired.\n\n ‘He is a great soul, isn’t he? Tell him of our meeting.\n\n’ He then gave me a message for Lahiri Mahasaya.","type":"default","passage":"Babaji’s Interest in the West","commentary":"","meaning":""},{"id":"9","title":"36.9","content":"“After I had bowed humbly in farewell, the saint smiled benignly.\n\n ‘When your book is finished, I shall pay you a visit, ’ he promised.\n\n ‘Good-by for the present.\n\n’ “I left Allahabad the following day and entrained for Benares.\n\n Reaching my guru’s home, I poured out the story of the wonderful saint at the KUMBHA MEL.\n\n “‘Oh, didn’t you recognize him?’ Lahiri Mahasaya’s eyes were dancing with laughter.\n\n ‘I see you couldn’t, for he prevented you.\n\n He is my incomparable guru, the celestial Babaji!’ “‘Babaji!’ I repeated, awestruck.\n\n ‘The Yogi-Christ Babaji! The invisible-visible savior Babaji! Oh, if I could just recall the past and be once more in his presence, to show my devotion at his lotus feet!’","type":"default","passage":"Babaji’s Interest in the West","commentary":"","meaning":""},{"id":"10","title":"36.10","content":"“‘Never mind, ’ Lahiri Mahasaya said consolingly.\n\n ‘He has promised to see you again.\n\n’ “‘Gurudeva, the divine master asked me to give you a message.\n\n “Tell Lahiri, ” he said, “that the stored-up power for this life now runs low; it is nearly finished.\n\n”’ “At my utterance of these enigmatic words, Lahiri Mahasaya’s figure trembled as though touched by a lightning current.\n\n In an instant everything about him fell silent; his smiling countenance turned incredibly stern.\n\n Like a wooden statue, somber and immovable in its seat, his body became colorless.\n\n I was alarmed and bewildered.\n\n Never in my life had I seen this joyous soul manifest such awful gravity.\n\n The other disciples present stared apprehensively.","type":"default","passage":"Babaji’s Interest in the West","commentary":"","meaning":""},{"id":"11","title":"36.11","content":"“Three hours passed in utter silence.\n\n Then Lahiri Mahasaya resumed his natural, cheerful demeanor, and spoke affectionately to each of the chelas.\n\n Everyone sighed in relief.\n\n “I realized by my master’s reaction that Babaji’s message had been an unmistakable signal by which Lahiri Mahasaya understood that his body would soon be untenanted.\n\n His awesome silence proved that my guru had instantly controlled his being, cut his last cord of attachment to the material world, and fled to his ever-living identity in Spirit.\n\n Babaji’s remark had been his way of saying: ‘I shall be ever with you.\n\n’ “Though Babaji and Lahiri Mahasaya were omniscient, and had no need of communicating with each other through me or any other intermediary, the great ones often condescend to play a part in the human drama.\n\n Occasionally they transmit their prophecies through messengers in an ordinary way, that the final fulfillment of their words may infuse greater divine faith in a wide circle of men who later learn the story.","type":"default","passage":"Babaji’s Interest in the West","commentary":"","meaning":""},{"id":"12","title":"36.12","content":"“I soon left Benares, and set to work in Serampore on the scriptural writings requested by Babaji, ” Sri Yukteswar continued.\n\n “No sooner had I begun my task than I was able to compose a poem dedicated to the deathless guru.\n\n The melodious lines flowed effortlessly from my pen, though never before had I attempted Sanskrit poetry.\n\n “In the quiet of night I busied myself over a comparison of the Bible and the scriptures of SANATAN DHARM.\n\n {FN36-4} Quoting the words of the blessed Lord Jesus, I showed that his teachings were in essence one with the revelations of the VEDA.\n\n To my relief, my book was finished in a short time; I realized that this speedy blessing was due to the grace of my PARAM-GURU-MAHARA.\n\n {FN36-5} The chapters first appeared in the SADHUSAMBAD journal; later they were privately printed as a book by one of my Kidderpore disciples.","type":"default","passage":"Babaji’s Interest in the West","commentary":"","meaning":""},{"id":"13","title":"36.13","content":"“The morning after I had concluded my literary efforts, ” Master continued, “I went to the Rai Ghat here to bathe in the Ganges.\n\n The ghat was deserted; I stood still for awhile, enjoying the sunny peace.\n\n After a dip in the sparkling waters, I started for home.\n\n The only sound in the silence was that of my Ganges-drenched cloth, swish-swashing with every ste.\n\n As I passed beyond the site of the large banyan tree near the river bank, a strong impulse urged me to look back.\n\n There, under the shade of the banyan, and surrounded by a few disciples, sat the great Babaji! “‘Greetings, Swamiji!’ The beautiful voice of the master rang out to assure me I was not dreaming.\n\n ‘I see you have successfully completed your book.\n\n As I promised, I am here to thank you.\n\n’","type":"default","passage":"Babaji’s Interest in the West","commentary":"","meaning":""},{"id":"14","title":"36.14","content":"“With a fast-beating heart, I prostrated myself fully at his feet.\n\n ‘Param-guruji, ’ I said imploringly, ‘will you and your chelas not honor my near-by home with your presence?’ “The supreme guru smilingly declined.\n\n ‘No, child, ’ he said, ‘we are people who like the shelter of trees; this spot is quite comfortable.\n\n’ “‘Please tarry awhile, Master.\n\n’ I gazed entreatingly at him.\n\n ‘I shall be back at once with some special sweetmeats.\n\n’ “When I returned in a few minutes with a dish of delicacies, lo! the lordly banyan no longer sheltered the celestial troupe.\n\n I searched all around the ghat, but in my heart I knew the little band had already fled on etheric wings.","type":"default","passage":"Babaji’s Interest in the West","commentary":"","meaning":""},{"id":"15","title":"36.15","content":"“I was deeply hurt.\n\n ‘Even if we meet again, I would not care to talk to him, ’ I assured myself.\n\n ‘He was unkind to leave me so suddenly.\n\n’ This was a wrath of love, of course, and nothing more.\n\n “A few months later I visited Lahiri Mahasaya in Benares.\n\n As I entered his little parlor, my guru smiled in greeting.\n\n “‘Welcome, Yukteswar, ’ he said.\n\n ‘Did you just meet Babaji at the threshold of my room?’ “‘Why, no, ’ I answered in surpr.\n\n “‘Come here.\n\n’ Lahiri Mahasaya touched me gently on the forehead; at once I beheld, near the door, the form of Babaji, blooming like a perfect lotus.\n\n “I remembered my old hurt, and did not bow.\n\n Lahiri Mahasaya looked at me in astonishment.","type":"default","passage":"Babaji’s Interest in the West","commentary":"","meaning":""},{"id":"16","title":"36.16","content":"“The divine guru gazed at me with fathomless eyes.\n\n ‘You are annoyed with me.\n\n’ “‘Sir, why shouldn’t I be?’ I answered.\n\n ‘Out of the air you came with your magic group, and into the thin air you vanished.\n\n’ “‘I told you I would see you, but didn’t say how long I would remain.\n\n’ Babaji laughed softly.\n\n ‘You were full of excitement.\n\n I assure you that I was fairly extinguished in the ether by the gust of your restlessness.\n\n’ “I was instantly satisfied by this unflattering explanation.\n\n I knelt at his feet; the supreme guru patted me kindly on the shoulder.\n\n “‘Child, you must meditate more, ’ he said.\n\n ‘Your gaze is not yet faultless-you could not see me hiding behind the sunlight.\n\n’ With these words in the voice of a celestial flute, Babaji disappeared into the hidden radiance.","type":"default","passage":"Babaji’s Interest in the West","commentary":"","meaning":""},{"id":"17","title":"36.17","content":"“That was one of my last visits to Benares to see my guru, ” Sri Yukteswar concluded.\n\n “Even as Babaji had foretold at the KUMBHA MELA, the householder-incarnation of Lahiri Mahasaya was drawing to a close.\n\n During the summer of 1895 his stalwart body developed a small boil on the back.\n\n He protested against lancing; he was working out in his own flesh the evil karma of some of his disciples.\n\n Finally a few chelas became very insistent; the master replied cryptically: “‘The body has to find a cause to go; I will be agreeable to whatever you want to do.\n\n’ “A short time later the incomparable guru gave up his body in Benares.\n\n No longer need I seek him out in his little parlor; I find every day of my life blessed by his omnipresent guidance.\n\n”","type":"default","passage":"Babaji’s Interest in the West","commentary":"","meaning":""},{"id":"18","title":"36.18","content":"Years later, from the lips of Swami Keshabananda, {FN36-6} an advanced disciple, I heard many wonderful details about the passing of Lahiri Mahasaya.\n\n “A few days before my guru relinquished his body, ” Keshabananda told me, “he materialized himself before me as I sat in my hermitage at Hardwar.\n\n “‘Come at once to Benares.\n\n’ With these words Lahiri Mahasaya vanished.\n\n “I entrained immediately for Benares.\n\n At my guru’s home I found many disciples assembled.\n\n For hours that day {FN36-7} the master expounded the GITA; then he addressed us simply.\n\n “‘I am going home.\n\n’ “Sobs of anguish broke out like an irresistible torrent.","type":"default","passage":"Babaji’s Interest in the West","commentary":"","meaning":""},{"id":"19","title":"36.19","content":"“‘Be comforted; I shall rise again.\n\n’ After this utterance Lahiri Mahasaya thrice turned his body around in a circle, faced the north in his lotus posture, and gloriously entered the final MAHA-SAMADH.\n\n {FN36-8} “Lahiri Mahasaya’s beautiful body, so dear to the devotees, was cremated with solemn householder rites at Manikarnika Ghat by the holy Ganges, ” Keshabananda continued.\n\n “The following day, at ten o’clock in the morning, while I was still in Benares, my room was suffused with a great light.\n\n Lo! before me stood the flesh and blood form of Lahiri Mahasaya! It looked exactly like his old body, except that it appeared younger and more radiant.\n\n My divine guru spoke to me.","type":"default","passage":"Babaji’s Interest in the West","commentary":"","meaning":""},{"id":"20","title":"36.20","content":"“‘Keshabananda, ’ he said, ‘it is . From the disintegrated atoms of my cremated body, I have resurrected a remodeled form.\n\n My householder work in the world is done; but I do not leave the earth entirely.\n\n Henceforth I shall spend some time with Babaji in the Himalayas, and with Babaji in the cosmos.\n\n’ “With a few words of blessing to me, the transcendent master vanished.\n\n Wondrous inspiration filled my heart; I was uplifted in Spirit even as were the disciples of Christ and Kabir {FN36-9} when they had gazed on their living gurus after physical death.\n\n “When I returned to my isolated Hardwar hermitage, ” Keshabananda went on, “I carried with me the sacred ashes of my guru.\n\n I know he has escaped the spatio-temporal cage; the bird of omnipresence is freed.\n\n Yet it comforted my heart to enshrine his sacred remains.\n\n”","type":"default","passage":"Babaji’s Interest in the West","commentary":"","meaning":""},{"id":"21","title":"36.21","content":"Another disciple who was blessed by the sight of his resurrected guru was the saintly Panchanon Bhattacharya, founder of the Calcutta Arya Mission Institution.\n\n {FN36-10} I visited Panchanon at his Calcutta home, and listened with delight to the story of his many years with the master.\n\n In conclusion, he told me of the most marvelous event in his l.\n\n “Here in Calcutta, ” Panchanon said, “at ten o’clock of the morning which followed his cremation, Lahiri Mahasaya appeared before me in living glory.\n\n” Swami Pranabananda, the “saint with two bodies, ” also confided to me the details of his own supernal experience.","type":"default","passage":"Babaji’s Interest in the West","commentary":"","meaning":""},{"id":"22","title":"36.22","content":"“A few days before Lahiri Mahasaya left his body, ” Pranabananda told me at the time he visited my Ranchi school, “I received a letter from him, requesting me to come at once to Benares.\n\n I was delayed, however, and could not leave immediately.\n\n As I was in the midst of my travel preparations, about ten o’clock in the morning, I was suddenly overwhelmed with joy to see the shining figure of my guru.\n\n “‘Why hurry to Benares?’ Lahiri Mahasaya said, smiling.\n\n ‘You shall find me there no longer.\n\n’ “As the import of his words dawned on me, I sobbed broken-heartedly, believing that I was seeing him only in a vision.","type":"default","passage":"Babaji’s Interest in the West","commentary":"","meaning":""},{"id":"23","title":"36.23","content":"“The master approached me comfortingly.\n\n ‘Here, touch my flesh, ’ he said.\n\n ‘I am living, as always.\n\n Do not lament; am I not with you forever?’” From the lips of these three great disciples, a story of wondrous truth has emerged: At the morning hour of ten, on the day after the body of Lahiri Mahasaya had been consigned to the flames, the resurrected master, in a real but transfigured body, appeared before three disciples, each one in a different city.\n\n “So when this corruptible shall have put on incorruption, and this mortal shall have put on immortality, then shall be brought to pass the saying that is written, Death is swallowed up in victory.\n\n O death, where is thy sting? O grave, where is thy victory?” {FN36-11}","type":"default","passage":"Babaji’s Interest in the West","commentary":"","meaning":""},{"id":"24","title":"36.24","content":"{FN36-1} Sri Yukteswar was later formally initiated into the Swami Order by the MAHANT  \n***(monastery head)***\n of Buddh Gaya.\n\n {FN36-2} “Great King”-a title of respect.\n\n {FN36-3} A guru usually refers to his own disciple simply by his name, omitting any title.\n\n \n\nThus, Babaji said “Lahiri, ” not “Lahiri Mahasaya.\n\n” {FN36-4} Literally, “eternal religion, ” the name given to the body of Vedic teachings.\n\n SANATAN DHARMA has come to be called HINDUISM since the time of the Greeks who designated the people on the banks of the river Indus as INDOOS, or HINDU.\n\n The word HINDU, properly speaking, refers only to followers of SANATAN DHARMA or Hinduism.\n\n The term INDIAN applies equally to Hindus and Mohammedans and other INHABITANTS of the soil of India  \n***(and also through the confusing geographical error of Columbus, to the American Mongoloid aboriginals)***\n.","type":"default","passage":"Babaji’s Interest in the West","commentary":"","meaning":""},{"id":"25","title":"36.25","content":"The ancient name for India is ARYAVARTA, literally, “abode of the Aryans.\n\n” The Sanskrit root of ARYA is “worthy, holy, noble.\n\n” The later ethnological misuse of ARYAN to signify not spiritual, but physical, characteristics, led the great Orientalist, Max Muller, to say quaintly: “To me an ethnologist who speaks of an Aryan race, Aryan blood, Aryan eyes and hair, is as great a sinner as a linguist who speaks of a dolichocephalic dictionary or a brachycephalic grammar.\n\n” {FN36-5} PARAM-GURU is literally “guru supreme” or “guru beyond, ” signifying a line or succession of teachers.\n\n Babaji, the GURU of Lahiri Mahasaya, was the PARAM-GURU of Sri Yukteswar.","type":"default","passage":"Babaji’s Interest in the West","commentary":"","meaning":""},{"id":"26","title":"36.26","content":"{FN36-6} My visit to Keshabananda’s ashram is described on . 405-40.\n\n {FN36-7} September 26, 1895 is the date on which Lahiri Mahasaya left his body.\n\n In a few more days he would have reached his sixty-eighth birthday.\n\n {FN36-8} Facing the north, and thrice revolving the body, are parts of a Vedic rite used by masters who know beforehand when the final hour is about to strike for the physical body.\n\n The last meditation, during which the master merges himself in the Cosmic AUM, is called the MAHA, or great, SAMADH.\n\n {FN36-9} Kabir was a great sixteenth-century saint whose large following included both Hindus and Mohammedans.\n\n At the time of his death, the disciples quarreled over the manner of conducting the funeral ceremonies.\n\n The exasperated master rose from his final sleep, and gave his instructions.\n\n “Half of my remains shall be buried by the Moslem rites;” he said, “let the other half be cremated with a Hindu sacrament.\n\n” He then vanished.\n\n When the disciples opened the coffin which had contained his body, nothing was found but a dazzling array of gold-colored champak flowers.\n\n Half of these were obediently buried by the Moslems, who revere his shrine to this day.","type":"default","passage":"Babaji’s Interest in the West","commentary":"","meaning":""},{"id":"27","title":"36.27","content":"In his youth Kabir was approached by two disciples who wanted minute intellectual guidance along the mystic path.\n\n The master responded simply: “Path presupposes distance; If He be near, no path needest thou at all.\n\n Verily it maketh me smile To hear of a fish in water athirst!” {FN36-10} Panchanon established, in a seventeen-acre garden at Deogarh in Bihar, a temple containing a stone statue of Lahiri Mahasaya.\n\n Another statue of the great master has been set by disciples in the little parlor of his Benares home.\n\n {FN36-11} I CORINTHIANS 15:54-5.","type":"default","passage":"Babaji’s Interest in the West","commentary":"","meaning":""}]}