{"id":38,"title":"Luther Burbank—An American Saint","description":"Luther Burbank—An American Saint","sectionCount":14,"tags":null,"contentId":"AoY01","sections":[{"id":"1","title":"38.1","content":"LUTHER BURBANK—A SAINT AMIDST THE ROSES “The secret of improved plant breeding, apart from scientific knowledge, is love.\n\n” Luther Burbank uttered this wisdom as I walked beside him in his Santa Rosa garden.\n\n We halted near a bed of edible cacti.\n\n “While I was conducting experiments to make ‘spineless’ cacti, ” he continued, “I often talked to the plants to create a vibration of love.\n\n ‘You have nothing to fear, ’ I would tell them.\n\n ‘You don’t need your defensive thorns.\n\n I will protect you.\n\n’ Gradually the useful plant of the desert emerged in a thornless variety.\n\n” I was charmed at this miracle.\n\n “Please, dear Luther, give me a few cacti leaves to plant in my garden at Mount Washington.\n\n”","type":"default","passage":"Luther Burbank—An American Saint","commentary":"","meaning":""},{"id":"2","title":"38.2","content":"A workman standing near-by started to strip off some leaves; Burbank prevented him.\n\n “I myself will pluck them for the swami.\n\n” He handed me three leaves, which later I planted, rejoicing as they grew to huge estate.\n\n The great horticulturist told me that his first notable triumph was the large potato, now known by his name.\n\n With the indefatigability of genius, he went on to present the world with hundreds of crossed improvements on nature-his new Burbank varieties of tomato, corn, squash, cherries, plums, nectarines, berries, poppies, lilies, roses.\n\n I focused my camera as Luther led me before the famous walnut tree by which he had proved that natural evolution can be telescopically hastened.","type":"default","passage":"Luther Burbank—An American Saint","commentary":"","meaning":""},{"id":"3","title":"38.3","content":"“In only sixteen years, ” he said, “this walnut tree reached a state of abundant nut production to which an unaided nature would have brought the tree in twice that t.\n\n” [Illustration: Luther Burbank, beloved friend, poses with me in his Santa Rosa garden.\n\n—see burbank.\n\njpg] [Illustration: Luther Burbank—see burbank.\n\njpg] Burbank’s little adopted daughter came romping with her dog into the garden.\n\n “She is my human plant.\n\n” Luther waved to her affectionately.\n\n “I see humanity now as one vast plant, needing for its highest fulfillments only love, the natural blessings of the great outdoors, and intelligent crossing and selection.\n\n In the span of my own lifetime I have observed such wondrous progress in plant evolution that I look forward optimistically to a healthy, happy world as soon as its children are taught the principles of simple and rational living.\n\n We must return to nature and nature’s God.\n\n”","type":"default","passage":"Luther Burbank—An American Saint","commentary":"","meaning":""},{"id":"4","title":"38.4","content":"“Luther, you would delight in my Ranchi school, with its outdoor classes, and atmosphere of joy and simplicity.\n\n” My words touched the chord closest to Burbank’s heart-child education.\n\n He plied me with questions, interest gleaming from his deep, serene eyes.\n\n “Swamiji, ” he said finally, “schools like yours are the only hope of a future millennium.\n\n I am in revolt against the educational systems of our time, severed from nature and stifling of all individuality.\n\n I am with you heart and soul in your practical ideals of education.\n\n” As I was taking leave of the gentle sage, he autographed a small volume and presented it to me.\n\n {FN38-1} “Here is my book on THE TRAINING OF THE HUMAN PLANT, ” {FN38-2} he said.\n\n “New types of training are needed-fearless experiments.\n\n At times the most daring trials have succeeded in bringing out the best in fruits and flowers.\n\n Educational innovations for children should likewise become more numerous, more courageous.\n\n”","type":"default","passage":"Luther Burbank—An American Saint","commentary":"","meaning":""},{"id":"5","title":"38.5","content":"I read his little book that night with intense interest.\n\n His eye envisioning a glorious future for the race, he wrote: “The most stubborn living thing in this world, the most difficult to swerve, is a plant once fixed in certain habits.\n\n . . . Remember that this plant has preserved its individuality all through the ages; perhaps it is one which can be traced backward through eons of time in the very rocks themselves, never having varied to any great extent in all these vast periods.\n\n Do you suppose, after all these ages of repetition, the plant does not become possessed of a will, if you so choose to call it, of unparalleled tenacity? Indeed, there are plants, like certain of the palms, so persistent that no human power has yet been able to change them.\n\n The human will is a weak thing beside the will of a plant.\n\n But see how this whole plant’s lifelong stubbornness is broken simply by blending a new life with it, making, by crossing, a complete and powerful change in its l.\n\n Then when the break comes, fix it by these generations of patient supervision and selection, and the new plant sets out upon its new way never again to return to the old, its tenacious will broken and changed at last.","type":"default","passage":"Luther Burbank—An American Saint","commentary":"","meaning":""},{"id":"6","title":"38.6","content":"“When it comes to so sensitive and pliable a thing as the nature of a child, the problem becomes vastly easier.\n\n” Magnetically drawn to this great American, I visited him again and again.\n\n One morning I arrived at the same time as the postman, who deposited in Burbank’s study about a thousand letters.\n\n Horticulturists wrote him from all parts of the world.\n\n “Swamiji, your presence is just the excuse I need to get out into the garden, ” Luther said gaily.\n\n He opened a large desk-drawer containing hundreds of travel folders.\n\n “See, ” he said, “this is how I do my traveling.\n\n Tied down by my plants and correspondence, I satisfy my desire for foreign lands by a glance now and then at these pictures.\n\n”","type":"default","passage":"Luther Burbank—An American Saint","commentary":"","meaning":""},{"id":"7","title":"38.7","content":"My car was standing before his gate; Luther and I drove along the streets of the little town, its gardens bright with his own varieties of Santa Rosa, Peachblow, and Burbank roses.\n\n “My friend Henry Ford and I both believe in the ancient theory of reincarnation, ” Luther told me.\n\n “It sheds light on aspects of life otherwise inexplicable.\n\n Memory is not a test of truth; just because man fails to remember his past lives does not prove he never had them.\n\n Memory is blank concerning his womb-life and infancy, too; but he probably passed through them!” He chuckled.\n\n The great scientist had received KRIYA initiation during one of my earlier visits.\n\n “I practice the technique devoutly, Swamiji, ” he said.\n\n After many thoughtful questions to me about various aspects of yoga, Luther remarked slowly:","type":"default","passage":"Luther Burbank—An American Saint","commentary":"","meaning":""},{"id":"8","title":"38.8","content":"“The East indeed possesses immense hoards of knowledge which the West has scarcely begun to explore.\n\n” Intimate communion with nature, who unlocked to him many of her jealously guarded secrets, had given Burbank a boundless spiritual reverence.\n\n “Sometimes I feel very close to the Infinite Power, ” he confided shyly.\n\n His sensitive, beautifully modeled face lit with his memories.\n\n “Then I have been able to heal sick persons around me, as well as many ailing plants.\n\n” He told me of his mother, a sincere Christian.\n\n “Many times after her death, ” Luther said, “I have been blessed by her appearance in visions; she has spoken to me.\n\n”","type":"default","passage":"Luther Burbank—An American Saint","commentary":"","meaning":""},{"id":"9","title":"38.9","content":"We drove back reluctantly toward his home and those waiting thousand letters.\n\n “Luther, ” I remarked, “next month I am starting a magazine to present the truth-offerings of East and West.\n\n Please help me decide on a good name for the journ.\n\n” We discussed titles for awhile, and finally agreed on EAST-WES.\n\n After we had reentered his study, Burbank gave me an article he had written on “Science and Civilization.\n\n” “This will go in the first issue of EAST-WEST, ” I said gratefully.\n\n As our friendship grew deeper, I called Burbank my “American saint.\n\n” “Behold a man, ” I quoted, “in whom there is no guile!” His heart was fathomlessly deep, long acquainted with humility, patience, sacrif.\n\n His little home amidst the roses was austerely simple; he knew the worthlessness of luxury, the joy of few possessions.\n\n The modesty with which he wore his scientific fame repeatedly reminded me of the trees that bend low with the burden of ripening fruits; it is the barren tree that lifts its head high in an empty boast.","type":"default","passage":"Luther Burbank—An American Saint","commentary":"","meaning":""},{"id":"10","title":"38.10","content":"I was in New York when, in 1926, my dear friend passed away.\n\n In tears I thought, “Oh, I would gladly walk all the way from here to Santa Rosa for one more glimpse of him!” Locking myself away from secretaries and visitors, I spent the next twenty-four hours in seclusion.\n\n The following day I conducted a Vedic memorial rite around a large picture of Luther.\n\n A group of my American students, garbed in Hindu ceremonial clothes, chanted the ancient hymns as an offering was made of flowers, water, and fire-symbols of the bodily elements and their release in the Infinite Source.\n\n Though the form of Burbank lies in Santa Rosa under a Lebanon cedar that he planted years ago in his garden, his soul is enshrined for me in every wide-eyed flower that blooms by the ways.\n\n Withdrawn for a time into the spacious spirit of nature, is that not Luther whispering in her winds, walking her dawns?","type":"default","passage":"Luther Burbank—An American Saint","commentary":"","meaning":""},{"id":"11","title":"38.11","content":"His name has now passed into the heritage of common speech.\n\n Listing “burbank” as a transitive verb, Webster’s New International Dictionary defines it: “To cross or graft  \n***(a plant)***\n.\n\n Hence, figuratively, to improve  \n***(anything, as a process or institution)***\n by selecting good features and rejecting bad, or by adding good features.\n\n” “Beloved Burbank, ” I cried after reading the definition, “your very name is now a synonym for goodness!” LUTHER BURBANK SANTA ROSA, CALIFORNIA ..\n\n.\n\n December 22, 1924 I have examined the Yogoda system of Swami Yogananda and in my opinion it is ideal for training and harmonizing man’s physical, mental, and spiritual natures.\n\n Swami’s aim is to establish “How-to-Live” schools throughout the world, wherein education will not confine itself to intellectual development alone, but also training of the body, will, and feelings.","type":"default","passage":"Luther Burbank—An American Saint","commentary":"","meaning":""},{"id":"12","title":"38.12","content":"Through the Yogoda system of physical, mental, and spiritual unfoldment by simple and scientific methods of concentration and meditation, most of the complex problems of life may be solved, and peace and good-will come upon earth.\n\n The Swami’s idea of right education is plain commonsense, free from all mysticism and non-practicality; otherwise it would not have my approv.\n\n I am glad to have this opportunity of heartily joining with the Swami in his appeal for international schools on the art of living which, if established, will come as near to bringing the millennium as anything with which I am acquainted.","type":"default","passage":"Luther Burbank—An American Saint","commentary":"","meaning":""},{"id":"13","title":"38.13","content":"{FN38-1} Burbank also gave me an autographed picture of himself.\n\n I treasure it even as a Hindu merchant once treasured a picture of Lincoln.\n\n The Hindu, who was in America during the Civil War years, conceived such an admiration for Lincoln that he was unwilling to return to India until he had obtained a portrait of the Great Emancipator.\n\n Planting himself adamantly on Lincoln’s doorstep, the merchant refused to leave until the astonished President permitted him to engage the services of Daniel Huntington, the famous New York artist.\n\n When the portrait was finished, the Hindu carried it in triumph to Calcutta.","type":"default","passage":"Luther Burbank—An American Saint","commentary":"","meaning":""},{"id":"14","title":"38.14","content":"[Illustration: Luther Burbank’s signature—see bsignature.\n\njpg] {FN38-2} New York: Century Co.\n\n, 192.","type":"default","passage":"Luther Burbank—An American Saint","commentary":"","meaning":""}]}