{"id":39,"title":"Therese Neumann, the Catholic Stigmatist of Bavaria","description":"Therese Neumann, the Catholic Stigmatist of Bavaria","sectionCount":22,"tags":null,"contentId":"AoY01","sections":[{"id":"1","title":"39.1","content":"THERESE NEUMANN, THE CATHOLIC STIGMATIST “Return to india.\n\n I have waited for you patiently for fifteen years.\n\n Soon I shall swim out of the body and on to the Shining Abode.\n\n Yogananda, come!” Sri Yukteswar’s voice sounded startlingly in my inner ear as I sat in meditation at my Mt.\n\n Washington headquarters.\n\n Traversing ten thousand miles in the twinkling of an eye, his message penetrated my being like a flash of lightning.\n\n Fifteen years! Yes, I realized, now it is 1935; I have spent fifteen years in spreading my guru’s teachings in America.\n\n \n\nNow he recalls me.\n\n That afternoon I recounted my experience to a visiting disciple.\n\n His spiritual development under KRIYA YOGA was so remarkable that I often called him “saint, ” remembering Babaji’s prophecy that America too would produce men and women of divine realization through the ancient yogic path.","type":"default","passage":"Therese Neumann, the Catholic Stigmatist of Bavaria","commentary":"","meaning":""},{"id":"2","title":"39.2","content":"This disciple and a number of others generously insisted on making a donation for my travels.\n\n The financial problem thus solved, I made arrangements to sail, via Europe, for India.\n\n Busy weeks of preparations at Mount Washington! In March, 1935 I had the Self-Realization Fellowship chartered under the laws of the State of California as a non-profit corporation.\n\n To this educational institution go all public donations as well as the revenue from the sale of my books, magazine, written courses, class tuition, and every other source of income.\n\n “I shall be back, ” I told my students.\n\n “Never shall I forget America.\n\n”","type":"default","passage":"Therese Neumann, the Catholic Stigmatist of Bavaria","commentary":"","meaning":""},{"id":"3","title":"39.3","content":"At a farewell banquet given to me in Los Angeles by loving friends, I looked long at their faces and thought gratefully, “Lord, he who remembers Thee as the Sole Giver will never lack the sweetness of friendship among mortals.\n\n” I sailed from New York on June 9, 1935 {FN39-1} in the EUROP.\n\n Two students accompanied me: my secretary, . . Richard Wright, and an elderly lady from Cincinnati, Miss Ettie Bletch.\n\n We enjoyed the days of ocean peace, a welcome contrast to the past hurried weeks.\n\n Our period of leisure was short-lived; the speed of modern boats has some regrettable features! Like any other group of inquisitive tourists, we walked around the huge and ancient city of London.\n\n The following day I was invited to address a large meeting in Caxton Hall, at which I was introduced to the London audience by Sir Francis Younghusband.\n\n Our party spent a pleasant day as guests of Sir Harry Lauder at his estate in Scotland.\n\n We soon crossed the English Channel to the continent, for I wanted to make a special pilgrimage to Bavaria.\n\n This would be my only chance, I felt, to visit the great Catholic mystic, Therese Neumann of Konnersreuth.","type":"default","passage":"Therese Neumann, the Catholic Stigmatist of Bavaria","commentary":"","meaning":""},{"id":"4","title":"39.4","content":"Years earlier I had read an amazing account of Therese.\n\n Information given in the article was as follows:  \n***(1)***\n Therese, born in 1898, had been injured in an accident at the age of twenty; she became blind and paralyzed.\n\n  \n***(2)***\n She miraculously regained her sight in 1923 through prayers to . Teresa, “The Little Flower.\n\n” Later Therese Neumann’s limbs were instantaneously healed.\n\n  \n***(3)***\n From 1923 onward, Therese has abstained completely from food and drink, except for the daily swallowing of one small consecrated wafer.\n\n  \n***(4)***\n The stigmata, or sacred wounds of Christ, appeared in 1926 on Therese’s head, breast, hands, and feet.\n\n On Friday of every week thereafter, she has passed through the Passion of Christ, suffering in her own body all his historic agonies.","type":"default","passage":"Therese Neumann, the Catholic Stigmatist of Bavaria","commentary":"","meaning":""},{"id":"5","title":"39.5","content":"***(5)***\n Knowing ordinarily only the simple German of her village, during her Friday trances Therese utters phrases which scholars have identified as ancient Aramaic.\n\n At appropriate times in her vision, she speaks Hebrew or Greek.\n\n  \n***(6)***\n By ecclesiastical permission, Therese has several times been under close scientific observation.\n\n . Fritz Gerlick, editor of a Protestant German newspaper, went to Konnersreuth to “expose the Catholic fraud, ” but ended up by reverently writing her biography.\n\n {FN39-2} As always, whether in East or West, I was eager to meet a saint.\n\n I rejoiced as our little party entered, on July 16th, the quaint village of Konnersreuth.\n\n The Bavarian peasants exhibited lively interest in our Ford automobile  \n***(brought with us from America)***\n and its assorted group-an American young man, an elderly lady, and an olive-hued Oriental with long hair tucked under his coat collar.","type":"default","passage":"Therese Neumann, the Catholic Stigmatist of Bavaria","commentary":"","meaning":""},{"id":"6","title":"39.6","content":"Therese’s little cottage, clean and neat, with geraniums blooming by a primitive well, was alas! silently closed.\n\n The neighbors, and even the village postman who passed by, could give us no information.\n\n Rain began to fall; my companions suggested that we leave.\n\n “No, ” I said stubbornly, “I will stay here until I find some clue leading to Therese.\n\n” Two hours later we were still sitting in our car amidst the dismal rain.\n\n “Lord, ” I sighed complainingly, “why didst Thou lead me here if she has disappeared?” An English-speaking man halted beside us, politely offering his aid.\n\n “I don’t know for certain where Therese is, ” he said, “but she often visits at the home of Professor Wurz, a seminary master of Eichstatt, eighty miles from here.\n\n”","type":"default","passage":"Therese Neumann, the Catholic Stigmatist of Bavaria","commentary":"","meaning":""},{"id":"7","title":"39.7","content":"The following morning our party motored to the quiet village of Eichstatt, narrowly lined with cobblestoned streets.\n\n . Wurz greeted us cordially at his home; “Yes, Therese is here.\n\n” He sent her word of the visitors.\n\n A messenger soon appeared with her reply.\n\n “Though the bishop has asked me to see no one without his permission, I will receive the man of God from India.\n\n” Deeply touched at these words, I followed . Wurz upstairs to the sitting room.\n\n Therese entered immediately, radiating an aura of peace and joy.\n\n She wore a black gown and spotless white head dress.\n\n Although her age was thirty-seven at this time, she seemed much younger, possessing indeed a childlike freshness and charm.\n\n Healthy, well-formed, rosy-cheeked, and cheerful, this is the saint that does not eat!","type":"default","passage":"Therese Neumann, the Catholic Stigmatist of Bavaria","commentary":"","meaning":""},{"id":"8","title":"39.8","content":"Therese greeted me with a very gentle handshaking.\n\n We both beamed in silent communion, each knowing the other to be a lover of God.\n\n . Wurz kindly offered to serve as interpreter.\n\n As we seated ourselves, I noticed that Therese was glancing at me with naive curiosity; evidently Hindus had been rare in Bavaria.\n\n “Don’t you eat anything?” I wanted to hear the answer from her own lips.\n\n “No, except a consecrated rice-flour wafer, once every morning at six o’clock.\n\n” “How large is the wafer?” “It is paper-thin, the size of a small coin.\n\n” She added, “I take it for sacramental reasons; if it is unconsecrated, I am unable to swallow it.\n\n”","type":"default","passage":"Therese Neumann, the Catholic Stigmatist of Bavaria","commentary":"","meaning":""},{"id":"9","title":"39.9","content":"“Certainly you could not have lived on that, for twelve whole years?” “I live by God’s light.\n\n” How simple her reply, how Einsteinian! “I see you realize that energy flows to your body from the ether, sun, and air.\n\n” A swift smile broke over her face.\n\n “I am so happy to know you understand how I l.\n\n” “Your sacred life is a daily demonstration of the truth uttered by Christ: ‘Man shall not live by bread alone, but by every word that proceedeth out of the mouth of God.\n\n’” {FN39-3} Again she showed joy at my explanation.\n\n “It is indeed so.\n\n One of the reasons I am here on earth today is to prove that man can live by God’s invisible light, and not by food only.\n\n”","type":"default","passage":"Therese Neumann, the Catholic Stigmatist of Bavaria","commentary":"","meaning":""},{"id":"10","title":"39.10","content":"“Can you teach others how to live without food?” She appeared a trifle shocked.\n\n “I cannot do that; God does not wish it.\n\n” As my gaze fell on her strong, graceful hands, Therese showed me a little, square, freshly healed wound on each of her palms.\n\n On the back of each hand, she pointed out a smaller, crescent-shaped wound, freshly healed.\n\n Each wound went straight through the hand.\n\n The sight brought to my mind distinct recollection of the large square iron nails with crescent-tipped ends, still used in the Orient, but which I do not recall having seen in the West.\n\n The saint told me something of her weekly trances.\n\n “As a helpless onlooker, I observe the whole Passion of Christ.\n\n” Each week, from Thursday midnight until Friday afternoon at one o’clock, her wounds open and bleed; she loses ten pounds of her ordinary 121-pound weight.\n\n Suffering intensely in her sympathetic love, Therese yet looks forward joyously to these weekly visions of her Lord.","type":"default","passage":"Therese Neumann, the Catholic Stigmatist of Bavaria","commentary":"","meaning":""},{"id":"11","title":"39.11","content":"I realized at once that her strange life is intended by God to reassure all Christians of the historical authenticity of Jesus’ life and crucifixion as recorded in the New Testament, and to dramatically display the ever-living bond between the Galilean Master and his devotees.\n\n Professor Wurz related some of his experiences with the saint.\n\n “Several of us, including Therese, often travel for days on sight-seeing trips throughout Germany, ” he told me.\n\n “It is a striking contrast-while we have three meals a day, Therese eats nothing.\n\n She remains as fresh as a rose, untouched by the fatigue which the trips cause us.\n\n As we grow hungry and hunt for wayside inns, she laughs merrily.\n\n”","type":"default","passage":"Therese Neumann, the Catholic Stigmatist of Bavaria","commentary":"","meaning":""},{"id":"12","title":"39.12","content":"The professor added some interesting physiological details: “Because Therese takes no food, her stomach has shrunk.\n\n She has no excretions, but her perspiration glands function; her skin is always soft and firm.\n\n” At the time of parting, I expressed to Therese my desire to be present at her trance.\n\n “Yes, please come to Konnersreuth next Friday, ” she said graciously.\n\n “The bishop will give you a permit.\n\n I am very happy you sought me out in Eichstatt.\n\n” Therese shook hands gently, many times, and walked with our party to the gate.\n\n . Wright turned on the automobile radio; the saint examined it with little enthusiastic chuckles.\n\n Such a large crowd of youngsters gathered that Therese retreated into the house.\n\n We saw her at a window, where she peered at us, childlike, waving her hand.","type":"default","passage":"Therese Neumann, the Catholic Stigmatist of Bavaria","commentary":"","meaning":""},{"id":"13","title":"39.13","content":"From a conversation the next day with two of Therese’s brothers, very kind and amiable, we learned that the saint sleeps only one or two hours at night.\n\n In spite of the many wounds in her body, she is active and full of energy.\n\n She loves birds, looks after an aquarium of fish, and works often in her garden.\n\n Her correspondence is large; Catholic devotees write her for prayers and healing blessings.\n\n Many seekers have been cured through her of serious diseases.\n\n Her brother Ferdinand, about twenty-three, explained that Therese has the power, through prayer, of working out on her own body the ailments of others.\n\n The saint’s abstinence from food dates from a time when she prayed that the throat disease of a young man of her parish, then preparing to enter holy orders, be transferred to her own throat.","type":"default","passage":"Therese Neumann, the Catholic Stigmatist of Bavaria","commentary":"","meaning":""},{"id":"14","title":"39.14","content":"On Thursday afternoon our party drove to the home of the bishop, who looked at my flowing locks with some surpr.\n\n He readily wrote out the necessary permit.\n\n There was no fee; the rule made by the Church is simply to protect Therese from the onrush of casual tourists, who in previous years had flocked on Fridays by the thousands.\n\n We arrived Friday morning about nine-thirty in Konnersreuth.\n\n I noticed that Therese’s little cottage possesses a special glass-roofed section to afford her plenty of light.\n\n We were glad to see the doors no longer closed, but wide-open in hospitable cheer.\n\n There was a line of about twenty visitors, armed with their permits.\n\n Many had come from great distances to view the mystic trance.","type":"default","passage":"Therese Neumann, the Catholic Stigmatist of Bavaria","commentary":"","meaning":""},{"id":"15","title":"39.15","content":"Therese had passed my first test at the professor’s house by her intuitive knowledge that I wanted to see her for spiritual reasons, and not just to satisfy a passing curiosity.\n\n My second test was connected with the fact that, just before I went upstairs to her room, I put myself into a yogic trance state in order to be one with her in telepathic and televisic rapport.\n\n I entered her chamber, filled with visitors; she was lying in a white robe on the bed.\n\n With . Wright following closely behind me, I halted just inside the threshold, awestruck at a strange and most frightful spectacle.\n\n [Illustration: THERESE NEUMANN, Famous Catholic Stigmatist who inspired my 1935 pilgrimage to Konnersreuth, Bavaria—see neumann.\n\njpg]","type":"default","passage":"Therese Neumann, the Catholic Stigmatist of Bavaria","commentary":"","meaning":""},{"id":"16","title":"39.16","content":"Blood flowed thinly and continuously in an inch-wide stream from Therese’s lower eyelids.\n\n Her gaze was focused upward on the spiritual eye within the central forehead.\n\n The cloth wrapped around her head was drenched in blood from the stigmata wounds of the crown of thorns.\n\n The white garment was redly splotched over her heart from the wound in her side at the spot where Christ’s body, long ages ago, had suffered the final indignity of the soldier’s spear-thrust.\n\n Therese’s hands were extended in a gesture maternal, pleading; her face wore an expression both tortured and div.\n\n She appeared thinner, changed in many subtle as well as outward ways.\n\n Murmuring words in a foreign tongue, she spoke with slightly quivering lips to persons visible before her inner sight.","type":"default","passage":"Therese Neumann, the Catholic Stigmatist of Bavaria","commentary":"","meaning":""},{"id":"17","title":"39.17","content":"As I was in attunement with her, I began to see the scenes of her vision.\n\n She was watching Jesus as he carried the cross amidst the jeering multitude.\n\n {FN39-4} Suddenly she lifted her head in consternation: the Lord had fallen under the cruel weight.\n\n The vision disappeared.\n\n In the exhaustion of fervid pity, Therese sank heavily against her pillow.\n\n At this moment I heard a loud thud behind me.\n\n Turning my head for a second, I saw two men carrying out a prostrate body.\n\n But because I was coming out of the deep superconscious state, I did not immediately recognize the fallen person.\n\n Again I fixed my eyes on Therese’s face, deathly pale under the rivulets of blood, but now calm, radiating purity and holiness.\n\n I glanced behind me later and saw . Wright standing with his hand against his cheek, from which blood was trickling.","type":"default","passage":"Therese Neumann, the Catholic Stigmatist of Bavaria","commentary":"","meaning":""},{"id":"18","title":"39.18","content":"“Dick, ” I inquired anxiously, “were you the one who fell?” “Yes, I fainted at the terrifying spectacle.\n\n” “Well, ” I said consolingly, “you are brave to return and look upon the sight again.\n\n” Remembering the patiently waiting line of pilgrims, . Wright and I silently bade farewell to Therese and left her sacred presence.\n\n {FN39-5} The following day our little group motored south, thankful that we were not dependent on trains, but could stop the Ford wherever we chose throughout the countrys.\n\n We enjoyed every minute of a tour through Germany, Holland, France, and the Swiss Alps.\n\n In Italy we made a special trip to Assisi to honor the apostle of humility, . Francis.\n\n The European tour ended in Greece, where we viewed the Athenian temples, and saw the prison in which the gentle Socrates {FN39-6} had drunk his death potion.\n\n One is filled with admiration for the artistry with which the Greeks have everywhere wrought their very fancies in alabaster.","type":"default","passage":"Therese Neumann, the Catholic Stigmatist of Bavaria","commentary":"","meaning":""},{"id":"19","title":"39.19","content":"We took ship over the sunny Mediterranean, disembarking at Palest.\n\n Wandering day after day over the Holy Land, I was more than ever convinced of the value of pilgrimage.\n\n The spirit of Christ is all-pervasive in Palestine; I walked reverently by his side at Bethlehem, Gethsemane, Calvary, the holy Mount of Olives, and by the River Jordan and the Sea of Galilee.\n\n Our little party visited the Birth Manger, Joseph’s carpenter shop, the tomb of Lazarus, the house of Martha and Mary, the hall of the Last Supper.\n\n Antiquity unfolded; scene by scene, I saw the divine drama that Christ once played for the ages.","type":"default","passage":"Therese Neumann, the Catholic Stigmatist of Bavaria","commentary":"","meaning":""},{"id":"20","title":"39.20","content":"On to Egypt, with its modern Cairo and ancient pyramids.\n\n Then a boat down the narrow Red Sea, over the vasty Arabian Sea; lo, India! {FN39-1} The remarkable inclusion here of a complete date is due to the fact that my secretary, . Wright, kept a travel diary.\n\n {FN39-2} Other books on her life are THERESE NEUMANN: A STIGMATIST OF OUR DAY, and FURTHER CHRONICLES OF THERESE NEUMANN, both by Friedrich Ritter von Lama  \n***(Milwaukee: Bruce Pub.\n\n Co.\n\n)***\n.\n\n {FN39-3} MATTHEW 4:.\n\n Man’s body battery is not sustained by gross food  \n***(bread)***\n alone, but by the vibratory cosmic energy  \n***(word, or AUM)***\n.\n\n The invisible power flows into the human body through the gate of the medulla oblongata.\n\n This sixth bodily center is located at the back of the neck at the top of the five spinal CHAKRAS  \n***(Sanskrit for “wheels” or centers of radiating force)***\n.\n\n The medulla is the principal entrance for the body’s supply of universal life force  \n***(AUM)***\n, and is directly connected with man’s power of will, concentrated in the seventh or Christ Consciousness center  \n***(KUTASTHA)***\n in the third eye between the eyebrows.\n\n Cosmic energy is then stored up in the brain as a reservoir of infinite potentialities, poetically mentioned in the VEDAS as the “thousand-petaled lotus of light.\n\n” The Bible invariably refers to AUM as the “Holy Ghost” or invisible life force which divinely upholds all creation.\n\n “What? know ye not that your body is the temple of the Holy Ghost which is in you, which ye have of God, and ye are not your own?”-I CORINTHIANS 6:1.","type":"default","passage":"Therese Neumann, the Catholic Stigmatist of Bavaria","commentary":"","meaning":""},{"id":"21","title":"39.21","content":"{FN39-4} During the hours preceding my arrival, Therese had already passed through many visions of the closing days in Christ’s l.\n\n Her entrancement usually starts with scenes of the events which followed the Last Supper.\n\n Her visions end with Jesus’ death on the cross or, occasionally, with his entombment.\n\n {FN39-5} Therese has survived the Nazi persecution, and is still present in Konnersreuth, according to 1945 American news dispatches from Germany.\n\n {FN39-6} A passage in Eusebius relates an interesting encounter between Socrates and a Hindu sage.\n\n The passage runs: “Aristoxenus, the musician, tells the following story about the Indians.\n\n One of these men met Socrates at Athens, and asked him what was the scope of his philosophy.\n\n ‘An inquiry into human phenomena, ’ replied Socrates.\n\n At this the Indian burst out laughing.\n\n ‘How can a man inquire into human phenomena, ’ he said, ‘when he is ignorant of divine ones?’” The Aristoxenus mentioned was a pupil of Aristotle, and a noted writer on harmonics.\n\n His date is 330 ..","type":"default","passage":"Therese Neumann, the Catholic Stigmatist of Bavaria","commentary":"","meaning":""},{"id":"22","title":"39.22","content":"","type":"default","passage":"Therese Neumann, the Catholic Stigmatist of Bavaria","commentary":"","meaning":""}]}