{"id":4,"title":"My Interrupted Flight Toward the Himalaya","description":"My Interrupted Flight Toward the Himalaya","sectionCount":36,"tags":null,"contentId":"AoY01","sections":[{"id":"1","title":"4.1","content":"MY INTERRUPTED FLIGHT TOWARD THE HIMALAYAS “Leave your classroom on some trifling pretext, and engage a hackney carriage.\n\n Stop in the lane where no one in my house can see you.\n\n” These were my final instructions to Amar Mitter, a high school friend who planned to accompany me to the Himalayas.\n\n We had chosen the following day for our flight.\n\n Precautions were necessary, as Ananta exercised a vigilant eye.\n\n He was determined to foil the plans of escape which he suspected were uppermost in my mind.\n\n The amulet, like a spiritual yeast, was silently at work within me.\n\n Amidst the Himalayan snows, I hoped to find the master whose face often appeared to me in visions.","type":"default","passage":"My Interrupted Flight Toward the Himalaya","commentary":"","meaning":""},{"id":"2","title":"4.2","content":"The family was living now in Calcutta, where Father had been permanently transferred.\n\n Following the patriarchal Indian custom, Ananta had brought his bride to live in our home, now at 4 Gurpar Road.\n\n There in a small attic room I engaged in daily meditations and prepared my mind for the divine search.\n\n The memorable morning arrived with inauspicious rain.\n\n Hearing the wheels of Amar’s carriage in the road, I hastily tied together a blanket, a pair of sandals, Lahiri Mahasaya’s picture, a copy of the BHAGAVAD GITA, a string of prayer beads, and two loincloths.\n\n This bundle I threw from my third-story window.\n\n I ran down the steps and passed my uncle, buying fish at the door.","type":"default","passage":"My Interrupted Flight Toward the Himalaya","commentary":"","meaning":""},{"id":"3","title":"4.3","content":"“What is the excitement?” His gaze roved suspiciously over my person.\n\n I gave him a noncommittal smile and walked to the lane.\n\n Retrieving my bundle, I joined Amar with conspiratorial caution.\n\n We drove to Chadni Chowk, a merchandise center.\n\n For months we had been saving our tiffin money to buy English clothes.\n\n Knowing that my clever brother could easily play the part of a detective, we thought to outwit him by European garb.\n\n On the way to the station, we stopped for my cousin, Jotin Ghosh, whom I called Jatinda.\n\n He was a new convert, longing for a guru in the Himalayas.\n\n He donned the new suit we had in readiness.\n\n Well-camouflaged, we hoped! A deep elation possessed our hearts.","type":"default","passage":"My Interrupted Flight Toward the Himalaya","commentary":"","meaning":""},{"id":"4","title":"4.4","content":"“All we need now are canvas shoes.\n\n” I led my companions to a shop displaying rubber-soled footwear.\n\n “Articles of leather, gotten only through the slaughter of animals, must be absent on this holy tri.\n\n” I halted on the street to remove the leather cover from my BHAGAVAD GITA, and the leather straps from my English-made SOLA TOPEE  \n***(helmet)***\n.\n\n At the station we bought tickets to Burdwan, where we planned to transfer for Hardwar in the Himalayan foothills.\n\n As soon as the train, like ourselves, was in flight, I gave utterance to a few of my glorious anticipations.\n\n “Just imagine!” I ejaculated.\n\n “We shall be initiated by the masters and experience the trance of cosmic consciousness.\n\n Our flesh will be charged with such magnetism that wild animals of the Himalayas will come tamely near us.\n\n Tigers will be no more than meek house cats awaiting our caresses!”","type":"default","passage":"My Interrupted Flight Toward the Himalaya","commentary":"","meaning":""},{"id":"5","title":"4.5","content":"This remark-picturing a prospect I considered entrancing, both metaphorically and literally-brought an enthusiastic smile from Amar.\n\n But Jatinda averted his gaze, directing it through the window at the scampering landscape.\n\n “Let the money be divided in three portions.\n\n” Jatinda broke a long silence with this suggestion.\n\n “Each of us should buy his own ticket at Burdwan.\n\n \n\nThus no one at the station will surmise that we are running away together.\n\n” I unsuspectingly agreed.\n\n At dusk our train stopped at Burdwan.\n\n Jatinda entered the ticket office; Amar and I sat on the platform.\n\n We waited fifteen minutes, then made unavailing inquiries.\n\n Searching in all directions, we shouted Jatinda’s name with the urgency of fright.\n\n But he had faded into the dark unknown surrounding the little station.","type":"default","passage":"My Interrupted Flight Toward the Himalaya","commentary":"","meaning":""},{"id":"6","title":"4.6","content":"I was completely unnerved, shocked to a peculiar numbness.\n\n That God would countenance this depressing episode! The romantic occasion of my first carefully-planned flight after Him was cruelly marred.\n\n “Amar, we must return home.\n\n” I was weeping like a child.\n\n “Jatinda’s callous departure is an ill omen.\n\n This trip is doomed to failure.\n\n” “Is this your love for the Lord? Can’t you stand the little test of a treacherous companion?” Through Amar’s suggestion of a divine test, my heart steadied itself.\n\n We refreshed ourselves with famous Burdwan sweetmeats, SITABHOG  \n***(food for the goddess)***\n and MOTICHUR  \n***(nuggets of sweet pearl)***\n.\n\n In a few hours, we entrained for Hardwar, via Bareilly.\n\n Changing trains at Moghul Serai, we discussed a vital matter as we waited on the platform.","type":"default","passage":"My Interrupted Flight Toward the Himalaya","commentary":"","meaning":""},{"id":"7","title":"4.7","content":"“Amar, we may soon be closely questioned by railroad officials.\n\n I am not underrating my brother’s ingenuity! No matter what the outcome, I will not speak untruth.\n\n” “All I ask of you, Mukunda, is to keep still.\n\n Don’t laugh or grin while I am talking.\n\n” At this moment, a European station agent accosted me.\n\n He waved a telegram whose import I immediately grasped.\n\n “Are you running away from home in anger?” “No!” I was glad his choice of words permitted me to make emphatic reply.\n\n Not anger but “divinest melancholy” was responsible, I knew, for my unconventional behavior.\n\n The official then turned to Amar.\n\n The duel of wits that followed hardly permitted me to maintain the counseled stoic gravity.","type":"default","passage":"My Interrupted Flight Toward the Himalaya","commentary":"","meaning":""},{"id":"8","title":"4.8","content":"“Where is the third boy?” The man injected a full ring of authority into his vo.\n\n “Come on; speak the truth!” “Sir, I notice you are wearing eyeglasses.\n\n Can’t you see that we are only two?” Amar smiled impudently.\n\n “I am not a magician; I can’t conjure up a third companion.\n\n” The official, noticeably disconcerted by this impertinence, sought a new field of attack.\n\n “What is your name?” “I am called Thomas.\n\n I am the son of an English mother and a converted Christian Indian father.\n\n” “What is your friend’s name?” “I call him Thompson.\n\n” By this time my inward mirth had reached a zenith; I unceremoniously made for the train, whistling for departure.\n\n Amar followed with the official, who was credulous and obliging enough to put us into a European compartment.\n\n It evidently pained him to think of two half-English boys traveling in the section allotted to natives.\n\n After his polite exit, I lay back on the seat and laughed uncontrollably.\n\n My friend wore an expression of blithe satisfaction at having outwitted a veteran European offici.","type":"default","passage":"My Interrupted Flight Toward the Himalaya","commentary":"","meaning":""},{"id":"9","title":"4.9","content":"On the platform I had contrived to read the telegram.\n\n From my brother, it went thus: “Three Bengali boys in English clothes running away from home toward Hardwar via Moghul Serai.\n\n Please detain them until my arriv.\n\n Ample reward for your services.\n\n” “Amar, I told you not to leave marked timetables in your home.\n\n” My glance was reproachful.\n\n “Brother must have found one there.\n\n” My friend sheepishly acknowledged the thrust.\n\n We halted briefly in Bareilly, where Dwarka Prasad awaited us with a telegram from Ananta.\n\n My old friend tried valiantly to detain us; I convinced him that our flight had not been undertaken lightly.\n\n As on a previous occasion, Dwarka refused my invitation to set forth to the Himalayas.","type":"default","passage":"My Interrupted Flight Toward the Himalaya","commentary":"","meaning":""},{"id":"10","title":"4.10","content":"While our train stood in a station that night, and I was half asleep, Amar was awakened by another questioning offici.\n\n He, too, fell a victim to the hybrid charms of “Thomas” and “Thompson.\n\n” The train bore us triumphantly into a dawn arrival at Hardwar.\n\n The majestic mountains loomed invitingly in the distance.\n\n We dashed through the station and entered the freedom of city crowds.\n\n Our first act was to change into native costume, as Ananta had somehow penetrated our European disgu.\n\n A premonition of capture weighed on my mind.\n\n Deeming it advisable to leave Hardwar at once, we bought tickets to proceed north to Rishikesh, a soil long hallowed by feet of many masters.\n\n I had already boarded the train, while Amar lagged on the platform.\n\n He was brought to an abrupt halt by a shout from a policeman.\n\n Our unwelcome guardian escorted us to a station bungalow and took charge of our money.\n\n He explained courteously that it was his duty to hold us until my elder brother arrived.","type":"default","passage":"My Interrupted Flight Toward the Himalaya","commentary":"","meaning":""},{"id":"11","title":"4.11","content":"Learning that the truants’ destination had been the Himalayas, the officer related a strange story.\n\n “I see you are crazy about saints! You will never meet a greater man of God than the one I saw only yesterday.\n\n My brother officer and I first encountered him five days ago.\n\n We were patrolling by the Ganges, on a sharp lookout for a certain murderer.\n\n Our instructions were to capture him, alive or dead.\n\n He was known to be masquerading as a SADHU in order to rob pilgrims.\n\n A short way before us, we spied a figure which resembled the description of the crimin.\n\n He ignored our command to stop; we ran to overpower him.\n\n Approaching his back, I wielded my ax with tremendous force; the man’s right arm was severed almost completely from his body.","type":"default","passage":"My Interrupted Flight Toward the Himalaya","commentary":"","meaning":""},{"id":"12","title":"4.12","content":"“Without outcry or any glance at the ghastly wound, the stranger astonishingly continued his swift pace.\n\n As we jumped in front of him, he spoke quietly.\n\n “‘I am not the murderer you are seeking.\n\n’ “I was deeply mortified to see I had injured the person of a divine—looking sage.\n\n Prostrating myself at his feet, I implored his pardon, and offered my turban-cloth to staunch the heavy spurts of blood.\n\n “‘Son, that was just an understandable mistake on your part.\n\n’ The saint regarded me kindly.\n\n ‘Run along, and don’t reproach yourself.\n\n The Beloved Mother is taking care of me.\n\n’ He pushed his dangling arm into its stump and lo! it adhered; the blood inexplicably ceased to flow.","type":"default","passage":"My Interrupted Flight Toward the Himalaya","commentary":"","meaning":""},{"id":"13","title":"4.13","content":"“‘Come to me under yonder tree in three days and you will find me fully healed.\n\n \n\nThus you will feel no remorse.\n\n’ “Yesterday my brother officer and I went eagerly to the designated spot.\n\n The SADHU was there and allowed us to examine his arm.\n\n It bore no scar or trace of hurt! “‘I am going via Rishikesh to the Himalayan solitudes.\n\n’ He blessed us as he departed quickly.\n\n I feel that my life has been uplifted through his sanctity.\n\n” The officer concluded with a pious ejaculation; his experience had obviously moved him beyond his usual depths.\n\n With an impressive gesture, he handed me a printed clipping about the miracle.\n\n In the usual garbled manner of the sensational type of newspaper  \n***(not missing, alas! even in India)***\n, the reporter’s version was slightly exaggerated: it indicated that the SADHU had been almost decapitated!","type":"default","passage":"My Interrupted Flight Toward the Himalaya","commentary":"","meaning":""},{"id":"14","title":"4.14","content":"Amar and I lamented that we had missed the great yogi who could forgive his persecutor in such a Christlike way.\n\n India, materially poor for the last two centuries, yet has an inexhaustible fund of divine wealth; spiritual “skyscrapers” may occasionally be encountered by the wayside, even by worldly men like this policeman.\n\n We thanked the officer for relieving our tedium with his marvelous story.\n\n He was probably intimating that he was more fortunate than we: he had met an illumined saint without effort; our earnest search had ended, not at the feet of a master, but in a coarse police station! So near the Himalayas and yet, in our captivity, so far, I told Amar I felt doubly impelled to seek freedom.","type":"default","passage":"My Interrupted Flight Toward the Himalaya","commentary":"","meaning":""},{"id":"15","title":"4.15","content":"“Let us slip away when opportunity offers.\n\n We can go on foot to holy Rishikesh.\n\n” I smiled encouragingly.\n\n But my companion had turned pessimist as soon as the stalwart prop of our money had been taken from us.\n\n “If we started a trek over such dangerous jungle land, we should finish, not in the city of saints, but in the stomachs of tigers!” Ananta and Amar’s brother arrived after three days.\n\n Amar greeted his relative with affectionate relief.\n\n I was unreconciled; Ananta got no more from me than a severe upbraiding.\n\n “I understand how you feel.\n\n” My brother spoke soothingly.\n\n “All I ask of you is to accompany me to Benares to meet a certain saint, and go on to Calcutta to visit your grieving father for a few days.\n\n Then you can resume your search here for a master.\n\n”","type":"default","passage":"My Interrupted Flight Toward the Himalaya","commentary":"","meaning":""},{"id":"16","title":"4.16","content":"Amar entered the conversation at this point to disclaim any intention of returning to Hardwar with me.\n\n He was enjoying the familial warmth.\n\n But I knew I would never abandon the quest for my guru.\n\n Our party entrained for Benares.\n\n There I had a singular and instant response to my prayers.\n\n A clever scheme had been prearranged by Ananta.\n\n Before seeing me at Hardwar, he had stopped in Benares to ask a certain scriptural authority to interview me later.\n\n Both the pundit and his son had promised to undertake my dissuasion from the path of a SANNYAS.\n\n {FN4-1} Ananta took me to their home.\n\n The son, a young man of ebullient manner, greeted me in the courtyard.\n\n He engaged me in a lengthy philosophic discourse.\n\n Professing to have a clairvoyant knowledge of my future, he discountenanced my idea of being a monk.","type":"default","passage":"My Interrupted Flight Toward the Himalaya","commentary":"","meaning":""},{"id":"17","title":"4.17","content":"“You will meet continual misfortune, and be unable to find God, if you insist on deserting your ordinary responsibilities! You cannot work out your past karma {FN4-2} without worldly experiences.\n\n” Krishna’s immortal words rose to my lips in reply: “‘Even he with the worst of karma who ceaselessly meditates on Me quickly loses the effects of his past bad actions.\n\n Becoming a high-souled being, he soon attains perennial peace.\n\n Arjuna, know this for certain: the devotee who puts his trust in Me never perishes!’” {FN4-3} But the forceful prognostications of the young man had slightly shaken my confidence.\n\n With all the fervor of my heart I prayed silently to God:","type":"default","passage":"My Interrupted Flight Toward the Himalaya","commentary":"","meaning":""},{"id":"18","title":"4.18","content":"“Please solve my bewilderment and answer me, right here and now, if Thou dost desire me to lead the life of a renunciate or a worldly man!” I noticed a SADHU of noble countenance standing just outside the compound of the pundit’s house.\n\n Evidently he had overheard the spirited conversation between the self-styled clairvoyant and myself, for the stranger called me to his s.\n\n I felt a tremendous power flowing from his calm eyes.\n\n “Son, don’t listen to that ignoramus.\n\n In response to your prayer, the Lord tells me to assure you that your sole path in this life is that of the renunciate.\n\n” With astonishment as well as gratitude, I smiled happily at this decisive message.","type":"default","passage":"My Interrupted Flight Toward the Himalaya","commentary":"","meaning":""},{"id":"19","title":"4.19","content":"“Come away from that man!” The “ignoramus” was calling me from the courtyard.\n\n My saintly guide raised his hand in blessing and slowly departed.\n\n “That SADHU is just as crazy as you are.\n\n” It was the hoary-headed pundit who made this charming observation.\n\n He and his son were gazing at me lugubriously.\n\n “I heard that he too has left his home in a vague search for God.\n\n” I turned away.\n\n To Ananta I remarked that I would not engage in further discussion with our hosts.\n\n My brother agreed to an immediate departure; we soon entrained for Calcutta.\n\n [Illustration: I stand behind my elder brother, Ananta.\n\n—see ananta.\n\njpg]","type":"default","passage":"My Interrupted Flight Toward the Himalaya","commentary":"","meaning":""},{"id":"20","title":"4.20","content":"[Illustration: Last Solstice Festival celebrated by Sri Yukteswar, December, 193.\n\n My Guru is seated in the center; I am at his right, in the large courtyard of his hermitage in Serampore.\n\n—see festiv.\n\njpg] “.\n\n Detective, how did you discover I had fled with two companions?” I vented my lively curiosity to Ananta during our homeward journey.\n\n He smiled mischievously.\n\n “At your school, I found that Amar had left his classroom and had not returned.\n\n I went to his home the next morning and unearthed a marked timetable.\n\n Amar’s father was just leaving by carriage and was talking to the coachman.\n\n “‘My son will not ride with me to his school this morning.\n\n He has disappeared!’ the father moaned.","type":"default","passage":"My Interrupted Flight Toward the Himalaya","commentary":"","meaning":""},{"id":"21","title":"4.21","content":"“‘I heard from a brother coachman that your son and two others, dressed in European suits, boarded the train at Howrah Station, ’ the man stated.\n\n ‘They made a present of their leather shoes to the cab driver.\n\n’ “\n\nThus I had three clues-the timetable, the trio of boys, and the English clothing.\n\n” I was listening to Ananta’s disclosures with mingled mirth and vexation.\n\n Our generosity to the coachman had been slightly misplaced! “Of course I rushed to send telegrams to station officials in all the cities which Amar had underlined in the timetable.\n\n He had checked Bareilly, so I wired your friend Dwarka there.\n\n After inquiries in our Calcutta neighborhood, I learned that cousin Jatinda had been absent one night but had arrived home the following morning in European garb.\n\n I sought him out and invited him to dinner.\n\n He accepted, quite disarmed by my friendly manner.\n\n On the way I led him unsuspectingly to a police station.\n\n He was surrounded by several officers whom I had previously selected for their ferocious appearance.\n\n Under their formidable gaze, Jatinda agreed to account for his mysterious conduct.","type":"default","passage":"My Interrupted Flight Toward the Himalaya","commentary":"","meaning":""},{"id":"22","title":"4.22","content":"“‘I started for the Himalayas in a buoyant spiritual mood, ’ he explained.\n\n ‘Inspiration filled me at the prospect of meeting the masters.\n\n But as soon as Mukunda said, “During our ecstasies in the Himalayan caves, tigers will be spellbound and sit around us like tame pussies, ” my spirits froze; beads of perspiration formed on my brow.\n\n “What then?” I thought.\n\n “If the vicious nature of the tigers be not changed through the power of our spiritual trance, shall they treat us with the kindness of house cats?” In my mind’s eye, I already saw myself the compulsory inmate of some tiger’s stomach-entering there not at once with the whole body, but by installments of its several parts!’”","type":"default","passage":"My Interrupted Flight Toward the Himalaya","commentary":"","meaning":""},{"id":"23","title":"4.23","content":"My anger at Jatinda’s vanishment was evaporated in laughter.\n\n The hilarious sequel on the train was worth all the anguish he had caused me.\n\n I must confess to a slight feeling of satisfaction: Jatinda too had not escaped an encounter with the police! “Ananta, {FN4-4} you are a born sleuthhound!” My glance of amusement was not without some exasperation.\n\n “And I shall tell Jatinda I am glad he was prompted by no mood of treachery, as it appeared, but only by the prudent instinct of self-preservation!” At home in Calcutta, Father touchingly requested me to curb my roving feet until, at least, the completion of my high school studies.\n\n In my absence, he had lovingly hatched a plot by arranging for a saintly pundit, Swami Kebalananda, {FN4-5} to come regularly to the house.","type":"default","passage":"My Interrupted Flight Toward the Himalaya","commentary":"","meaning":""},{"id":"24","title":"4.24","content":"“The sage will be your Sanskrit tutor, ” my parent announced confidently.\n\n Father hoped to satisfy my religious yearnings by instructions from a learned philosopher.\n\n But the tables were subtly turned: my new teacher, far from offering intellectual aridities, fanned the embers of my God-aspiration.\n\n Unknown to Father, Swami Kebalananda was an exalted disciple of Lahiri Mahasaya.\n\n The peerless guru had possessed thousands of disciples, silently drawn to him by the irresistibility of his divine magnetism.\n\n I learned later that Lahiri Mahasaya had often characterized Kebalananda as RISHI or illumined sage.","type":"default","passage":"My Interrupted Flight Toward the Himalaya","commentary":"","meaning":""},{"id":"25","title":"4.25","content":"Luxuriant curls framed my tutor’s handsome face.\n\n His dark eyes were guileless, with the transparency of a child’s.\n\n All the movements of his slight body were marked by a restful deliberation.\n\n Ever gentle and loving, he was firmly established in the infinite consciousness.\n\n Many of our happy hours together were spent in deep KRIYA meditation.\n\n Kebalananda was a noted authority on the ancient SHASTRAS or sacred books: his erudition had earned him the title of “Shastri Mahasaya, ” by which he was usually addressed.\n\n But my progress in Sanskrit scholarship was unnoteworthy.\n\n I sought every opportunity to forsake prosaic grammar and to talk of yoga and Lahiri Mahasaya.\n\n My tutor obliged me one day by telling me something of his own life with the master.","type":"default","passage":"My Interrupted Flight Toward the Himalaya","commentary":"","meaning":""},{"id":"26","title":"4.26","content":"“Rarely fortunate, I was able to remain near Lahiri Mahasaya for ten years.\n\n His Benares home was my nightly goal of pilgrimage.\n\n The guru was always present in a small front parlor on the first floor.\n\n As he sat in lotus posture on a backless wooden seat, his disciples garlanded him in a semicircle.\n\n His eyes sparkled and danced with the joy of the Div.\n\n They were ever half closed, peering through the inner telescopic orb into a sphere of eternal bliss.\n\n He seldom spoke at length.\n\n Occasionally his gaze would focus on a student in need of help; healing words poured then like an avalanche of light.","type":"default","passage":"My Interrupted Flight Toward the Himalaya","commentary":"","meaning":""},{"id":"27","title":"4.27","content":"“An indescribable peace blossomed within me at the master’s glance.\n\n I was permeated with his fragrance, as though from a lotus of infinity.\n\n To be with him, even without exchanging a word for days, was experience which changed my entire being.\n\n If any invisible barrier rose in the path of my concentration, I would meditate at the guru’s feet.\n\n There the most tenuous states came easily within my gras.\n\n Such perceptions eluded me in the presence of lesser teachers.\n\n The master was a living temple of God whose secret doors were open to all disciples through devotion.\n\n “Lahiri Mahasaya was no bookish interpreter of the scriptures.\n\n Effortlessly he dipped into the ‘divine library.\n\n’ Foam of words and spray of thoughts gushed from the fountain of his omniscience.\n\n He had the wondrous clavis which unlocked the profound philosophical science embedded ages ago in the VEDA.\n\n {FN4-6} If asked to explain the different planes of consciousness mentioned in the ancient texts, he would smilingly assent.","type":"default","passage":"My Interrupted Flight Toward the Himalaya","commentary":"","meaning":""},{"id":"28","title":"4.28","content":"“‘I will undergo those states, and presently tell you what I perce.\n\n’ He was thus diametrically unlike the teachers who commit scripture to memory and then give forth unrealized abstractions.\n\n “‘Please expound the holy stanzas as the meaning occurs to you.\n\n’ The taciturn guru often gave this instruction to a near-by disciple.\n\n ‘I will guide your thoughts, that the right interpretation be uttered.\n\n’ In this way many of Lahiri Mahasaya’s perceptions came to be recorded, with voluminous commentaries by various students.\n\n “The master never counseled slavish belief.\n\n ‘Words are only shells, ’ he said.\n\n ‘Win conviction of God’s presence through your own joyous contact in meditation.\n\n’","type":"default","passage":"My Interrupted Flight Toward the Himalaya","commentary":"","meaning":""},{"id":"29","title":"4.29","content":"“No matter what the disciple’s problem, the guru advised KRIYA YOGA for its solution.\n\n “‘The yogic key will not lose its efficiency when I am no longer present in the body to guide you.\n\n This technique cannot be bound, filed, and forgotten, in the manner of theoretical inspirations.\n\n Continue ceaselessly on your path to liberation through KRIYA, whose power lies in pract.\n\n’ “I myself consider KRIYA the most effective device of salvation through self-effort ever to be evolved in man’s search for the Infin.\n\n” Kebalananda concluded with this earnest testimony.\n\n “Through its use, the omnipotent God, hidden in all men, became visibly incarnated in the flesh of Lahiri Mahasaya and a number of his disciples.\n\n”","type":"default","passage":"My Interrupted Flight Toward the Himalaya","commentary":"","meaning":""},{"id":"30","title":"4.30","content":"A Christlike miracle by Lahiri Mahasaya took place in Kebalananda’s presence.\n\n My saintly tutor recounted the story one day, his eyes remote from the Sanskrit texts before us.\n\n “A blind disciple, Ramu, aroused my active pity.\n\n Should he have no light in his eyes, when he faithfully served our master, in whom the Divine was fully blazing? One morning I sought to speak to Ramu, but he sat for patient hours fanning the guru with a hand-made palm-leaf PUNKH.\n\n When the devotee finally left the room, I followed him.\n\n “‘Ramu, how long have you been blind?’ “‘From my birth, sir! Never have my eyes been blessed with a glimpse of the sun.\n\n’","type":"default","passage":"My Interrupted Flight Toward the Himalaya","commentary":"","meaning":""},{"id":"31","title":"4.31","content":"“‘Our omnipotent guru can help you.\n\n Please make a supplication.\n\n’ “The following day Ramu diffidently approached Lahiri Mahasaya.\n\n The disciple felt almost ashamed to ask that physical wealth be added to his spiritual superabundance.\n\n “‘Master, the Illuminator of the cosmos is in you.\n\n I pray you to bring His light into my eyes, that I perceive the sun’s lesser glow.\n\n’ “‘Ramu, someone has connived to put me in a difficult position.\n\n I have no healing power.\n\n’ “‘Sir, the Infinite One within you can certainly he.\n\n’ “‘That is indeed different, Ramu.\n\n God’s limit is nowhere! He who ignites the stars and the cells of flesh with mysterious life-effulgence can surely bring luster of vision into your eyes.\n\n’","type":"default","passage":"My Interrupted Flight Toward the Himalaya","commentary":"","meaning":""},{"id":"32","title":"4.32","content":"“The master touched Ramu’s forehead at the point between the eyebrows.\n\n {FN4-7} “‘Keep your mind concentrated there, and frequently chant the name of the prophet Rama {FN4-8} for seven days.\n\n The splendor of the sun shall have a special dawn for you.\n\n’ “Lo! in one week it was so.\n\n For the first time, Ramu beheld the fair face of nature.\n\n The Omniscient One had unerringly directed his disciple to repeat the name of Rama, adored by him above all other saints.\n\n Ramu’s faith was the devotionally ploughed soil in which the guru’s powerful seed of permanent healing sprouted.\n\n” Kebalananda was silent for a moment, then paid a further tribute to his guru.","type":"default","passage":"My Interrupted Flight Toward the Himalaya","commentary":"","meaning":""},{"id":"33","title":"4.33","content":"“It was evident in all miracles performed by Lahiri Mahasaya that he never allowed the ego-principle {FN4-9} to consider itself a causative force.\n\n By perfection of resistless surrender, the master enabled the Prime Healing Power to flow freely through him.\n\n “The numerous bodies which were spectacularly healed through Lahiri Mahasaya eventually had to feed the flames of cremation.\n\n But the silent spiritual awakenings he effected, the Christlike disciples he fashioned, are his imperishable miracles.\n\n” I never became a Sanskrit scholar; Kebalananda taught me a diviner syntax.\n\n {FN4-1} Literally, “renunciate.\n\n” From Sanskrit verb roots, “to cast as.\n\n”","type":"default","passage":"My Interrupted Flight Toward the Himalaya","commentary":"","meaning":""},{"id":"34","title":"4.34","content":"{FN4-2} Effects of past actions, in this or a former life; from Sanskrit KRI, “to do.\n\n” {FN4-3} BHAGAVAD GITA, IX, 30-3.\n\n Krishna was the greatest prophet of India; Arjuna was his foremost disciple.\n\n {FN4-4} I always addressed him as Ananta-da.\n\n DA is a respectful suffix which the eldest brother in an Indian family receives from junior brothers and sisters.\n\n {FN4-5} At the time of our meeting, Kebalananda had not yet joined the Swami Order and was generally called “Shastri Mahasaya.\n\n” To avoid confusion with the name of Lahiri Mahasaya and of Master Mahasaya  \n***(.\n\n.\n\n/chapter 9)***\n, I am referring to my Sanskrit tutor only by his later monastic name of Swami Kebalananda.\n\n His biography has been recently published in Bengali.\n\n Born in the Khulna district of Bengal in 1863, Kebalananda gave up his body in Benares at the age of sixty-eight.\n\n His family name was Ashutosh Chatterji.","type":"default","passage":"My Interrupted Flight Toward the Himalaya","commentary":"","meaning":""},{"id":"35","title":"4.35","content":"{FN4-6} The ancient four VEDAS comprise over 100 extant canonical books.\n\n Emerson paid the following tribute in his JOURNAL to Vedic thought: “It is sublime as heat and night and a breathless ocean.\n\n It contains every religious sentiment, all the grand ethics which visit in turn each noble poetic mind.\n\n . . . It is of no use to put away the book; if I trust myself in the woods or in a boat upon the pond, Nature makes a BRAHMIN of me presently: eternal necessity, eternal compensation, unfathomable power, unbroken silence.\n\n . . . This is her creed.\n\n Peace, she saith to me, and purity and absolute abandonment—these panaceas expiate all sin and bring you to the beatitude of the Eight Gods.\n\n”","type":"default","passage":"My Interrupted Flight Toward the Himalaya","commentary":"","meaning":""},{"id":"36","title":"4.36","content":"{FN4-7} The seat of the “single” or spiritual eye.\n\n At death the consciousness of man is usually drawn to this holy spot, accounting for the upraised eyes found in the dead.\n\n {FN4-8} The central sacred figure of the Sanskrit epic, RAMAYAN.\n\n {FN4-9} Ahankara, egoism; literally, “I do.\n\n” The root cause of dualism or illusion of MAYA, whereby the subject  \n***(ego)***\n appears as object; the creatures imagine themselves to be creators.","type":"default","passage":"My Interrupted Flight Toward the Himalaya","commentary":"","meaning":""}]}