{"id":40,"title":"I Return to India","description":"I Return to India","sectionCount":21,"tags":null,"contentId":"AoY01","sections":[{"id":"1","title":"40.1","content":"I RETURN TO INDIA Gratefully I was inhaling the blessed air of India.\n\n Our boat RAJPUTANA docked on August 22, 1935 in the huge harbor of Bombay.\n\n Even this, my first day off the ship, was a foretaste of the year ahead-twelve months of ceaseless activity.\n\n Friends had gathered at the dock with garlands and greetings; soon, at our suite in the Taj Mahal Hotel, there was a stream of reporters and photographers.\n\n Bombay was a city new to me; I found it energetically modern, with many innovations from the West.\n\n Palms line the spacious boulevards; magnificent state structures vie for interest with ancient temples.\n\n Very little time was given to sight-seeing, however; I was impatient, eager to see my beloved guru and other dear ones.\n\n Consigning the Ford to a baggage car, our party was soon speeding eastward by train toward Calcutta.\n\n {FN40-1}","type":"default","passage":"I Return to India","commentary":"","meaning":""},{"id":"2","title":"40.2","content":"Our arrival at Howrah Station found such an immense crowd assembled to greet us that for awhile we were unable to dismount from the train.\n\n The young Maharaja of Kasimbazar and my brother Bishnu headed the reception committee; I was unprepared for the warmth and magnitude of our welcome.\n\n Preceded by a line of automobiles and motorcycles, and amidst the joyous sound of drums and conch shells, Miss Bletch, . Wright, and myself, flower-garlanded from head to foot, drove slowly to my father’s home.\n\n My aged parent embraced me as one returning from the dead; long we gazed on each other, speechless with joy.\n\n Brothers and sisters, uncles, aunts, and cousins, students and friends of years long past were grouped around me, not a dry eye among us.\n\n Passed now into the archives of memory, the scene of loving reunion vividly endures, unforgettable in my heart.","type":"default","passage":"I Return to India","commentary":"","meaning":""},{"id":"3","title":"40.3","content":"As for my meeting with Sri Yukteswar, words fail me; let the following description from my secretary suff.\n\n “Today, filled with the highest anticipations, I drove Yoganandaji from Calcutta to Serampore, ” . Wright recorded in his travel diary.\n\n “We passed by quaint shops, one of them the favorite eating haunt of Yoganandaji during his college days, and finally entered a narrow, walled lane.\n\n A sudden left turn, and there before us towered the simple but inspiring two-story ashram, its Spanish-style balcony jutting from the upper floor.\n\n The pervasive impression was that of peaceful solitude.\n\n “In grave humility I walked behind Yoganandaji into the courtyard within the hermitage walls.\n\n Hearts beating fast, we proceeded up some old cement steps, trod, no doubt, by myriads of truth-seekers.\n\n The tension grew keener and keener as on we strode.\n\n Before us, near the head of the stairs, quietly appeared the Great One, Swami Sri Yukteswarji, standing in the noble pose of a sage.","type":"default","passage":"I Return to India","commentary":"","meaning":""},{"id":"4","title":"40.4","content":"“My heart heaved and swelled as I felt myself blessed by the privilege of being in his sublime presence.\n\n Tears blurred my eager sight when Yoganandaji dropped to his knees, and with bowed head offered his soul’s gratitude and greeting, touching with his hand his guru’s feet and then, in humble obeisance, his own head.\n\n He rose then and was embraced on both sides of the bosom by Sri Yukteswarji.\n\n “No words passed at the beginning, but the most intense feeling was expressed in the mute phrases of the soul.\n\n How their eyes sparkled and were fired with the warmth of renewed soul-union! A tender vibration surged through the quiet patio, and even the sun eluded the clouds to add a sudden blaze of glory.","type":"default","passage":"I Return to India","commentary":"","meaning":""},{"id":"5","title":"40.5","content":"“On bended knee before the master I gave my own unexpressed love and thanks, touching his feet, calloused by time and service, and receiving his blessing.\n\n I stood then and faced two beautiful deep eyes smouldering with introspection, yet radiant with joy.\n\n We entered his sitting room, whose whole side opened to the outer balcony first seen from the street.\n\n The master braced himself against a worn davenport, sitting on a covered mattress on the cement floor.\n\n Yoganandaji and I sat near the guru’s feet, with orange-colored pillows to lean against and ease our positions on the straw mat.\n\n “I tried and tried to penetrate the Bengali conversation between the two Swamijis-for English, I discovered, is null and void when they are together, although Swamiji Maharaj, as the great guru is called by others, can and often does speak it.\n\n But I perceived the saintliness of the Great One through his heart-warming smile and twinkling eyes.\n\n One quality easily discernible in his merry, serious conversation is a decided positiveness in statement-the mark of a wise man, who knows he knows, because he knows God.\n\n His great wisdom, strength of purpose, and determination are apparent in every way.","type":"default","passage":"I Return to India","commentary":"","meaning":""},{"id":"6","title":"40.6","content":"“Studying him reverently from time to time, I noted that he is of large, athletic stature, hardened by the trials and sacrifices of renunciation.\n\n His poise is majestic.\n\n A decidedly sloping forehead, as if seeking the heavens, dominates his divine countenance.\n\n He has a rather large and homely nose, with which he amuses himself in idle moments, flipping and wiggling it with his fingers, like a child.\n\n His powerful dark eyes are haloed by an ethereal blue ring.\n\n His hair, parted in the middle, begins as silver and changes to streaks of silvery-gold and silvery-black, ending in ringlets at his shoulders.\n\n His beard and moustache are scant or thinned out, yet seem to enhance his features and, like his character, are deep and light at the same t.","type":"default","passage":"I Return to India","commentary":"","meaning":""},{"id":"7","title":"40.7","content":"“He has a jovial and rollicking laugh which comes from deep in his chest, causing him to shake and quiver throughout his body-very cheerful and sincere.\n\n His face and stature are striking in their power, as are his muscular fingers.\n\n He moves with a dignified tread and erect posture.\n\n “He was clad simply in the common DHOTI and shirt, both once dyed a strong ocher color, but now a faded orange.\n\n “Glancing about, I observed that this rather dilapidated room suggested the owner’s non-attachment to material comforts.\n\n The weather-stained white walls of the long chamber were streaked with fading blue plaster.\n\n At one end of the room hung a picture of Lahiri Mahasaya, garlanded in simple devotion.\n\n There was also an old picture showing Yoganandaji as he had first arrived in Boston, standing with the other delegates to the Congress of Religions.","type":"default","passage":"I Return to India","commentary":"","meaning":""},{"id":"8","title":"40.8","content":"“I noted a quaint concurrence of modernity and antiquation.\n\n A huge, cut-glass, candle-light chandelier was covered with cobwebs through disuse, and on the wall was a bright, up-to-date calendar.\n\n The whole room emanated a fragrance of peace and calmness.\n\n Beyond the balcony I could see coconut trees towering over the hermitage in silent protection.\n\n “It is interesting to observe that the master has merely to clap his hands together and, before finishing, he is served or attended by some small disciple.\n\n Incidentally, I am much attracted to one of them-a thin lad, named Prafulla, {FN40-2} with long black hair to his shoulders, a most penetrating pair of sparkling black eyes, and a heavenly smile; his eyes twinkle, as the corners of his mouth rise, like the stars and the crescent moon appearing at twilight.","type":"default","passage":"I Return to India","commentary":"","meaning":""},{"id":"9","title":"40.9","content":"“Swami Sri Yukteswarji’s joy is obviously intense at the return of his ‘product’  \n***(and he seems to be somewhat inquisitive about the ‘product’s product’)***\n.\n\n \n\nHowever, predominance of the wisdom-aspect in the Great One’s nature hinders his outward expression of feeling.\n\n “Yoganandaji presented him with some gifts, as is the custom when the disciple returns to his guru.\n\n We sat down later to a simple but well-cooked me.\n\n All the dishes were vegetable and rice combinations.\n\n Sri Yukteswarji was pleased at my use of a number of Indian customs, ‘finger-eating’ for example.\n\n “After several hours of flying Bengali phrases and the exchange of warm smiles and joyful glances, we paid obeisance at his feet, bade adieu with a PRONAM, {FN40-3} and departed for Calcutta with an everlasting memory of a sacred meeting and greeting.\n\n Although I write chiefly of my external impressions of him, yet I was always conscious of the true basis of the saint-his spiritual glory.\n\n I felt his power, and shall carry that feeling as my divine blessing.\n\n”","type":"default","passage":"I Return to India","commentary":"","meaning":""},{"id":"10","title":"40.10","content":"From America, Europe, and Palestine I had brought many presents for Sri Yukteswar.\n\n He received them smilingly, but without remark.\n\n For my own use, I had bought in Germany a combination umbrella-cane.\n\n In India I decided to give the cane to Master.\n\n “This gift I appreciate indeed!” My guru’s eyes were turned on me with affectionate understanding as he made the unwonted comment.\n\n From all the presents, it was the cane that he singled out to display to visitors.\n\n “Master, please permit me to get a new carpet for the sitting room.\n\n” I had noticed that Sri Yukteswar’s tiger skin was placed over a torn rug.","type":"default","passage":"I Return to India","commentary":"","meaning":""},{"id":"11","title":"40.11","content":"“Do so if it pleases you.\n\n” My guru’s voice was not enthusiastic.\n\n “Behold, my tiger mat is nice and clean; I am monarch in my own little kingdom.\n\n Beyond it is the vast world, interested only in externals.\n\n” As he uttered these words I felt the years roll back; once again I am a young disciple, purified in the daily fires of chastisement! As soon as I could tear myself away from Serampore and Calcutta, I set out, with . Wright, for Ranchi.\n\n What a welcome there, a veritable ovation! Tears stood in my eyes as I embraced the selfless teachers who had kept the banner of the school flying during my fifteen years’ absence.\n\n The bright faces and happy smiles of the residential and day students were ample testimony to the worth of their many-sided school and yoga training.","type":"default","passage":"I Return to India","commentary":"","meaning":""},{"id":"12","title":"40.12","content":"Yet, alas! the Ranchi institution was in dire financial difficulties.\n\n Sir Manindra Chandra Nundy, the old Maharaja whose Kasimbazar Palace had been converted into the central school building, and who had made many princely donations was now dead.\n\n Many free, benevolent features of the school were now seriously endangered for lack of sufficient public support.\n\n I had not spent years in America without learning some of its practical wisdom, its undaunted spirit before obstacles.\n\n For one week I remained in Ranchi, wrestling with critical problems.\n\n Then came interviews in Calcutta with prominent leaders and educators, a long talk with the young Maharaja of Kasimbazar, a financial appeal to my father, and lo! the shaky foundations of Ranchi began to be righted.\n\n Many donations including one huge check arrived in the nick of time from my American students.","type":"default","passage":"I Return to India","commentary":"","meaning":""},{"id":"13","title":"40.13","content":"Within a few months after my arrival in India, I had the joy of seeing the Ranchi school legally incorporated.\n\n My lifelong dream of a permanently endowed yoga educational center stood fulfilled.\n\n That vision had guided me in the humble beginnings in 1917 with a group of seven boys.\n\n In the decade since 1935, Ranchi has enlarged its scope far beyond the boys’ school.\n\n Widespread humanitarian activities are now carried on there in the Shyama Charan Lahiri Mahasaya Mission.\n\n The school, or Yogoda Sat-Sanga Brahmacharya Vidyalaya, conducts outdoor classes in grammar and high school subjects.\n\n The residential students and day scholars also receive vocational training of some kind.\n\n The boys themselves regulate most of their activities through autonomous committees.\n\n Very early in my career as an educator I discovered that boys who impishly delight in outwitting a teacher will cheerfully accept disciplinary rules that are set by their fellow students.\n\n Never a model pupil myself, I had a ready sympathy for all boyish pranks and problems.","type":"default","passage":"I Return to India","commentary":"","meaning":""},{"id":"14","title":"40.14","content":"Sports and games are encouraged; the fields resound with hockey and football pract.\n\n Ranchi students often win the cup at competitive events.\n\n The outdoor gymnasium is known far and w.\n\n Muscle recharging through will power is the YOGODA feature: mental direction of life energy to any part of the body.\n\n The boys are also taught ASANAS  \n***(postures)***\n, sword and LATHI  \n***(stick)***\n play, and jujitsu.\n\n The Yogoda Health Exhibitions at the Ranchi VIDYALAYA have been attended by thousands.\n\n Instruction in primary subjects is given in Hindi to the KOLS, SANTALS, and MUNDAS, aboriginal tribes of the province.\n\n Classes for girls only have been organized in near-by villages.","type":"default","passage":"I Return to India","commentary":"","meaning":""},{"id":"15","title":"40.15","content":"The unique feature at Ranchi is the initiation into KRIYA YOG.\n\n The boys daily practice their spiritual exercises, engage in GITA chanting, and are taught by precept and example the virtues of simplicity, self-sacrifice, honor, and truth.\n\n Evil is pointed out to them as being that which produces misery; good as those actions which result in true happiness.\n\n Evil may be compared to poisoned honey, tempting but laden with death.\n\n Overcoming restlessness of body and mind by concentration techniques has achieved astonishing results: it is no novelty at Ranchi to see an appealing little figure, aged nine or ten years, sitting for an hour or more in unbroken poise, the unwinking gaze directed to the spiritual eye.\n\n Often the picture of these Ranchi students has returned to my mind, as I observed collegians over the world who are hardly able to sit still through one class period.\n\n {FN40-4}","type":"default","passage":"I Return to India","commentary":"","meaning":""},{"id":"16","title":"40.16","content":"Ranchi lies 2000 feet above sea level; the climate is mild and equable.\n\n The twenty-five acre site, by a large bathing pond, includes one of the finest orchards in India-five hundred fruit trees-mango, guava, litchi, jackfruit, date.\n\n The boys grow their own vegetables, and spin at their CHARKA.\n\n A guest house is hospitably open for Western visitors.\n\n The Ranchi library contains numerous magazines, and about a thousand volumes in English and Bengali, donations from the West and the East.\n\n There is a collection of the scriptures of the world.\n\n A well-classified museum displays archeological, geological, and anthropological exhibits; trophies, to a great extent, of my wanderings over the Lord’s varied earth.","type":"default","passage":"I Return to India","commentary":"","meaning":""},{"id":"17","title":"40.17","content":"The charitable hospital and dispensary of the Lahiri Mahasaya Mission, with many outdoor branches in distant villages, have already ministered to 150, 000 of India’s poor.\n\n The Ranchi students are trained in first aid, and have given praiseworthy service to their province at tragic times of flood or fam.\n\n In the orchard stands a Shiva temple, with a statue of the blessed master, Lahiri Mahasaya.\n\n Daily prayers and scripture classes are held in the garden under the mango bowers.\n\n Branch high schools, with the residential and yoga features of Ranchi, have been opened and are now flourishing.\n\n These are the Yogoda Sat-Sanga Vidyapith  \n***(School)***\n for Boys, at Lakshmanpur in Bihar; and the Yogoda Sat-Sanga High School and hermitage at Ejmalichak in Midnapore.","type":"default","passage":"I Return to India","commentary":"","meaning":""},{"id":"18","title":"40.18","content":"A stately Yogoda Math was dedicated in 1939 at Dakshineswar, directly on the Ganges.\n\n Only a few miles north of Calcutta, the new hermitage affords a haven of peace for city dwellers.\n\n Suitable accommodations are available for Western guests, and particularly for those seekers who are intensely dedicating their lives to spiritual realization.\n\n The activities of the Yogoda Math include a fortnightly mailing of Self-Realization Fellowship teachings to students in various parts of India.\n\n It is needless to say that all these educational and humanitarian activities have required the self-sacrificing service and devotion of many teachers and workers.\n\n I do not list their names here, because they are so numerous; but in my heart each one has a lustrous niche.\n\n Inspired by the ideals of Lahiri Mahasaya, these teachers have abandoned promising worldly goals to serve humbly, to give greatly.","type":"default","passage":"I Return to India","commentary":"","meaning":""},{"id":"19","title":"40.19","content":". Wright formed many fast friendships with Ranchi boys; clad in a simple DHOTI, he lived for awhile among them.\n\n At Ranchi, Calcutta, Serampore, everywhere he went, my secretary, who has a vivid gift of description, hauled out his travel diary to record his adventures.\n\n One evening I asked him a question.\n\n “Dick, what is your impression of India?” “Peace, ” he said thoughtfully.\n\n “The racial aura is peace.\n\n” {FN40-1} We broke our journey in Central Provinces, halfway across the continent, to see Mahatma Gandhi at Wardha.\n\n Those days are described in chapter 4.\n\n {FN40-2} Prafulla was the lad who had been present with Master when a cobra approached  \n***(see page 116)***\n.","type":"default","passage":"I Return to India","commentary":"","meaning":""},{"id":"20","title":"40.20","content":"{FN40-3} Literally, “holy name, ” a word of greeting among Hindus, accompanied by palm-folded hands lifted from the heart to the forehead in salutation.\n\n A PRONAM in India takes the place of the Western greeting by handshaking.\n\n {FN40-4} Mental training through certain concentration techniques has produced in each Indian generation men of prodigious memory.\n\n Sir . Vijayaraghavachari, in the HINDUSTAN TIMES, has described the tests put to the modern professional “memory men” of Madras.\n\n “These men, ” he wrote, “were unusually learned in Sanskrit literature.\n\n Seated in the midst of a large audience, they were equal to the tests that several members of the audience simultaneously put them to.\n\n The test would be like this: one person would start ringing a bell, the number of rings having to be counted by the ‘memory man.\n\n’ A second person would dictate from a paper a long exercise in arithmetic, involving addition, subtraction, multiplication, and division.\n\n A third would go on reciting from the RAMAYANA or the MAHABHARATA a long series of poems, which had to be reproduced; a fourth would set problems in versification which required the composition of verses in proper meter on a given subject, each line to end in a specified word, a fifth man would carry on with a sixth a theological disputation, the exact language of which had to be quoted in the precise order in which the disputants conducted it, and a seventh man was all the while turning a wheel, the number of revolutions of which had to be counted.\n\n The memory expert had simultaneously to do all these feats purely by mental processes, as he was allowed no paper and pencil.\n\n The strain on the faculties must have been terrific.\n\n Ordinarily men in unconscious envy are apt to depreciate such efforts by affecting to believe that they involve only the exercise of the lower functionings of the brain.\n\n It is not, however, a pure question of memory.\n\n The greater factor is the immense concentration of mind.\n\n”","type":"default","passage":"I Return to India","commentary":"","meaning":""},{"id":"21","title":"40.21","content":"","type":"default","passage":"I Return to India","commentary":"","meaning":""}]}