{"id":42,"title":"Last Days with my Guru","description":"Last Days with my Guru","sectionCount":39,"tags":null,"contentId":"AoY01","sections":[{"id":"1","title":"42.1","content":"LAST DAYS WITH MY GURU “Guruji, I am glad to find you alone this morning.\n\n” I had just arrived at the Serampore hermitage, carrying a fragrant burden of fruit and roses.\n\n Sri Yukteswar glanced at me meekly.\n\n “What is your question?” Master looked about the room as though he were seeking escape.\n\n “Guruji, I came to you as a high-school youth; now I am a grown man, even with a gray hair or two.\n\n Though you have showered me with silent affection from the first hour to this, do you realize that once only, on the day of meeting, have you ever said, ‘I love you’?” I looked at him pleadingly.\n\n Master lowered his gaze.\n\n “Yogananda, must I bring out into the cold realms of speech the warm sentiments best guarded by the wordless heart?”","type":"default","passage":"Last Days with my Guru","commentary":"","meaning":""},{"id":"2","title":"42.2","content":"“Guruji, I know you love me, but my mortal ears ache to hear you say so.\n\n” “Be it as you wish.\n\n During my married life I often yearned for a son, to train in the yogic path.\n\n But when you came into my life, I was content; in you I have found my son.\n\n” Two clear teardrops stood in Sri Yukteswar’s eyes.\n\n “Yogananda, I love you always.\n\n” “Your answer is my passport to heaven.\n\n” I felt a weight lift from my heart, dissolved forever at his words.\n\n Often had I wondered at his silence.\n\n Realizing that he was unemotional and self-contained, yet sometimes I feared I had been unsuccessful in fully satisfying him.\n\n His was a strange nature, never utterly to be known; a nature deep and still, unfathomable to the outer world, whose values he had long transcended.","type":"default","passage":"Last Days with my Guru","commentary":"","meaning":""},{"id":"3","title":"42.3","content":"A few days later, when I spoke before a huge audience at Albert Hall in Calcutta, Sri Yukteswar consented to sit beside me on the platform, with the Maharaja of Santosh and the Mayor of Calcutta.\n\n Though Master made no remark to me, I glanced at him from time to time during my address, and thought I detected a pleased twinkle in his eyes.\n\n Then came a talk before the alumni of Serampore College.\n\n As I gazed upon my old classmates, and as they gazed on their own “Mad Monk, ” tears of joy showed unashamedly.\n\n My silver-tongued professor of philosophy, . Ghoshal, came forward to greet me, all our past misunderstandings dissolved by the alchemist T.","type":"default","passage":"Last Days with my Guru","commentary":"","meaning":""},{"id":"4","title":"42.4","content":"A Winter Solstice Festival was celebrated at the end of December in the Serampore hermitage.\n\n As always, Sri Yukteswar’s disciples gathered from far and near.\n\n Devotional SANKIRTANS, solos in the nectar-sweet voice of Kristo-da, a feast served by young disciples, Master’s profoundly moving discourse under the stars in the thronged courtyard of the ashram-memories, memories! Joyous festivals of years long past! Tonight, however, there was to be a new feature.\n\n “Yogananda, please address the assemblage-in English.\n\n” Master’s eyes were twinkling as he made this doubly unusual request; was he thinking of the shipboard predicament that had preceded my first lecture in English? I told the story to my audience of brother disciples, ending with a fervent tribute to our guru.","type":"default","passage":"Last Days with my Guru","commentary":"","meaning":""},{"id":"5","title":"42.5","content":"“His omnipresent guidance was with me not alone on the ocean steamer, ” I concluded, “but daily throughout my fifteen years in the vast and hospitable land of America.\n\n” After the guests had departed, Sri Yukteswar called me to the same bedroom where-once only, after a festival of my early years-I had been permitted to sleep on his wooden bed.\n\n Tonight my guru was sitting there quietly, a semicircle of disciples at his feet.\n\n He smiled as I quickly entered the room.\n\n “Yogananda, are you leaving now for Calcutta? Please return here tomorrow.\n\n I have certain things to tell you.\n\n” The next afternoon, with a few simple words of blessing, Sri Yukteswar bestowed on me the further monastic title of PARAMHANS.\n\n {FN42-1}","type":"default","passage":"Last Days with my Guru","commentary":"","meaning":""},{"id":"6","title":"42.6","content":"“It now formally supersedes your former title of SWAMI, ” he said as I knelt before him.\n\n With a silent chuckle I thought of the struggle which my American students would undergo over the pronunciation of PARAMHANSAJ.\n\n {FN42-2} “My task on earth is now finished; you must carry on.\n\n” Master spoke quietly, his eyes calm and gentle.\n\n My heart was palpitating in fear.\n\n “Please send someone to take charge of our ashram at Puri, ” Sri Yukteswar went on.\n\n “I leave everything in your hands.\n\n You will be able to successfully sail the boat of your life and that of the organization to the divine shores.\n\n” In tears, I was embracing his feet; he rose and blessed me endearingly.","type":"default","passage":"Last Days with my Guru","commentary":"","meaning":""},{"id":"7","title":"42.7","content":"The following day I summoned from Ranchi a disciple, Swami Sebananda, and sent him to Puri to assume the hermitage duties.\n\n {FN42-3} Later my guru discussed with me the legal details of settling his estate; he was anxious to prevent the possibility of litigation by relatives, after his death, for possession of his two hermitages and other properties, which he wished to be deeded over solely for charitable purposes.\n\n “Arrangements were recently made for Master to visit Kidderpore, {FN42-4} but he failed to go.\n\n” Amulaya Babu, a brother disciple, made this remark to me one afternoon; I felt a cold wave of premonition.\n\n To my pressing inquiries, Sri Yukteswar only replied, “I shall go to Kidderpore no more.\n\n” For a moment, Master trembled like a frightened child.","type":"default","passage":"Last Days with my Guru","commentary":"","meaning":""},{"id":"8","title":"42.8","content":"***(“Attachment to bodily residence, springing up of its own nature [.\n\n, arising from immemorial roots, past experiences of death], ” Patanjali wrote, {FN42-5} “is present in slight degree even in great saints.\n\n” In some of his discourses on death, my guru had been wont to add: “Just as a long-caged bird hesitates to leave its accustomed home when the door is opened.\n\n”)***\n “Guruji, ” I entreated him with a sob, “don’t say that! Never utter those words to me!” Sri Yukteswar’s face relaxed in a peaceful sm.\n\n Though nearing his eighty-first birthday, he looked well and strong.\n\n Basking day by day in the sunshine of my guru’s love, unspoken but keenly felt, I banished from my conscious mind the various hints he had given of his approaching passing.","type":"default","passage":"Last Days with my Guru","commentary":"","meaning":""},{"id":"9","title":"42.9","content":"“Sir, the KUMBHA MELA is convening this month at Allahabad.\n\n” I showed Master the MELA dates in a Bengali almanac.\n\n {FN42-6} “Do you really want to go?” Not sensing Sri Yukteswar’s reluctance to have me leave him, I went on, “Once you beheld the blessed sight of Babaji at an Allahabad KUMBH.\n\n Perhaps this time I shall be fortunate enough to see him.\n\n” “I do not think you will meet him there.\n\n” My guru then fell into silence, not wishing to obstruct my plans.\n\n When I set out for Allahabad the following day with a small group, Master blessed me quietly in his usual manner.\n\n Apparently I was remaining oblivious to implications in Sri Yukteswar’s attitude because the Lord wished to spare me the experience of being forced, helplessly, to witness my guru’s passing.\n\n It has always happened in my life that, at the death of those dearly beloved by me, God has compassionately arranged that I be distant from the scene.\n\n {FN42-7}","type":"default","passage":"Last Days with my Guru","commentary":"","meaning":""},{"id":"10","title":"42.10","content":"Our party reached the KUMBHA MELA on January 23, 193.\n\n The surging crowd of nearly two million persons was an impressive sight, even an overwhelming one.\n\n The peculiar genius of the Indian people is the reverence innate in even the lowliest peasant for the worth of the Spirit, and for the monks and sadhus who have forsaken worldly ties to seek a diviner anchorage.\n\n Imposters and hypocrites there are indeed, but India respects all for the sake of the few who illumine the whole land with supernal blessings.\n\n Westerners who were viewing the vast spectacle had a unique opportunity to feel the pulse of the land, the spiritual ardor to which India owes her quenchless vitality before the blows of t.","type":"default","passage":"Last Days with my Guru","commentary":"","meaning":""},{"id":"11","title":"42.11","content":"[Illustration: The woman yogi, Shankari Mai Jiew, only living disciple of the great Trailanga Swami.\n\n The turbaned figure seated directly beside her is Swami Benoyananda, a director of our Ranchi yoga school for boys in Bihar.\n\n The picture was taken at the Hardwar Kumbha Mela in 1938; the woman saint was then 112 years old.\n\n—see majiew.\n\njpg] [Illustration: Krishnananda, at the 1936 Allahabad Kumbha Mela, with his tame vegetarian lioness.\n\n—see lion.\n\njpg] [Illustration: Second-floor dining patio of Sri Yukteswar’s Serampore hermitage.\n\n I am seated  \n***(in center)***\n at my guru’s feet.\n\n—see serampore.\n\njpg] The first day was spent by our group in sheer staring.\n\n Here were countless bathers, dipping in the holy river for remission of sins; there we saw solemn rituals of worship; yonder were devotional offerings being strewn at the dusty feet of saints; a turn of our heads, and a line of elephants, caparisoned horses and slow-paced Rajputana camels filed by, or a quaint religious parade of naked sadhus, waving scepters of gold and silver, or flags and streamers of silken velvet.","type":"default","passage":"Last Days with my Guru","commentary":"","meaning":""},{"id":"12","title":"42.12","content":"Anchorites wearing only loincloths sat quietly in little groups, their bodies besmeared with the ashes that protect them from the heat and cold.\n\n The spiritual eye was vividly represented on their foreheads by a single spot of sandalwood paste.\n\n Shaven-headed swamis appeared by the thousands, ocher-robed and carrying their bamboo staff and begging bowl.\n\n Their faces beamed with the renunciate’s peace as they walked about or held philosophical discussions with disciples.\n\n Here and there under the trees, around huge piles of burning logs, were picturesque sadhus, {FN42-8} their hair braided and massed in coils on top of their heads.\n\n Some wore beards several feet in length, curled and tied in a knot.\n\n They meditated quietly, or extended their hands in blessing to the passing throng-beggars, maharajas on elephants, women in multicolored SARIS—their bangles and anklets tinkling, FAKIRS with thin arms held grotesquely aloft, BRAHMACHARIS carrying meditation elbow-props, humble sages whose solemnity hid an inner bliss.\n\n High above the din we heard the ceaseless summons of the temple bells.","type":"default","passage":"Last Days with my Guru","commentary":"","meaning":""},{"id":"13","title":"42.13","content":"On our second MELA day my companions and I entered various ashrams and temporary huts, offering PRONAMS to saintly personages.\n\n We received the blessing of the leader of the GIRI branch of the Swami Order-a thin, ascetical monk with eyes of smiling f.\n\n Our next visit took us to a hermitage whose guru had observed for the past nine years the vows of silence and a strict fruitarian diet.\n\n On the central dais in the ashram hall sat a blind sadhu, Pragla Chakshu, profoundly learned in the SHASTRAS and highly revered by all sects.\n\n After I had given a brief discourse in Hindi on VEDANTA, our group left the peaceful hermitage to greet a near-by swami, Krishnananda, a handsome monk with rosy cheeks and impressive shoulders.\n\n Reclining near him was a tame lioness.\n\n Succumbing to the monk’s spiritual charm—not, I am sure, to his powerful physique!-the jungle animal refuses all meat in favor of rice and milk.\n\n The swami has taught the tawny-haired beast to utter “AUM” in a deep, attractive growl-a cat devotee!","type":"default","passage":"Last Days with my Guru","commentary":"","meaning":""},{"id":"14","title":"42.14","content":"Our next encounter, an interview with a learned young sadhu, is well described in . Wright’s sparkling travel diary.\n\n “We rode in the Ford across the very low Ganges on a creaking pontoon bridge, crawling snakelike through the crowds and over narrow, twisting lanes, passing the site on the river bank which Yoganandaji pointed out to me as the meeting place of Babaji and Sri Yukteswarji.\n\n Alighting from the car a short time later, we walked some distance through the thickening smoke of the sadhus’ fires and over the slippery sands to reach a cluster of tiny, very modest mud-and-straw huts.\n\n We halted in front of one of these insignificant temporary dwellings, with a pygmy doorless entrance, the shelter of Kara Patri, a young wandering sadhu noted for his exceptional intelligence.\n\n There he sat, cross-legged on a pile of straw, his only covering-and incidentally his only possession-being an ocher cloth draped over his shoulders.","type":"default","passage":"Last Days with my Guru","commentary":"","meaning":""},{"id":"15","title":"42.15","content":"“Truly a divine face smiled at us after we had crawled on all fours into the hut and PRONAMED at the feet of this enlightened soul, while the kerosene lantern at the entrance flickered weird, dancing shadows on the thatched walls.\n\n His face, especially his eyes and perfect teeth, beamed and glistened.\n\n Although I was puzzled by the Hindi, his expressions were very revealing; he was full of enthusiasm, love, spiritual glory.\n\n No one could be mistaken as to his greatness.\n\n “Imagine the happy life of one unattached to the material world; free of the clothing problem; free of food craving, never begging, never touching cooked food except on alternate days, never carrying a begging bowl; free of all money entanglements, never handling money, never storing things away, always trusting in God; free of transportation worries, never riding in vehicles, but always walking on the banks of the sacred rivers; never remaining in one place longer than a week in order to avoid any growth of attachment.","type":"default","passage":"Last Days with my Guru","commentary":"","meaning":""},{"id":"16","title":"42.16","content":"“Such a modest soul! unusually learned in the VEDAS, and possessing an ..\n\n degree and the title of SHASTRI  \n***(master of scriptures)***\n from Benares University.\n\n A sublime feeling pervaded me as I sat at his feet; it all seemed to be an answer to my desire to see the real, the ancient India, for he is a true representative of this land of spiritual giants.\n\n” I questioned Kara Patri about his wandering l.\n\n “Don’t you have any extra clothes for winter?” “No, this is enough.\n\n” “Do you carry any books?” “No, I teach from memory those people who wish to hear me.\n\n” “What else do you do?” “I roam by the Ganges.\n\n”","type":"default","passage":"Last Days with my Guru","commentary":"","meaning":""},{"id":"17","title":"42.17","content":"At these quiet words, I was overpowered by a yearning for the simplicity of his l.\n\n I remembered America, and all the responsibilities that lay on my shoulders.\n\n “No, Yogananda, ” I thought, sadly for a moment, “in this life roaming by the Ganges is not for you.\n\n” After the sadhu had told me a few of his spiritual realizations, I shot an abrupt question.\n\n “Are you giving these descriptions from scriptural lore, or from inward experience?” “Half from book learning, ” he answered with a straightforward smile, “and half from experience.\n\n” We sat happily awhile in meditative silence.\n\n After we had left his sacred presence, I said to . Wright, “He is a king sitting on a throne of golden straw.\n\n”","type":"default","passage":"Last Days with my Guru","commentary":"","meaning":""},{"id":"18","title":"42.18","content":"We had our dinner that night on the MELA grounds under the stars, eating from leaf plates pinned together with sticks.\n\n Dishwashings in India are reduced to a minimum! Two more days of the fascinating KUMBHA; then northwest along the Jumna banks to Agra.\n\n Once again I gazed on the Taj Mahal; in memory Jitendra stood by my side, awed by the dream in marble.\n\n Then on to the Brindaban ashram of Swami Keshabananda.\n\n My object in seeking out Keshabananda was connected with this book.\n\n I had never forgotten Sri Yukteswar’s request that I write the life of Lahiri Mahasaya.\n\n During my stay in India I was taking every opportunity of contacting direct disciples and relatives of the Yogavatar.\n\n Recording their conversations in voluminous notes, I verified facts and dates, and collected photographs, old letters, and documents.\n\n My Lahiri Mahasaya portfolio began to swell; I realized with dismay that ahead of me lay arduous labors in authorshi.\n\n I prayed that I might be equal to my role as biographer of the colossal guru.\n\n Several of his disciples feared that in a written account their master might be belittled or misinterpreted.","type":"default","passage":"Last Days with my Guru","commentary":"","meaning":""},{"id":"19","title":"42.19","content":"“One can hardly do justice in cold words to the life of a divine incarnation, ” Panchanon Bhattacharya had once remarked to me.\n\n Other close disciples were similarly satisfied to keep the Yogavatar hidden in their hearts as the deathless preceptor.\n\n Nevertheless, mindful of Lahiri Mahasaya’s prediction about his biography, I spared no effort to secure and substantiate the facts of his outward l.\n\n Swami Keshabananda greeted our party warmly at Brindaban in his Katayani Peith Ashram, an imposing brick building with massive black pillars, set in a beautiful garden.\n\n He ushered us at once into a sitting room adorned with an enlargement of Lahiri Mahasaya’s picture.\n\n The swami was approaching the age of ninety, but his muscular body radiated strength and health.\n\n With long hair and a snow-white beard, eyes twinkling with joy, he was a veritable patriarchal embodiment.\n\n I informed him that I wanted to mention his name in my book on India’s masters.","type":"default","passage":"Last Days with my Guru","commentary":"","meaning":""},{"id":"20","title":"42.20","content":"“Please tell me about your earlier l.\n\n” I smiled entreatingly; great yogis are often uncommunicat.\n\n Keshabananda made a gesture of humility.\n\n “There is little of external moment.\n\n Practically my whole life has been spent in the Himalayan solitudes, traveling on foot from one quiet cave to another.\n\n For a while I maintained a small ashram outside Hardwar, surrounded on all sides by a grove of tall trees.\n\n It was a peaceful spot little visited by travelers, owing to the ubiquitous presence of cobras.\n\n” Keshabananda chuckled.\n\n “Later a Ganges flood washed away the hermitage and cobras al.\n\n My disciples then helped me to build this Brindaban ashram.\n\n”","type":"default","passage":"Last Days with my Guru","commentary":"","meaning":""},{"id":"21","title":"42.21","content":"One of our party asked the swami how he had protected himself against the Himalayan tigers.\n\n {FN42-9} Keshabananda shook his head.\n\n “In those high spiritual altitudes, ” he said, “wild beasts seldom molest the yogis.\n\n Once in the jungle I encountered a tiger face-to-face.\n\n At my sudden ejaculation, the animal was transfixed as though turned to stone.\n\n” Again the swami chuckled at his memories.\n\n “Occasionally I left my seclusion to visit my guru in Benares.\n\n He used to joke with me over my ceaseless travels in the Himalayan wilderness.\n\n “‘You have the mark of wanderlust on your foot, ’ he told me once.\n\n ‘I am glad that the sacred Himalayas are extensive enough to engross you.\n\n’","type":"default","passage":"Last Days with my Guru","commentary":"","meaning":""},{"id":"22","title":"42.22","content":"“Many times, ” Keshabananda went on, “both before and after his passing, Lahiri Mahasaya has appeared bodily before me.\n\n For him no Himalayan height is inaccessible!” Two hours later he led us to a dining patio.\n\n I sighed in silent dismay.\n\n Another fifteen-course meal! Less than a year of Indian hospitality, and I had gained fifty pounds! Yet it would have been considered the height of rudeness to refuse any of the dishes, carefully prepared for the endless banquets in my honor.\n\n In India  \n***(nowhere else, alas!)***\n a well-padded swami is considered a delightful sight.\n\n {FN42-10} [Illustration: . Wright, myself, Miss Bletch—in Egypt—see camel.\n\njpg]","type":"default","passage":"Last Days with my Guru","commentary":"","meaning":""},{"id":"23","title":"42.23","content":"[Illustration: Rabindranath Tagore, inspired poet of Bengal, and Nobel Prizeman in literature—see tagore.\n\njpg] [Illustration: . Wright and I pose with the venerable Swami Keshabananda and a disciple at the stately hermitage in Brindaban—see keshabananda.\n\njpg] After dinner, Keshabananda led me to a secluded nook.\n\n “Your arrival is not unexpected, ” he said.\n\n “I have a message for you.\n\n” I was surprised; no one had known of my plan to visit Keshabananda.\n\n “While roaming last year in the northern Himalayas near Badrinarayan, ” the swami continued, “I lost my way.\n\n Shelter appeared in a spacious cave, which was empty, though the embers of a fire glowed in a hole in the rocky floor.\n\n Wondering about the occupant of this lonely retreat, I sat near the fire, my gaze fixed on the sunlit entrance to the cave.","type":"default","passage":"Last Days with my Guru","commentary":"","meaning":""},{"id":"24","title":"42.24","content":"“‘Keshabananda, I am glad you are here.\n\n’ These words came from behind me.\n\n I turned, startled, and was dazzled to behold Babaji! The great guru had materialized himself in a recess of the cave.\n\n Overjoyed to see him again after many years, I prostrated myself at his holy feet.\n\n “‘I called you here, ’ Babaji went on.\n\n ‘That is why you lost your way and were led to my temporary abode in this cave.\n\n It is a long time since our last meeting; I am pleased to greet you once more.\n\n’ “The deathless master blessed me with some words of spiritual help, then added: ‘I give you a message for Yogananda.\n\n He will pay you a visit on his return to India.\n\n Many matters connected with his guru and with the surviving disciples of Lahiri will keep Yogananda fully occupied.\n\n Tell him, then, that I won’t see him this time, as he is eagerly hoping; but I shall see him on some other occasion.\n\n’”","type":"default","passage":"Last Days with my Guru","commentary":"","meaning":""},{"id":"25","title":"42.25","content":"I was deeply touched to receive from Keshabananda’s lips this consoling promise from Babaji.\n\n A certain hurt in my heart vanished; I grieved no longer that, even as Sri Yukteswar had hinted, Babaji did not appear at the KUMBHA MEL.\n\n Spending one night as guests of the ashram, our party set out the following afternoon for Calcutta.\n\n Riding over a bridge of the Jumna River, we enjoyed a magnificent view of the skyline of Brindaban just as the sun set fire to the sky-a veritable furnace of Vulcan in color, reflected below us in the still waters.\n\n The Jumna beach is hallowed by memories of the child Sri Krishna.\n\n Here he engaged with innocent sweetness in his LILAS  \n***(plays)***\n with the GOPIS  \n***(maids)***\n, exemplifying the supernal love which ever exists between a divine incarnation and his devotees.\n\n The life of Lord Krishna has been misunderstood by many Western commentators.\n\n Scriptural allegory is baffling to literal minds.\n\n A hilarious blunder by a translator will illustrate this point.\n\n The story concerns an inspired medieval saint, the cobbler Ravidas, who sang in the simple terms of his own trade of the spiritual glory hidden in all mankind:","type":"default","passage":"Last Days with my Guru","commentary":"","meaning":""},{"id":"26","title":"42.26","content":"Under the vast vault of blue Lives the divinity clothed in h.\n\n One turns aside to hide a smile on hearing the pedestrian interpretation given to Ravidas’ poem by a Western writer: “He afterwards built a hut, set up in it an idol which he made from a hide, and applied himself to its worshi.\n\n” Ravidas was a brother disciple of the great Kabir.\n\n One of Ravidas’ exalted chelas was the Rani of Chitor.\n\n She invited a large number of Brahmins to a feast in honor of her teacher, but they refused to eat with a lowly cobbler.\n\n As they sat down in dignified aloofness to eat their own uncontaminated meal, lo! each Brahmin found at his side the form of Ravidas.\n\n This mass vision accomplished a widespread spiritual revival in Chitor.","type":"default","passage":"Last Days with my Guru","commentary":"","meaning":""},{"id":"27","title":"42.27","content":"In a few days our little group reached Calcutta.\n\n Eager to see Sri Yukteswar, I was disappointed to hear that he had left Serampore and was now in Puri, about three hundred miles to the south.\n\n “Come to Puri ashram at once.\n\n” This telegram was sent on March 8th by a brother disciple to Atul Chandra Roy Chowdhry, one of Master’s chelas in Calcutta.\n\n News of the message reached my ears; anguished at its implications, I dropped to my knees and implored God that my guru’s life be spared.\n\n As I was about to leave Father’s home for the train, a divine voice spoke within.\n\n “Do not go to Puri tonight.\n\n Thy prayer cannot be granted.\n\n”","type":"default","passage":"Last Days with my Guru","commentary":"","meaning":""},{"id":"28","title":"42.28","content":"“Lord, ” I said, grief-stricken, “Thou dost not wish to engage with me in a ‘tug of war’ at Puri, where Thou wilt have to deny my incessant prayers for Master’s l.\n\n Must he, then, depart for higher duties at Thy behest?” In obedience to the inward command, I did not leave that night for Puri.\n\n The following evening I set out for the train; on the way, at seven o’clock, a black astral cloud suddenly covered the sky.\n\n {FN42-11} Later, while the train roared toward Puri, a vision of Sri Yukteswar appeared before me.\n\n He was sitting, very grave of countenance, with a light on each s.\n\n “Is it all over?” I lifted my arms beseechingly.","type":"default","passage":"Last Days with my Guru","commentary":"","meaning":""},{"id":"29","title":"42.29","content":"He nodded, then slowly vanished.\n\n As I stood on the Puri train platform the following morning, still hoping against hope, an unknown man approached me.\n\n “Have you heard that your Master is gone?” He left me without another word; I never discovered who he was nor how he had known where to find me.\n\n Stunned, I swayed against the platform wall, realizing that in diverse ways my guru was trying to convey to me the devastating news.\n\n Seething with rebellion, my soul was like a volcano.\n\n By the time I reached the Puri hermitage I was nearing collapse.\n\n The inner voice was tenderly repeating: “Collect yourself.\n\n Be calm.\n\n”","type":"default","passage":"Last Days with my Guru","commentary":"","meaning":""},{"id":"30","title":"42.30","content":"I entered the ashram room where Master’s body, unimaginably lifelike, was sitting in the lotus posture-a picture of health and loveliness.\n\n A short time before his passing, my guru had been slightly ill with fever, but before the day of his ascension into the Infinite, his body had become completely well.\n\n No matter how often I looked at his dear form I could not realize that its life had departed.\n\n His skin was smooth and soft; in his face was a beatific expression of tranquillity.\n\n He had consciously relinquished his body at the hour of mystic summoning.\n\n “The Lion of Bengal is gone!” I cried in a daze.","type":"default","passage":"Last Days with my Guru","commentary":"","meaning":""},{"id":"31","title":"42.31","content":"I conducted the solemn rites on March 10th.\n\n Sri Yukteswar was buried {FN42-12} with the ancient rituals of the swamis in the garden of his Puri ashram.\n\n His disciples later arrived from far and near to honor their guru at a vernal equinox memorial serv.\n\n The AMRITA BAZAR PATRIKA, leading newspaper of Calcutta, carried his picture and the following report: The death BHANDARA ceremony for Srimat Swami Sri Yukteswar Giri Maharaj, aged 81, took place at Puri on March 2.\n\n Many disciples came down to Puri for the rites.\n\n One of the greatest expounders of the BHAGAVAD GITA, Swami Maharaj was a great disciple of Yogiraj Sri Shyama Charan Lahiri Mahasaya of Benares.\n\n Swami Maharaj was the founder of several Yogoda Sat-Sanga  \n***(Self-Realization Fellowship)***\n centers in India, and was the great inspiration behind the yoga movement which was carried to the West by Swami Yogananda, his principal disciple.\n\n It was Sri Yukteswarji’s prophetic powers and deep realization that inspired Swami Yogananda to cross the oceans and spread in America the message of the masters of India.","type":"default","passage":"Last Days with my Guru","commentary":"","meaning":""},{"id":"32","title":"42.32","content":"His interpretations of the BHAGAVAD GITA and other scriptures testify to the depth of Sri Yukteswarji’s command of the philosophy, both Eastern and Western, and remain as an eye-opener for the unity between Orient and Occident.\n\n As he believed in the unity of all religious faiths, Sri Yukteswar Maharaj established SADHU SABHA  \n***(Society of Saints)***\n with the cooperation of leaders of various sects and faiths, for the inculcation of a scientific spirit in religion.\n\n At the time of his demise he nominated Swami Yogananda his successor as the president of SADHU SABH.\n\n India is really poorer today by the passing of such a great man.\n\n May all fortunate enough to have come near him inculcate in themselves the true spirit of India’s culture and SADHANA which was personified in him.","type":"default","passage":"Last Days with my Guru","commentary":"","meaning":""},{"id":"33","title":"42.33","content":"I returned to Calcutta.\n\n Not trusting myself as yet to go to the Serampore hermitage with its sacred memories, I summoned Prafulla, Sri Yukteswar’s little disciple in Serampore, and made arrangements for him to enter the Ranchi school.\n\n “The morning you left for the Allahabad MELA, ” Prafulla told me, “Master dropped heavily on the davenport.\n\n “‘Yogananda is gone!’ he cried.\n\n ‘Yogananda is gone!’ He added cryptically, ‘I shall have to tell him some other way.\n\n’ He sat then for hours in silence.\n\n” My days were filled with lectures, classes, interviews, and reunions with old friends.\n\n Beneath a hollow smile and a life of ceaseless activity, a stream of black brooding polluted the inner river of bliss which for so many years had meandered under the sands of all my perceptions.","type":"default","passage":"Last Days with my Guru","commentary":"","meaning":""},{"id":"34","title":"42.34","content":"“Where has that divine sage gone?” I cried silently from the depths of a tormented spirit.\n\n No answer came.\n\n “It is best that Master has completed his union with the Cosmic Beloved, ” my mind assured me.\n\n “He is eternally glowing in the dominion of deathlessness.\n\n” “Never again may you see him in the old Serampore mansion, ” my heart lamented.\n\n “No longer may you bring your friends to meet him, or proudly say: ‘Behold, there sits India’s JNANAVATAR!’” . Wright made arrangements for our party to sail from Bombay for the West in early June.\n\n After a fortnight in May of farewell banquets and speeches at Calcutta, Miss Bletch, . Wright and myself left in the Ford for Bombay.\n\n On our arrival, the ship authorities asked us to cancel our passage, as no room could be found for the Ford, which we would need again in Europe.","type":"default","passage":"Last Days with my Guru","commentary":"","meaning":""},{"id":"35","title":"42.35","content":"“Never mind, ” I said gloomily to . Wright.\n\n “I want to return once more to Puri.\n\n” I silently added, “Let my tears once again water the grave of my guru.\n\n” {FN42-1} Literally, PARAM, highest; HANSA, swan.\n\n The HANSA is represented in scriptural lore as the vehicle of Brahma, Supreme Spirit; as the symbol of discrimination, the white HANSA swan is thought of as able to separate the true SOMA nectar from a mixture of milk and water.\n\n HAM-SA  \n***(pronounced HONG-SAU)***\n are two sacred Sanskrit chant words possessing a vibratory connection with the incoming and outgoing breath.\n\n AHAM-SA is literally “I am He.\n\n”","type":"default","passage":"Last Days with my Guru","commentary":"","meaning":""},{"id":"36","title":"42.36","content":"{FN42-2} They have generally evaded the difficulty by addressing me as SI.\n\n {FN42-3} At the Puri ashram, Swami Sebananda is still conducting a small, flourishing yoga school for boys, and meditation groups for adults.\n\n Meetings of saints and pundits convene there periodically.\n\n {FN42-4} A section of Calcutta.\n\n {FN42-5} APHORISMS: II:.\n\n {FN42-6} Religious MELAS are mentioned in the ancient MAHABHARAT.\n\n The Chinese traveler Hieuen Tsiang has left an account of a vast KUMBHA MELA held in ..\n\n 644 at Allahabad.\n\n The largest MELA is held every twelfth year; the next largest  \n***(ARDHA or half)***\n KUMBHA occurs every sixth year.\n\n Smaller MELAS convene every third year, attracting about a million devotees.\n\n The four sacred MELA cities are Allahabad, Hardwar, Nasik, and Ujjain.","type":"default","passage":"Last Days with my Guru","commentary":"","meaning":""},{"id":"37","title":"42.37","content":"Early Chinese travelers have left us many striking pictures of Indian society.\n\n The Chinese priest, Fa-Hsien, wrote an account of his eleven years in India during the reign of Chandragupta II  \n***(early 4th century)***\n.\n\n The Chinese author relates: “Throughout the country no one kills any living thing, nor drinks w.\n\n . . . They do not keep pigs or fowl; there are no dealings in cattle, no butchers’ shops or distilleries.\n\n Rooms with beds and mattresses, food and clothes, are provided for resident and traveling priests without fail, and this is the same in all places.\n\n The priests occupy themselves with benevolent ministrations and with chanting liturgies; or they sit in meditation.\n\n” Fa-Hsien tells us the Indian people were happy and honest; capital punishment was unknown.","type":"default","passage":"Last Days with my Guru","commentary":"","meaning":""},{"id":"38","title":"42.38","content":"{FN42-7} I was not present at the deaths of my mother, elder brother Ananta, eldest sister Roma, Master, Father, or of several close disciples.\n\n  \n***(Father passed on at Calcutta in 1942, at the age of eighty-n.\n\n)***\n {FN42-8} The hundreds of thousands of Indian sadhus are controlled by an executive committee of seven leaders, representing seven large sections of India.\n\n The present MAHAMANDALESWAR or president is Joyendra Puri.\n\n This saintly man is extremely reserved, often confining his speech to three words-Truth, Love, and Work.\n\n A sufficient conversation! {FN42-9} There are many methods, it appears, for outwitting a tiger.\n\n An Australian explorer, Francis Birtles, has recounted that he found the Indian jungles “varied, beautiful, and safe.\n\n” His safety charm was flypaper.\n\n “Every night I spread a quantity of sheets around my camp and was never disturbed, ” he explained.\n\n “The reason is psychologic.\n\n The tiger is an animal of great conscious dignity.\n\n He prowls around and challenges man until he comes to the flypaper; he then slinks away.\n\n No dignified tiger would dare face a human being after squatting down upon a sticky flypaper!”","type":"default","passage":"Last Days with my Guru","commentary":"","meaning":""},{"id":"39","title":"42.39","content":"{FN42-10} After I returned to America I took off sixty-five pounds.\n\n {FN42-11} Sri Yukteswar passed at this hour-7:00 ..\n\n, March 9, 193.\n\n {FN42-12} Funeral customs in India require cremation for householders; swamis and monks of other orders are not cremated, but buried.\n\n  \n***(There are occasional exceptions.\n\n)***\n The bodies of monks are symbolically considered to have undergone cremation in the fire of wisdom at the time of taking the monastic vow.","type":"default","passage":"Last Days with my Guru","commentary":"","meaning":""}]}