{"id":44,"title":"With Mahatma Gandhi at Wardha","description":"With Mahatma Gandhi at Wardha","sectionCount":49,"tags":null,"contentId":"AoY01","sections":[{"id":"1","title":"44.1","content":"WITH MAHATMA GANDHI AT WARDHA “Welcome to Wardha!” Mahadev Desai, secretary to Mahatma Gandhi, greeted Miss Bletch, . Wright, and myself with these cordial words and the gift of wreaths of KHADDAR  \n***(homespun cotton)***\n.\n\n Our little group had just dismounted at the Wardha station on an early morning in August, glad to leave the dust and heat of the train.\n\n Consigning our luggage to a bullock cart, we entered an open motor car with . Desai and his companions, Babasaheb Deshmukh and . Pingale.\n\n A short drive over the muddy country roads brought us to MAGANVADI, the ashram of India’s political saint.","type":"default","passage":"With Mahatma Gandhi at Wardha","commentary":"","meaning":""},{"id":"2","title":"44.2","content":". Desai led us at once to the writing room where, cross-legged, sat Mahatma Gandhi.\n\n Pen in one hand and a scrap of paper in the other, on his face a vast, winning, warm-hearted smile! “Welcome!” he scribbled in Hindi; it was a Monday, his weekly day of silence.\n\n Though this was our first meeting, we beamed on each other affectionately.\n\n In 1925 Mahatma Gandhi had honored the Ranchi school by a visit, and had inscribed in its guest-book a gracious tribute.\n\n The tiny 100-pound saint radiated physical, mental, and spiritual health.\n\n His soft brown eyes shone with intelligence, sincerity, and discrimination; this statesman has matched wits and emerged the victor in a thousand legal, social, and political battles.\n\n No other leader in the world has attained the secure niche in the hearts of his people that Gandhi occupies for India’s unlettered millions.\n\n Their spontaneous tribute is his famous title-MAHATMA, “great soul.\n\n” {FN44-1} For them alone Gandhi confines his attire to the widely-cartooned loincloth, symbol of his oneness with the downtrodden masses who can afford no more.","type":"default","passage":"With Mahatma Gandhi at Wardha","commentary":"","meaning":""},{"id":"3","title":"44.3","content":"[Illustration: MAHATMA GANDHI, I enjoy a quiet lunch with India’s political saint at his hermitage in Wardha, August, 193.\n\n—see gandhi.\n\njpg] “The ashram residents are wholly at your disposal; please call on them for any serv.\n\n” With characteristic courtesy, the Mahatma handed me this hastily-written note as . Desai led our party from the writing room toward the guest house.\n\n Our guide led us through orchards and flowering fields to a tile-roofed building with latticed windows.\n\n A front-yard well, twenty-five feet across, was used, . Desai said, for watering stock; near-by stood a revolving cement wheel for threshing r.\n\n Each of our small bedrooms proved to contain only the irreducible minimum-a bed, handmade of rope.\n\n The whitewashed kitchen boasted a faucet in one corner and a fire pit for cooking in another.\n\n Simple Arcadian sounds reached our ears-the cries of crows and sparrows, the lowing of cattle, and the rap of chisels being used to chip stones.","type":"default","passage":"With Mahatma Gandhi at Wardha","commentary":"","meaning":""},{"id":"4","title":"44.4","content":"Observing . Wright’s travel diary, . Desai opened a page and wrote on it a list of SATYAGRAHA {FN44-2} vows taken by all the Mahatma’s strict followers  \n***(SATYAGRAHIS)***\n: “Nonviolence; Truth; Non-Stealing; Celibacy; Non-Possession; Body-Labor; Control of the Palate; Fearlessness; Equal Respect for all Religions; SWADESHI  \n***(use of home manufactures)***\n; Freedom from Untouchability.\n\n These eleven should be observed as vows in a spirit of humility.\n\n”  \n***(Gandhi himself signed this page on the following day, giving the date also-August 27, 193.\n\n)***\n Two hours after our arrival my companions and I were summoned to lunch.\n\n The Mahatma was already seated under the arcade of the ashram porch, across the courtyard from his study.\n\n About twenty-five barefooted SATYAGRAHIS were squatting before brass cups and plates.\n\n A community chorus of prayer; then a meal served from large brass pots containing CHAPATIS  \n***(whole-wheat unleavened bread)***\n sprinkled with GHEE; TALSARI  \n***(boiled and diced vegetables)***\n, and a lemon jam.","type":"default","passage":"With Mahatma Gandhi at Wardha","commentary":"","meaning":""},{"id":"5","title":"44.5","content":"The Mahatma ate CHAPATIS, boiled beets, some raw vegetables, and oranges.\n\n On the side of his plate was a large lump of very bitter NEEM leaves, a notable blood cleanser.\n\n With his spoon he separated a portion and placed it on my dish.\n\n I bolted it down with water, remembering childhood days when Mother had forced me to swallow the disagreeable dose.\n\n Gandhi, however, bit by bit was eating the NEEM paste with as much relish as if it had been a delicious sweetmeat.\n\n In this trifling incident I noted the Mahatma’s ability to detach his mind from the senses at will.\n\n I recalled the famous appendectomy performed on him some years ago.\n\n Refusing anesthetics, the saint had chatted cheerfully with his disciples throughout the operation, his infectious smile revealing his unawareness of pain.","type":"default","passage":"With Mahatma Gandhi at Wardha","commentary":"","meaning":""},{"id":"6","title":"44.6","content":"The afternoon brought an opportunity for a chat with Gandhi’s noted disciple, daughter of an English admiral, Miss Madeleine Slade, now called Mirabai.\n\n {FN44-3} Her strong, calm face lit with enthusiasm as she told me, in flawless Hindi, of her daily activities.\n\n “Rural reconstruction work is rewarding! A group of us go every morning at five o’clock to serve the near-by villagers and teach them simple hygiene.\n\n We make it a point to clean their latrines and their mud-thatched huts.\n\n The villagers are illiterate; they cannot be educated except by example!” She laughed gaily.\n\n I looked in admiration at this highborn Englishwoman whose true Christian humility enables her to do the scavengering work usually performed only by “untouchables.\n\n”","type":"default","passage":"With Mahatma Gandhi at Wardha","commentary":"","meaning":""},{"id":"7","title":"44.7","content":"“I came to India in 1925, ” she told me.\n\n “In this land I feel that I have ‘come back home.\n\n’ \n\nNow I would never be willing to return to my old life and old interests.\n\n” We discussed America for awh.\n\n “I am always pleased and amazed, ” she said, “to see the deep interest in spiritual subjects exhibited by the many Americans who visit India.\n\n” {FN44-4} Mirabai’s hands were soon busy at the CHARKA  \n***(spinning wheel)***\n, omnipresent in all the ashram rooms and, indeed, due to the Mahatma, omnipresent throughout rural India.\n\n Gandhi has sound economic and cultural reasons for encouraging the revival of cottage industries, but he does not counsel a fanatical repudiation of all modern progress.\n\n Machinery, trains, automobiles, the telegraph have played important parts in his own colossal life! Fifty years of public service, in prison and out, wrestling daily with practical details and harsh realities in the political world, have only increased his balance, open-mindedness, sanity, and humorous appreciation of the quaint human spectacle.","type":"default","passage":"With Mahatma Gandhi at Wardha","commentary":"","meaning":""},{"id":"8","title":"44.8","content":"Our trio enjoyed a six o’clock supper as guests of Babasaheb Deshmukh.\n\n The 7:00 ..\n\n prayer hour found us back at the MAGANVADI ashram, climbing to the roof where thirty SATYAGRAHIS were grouped in a semicircle around Gandhi.\n\n He was squatting on a straw mat, an ancient pocket watch propped up before him.\n\n The fading sun cast a last gleam over the palms and banyans; the hum of night and the crickets had started.\n\n The atmosphere was serenity itself; I was enraptured.\n\n A solemn chant led by . Desai, with responses from the group; then a GITA reading.\n\n The Mahatma motioned to me to give the concluding prayer.\n\n Such divine unison of thought and aspiration! A memory forever: the Wardha roof top meditation under the early stars.","type":"default","passage":"With Mahatma Gandhi at Wardha","commentary":"","meaning":""},{"id":"9","title":"44.9","content":"Punctually at eight o’clock Gandhi ended his silence.\n\n The herculean labors of his life require him to apportion his time minutely.\n\n “Welcome, Swamiji!” The Mahatma’s greeting this time was not via paper.\n\n We had just descended from the roof to his writing room, simply furnished with square mats  \n***(no chairs)***\n, a low desk with books, papers, and a few ordinary pens  \n***(not fountain pens)***\n; a nondescript clock ticked in a corner.\n\n An all-pervasive aura of peace and devotion.\n\n Gandhi was bestowing one of his captivating, cavernous, almost toothless smiles.\n\n “Years ago, ” he explained, “I started my weekly observance of a day of silence as a means for gaining time to look after my correspondence.\n\n But now those twenty-four hours have become a vital spiritual need.\n\n A periodical decree of silence is not a torture but a blessing.\n\n”","type":"default","passage":"With Mahatma Gandhi at Wardha","commentary":"","meaning":""},{"id":"10","title":"44.10","content":"I agreed wholeheartedly.\n\n {FN44-5} The Mahatma questioned me about America and Europe; we discussed India and world conditions.\n\n “Mahadev, ” Gandhi said as . Desai entered the room, “please make arrangements at Town Hall for Swamiji to speak there on yoga tomorrow night.\n\n” As I was bidding the Mahatma good night, he considerately handed me a bottle of citronella oil.\n\n “The Wardha mosquitoes don’t know a thing about AHIMSA, {FN44-6} Swamiji!” he said, laughing.\n\n The following morning our little group breakfasted early on a tasty wheat porridge with molasses and milk.\n\n At ten-thirty we were called to the ashram porch for lunch with Gandhi and the SATYAGRAHI.\n\n Today the menu included brown rice, a new selection of vegetables, and cardamom seeds.","type":"default","passage":"With Mahatma Gandhi at Wardha","commentary":"","meaning":""},{"id":"11","title":"44.11","content":"Noon found me strolling about the ashram grounds, on to the grazing land of a few imperturbable cows.\n\n The protection of cows is a passion with Gandhi.\n\n “The cow to me means the entire sub-human world, extending man’s sympathies beyond his own species, ” the Mahatma has explained.\n\n “Man through the cow is enjoined to realize his identity with all that lives.\n\n Why the ancient rishis selected the cow for apotheosis is obvious to me.\n\n The cow in India was the best comparison; she was the giver of plenty.\n\n Not only did she give milk, but she also made agriculture possible.\n\n The cow is a poem of pity; one reads pity in the gentle anim.\n\n She is the second mother to millions of mankind.\n\n Protection of the cow means protection of the whole dumb creation of God.\n\n The appeal of the lower order of creation is all the more forceful because it is speechless.\n\n”","type":"default","passage":"With Mahatma Gandhi at Wardha","commentary":"","meaning":""},{"id":"12","title":"44.12","content":"Three daily rituals are enjoined on the orthodox Hindu.\n\n One is BHUTA YAJNA, an offering of food to the animal kingdom.\n\n This ceremony symbolizes man’s realization of his obligations to less evolved forms of creation, instinctively tied to bodily identifications which also corrode human life, but lacking in that quality of liberating reason which is peculiar to humanity.\n\n BHUTA YAJNA thus reinforces man’s readiness to succor the weak, as he in turn is comforted by countless solicitudes of higher unseen beings.\n\n Man is also under bond for rejuvenating gifts of nature, prodigal in earth, sea, and sky.\n\n The evolutionary barrier of incommunicability among nature, animals, man, and astral angels is thus overcome by offices of silent love.","type":"default","passage":"With Mahatma Gandhi at Wardha","commentary":"","meaning":""},{"id":"13","title":"44.13","content":"The other two daily YAJNAS are PITRI and NR.\n\n PITRI YAJNA is an offering of oblations to ancestors, as a symbol of man’s acknowledgment of his debt to the past, essence of whose wisdom illumines humanity today.\n\n NRI YAJNA is an offering of food to strangers or the poor, symbol of the present responsibilities of man, his duties to contemporaries.\n\n In the early afternoon I fulfilled a neighborly NRI YAJNA by a visit to Gandhi’s ashram for little girls.\n\n . Wright accompanied me on the ten-minute dr.\n\n Tiny young flowerlike faces atop the long-stemmed colorful SARIS! At the end of a brief talk in Hindi {FN44-7} which I was giving outdoors, the skies unloosed a sudden downpour.\n\n Laughing, . Wright and I climbed aboard the car and sped back to MAGANVADI amidst sheets of driving silver.\n\n Such tropical intensity and splash!","type":"default","passage":"With Mahatma Gandhi at Wardha","commentary":"","meaning":""},{"id":"14","title":"44.14","content":"Reentering the guest house I was struck anew by the stark simplicity and evidences of self-sacrifice which are everywhere present.\n\n The Gandhi vow of non-possession came early in his married l.\n\n Renouncing an extensive legal practice which had been yielding him an annual income of more than $20, 000, the Mahatma dispersed all his wealth to the poor.\n\n Sri Yukteswar used to poke gentle fun at the commonly inadequate conceptions of renunciation.\n\n “A beggar cannot renounce wealth, ” Master would say.\n\n “If a man laments: ‘My business has failed; my wife has left me; I will renounce all and enter a monastery, ’ to what worldly sacrifice is he referring? He did not renounce wealth and love; they renounced him!”","type":"default","passage":"With Mahatma Gandhi at Wardha","commentary":"","meaning":""},{"id":"15","title":"44.15","content":"Saints like Gandhi, on the other hand, have made not only tangible material sacrifices, but also the more difficult renunciation of selfish motive and private goal, merging their inmost being in the stream of humanity as a whole.\n\n The Mahatma’s remarkable wife, Kasturabai, did not object when he failed to set aside any part of his wealth for the use of herself and their children.\n\n Married in early youth, Gandhi and his wife took the vow of celibacy after the birth of several sons.\n\n {FN44-8} A tranquil heroine in the intense drama that has been their life together, Kasturabai has followed her husband to prison, shared his three-week fasts, and fully borne her share of his endless responsibilities.\n\n She has paid Gandhi the following tribute:","type":"default","passage":"With Mahatma Gandhi at Wardha","commentary":"","meaning":""},{"id":"16","title":"44.16","content":"I thank you for having had the privilege of being your lifelong companion and helpmate.\n\n I thank you for the most perfect marriage in the world, based on BRAHMACHARYA  \n***(self-control)***\n and not on sex.\n\n I thank you for having considered me your equal in your life work for India.\n\n I thank you for not being one of those husbands who spend their time in gambling, racing, women, wine, and song, tiring of their wives and children as the little boy quickly tires of his childhood toys.\n\n How thankful I am that you were not one of those husbands who devote their time to growing rich on the exploitation of the labor of others.","type":"default","passage":"With Mahatma Gandhi at Wardha","commentary":"","meaning":""},{"id":"17","title":"44.17","content":"How thankful I am that you put God and country before bribes, that you had the courage of your convictions and a complete and implicit faith in God.\n\n How thankful I am for a husband that put God and his country before me.\n\n I am grateful to you for your tolerance of me and my shortcomings of youth, when I grumbled and rebelled against the change you made in our mode of living, from so much to so little.\n\n As a young child, I lived in your parents’ home; your mother was a great and good woman; she trained me, taught me how to be a brave, courageous wife and how to keep the love and respect of her son, my future husband.\n\n As the years passed and you became India’s most beloved leader, I had none of the fears that beset the wife who may be cast aside when her husband has climbed the ladder of success, as so often happens in other countries.\n\n I knew that death would still find us husband and w.","type":"default","passage":"With Mahatma Gandhi at Wardha","commentary":"","meaning":""},{"id":"18","title":"44.18","content":"For years Kasturabai performed the duties of treasurer of the public funds which the idolized Mahatma is able to raise by the millions.\n\n There are many humorous stories in Indian homes to the effect that husbands are nervous about their wives’ wearing any jewelry to a Gandhi meeting; the Mahatma’s magical tongue, pleading for the downtrodden, charms the gold bracelets and diamond necklaces right off the arms and necks of the wealthy into the collection basket! One day the public treasurer, Kasturabai, could not account for a disbursement of four rupees.\n\n Gandhi duly published an auditing in which he inexorably pointed out his wife’s four rupee discrepancy.","type":"default","passage":"With Mahatma Gandhi at Wardha","commentary":"","meaning":""},{"id":"19","title":"44.19","content":"I had often told this story before classes of my American students.\n\n One evening a woman in the hall had given an outraged gas.\n\n “Mahatma or no Mahatma, ” she had cried, “if he were my husband I would have given him a black eye for such an unnecessary public insult!” After some good-humored banter had passed between us on the subject of American wives and Hindu wives, I had gone on to a fuller explanation.\n\n “.\n\n Gandhi considers the Mahatma not as her husband but as her guru, one who has the right to discipline her for even insignificant errors, ” I had pointed out.\n\n “Sometime after Kasturabai had been publicly rebuked, Gandhi was sentenced to prison on a political charge.\n\n As he was calmly bidding farewell to his wife, she fell at his feet.\n\n ‘Master, ’ she said humbly, ‘if I have ever offended you, please forgive me.\n\n’” {FN44-9}","type":"default","passage":"With Mahatma Gandhi at Wardha","commentary":"","meaning":""},{"id":"20","title":"44.20","content":"At three o’clock that afternoon in Wardha, I betook myself, by previous appointment, to the writing room of the saint who had been able to make an unflinching disciple out of his own wife-rare miracle! Gandhi looked up with his unforgettable sm.\n\n “Mahatmaji, ” I said as I squatted beside him on the uncushioned mat, “please tell me your definition of AHIMS.\n\n” “The avoidance of harm to any living creature in thought or deed.\n\n” “Beautiful ideal! But the world will always ask: May one not kill a cobra to protect a child, or one’s self?” “I could not kill a cobra without violating two of my vows—fearlessness, and non-killing.\n\n I would rather try inwardly to calm the snake by vibrations of love.\n\n I cannot possibly lower my standards to suit my circumstances.\n\n” With his amazing candor, Gandhi added, “I must confess that I could not carry on this conversation were I faced by a cobra!”","type":"default","passage":"With Mahatma Gandhi at Wardha","commentary":"","meaning":""},{"id":"21","title":"44.21","content":"I remarked on several very recent Western books on diet which lay on his desk.\n\n “Yes, diet is important in the SATYAGRAHA movement-as everywhere else, ” he said with a chuckle.\n\n “Because I advocate complete continence for SATYAGRAHIS, I am always trying to find out the best diet for the celibate.\n\n One must conquer the palate before he can control the procreative instinct.\n\n Semi-starvation or unbalanced diets are not the answer.\n\n After overcoming the inward GREED for food, a SATYAGRAHI must continue to follow a rational vegetarian diet with all necessary vitamins, minerals, calories, and so forth.\n\n By inward and outward wisdom in regard to eating, the SATYAGRAHI’S sexual fluid is easily turned into vital energy for the whole body.\n\n”","type":"default","passage":"With Mahatma Gandhi at Wardha","commentary":"","meaning":""},{"id":"22","title":"44.22","content":"The Mahatma and I compared our knowledge of good meat-substitutes.\n\n “The avocado is excellent, ” I said.\n\n “There are numerous avocado groves near my center in California.\n\n” Gandhi’s face lit with interest.\n\n “I wonder if they would grow in Wardha? The SATYAGRAHIS would appreciate a new food.\n\n” “I will be sure to send some avocado plants from Los Angeles to Wardha.\n\n” {FN44-10} I added, “Eggs are a high-protein food; are they forbidden to SATYAGRAHIS?” “Not unfertilized eggs.\n\n” The Mahatma laughed reminiscently.\n\n “For years I would not countenance their use; even now I personally do not eat them.\n\n One of my daughters-in-law was once dying of malnutrition; her doctor insisted on eggs.\n\n I would not agree, and advised him to give her some egg-substitute.","type":"default","passage":"With Mahatma Gandhi at Wardha","commentary":"","meaning":""},{"id":"23","title":"44.23","content":"“‘Gandhiji, ’ the doctor said, ‘unfertilized eggs contain no life sperm; no killing is involved.\n\n’ “I then gladly gave permission for my daughter-in-law to eat eggs; she was soon restored to health.\n\n” On the previous night Gandhi had expressed a wish to receive the KRIYA YOGA of Lahiri Mahasaya.\n\n I was touched by the Mahatma’s open-mindedness and spirit of inquiry.\n\n He is childlike in his divine quest, revealing that pure receptivity which Jesus praised in children, “.\n\n . . of such is the kingdom of heaven.\n\n” The hour for my promised instruction had arrived; several SATYAGRAHIS now entered the room-.\n\n Desai, . Pingale, and a few others who desired the KRIYA technique.","type":"default","passage":"With Mahatma Gandhi at Wardha","commentary":"","meaning":""},{"id":"24","title":"44.24","content":"I first taught the little class the physical YOGODA exercises.\n\n The body is visualized as divided into twenty parts; the will directs energy in turn to each section.\n\n Soon everyone was vibrating before me like a human motor.\n\n It was easy to observe the rippling effect on Gandhi’s twenty body parts, at all times completely exposed to view! Though very thin, he is not unpleasingly so; the skin of his body is smooth and unwrinkled.\n\n Later I initiated the group into the liberating technique of KRIYA YOG.\n\n The Mahatma has reverently studied all world religions.\n\n The Jain scriptures, the Biblical New Testament, and the sociological writings of Tolstoy {FN44-11} are the three main sources of Gandhi’s nonviolent convictions.\n\n He has stated his credo thus:","type":"default","passage":"With Mahatma Gandhi at Wardha","commentary":"","meaning":""},{"id":"25","title":"44.25","content":"I believe the Bible, the KORAN, and the ZEND-AVESTA {FN44-12} to be as divinely inspired as the VEDA.\n\n I believe in the institution of Gurus, but in this age millions must go without a Guru, because it is a rare thing to find a combination of perfect purity and perfect learning.\n\n But one need not despair of ever knowing the truth of one’s religion, because the fundamentals of Hinduism as of every great religion are unchangeable, and easily understood.\n\n I believe like every Hindu in God and His oneness, in rebirth and salvation.\n\n . . . I can no more describe my feeling for Hinduism than for my own w.\n\n She moves me as no other woman in the world can.\n\n Not that she has no faults; I daresay she has many more than I see myself.\n\n But the feeling of an indissoluble bond is there.\n\n Even so I feel for and about Hinduism with all its faults and limitations.\n\n Nothing delights me so much as the music of the GITA, or the RAMAYANA by Tulsidas.\n\n When I fancied I was taking my last breath, the GITA was my solace.","type":"default","passage":"With Mahatma Gandhi at Wardha","commentary":"","meaning":""},{"id":"26","title":"44.26","content":"Hinduism is not an exclusive religion.\n\n In it there is room for the worship of all the prophets of the world.\n\n {FN44-13} It is not a missionary religion in the ordinary sense of the term.\n\n It has no doubt absorbed many tribes in its fold, but this absorption has been of an evolutionary, imperceptible character.\n\n Hinduism tells each man to worship God according to his own faith or DHARMA, {FN44-14} and so lives at peace with all religions.\n\n Of Christ, Gandhi has written: “I am sure that if He were living here now among men, He would bless the lives of many who perhaps have never even heard His name . . . just as it is written: ‘Not every one that saith unto me, Lord, Lord . . . but he that doeth the will of my Father.\n\n’ {FN44-15} In the lesson of His own life, Jesus gave humanity the magnificent purpose and the single objective toward which we all ought to asp.\n\n I believe that He belongs not solely to Christianity, but to the entire world, to all lands and races.\n\n”","type":"default","passage":"With Mahatma Gandhi at Wardha","commentary":"","meaning":""},{"id":"27","title":"44.27","content":"On my last evening in Wardha I addressed the meeting which had been called by . Desai in Town Hall.\n\n The room was thronged to the window sills with about 400 people assembled to hear the talk on yoga.\n\n I spoke first in Hindi, then in English.\n\n Our little group returned to the ashram in time for a good-night glimpse of Gandhi, enfolded in peace and correspondence.\n\n Night was still lingering when I rose at 5:00 ..\n\n Village life was already stirring; first a bullock cart by the ashram gates, then a peasant with his huge burden balanced precariously on his head.\n\n After breakfast our trio sought out Gandhi for farewell PRONAM.\n\n The saint rises at four o’clock for his morning prayer.","type":"default","passage":"With Mahatma Gandhi at Wardha","commentary":"","meaning":""},{"id":"28","title":"44.28","content":"“Mahatmaji, good-by!” I knelt to touch his feet.\n\n “India is safe in your keeping!” Years have rolled by since the Wardha idyl; the earth, oceans, and skies have darkened with a world at war.\n\n Alone among great leaders, Gandhi has offered a practical nonviolent alternative to armed might.\n\n To redress grievances and remove injustices, the Mahatma has employed nonviolent means which again and again have proved their effectiveness.\n\n He states his doctrine in these words: I have found that life persists in the midst of destruction.\n\n \n\nTherefore there must be a higher law than that of destruction.\n\n Only under that law would well-ordered society be intelligible and life worth living.","type":"default","passage":"With Mahatma Gandhi at Wardha","commentary":"","meaning":""},{"id":"29","title":"44.29","content":"If that is the law of life we must work it out in daily existence.\n\n Wherever there are wars, wherever we are confronted with an opponent, conquer by love.\n\n I have found that the certain law of love has answered in my own life as the law of destruction has never done.\n\n In India we have had an ocular demonstration of the operation of this law on the widest scale possible.\n\n I don’t claim that nonviolence has penetrated the 360, 000, 000 people in India, but I do claim it has penetrated deeper than any other doctrine in an incredibly short t.\n\n It takes a fairly strenuous course of training to attain a mental state of nonviolence.\n\n It is a disciplined life, like the life of a soldier.\n\n The perfect state is reached only when the mind, body, and speech are in proper coordination.\n\n Every problem would lend itself to solution if we determined to make the law of truth and nonviolence the law of l.","type":"default","passage":"With Mahatma Gandhi at Wardha","commentary":"","meaning":""},{"id":"30","title":"44.30","content":"Just as a scientist will work wonders out of various applications of the laws of nature, a man who applies the laws of love with scientific precision can work greater wonders.\n\n Nonviolence is infinitely more wonderful and subtle than forces of nature like, for instance, electricity.\n\n The law of love is a far greater science than any modern science.\n\n Consulting history, one may reasonably state that the problems of mankind have not been solved by the use of brute force.\n\n World War I produced a world-chilling snowball of war karma that swelled into World War I.\n\n Only the warmth of brotherhood can melt the present colossal snowball of war karma which may otherwise grow into World War II.\n\n This unholy trinity will banish forever the possibility of World War IV by a finality of atomic bombs.\n\n Use of jungle logic instead of human reason in settling disputes will restore the earth to a jungle.\n\n If brothers not in life, then brothers in violent death.","type":"default","passage":"With Mahatma Gandhi at Wardha","commentary":"","meaning":""},{"id":"31","title":"44.31","content":"War and crime never pay.\n\n The billions of dollars that went up in the smoke of explosive nothingness would have been sufficient to have made a new world, one almost free from disease and completely free from poverty.\n\n Not an earth of fear, chaos, famine, pestilence, the DANSE MACABRE, but one broad land of peace, of prosperity, and of widening knowledge.\n\n The nonviolent voice of Gandhi appeals to man’s highest conscience.\n\n Let nations ally themselves no longer with death, but with life; not with destruction, but with construction; not with the Annihilator, but with the Creator.\n\n “One should forgive, under any injury, ” says the MAHABHARAT.\n\n “It hath been said that the continuation of species is due to man’s being forgiving.\n\n Forgiveness is holiness; by forgiveness the universe is held together.\n\n Forgiveness is the might of the mighty; forgiveness is sacrifice; forgiveness is quiet of mind.\n\n Forgiveness and gentleness are the qualities of the self-possessed.\n\n They represent eternal virtue.\n\n”","type":"default","passage":"With Mahatma Gandhi at Wardha","commentary":"","meaning":""},{"id":"32","title":"44.32","content":"Nonviolence is the natural outgrowth of the law of forgiveness and love.\n\n “If loss of life becomes necessary in a righteous battle, ” Gandhi proclaims, “one should be prepared, like Jesus, to shed his own, not others’, blood.\n\n Eventually there will be less blood spilt in the world.\n\n” Epics shall someday be written on the Indian SATYAGRAHIS who withstood hate with love, violence with nonviolence, who allowed themselves to be mercilessly slaughtered rather than retaliate.\n\n The result on certain historic occasions was that the armed opponents threw down their guns and fled, shamed, shaken to their depths by the sight of men who valued the life of another above their own.","type":"default","passage":"With Mahatma Gandhi at Wardha","commentary":"","meaning":""},{"id":"33","title":"44.33","content":"“I would wait, if need be for ages, ” Gandhi says, “rather than seek the freedom of my country through bloody means.\n\n” Never does the Mahatma forget the majestic warning: “All they that take the sword shall perish with the sword.\n\n” {FN44-16} Gandhi has written: I call myself a nationalist, but my nationalism is as broad as the universe.\n\n It includes in its sweep all the nations of the earth.\n\n {FN44-17} My nationalism includes the well-being of the whole world.\n\n I do not want my India to rise on the ashes of other nations.\n\n I do not want India to exploit a single human being.\n\n I want India to be strong in order that she can infect the other nations also with her strength.\n\n Not so with a single nation in Europe today; they do not give strength to the others.","type":"default","passage":"With Mahatma Gandhi at Wardha","commentary":"","meaning":""},{"id":"34","title":"44.34","content":"President Wilson mentioned his beautiful fourteen points, but said: “After all, if this endeavor of ours to arrive at peace fails, we have our armaments to fall back upon.\n\n” I want to reverse that position, and I say: “Our armaments have failed already.\n\n Let us now be in search of something new; let us try the force of love and God which is truth.\n\n” When we have got that, we shall want nothing else.\n\n By the Mahatma’s training of thousands of true SATYAGRAHIS  \n***(those who have taken the eleven rigorous vows mentioned in the first part of this chapter)***\n, who in turn spread the message; by patiently educating the Indian masses to understand the spiritual and eventually material benefits of nonviolence; by arming his people with nonviolent weapons—non-cooperation with injustice, the willingness to endure indignities, prison, death itself rather than resort to arms; by enlisting world sympathy through countless examples of heroic martyrdom among SATYAGRAHIS, Gandhi has dramatically portrayed the practical nature of nonviolence, its solemn power to settle disputes without war.","type":"default","passage":"With Mahatma Gandhi at Wardha","commentary":"","meaning":""},{"id":"35","title":"44.35","content":"Gandhi has already won through nonviolent means a greater number of political concessions for his land than have ever been won by any leader of any country except through bullets.\n\n Nonviolent methods for eradication of all wrongs and evils have been strikingly applied not only in the political arena but in the delicate and complicated field of Indian social reform.\n\n Gandhi and his followers have removed many longstanding feuds between Hindus and Mohammedans; hundreds of thousands of Moslems look to the Mahatma as their leader.\n\n The untouchables have found in him their fearless and triumphant champion.\n\n “If there be a rebirth in store for me, ” Gandhi wrote, “I wish to be born a pariah in the midst of pariahs, because thereby I would be able to render them more effective serv.\n\n”","type":"default","passage":"With Mahatma Gandhi at Wardha","commentary":"","meaning":""},{"id":"36","title":"44.36","content":"The Mahatma is indeed a “great soul, ” but it was illiterate millions who had the discernment to bestow the title.\n\n This gentle prophet is honored in his own land.\n\n The lowly peasant has been able to rise to Gandhi’s high challenge.\n\n The Mahatma wholeheartedly believes in the inherent nobility of man.\n\n The inevitable failures have never disillusioned him.\n\n “Even if the opponent plays him false twenty times, ” he writes, “the SATYAGRAHI is ready to trust him the twenty-first time, for an implicit trust in human nature is the very essence of the creed.\n\n” {FN44-18} “Mahatmaji, you are an exceptional man.\n\n You must not expect the world to act as you do.\n\n” A critic once made this observation.","type":"default","passage":"With Mahatma Gandhi at Wardha","commentary":"","meaning":""},{"id":"37","title":"44.37","content":"“It is curious how we delude ourselves, fancying that the body can be improved, but that it is impossible to evoke the hidden powers of the soul, ” Gandhi replied.\n\n “I am engaged in trying to show that if I have any of those powers, I am as frail a mortal as any of us and that I never had anything extraordinary about me nor have I now.\n\n I am a simple individual liable to err like any other fellow mort.\n\n I own, however, that I have enough humility to confess my errors and to retrace my steps.\n\n I own that I have an immovable faith in God and His goodness, and an unconsumable passion for truth and love.\n\n But is that not what every person has latent in him? If we are to make progress, we must not repeat history but make new history.\n\n We must add to the inheritance left by our ancestors.\n\n If we may make new discoveries and inventions in the phenomenal world, must we declare our bankruptcy in the spiritual domain? Is it impossible to multiply the exceptions so as to make them the rule? Must man always be brute first and man after, if at all?” {FN44-19}","type":"default","passage":"With Mahatma Gandhi at Wardha","commentary":"","meaning":""},{"id":"38","title":"44.38","content":"Americans may well remember with pride the successful nonviolent experiment of William Penn in founding his 17th century colony in Pennsylvania.\n\n There were “no forts, no soldiers, no militia, even no arms.\n\n” Amidst the savage frontier wars and the butcheries that went on between the new settlers and the Red Indians, the Quakers of Pennsylvania alone remained unmolested.\n\n “Others were slain; others were massacred; but they were safe.\n\n Not a Quaker woman suffered assault; not a Quaker child was slain, not a Quaker man was tortured.\n\n” When the Quakers were finally forced to give up the government of the state, “war broke out, and some Pennsylvanians were killed.\n\n But only three Quakers were killed, three who had so far fallen from their faith as to carry weapons of defence.\n\n”","type":"default","passage":"With Mahatma Gandhi at Wardha","commentary":"","meaning":""},{"id":"39","title":"44.39","content":"“Resort to force in the Great War  \n***(I)***\n failed to bring tranquillity, ” Franklin . Roosevelt has pointed out.\n\n “Victory and defeat were alike ster.\n\n That lesson the world should have learned.\n\n” “The more weapons of violence, the more misery to mankind, ” Lao-tzu taught.\n\n “The triumph of violence ends in a festival of mourning.\n\n” “I am fighting for nothing less than world peace, ” Gandhi has declared.\n\n “If the Indian movement is carried to success on a nonviolent SATYAGRAHA basis, it will give a new meaning to patriotism and, if I may say so in all humility, to life itself.\n\n” Before the West dismisses Gandhi’s program as one of an impractical dreamer, let it first reflect on a definition of SATYAGRAHA by the Master of Galilee:","type":"default","passage":"With Mahatma Gandhi at Wardha","commentary":"","meaning":""},{"id":"40","title":"44.40","content":"“Ye have heard that it hath been said, An eye for an eye, and a tooth for a tooth: but I say unto you, That ye resist not evil: {FN44-20} but whosoever shall smite thee on thy right cheek, turn to him the other also.\n\n” Gandhi’s epoch has extended, with the beautiful precision of cosmic timing, into a century already desolated and devastated by two World Wars.\n\n A divine handwriting appears on the granite wall of his life: a warning against the further shedding of blood among brothers.\n\n MAHATMA GANDHI’S HANDWRITING IN HINDI [Illustration—see gandhi.\n\njpg] Mahatma Gandhi visited my high school with yoga training at Ranchi.\n\n He graciously wrote the above lines in the Ranchi guest-book.\n\n The translation is: “This institution has deeply impressed my mind.\n\n I cherish high hopes that this school will encourage the further practical use of the spinning wheel.\n\n”","type":"default","passage":"With Mahatma Gandhi at Wardha","commentary":"","meaning":""},{"id":"41","title":"44.41","content":"***(SIGNED)***\n MOHANDAS GANDHI September 17, 1925 [Illustration—see gandhiflag.\n\njpg] A national flag for India was designed in 1921 by Gandhi.\n\n The stripes are saffron, white and green; the CHARKA  \n***(spinning wheel)***\n in the center is dark blue.\n\n “The CHARKA symbolizes energy, ” he wrote, “and reminds us that during the past eras of prosperity in India’s history, hand spinning and other domestic crafts were prominent.\n\n” {FN44-1} His family name is Mohandas Karamchand Gandhi.\n\n He never refers to himself as “Mahatma.\n\n” {FN44-2} The literal translation from Sanskrit is “holding to truth.\n\n” SATYAGRAHA is the famous nonviolence movement led by Gandhi.","type":"default","passage":"With Mahatma Gandhi at Wardha","commentary":"","meaning":""},{"id":"42","title":"44.42","content":"{FN44-3} False and alas! malicious reports were recently circulated that Miss Slade has severed all her ties with Gandhi and forsaken her vows.\n\n Miss Slade, the Mahatma’s SATYAGRAHA disciple for twenty years, issued a signed statement to the UNITED PRESS, dated Dec.\n\n 29, 1945, in which she explained that a series of baseless rumors arose after she had departed, with Gandhi’s blessings, for a small site in northeastern India near the Himalayas, for the purpose of founding there her now-flourishing KISAN ASHRAM  \n***(center for medical and agricultural aid to peasant farmers)***\n.\n\n Mahatma Gandhi plans to visit the new ashram during 194.","type":"default","passage":"With Mahatma Gandhi at Wardha","commentary":"","meaning":""},{"id":"43","title":"44.43","content":"{FN44-4} Miss Slade reminded me of another distinguished Western woman, Miss Margaret Woodrow Wilson, eldest daughter of America’s great president.\n\n I met her in New York; she was intensely interested in India.\n\n Later she went to Pondicherry, where she spent the last five years of her life, happily pursuing a path of discipline at the feet of Sri Aurobindo Ghosh.\n\n This sage never speaks; he silently greets his disciples on three annual occasions only.\n\n {FN44-5} For years in America I had been observing periods of silence, to the consternation of callers and secretaries.\n\n {FN44-6} Harmlessness; nonviolence; the foundation rock of Gandhi’s creed.\n\n He was born into a family of strict Jains, who revere AHIMSA as the root-virtue.\n\n Jainism, a sect of Hinduism, was founded in the 6th century ..\n\n by Mahavira, a contemporary of Buddha.\n\n Mahavira means “great hero”; may he look down the centuries on his heroic son Gandhi!","type":"default","passage":"With Mahatma Gandhi at Wardha","commentary":"","meaning":""},{"id":"44","title":"44.44","content":"{FN44-7} Hindi is the lingua franca for the whole of India.\n\n An Indo-Aryan language based largely on Sanskrit roots, Hindi is the chief vernacular of northern India.\n\n The main dialect of Western Hindi is Hindustani, written both in the DEVANAGARI  \n***(Sanskrit)***\n characters and in Arabic characters.\n\n Its subdialect, Urdu, is spoken by Moslems.\n\n {FN44-8} Gandhi has described his life with a devastating candor in THE STORY OF MY EXPERIMENTS WITH TRUTH  \n***(Ahmedabad: Navajivan Press, 1927-29, 2 vol.\n\n)***\n This autobiography has been summarized in MAHATMA GANDHI, HIS OWN STORY, edited by . . Andrews, with an introduction by John Haynes Holmes  \n***(New York: Macmillan Co.\n\n, 1930)***\n.","type":"default","passage":"With Mahatma Gandhi at Wardha","commentary":"","meaning":""},{"id":"45","title":"44.45","content":"Many autobiographies replete with famous names and colorful events are almost completely silent on any phase of inner analysis or development.\n\n One lays down each of these books with a certain dissatisfaction, as though saying: “Here is a man who knew many notable persons, but who never knew himself.\n\n” This reaction is impossible with Gandhi’s autobiography; he exposes his faults and subterfuges with an impersonal devotion to truth rare in annals of any age.\n\n {FN44-9} Kasturabai Gandhi died in imprisonment at Poona on February 22, 194.\n\n The usually unemotional Gandhi wept silently.\n\n Shortly after her admirers had suggested a Memorial Fund in her honor, 125 lacs of rupees  \n***(nearly four million dollars)***\n poured in from all over India.\n\n Gandhi has arranged that the fund be used for village welfare work among women and children.\n\n He reports his activities in his English weekly, HARIJA.","type":"default","passage":"With Mahatma Gandhi at Wardha","commentary":"","meaning":""},{"id":"46","title":"44.46","content":"{FN44-10} I sent a shipment to Wardha, soon after my return to America.\n\n The plants, alas! died on the way, unable to withstand the rigors of the long ocean transportation.\n\n {FN44-11} Thoreau, Ruskin, and Mazzini are three other Western writers whose sociological views Gandhi has studied carefully.\n\n {FN44-12} The sacred scripture given to Persia about 1000 ..\n\n by Zoroaster.\n\n {FN44-13} The unique feature of Hinduism among the world religions is that it derives not from a single great founder but from the impersonal Vedic scriptures.\n\n Hinduism thus gives scope for worshipful incorporation into its fold of prophets of all ages and all lands.\n\n The Vedic scriptures regulate not only devotional practices but all important social customs, in an effort to bring man’s every action into harmony with divine law.","type":"default","passage":"With Mahatma Gandhi at Wardha","commentary":"","meaning":""},{"id":"47","title":"44.47","content":"{FN44-14} A comprehensive Sanskrit word for law; conformity to law or natural righteousness; duty as inherent in the circumstances in which a man finds himself at any given t.\n\n The scriptures define DHARMA as “the natural universal laws whose observance enables man to save himself from degradation and suffering.\n\n” {FN44-15} MATTHEW 7:2.\n\n {FN44-16} MATTHEW 26:5.\n\n {FN44-17} “Let not a man glory in this, that he love his country; Let him rather glory in this, that he love his kind.\n\n”-PERSIAN PROVER.\n\n {FN44-18} “Then came Peter to him and said, Lord, how oft shall my brother sin against me, and I forgive him? till seven times? Jesus saith unto him, I say not unto thee, Until seven times: but, Until seventy times seven.\n\n”-MATTHEW 18:21-2.","type":"default","passage":"With Mahatma Gandhi at Wardha","commentary":"","meaning":""},{"id":"48","title":"44.48","content":"{FN44-19} Charles . Steinmetz, the great electrical engineer, was once asked by . Roger . Babson: “What line of research will see the greatest development during the next fifty years?” “I think the greatest discovery will be made along spiritual lines, ” Steinmetz replied.\n\n “Here is a force which history clearly teaches has been the greatest power in the development of men.\n\n Yet we have merely been playing with it and have never seriously studied it as we have the physical forces.\n\n Someday people will learn that material things do not bring happiness and are of little use in making men and women creative and powerful.\n\n Then the scientists of the world will turn their laboratories over to the study of God and prayer and the spiritual forces which as yet have hardly been scratched.\n\n When this day comes, the world will see more advancement in one generation than it has seen in the past four.\n\n”","type":"default","passage":"With Mahatma Gandhi at Wardha","commentary":"","meaning":""},{"id":"49","title":"44.49","content":"{FN44-20} That is, resist not evil with evil.\n\n  \n***(MATTHEW 5:38-39)***","type":"default","passage":"With Mahatma Gandhi at Wardha","commentary":"","meaning":""}]}