{"id":45,"title":"The Bengali “Joy-Permeated Mother” (Ananda Moyi Ma)","description":"The Bengali “Joy-Permeated Mother” (Ananda Moyi Ma)","sectionCount":15,"tags":null,"contentId":"AoY01","sections":[{"id":"1","title":"45.1","content":"THE BENGALI “JOY-PERMEATED” MOTHER “Sir, please do not leave India without a glimpse of Nirmala Devi.\n\n Her sanctity is intense; she is known far and wide as Ananda Moyi Ma  \n***(Joy-Permeated Mother)***\n.\n\n” My niece, Amiyo Bose, gazed at me earnestly.\n\n “Of course! I want very much to see the woman saint.\n\n” I added, “I have read of her advanced state of God-realization.\n\n A little article about her appeared years ago in EAST-WES.\n\n” “I have met her, ” Amiyo went on.\n\n “She recently visited my own little town of Jamshedpur.\n\n At the entreaty of a disciple, Ananda Moyi Ma went to the home of a dying man.\n\n She stood by his bedside; as her hand touched his forehead, his death-rattle ceased.\n\n The disease vanished at once; to the man’s glad astonishment, he was well.\n\n”","type":"default","passage":"The Bengali “Joy-Permeated Mother” (Ananda Moyi Ma)","commentary":"","meaning":""},{"id":"2","title":"45.2","content":"A few days later I heard that the Blissful Mother was staying at the home of a disciple in the Bhowanipur section of Calcutta.\n\n . Wright and I set out immediately from my father’s Calcutta home.\n\n As the Ford neared the Bhowanipur house, my companion and I observed an unusual street scene.\n\n Ananda Moyi Ma was standing in an open-topped automobile, blessing a throng of about one hundred disciples.\n\n She was evidently on the point of departure.\n\n . Wright parked the Ford some distance away, and accompanied me on foot toward the quiet assemblage.\n\n The woman saint glanced in our direction; she alit from her car and walked toward us.","type":"default","passage":"The Bengali “Joy-Permeated Mother” (Ananda Moyi Ma)","commentary":"","meaning":""},{"id":"3","title":"45.3","content":"“Father, you have come!” With these fervent words she put her arm around my neck and her head on my shoulder.\n\n . Wright, to whom I had just remarked that I did not know the saint, was hugely enjoying this extraordinary demonstration of welcome.\n\n The eyes of the one hundred chelas were also fixed with some surprise on the affectionate tableau.\n\n I had instantly seen that the saint was in a high state of SAMADH.\n\n Utterly oblivious to her outward garb as a woman, she knew herself as the changeless soul; from that plane she was joyously greeting another devotee of God.\n\n She led me by the hand into her automob.","type":"default","passage":"The Bengali “Joy-Permeated Mother” (Ananda Moyi Ma)","commentary":"","meaning":""},{"id":"4","title":"45.4","content":"“Ananda Moyi Ma, I am delaying your journey!” I protested.\n\n “Father, I am meeting you for the first time in this life, after ages!” she said.\n\n “Please do not leave yet.\n\n” We sat together in the rear seats of the car.\n\n The Blissful Mother soon entered the immobile ecstatic state.\n\n Her beautiful eyes glanced heavenward and, half-opened, became stilled, gazing into the near-far inner Elysium.\n\n The disciples chanted gently: “Victory to Mother Divine!” I had found many men of God-realization in India, but never before had I met such an exalted woman saint.\n\n Her gentle face was burnished with the ineffable joy that had given her the name of Blissful Mother.\n\n Long black tresses lay loosely behind her unveiled head.\n\n A red dot of sandalwood paste on her forehead symbolized the spiritual eye, ever open within her.\n\n Tiny face, tiny hands, tiny feet-a contrast to her spiritual magnitude!","type":"default","passage":"The Bengali “Joy-Permeated Mother” (Ananda Moyi Ma)","commentary":"","meaning":""},{"id":"5","title":"45.5","content":"I put some questions to a near-by woman chela while Ananda Moyi Ma remained entranced.\n\n “The Blissful Mother travels widely in India; in many parts she has hundreds of disciples, ” the chela told me.\n\n “Her courageous efforts have brought about many desirable social reforms.\n\n Although a Brahmin, the saint recognizes no caste distinctions.\n\n {FN45-1} A group of us always travel with her, looking after her comforts.\n\n We have to mother her; she takes no notice of her body.\n\n If no one gave her food, she would not eat, or make any inquiries.\n\n Even when meals are placed before her, she does not touch them.\n\n To prevent her disappearance from this world, we disciples feed her with our own hands.\n\n For days together she often stays in the divine trance, scarcely breathing, her eyes unwinking.\n\n One of her chief disciples is her husband.\n\n Many years ago, soon after their marriage, he took the vow of silence.\n\n”","type":"default","passage":"The Bengali “Joy-Permeated Mother” (Ananda Moyi Ma)","commentary":"","meaning":""},{"id":"6","title":"45.6","content":"The chela pointed to a broad-shouldered, fine-featured man with long hair and hoary beard.\n\n He was standing quietly in the midst of the gathering, his hands folded in a disciple’s reverential attitude.\n\n Refreshed by her dip in the Infinite, Ananda Moyi Ma was now focusing her consciousness on the material world.\n\n “Father, please tell me where you stay.\n\n” Her voice was clear and melodious.\n\n “At present, in Calcutta or Ranchi; but soon I shall be returning to America.\n\n” “America?” “Yes.\n\n An Indian woman saint would be sincerely appreciated there by spiritual seekers.\n\n Would you like to go?” “If Father can take me, I will go.\n\n”","type":"default","passage":"The Bengali “Joy-Permeated Mother” (Ananda Moyi Ma)","commentary":"","meaning":""},{"id":"7","title":"45.7","content":"This reply caused her near-by disciples to start in alarm.\n\n “Twenty or more of us always travel with the Blissful Mother, ” one of them told me firmly.\n\n “We could not live without her.\n\n Wherever she goes, we must go.\n\n” Reluctantly I abandoned the plan, as possessing an impractical feature of spontaneous enlargement! “Please come at least to Ranchi, with your disciples, ” I said on taking leave of the saint.\n\n “As a divine child yourself, you will enjoy the little ones in my school.\n\n” “Whenever Father takes me, I will gladly go.\n\n” A short time later the Ranchi VIDYALAYA was in gala array for the saint’s promised visit.\n\n The youngsters looked forward to any day of festivity-no lessons, hours of music, and a feast for the climax!","type":"default","passage":"The Bengali “Joy-Permeated Mother” (Ananda Moyi Ma)","commentary":"","meaning":""},{"id":"8","title":"45.8","content":"“Victory! Ananda Moyi Ma, ki jai!” This reiterated chant from scores of enthusiastic little throats greeted the saint’s party as it entered the school gates.\n\n Showers of marigolds, tinkle of cymbals, lusty blowing of conch shells and beat of the MRIDANGA drum! The Blissful Mother wandered smilingly over the sunny VIDYALAYA grounds, ever carrying within her the portable parad.\n\n “It is beautiful here, ” Ananda Moyi Ma said graciously as I led her into the main building.\n\n She seated herself with a childlike smile by my s.\n\n The closest of dear friends, she made one feel, yet an aura of remoteness was ever around her-the paradoxical isolation of Omnipresence.","type":"default","passage":"The Bengali “Joy-Permeated Mother” (Ananda Moyi Ma)","commentary":"","meaning":""},{"id":"9","title":"45.9","content":"“Please tell me something of your l.\n\n” “Father knows all about it; why repeat it?” She evidently felt that the factual history of one short incarnation was beneath not.\n\n I laughed, gently repeating my question.\n\n “Father, there is little to tell.\n\n” She spread her graceful hands in a deprecatory gesture.\n\n “My consciousness has never associated itself with this temporary body.\n\n Before I came on this earth, Father, ‘I was the same.\n\n’ As a little girl, ‘I was the same.\n\n’ I grew into womanhood, but still ‘I was the same.\n\n’ When the family in which I had been born made arrangements to have this body married, ‘I was the same.\n\n’ And when, passion-drunk, my husband came to me and murmured endearing words, lightly touching my body, he received a violent shock, as if struck by lightning, for even then ‘I was the same.\n\n’","type":"default","passage":"The Bengali “Joy-Permeated Mother” (Ananda Moyi Ma)","commentary":"","meaning":""},{"id":"10","title":"45.10","content":"“My husband knelt before me, folded his hands, and implored my pardon.\n\n “‘Mother, ’ he said, ‘because I have desecrated your bodily temple by touching it with the thought of lust-not knowing that within it dwelt not my wife but the Divine Mother-I take this solemn vow: I shall be your disciple, a celibate follower, ever caring for you in silence as a servant, never speaking to anyone again as long as I l.\n\n May I thus atone for the sin I have today committed against you, my guru.\n\n’ “Even when I quietly accepted this proposal of my husband’s, ‘I was the same.\n\n’ And, Father, in front of you now, ‘I am the same.\n\n’ Ever afterward, though the dance of creation change around me in the hall of eternity, ‘I shall be the same.\n\n’”","type":"default","passage":"The Bengali “Joy-Permeated Mother” (Ananda Moyi Ma)","commentary":"","meaning":""},{"id":"11","title":"45.11","content":"Ananda Moyi Ma sank into a deep meditative state.\n\n Her form was statue-still; she had fled to her ever-calling kingdom.\n\n The dark pools of her eyes appeared lifeless and glassy.\n\n This expression is often present when saints remove their consciousness from the physical body, which is then hardly more than a piece of soulless clay.\n\n We sat together for an hour in the ecstatic trance.\n\n She returned to this world with a gay little laugh.\n\n “Please, Ananda Moyi Ma, ” I said, “come with me to the garden.\n\n . Wright will take some pictures.\n\n” “Of course, Father.\n\n Your will is my will.\n\n” Her glorious eyes retained the unchanging divine luster as she posed for many photographs.","type":"default","passage":"The Bengali “Joy-Permeated Mother” (Ananda Moyi Ma)","commentary":"","meaning":""},{"id":"12","title":"45.12","content":"Time for the feast! Ananda Moyi Ma squatted on her blanket-seat, a disciple at her elbow to feed her.\n\n Like an infant, the saint obediently swallowed the food after the chela had brought it to her lips.\n\n It was plain that the Blissful Mother did not recognize any difference between curries and sweetmeats! As dusk approached, the saint left with her party amidst a shower of rose petals, her hands raised in blessing on the little lads.\n\n Their faces shone with the affection she had effortlessly awakened.\n\n “Thou shalt love the Lord thy God with all thy heart, and with all thy soul, and with all thy mind, and with all thy strength:” Christ has proclaimed, “this is the first commandment.\n\n” {FN45-2}","type":"default","passage":"The Bengali “Joy-Permeated Mother” (Ananda Moyi Ma)","commentary":"","meaning":""},{"id":"13","title":"45.13","content":"Casting aside every inferior attachment, Ananda Moyi Ma offers her sole allegiance to the Lord.\n\n Not by the hairsplitting distinctions of scholars but by the sure logic of faith, the childlike saint has solved the only problem in human life-establishment of unity with God.\n\n Man has forgotten this stark simplicity, now befogged by a million issues.\n\n Refusing a monotheistic love to God, the nations disguise their infidelity by punctilious respect before the outward shrines of charity.\n\n These humanitarian gestures are virtuous, because for a moment they divert man’s attention from himself, but they do not free him from his single responsibility in life, referred to by Jesus as the first commandment.\n\n The uplifting obligation to love God is assumed with man’s first breath of an air freely bestowed by his only Benefactor.","type":"default","passage":"The Bengali “Joy-Permeated Mother” (Ananda Moyi Ma)","commentary":"","meaning":""},{"id":"14","title":"45.14","content":"On one other occasion after her Ranchi visit I had opportunity to see Ananda Moyi Ma.\n\n She stood among her disciples some months later on the Serampore station platform, waiting for the train.\n\n “Father, I am going to the Himalayas, ” she told me.\n\n “Generous disciples have built me a hermitage in Dehra Dun.\n\n” As she boarded the train, I marveled to see that whether amidst a crowd, on a train, feasting, or sitting in silence, her eyes never looked away from God.\n\n Within me I still hear her voice, an echo of measureless sweetness: “Behold, now and always one with the Eternal, ‘I am ever the same.\n\n’” {FN45-1} I find some further facts of Ananda Moyi Ma’s life, printed in EAST-WES.\n\n The saint was born in 1893 at Dacca in central Beng.\n\n Illiterate, she has yet stunned the intellectuals by her wisdom.\n\n Her verses in Sanskrit have filled scholars with wonderment.\n\n She has brought consolation to bereaved persons, and effected miraculous cures, by her mere presence.","type":"default","passage":"The Bengali “Joy-Permeated Mother” (Ananda Moyi Ma)","commentary":"","meaning":""},{"id":"15","title":"45.15","content":"{FN45-2} MARK 12:3.","type":"default","passage":"The Bengali “Joy-Permeated Mother” (Ananda Moyi Ma)","commentary":"","meaning":""}]}