{"id":46,"title":"The Woman Yogi who Never Eats (Giri Bala)","description":"The Woman Yogi who Never Eats (Giri Bala)","sectionCount":31,"tags":null,"contentId":"AoY01","sections":[{"id":"1","title":"46.1","content":"THE WOMAN YOGI WHO NEVER EATS “Sir, whither are we bound this morning?” . Wright was driving the Ford; he took his eyes off the road long enough to gaze at me with a questioning twinkle.\n\n From day to day he seldom knew what part of Bengal he would be discovering next.\n\n “God willing, ” I replied devoutly, “we are on our way to see an eighth wonder of the world-a woman saint whose diet is thin air!” “Repetition of wonders-after Therese Neumann.\n\n” But . Wright laughed eagerly just the same; he even accelerated the speed of the car.\n\n More extraordinary grist for his travel diary! Not one of an average tourist, that!","type":"default","passage":"The Woman Yogi who Never Eats (Giri Bala)","commentary":"","meaning":""},{"id":"2","title":"46.2","content":"The Ranchi school had just been left behind us; we had risen before the sun.\n\n Besides my secretary and myself, three Bengali friends were in the party.\n\n We drank in the exhilarating air, the natural wine of the morning.\n\n Our driver guided the car warily among the early peasants and the two-wheeled carts, slowly drawn by yoked, hump-shouldered bullocks, inclined to dispute the road with a honking interloper.\n\n “Sir, we would like to know more of the fasting saint.\n\n” “Her name is Giri Bala, ” I informed my companions.\n\n “I first heard about her years ago from a scholarly gentleman, Sthiti Lal Nundy.\n\n He often came to the Gurpar Road home to tutor my brother Bishnu.\n\n”","type":"default","passage":"The Woman Yogi who Never Eats (Giri Bala)","commentary":"","meaning":""},{"id":"3","title":"46.3","content":"“‘I know Giri Bala well, ’ Sthiti Babu told me.\n\n ‘She employs a certain yoga technique which enables her to live without eating.\n\n I was her close neighbor in Nawabganj near Ichapur.\n\n {FN46-1} I made it a point to watch her closely; never did I find evidence that she was taking either food or drink.\n\n My interest finally mounted so high that I approached the Maharaja of Burdwan {FN46-2} and asked him to conduct an investigation.\n\n Astounded at the story, he invited her to his palace.\n\n She agreed to a test and lived for two months locked up in a small section of his home.\n\n Later she returned for a palace visit of twenty days; and then for a third test of fifteen days.\n\n The Maharaja himself told me that these three rigorous scrutinies had convinced him beyond doubt of her non-eating state.\n\n’","type":"default","passage":"The Woman Yogi who Never Eats (Giri Bala)","commentary":"","meaning":""},{"id":"4","title":"46.4","content":"“This story of Sthiti Babu’s has remained in my mind for over twenty-five years, ” I concluded.\n\n “Sometimes in America I wondered if the river of time would not swallow the YOGINI {FN46-3} before I could meet her.\n\n She must be quite aged now.\n\n I do not even know where, or if, she lives.\n\n But in a few hours we shall reach Purulia; her brother has a home there.\n\n” By ten-thirty our little group was conversing with the brother, Lambadar Dey, a lawyer of Purulia.\n\n “Yes, my sister is living.\n\n She sometimes stays with me here, but at present she is at our family home in Biur.\n\n” Lambadar Babu glanced doubtfully at the Ford.\n\n “I hardly think, Swamiji, that any automobile has ever penetrated into the interior as far as Biur.\n\n It might be best if you all resign yourselves to the ancient jolt of the bullock cart!”","type":"default","passage":"The Woman Yogi who Never Eats (Giri Bala)","commentary":"","meaning":""},{"id":"5","title":"46.5","content":"As one voice our party pledged loyalty to the Pride of Detroit.\n\n “The Ford comes from America, ” I told the lawyer.\n\n “It would be a shame to deprive it of an opportunity to get acquainted with the heart of Bengal!” “May Ganesh {FN46-4} go with you!” Lambadar Babu said, laughing.\n\n He added courteously, “If you ever get there, I am sure Giri Bala will be glad to see you.\n\n She is approaching her seventies, but continues in excellent health.\n\n” “Please tell me, sir, if it is absolutely true that she eats nothing?” I looked directly into his eyes, those telltale windows of the mind.\n\n [Illustration: GIRI BALA, This great woman yogi has not taken food or drink since 188.\n\n I am pictured with her, in 1936, at her home in the isolated Bengal village of Biur.\n\n Her non-eating state has been rigorously investigated by the Maharaja of Burdwan.\n\n She employs a certain yoga technique to recharge her body with cosmic energy from the ether, sun, and air.\n\n—see giribala.\n\njpg]","type":"default","passage":"The Woman Yogi who Never Eats (Giri Bala)","commentary":"","meaning":""},{"id":"6","title":"46.6","content":"“It is true.\n\n” His gaze was open and honorable.\n\n “In more than five decades I have never seen her eat a morsel.\n\n If the world suddenly came to an end, I could not be more astonished than by the sight of my sister’s taking food!” We chuckled together over the improbability of these two cosmic events.\n\n “Giri Bala has never sought an inaccessible solitude for her yoga practices, ” Lambadar Babu went on.\n\n “She has lived her entire life surrounded by her family and friends.\n\n They are all well accustomed now to her strange state.\n\n Not one of them who would not be stupefied if Giri Bala suddenly decided to eat anything! Sister is naturally retiring, as befits a Hindu widow, but our little circle in Purulia and in Biur all know that she is literally an ‘exceptional’ woman.\n\n”","type":"default","passage":"The Woman Yogi who Never Eats (Giri Bala)","commentary":"","meaning":""},{"id":"7","title":"46.7","content":"The brother’s sincerity was manifest.\n\n Our little party thanked him warmly and set out toward Biur.\n\n We stopped at a street shop for curry and LUCHIS, attracting a swarm of urchins who gathered round to watch . Wright eating with his fingers in the simple Hindu manner.\n\n {FN46-5} Hearty appetites caused us to fortify ourselves against an afternoon which, unknown at the moment, was to prove fairly laborious.\n\n Our way now led east through sun-baked rice fields into the Burdwan section of Beng.\n\n On through roads lined with dense vegetation; the songs of the MAYNAS and the stripe-throated BULBULS streamed out from trees with huge, umbrellalike branches.\n\n A bullock cart now and then, the RINI, RINI, MANJU, MANJU squeak of its axle and iron-shod wooden wheels contrasting sharply in mind with the SWISH, SWISH of auto tires over the aristocratic asphalt of the cities.","type":"default","passage":"The Woman Yogi who Never Eats (Giri Bala)","commentary":"","meaning":""},{"id":"8","title":"46.8","content":"“Dick, halt!” My sudden request brought a jolting protest from the Ford.\n\n “That overburdened mango tree is fairly shouting an invitation!” The five of us dashed like children to the mango-strewn earth; the tree had benevolently shed its fruits as they had ripened.\n\n “Full many a mango is born to lie unseen, ” I paraphrased, “and waste its sweetness on the stony ground.\n\n” “Nothing like this in America, Swamiji, eh?” laughed Sailesh Mazumdar, one of my Bengali students.\n\n “No, ” I admitted, covered with mango juice and contentment.\n\n “How I have missed this fruit in the West! A Hindu’s heaven without mangoes is inconceivable!”","type":"default","passage":"The Woman Yogi who Never Eats (Giri Bala)","commentary":"","meaning":""},{"id":"9","title":"46.9","content":"I picked up a rock and downed a proud beauty hidden on the highest limb.\n\n “Dick, ” I asked between bites of ambrosia, warm with the tropical sun, “are all the cameras in the car?” “Yes, sir; in the baggage compartment.\n\n” “If Giri Bala proves to be a true saint, I want to write about her in the West.\n\n A Hindu YOGINI with such inspiring powers should not live and die unknown-like most of these mangoes.\n\n” Half an hour later I was still strolling in the sylvan peace.\n\n “Sir, ” . Wright remarked, “we should reach Giri Bala before the sun sets, to have enough light for photographs.\n\n” He added with a grin, “The Westerners are a skeptical lot; we can’t expect them to believe in the lady without any pictures!”","type":"default","passage":"The Woman Yogi who Never Eats (Giri Bala)","commentary":"","meaning":""},{"id":"10","title":"46.10","content":"This bit of wisdom was indisputable; I turned my back on temptation and reentered the car.\n\n “You are right, Dick, ” I sighed as we sped along, “I sacrifice the mango paradise on the altar of Western realism.\n\n Photographs we must have!” The road became more and more sickly: wrinkles of ruts, boils of hardened clay, the sad infirmities of old age! Our group dismounted occasionally to allow . Wright to more easily maneuver the Ford, which the four of us pushed from behind.\n\n “Lambadar Babu spoke truly, ” Sailesh acknowledged.\n\n “The car is not carrying us; we are carrying the car!” Our climb-in, climb-out auto tedium was beguiled ever and anon by the appearance of a village, each one a scene of quaint simplicity.","type":"default","passage":"The Woman Yogi who Never Eats (Giri Bala)","commentary":"","meaning":""},{"id":"11","title":"46.11","content":"“Our way twisted and turned through groves of palms among ancient, unspoiled villages nestling in the forest shade, ” . Wright has recorded in his travel diary, under date of May 5, 193.\n\n “Very fascinating are these clusters of thatched mud huts, decorated with one of the names of God on the door; many small, naked children innocently playing about, pausing to stare or run wildly from this big, black, bullockless carriage tearing madly through their village.\n\n The women merely peep from the shadows, while the men lazily loll beneath the trees along the roadside, curious beneath their nonchalance.\n\n In one place, all the villagers were gaily bathing in the large tank  \n***(in their garments, changing by draping dry cloths around their bodies, dropping the wet ones)***\n.\n\n Women bearing water to their homes, in huge brass jars.","type":"default","passage":"The Woman Yogi who Never Eats (Giri Bala)","commentary":"","meaning":""},{"id":"12","title":"46.12","content":"“The road led us a merry chase over mount and ridge; we bounced and tossed, dipped into small streams, detoured around an unfinished causeway, slithered across dry, sandy river beds and finally, about 5:00 ..\n\n, we were close to our destination, Biur.\n\n This minute village in the interior of Bankura District, hidden in the protection of dense foliage, is unapproachable by travelers during the rainy season, when the streams are raging torrents and the roads serpentlike spit the mud-venom.\n\n “Asking for a guide among a group of worshipers on their way home from a temple prayer  \n***(out in the lonely field)***\n, we were besieged by a dozen scantily clad lads who clambered on the sides of the car, eager to conduct us to Giri Bala.","type":"default","passage":"The Woman Yogi who Never Eats (Giri Bala)","commentary":"","meaning":""},{"id":"13","title":"46.13","content":"“The road led toward a grove of date palms sheltering a group of mud huts, but before we had reached it, the Ford was momentarily tipped at a dangerous angle, tossed up and dropped down.\n\n The narrow trail led around trees and tank, over ridges, into holes and deep ruts.\n\n The car became anchored on a clump of bushes, then grounded on a hillock, requiring a lift of earth clods; on we proceeded, slowly and carefully; suddenly the way was stopped by a mass of brush in the middle of the cart track, necessitating a detour down a precipitous ledge into a dry tank, rescue from which demanded some scraping, adzing, and shoveling.\n\n Again and again the road seemed impassable, but the pilgrimage must go on; obliging lads fetched spades and demolished the obstacles  \n***(shades of Ganesh!)***\n while hundreds of children and parents stared.","type":"default","passage":"The Woman Yogi who Never Eats (Giri Bala)","commentary":"","meaning":""},{"id":"14","title":"46.14","content":"“Soon we were threading our way along the two ruts of antiquity, women gazing wide-eyed from their hut doors, men trailing alongside and behind us, children scampering to swell the procession.\n\n Ours was perhaps the first auto to traverse these roads; the ‘bullock cart union’ must be omnipotent here! What a sensation we created-a group piloted by an American and pioneering in a snorting car right into their hamlet fastness, invading the ancient privacy and sanctity! “Halting by a narrow lane we found ourselves within a hundred feet of Giri Bala’s ancestral home.\n\n We felt the thrill of fulfillment after the long road struggle crowned by a rough finish.\n\n We approached a large, two-storied building of brick and plaster, dominating the surrounding adobe huts; the house was under the process of repair, for around it was the characteristically tropical framework of bamboos.","type":"default","passage":"The Woman Yogi who Never Eats (Giri Bala)","commentary":"","meaning":""},{"id":"15","title":"46.15","content":"“With feverish anticipation and suppressed rejoicing we stood before the open doors of the one blessed by the Lord’s ‘hungerless’ touch.\n\n Constantly agape were the villagers, young and old, bare and dressed, women aloof somewhat but inquisitive too, men and boys unabashedly at our heels as they gazed on this unprecedented spectacle.\n\n “Soon a short figure came into view in the doorway-Giri Bala! She was swathed in a cloth of dull, goldish silk; in typically Indian fashion, she drew forward modestly and hesitatingly, peering slightly from beneath the upper fold of her SWADESHI cloth.\n\n Her eyes glistened like smouldering embers in the shadow of her head piece; we were enamored by a most benevolent and kindly face, a face of realization and understanding, free from the taint of earthly attachment.","type":"default","passage":"The Woman Yogi who Never Eats (Giri Bala)","commentary":"","meaning":""},{"id":"16","title":"46.16","content":"“Meekly she approached and silently assented to our snapping a number of pictures with our ‘still’ and ‘movie’ cameras.\n\n {FN46-6} Patiently and shyly she endured our photo techniques of posture adjustment and light arrangement.\n\n Finally we had recorded for posterity many photographs of the only woman in the world who is known to have lived without food or drink for over fifty years.\n\n  \n***(Therese Neumann, of course, has fasted since 192.\n\n)***\n Most motherly was Giri Bala’s expression as she stood before us, completely covered in the loose-flowing cloth, nothing of her body visible but her face with its downcast eyes, her hands, and her tiny feet.\n\n A face of rare peace and innocent poise-a wide, childlike, quivering lip, a feminine nose, narrow, sparkling eyes, and a wistful sm.\n\n”","type":"default","passage":"The Woman Yogi who Never Eats (Giri Bala)","commentary":"","meaning":""},{"id":"17","title":"46.17","content":". Wright’s impression of Giri Bala was shared by myself; spirituality enfolded her like her gently shining veil.\n\n She PRONAMED before me in the customary gesture of greeting from a householder to a monk.\n\n Her simple charm and quiet smile gave us a welcome beyond that of honeyed oratory; forgotten was our difficult, dusty tri.\n\n The little saint seated herself cross-legged on the verandah.\n\n Though bearing the scars of age, she was not emaciated; her olive-colored skin had remained clear and healthy in tone.\n\n “Mother, ” I said in Bengali, “for over twenty-five years I have thought eagerly of this very pilgrimage! I heard about your sacred life from Sthiti Lal Nundy Babu.\n\n”","type":"default","passage":"The Woman Yogi who Never Eats (Giri Bala)","commentary":"","meaning":""},{"id":"18","title":"46.18","content":"She nodded in acknowledgment.\n\n “Yes, my good neighbor in Nawabganj.\n\n” “During those years I have crossed the oceans, but I never forgot my early plan to someday see you.\n\n The sublime drama that you are here playing so inconspicuously should be blazoned before a world that has long forgotten the inner food div.\n\n” The saint lifted her eyes for a minute, smiling with serene interest.\n\n “Baba  \n***(honored father)***\n knows best, ” she answered meekly.\n\n I was happy that she had taken no offense; one never knows how great yogis or yoginis will react to the thought of publicity.\n\n They shun it, as a rule, wishing to pursue in silence the profound soul research.\n\n An inner sanction comes to them when the proper time arrives to display their lives openly for the benefit of seeking minds.","type":"default","passage":"The Woman Yogi who Never Eats (Giri Bala)","commentary":"","meaning":""},{"id":"19","title":"46.19","content":"“Mother, ” I went on, “please forgive me, then, for burdening you with many questions.\n\n Kindly answer only those that please you; I shall understand your silence, also.\n\n” She spread her hands in a gracious gesture.\n\n “I am glad to reply, insofar as an insignificant person like myself can give satisfactory answers.\n\n” “Oh, no, not insignificant!” I protested sincerely.\n\n “You are a great soul.\n\n” “I am the humble servant of all.\n\n” She added quaintly, “I love to cook and feed people.\n\n” A strange pastime, I thought, for a non-eating saint! “Tell me, Mother, from your own lips-do you live without food?” “That is true.\n\n” She was silent for a few moments; her next remark showed that she had been struggling with mental arithmetic.\n\n “From the age of twelve years four months down to my present age of sixty-eight—a period of over fifty-six years—I have not eaten food or taken liquids.\n\n”","type":"default","passage":"The Woman Yogi who Never Eats (Giri Bala)","commentary":"","meaning":""},{"id":"20","title":"46.20","content":"“Are you never tempted to eat?” “If I felt a craving for food, I would have to eat.\n\n” Simply yet regally she stated this axiomatic truth, one known too well by a world revolving around three meals a day! “But you do eat something!” My tone held a note of remonstrance.\n\n “Of course!” She smiled in swift understanding.\n\n “Your nourishment derives from the finer energies of the air and sunlight, {FN46-7} and from the cosmic power which recharges your body through the medulla oblongata.\n\n” “Baba knows.\n\n” Again she acquiesced, her manner soothing and unemphatic.\n\n “Mother, please tell me about your early l.\n\n It holds a deep interest for all of India, and even for our brothers and sisters beyond the seas.\n\n”","type":"default","passage":"The Woman Yogi who Never Eats (Giri Bala)","commentary":"","meaning":""},{"id":"21","title":"46.21","content":"Giri Bala put aside her habitual reserve, relaxing into a conversational mood.\n\n “So be it.\n\n” Her voice was low and firm.\n\n “I was born in these forest regions.\n\n My childhood was unremarkable save that I was possessed by an insatiable appet.\n\n I had been betrothed in early years.\n\n “‘Child, ’ my mother often warned me, ‘try to control your greed.\n\n When the time comes for you to live among strangers in your husband’s family, what will they think of you if your days are spent in nothing but eating?’ “The calamity she had foreseen came to pass.\n\n I was only twelve when I joined my husband’s people in Nawabganj.\n\n My mother-in-law shamed me morning, noon, and night about my gluttonous habits.\n\n Her scoldings were a blessing in disguise, however; they roused my dormant spiritual tendencies.\n\n One morning her ridicule was merciless.","type":"default","passage":"The Woman Yogi who Never Eats (Giri Bala)","commentary":"","meaning":""},{"id":"22","title":"46.22","content":"“‘I shall soon prove to you, ’ I said, stung to the quick, ‘that I shall never touch food again as long as I l.\n\n’ “My mother-in-law laughed in derision.\n\n ‘So!’ she said, ‘how can you live without eating, when you cannot live without overeating?’ “This remark was unanswerable! Yet an iron resolution scaffolded my spirit.\n\n In a secluded spot I sought my Heavenly Father.\n\n “‘Lord, ’ I prayed incessantly, ‘please send me a guru, one who can teach me to live by Thy light and not by food.\n\n’ “A divine ecstasy fell over me.\n\n Led by a beatific spell, I set out for the Nawabganj GHAT on the Ganges.\n\n On the way I encountered the priest of my husband’s family.","type":"default","passage":"The Woman Yogi who Never Eats (Giri Bala)","commentary":"","meaning":""},{"id":"23","title":"46.23","content":"“‘Venerable sir, ’ I said trustingly, ‘kindly tell me how to live without eating.\n\n’ “He stared at me without reply.\n\n Finally he spoke in a consoling manner.\n\n ‘Child, ’ he said, ‘come to the temple this evening; I will conduct a special VEDIC ceremony for you.\n\n’ “This vague answer was not the one I was seeking; I continued toward the GHA.\n\n The morning sun pierced the waters; I purified myself in the Ganges, as though for a sacred initiation.\n\n As I left the river bank, my wet cloth around me, in the broad glare of day my master materialized himself before me! “‘Dear little one, ’ he said in a voice of loving compassion, ‘I am the guru sent here by God to fulfill your urgent prayer.\n\n He was deeply touched by its very unusual nature! From today you shall live by the astral light, your bodily atoms fed from the infinite current.\n\n’”","type":"default","passage":"The Woman Yogi who Never Eats (Giri Bala)","commentary":"","meaning":""},{"id":"24","title":"46.24","content":"Giri Bala fell into silence.\n\n I took . Wright’s pencil and pad and translated into English a few items for his information.\n\n The saint resumed the tale, her gentle voice barely audible.\n\n “The GHAT was deserted, but my guru cast round us an aura of guarding light, that no stray bathers later disturb us.\n\n He initiated me into a KRIA technique which frees the body from dependence on the gross food of mortals.\n\n The technique includes the use of a certain MANTRA {FN46-8} and a breathing exercise more difficult than the average person could perform.\n\n No medicine or magic is involved; nothing beyond the KRI.\n\n”","type":"default","passage":"The Woman Yogi who Never Eats (Giri Bala)","commentary":"","meaning":""},{"id":"25","title":"46.25","content":"In the manner of the American newspaper reporter, who had unknowingly taught me his procedure, I questioned Giri Bala on many matters which I thought would be of interest to the world.\n\n She gave me, bit by bit, the following information: “I have never had any children; many years ago I became a widow.\n\n I sleep very little, as sleep and waking are the same to me.\n\n I meditate at night, attending to my domestic duties in the dayt.\n\n I slightly feel the change in climate from season to season.\n\n I have never been sick or experienced any disease.\n\n I feel only slight pain when accidentally injured.\n\n I have no bodily excretions.\n\n I can control my heart and breathing.\n\n I often see my guru as well as other great souls, in vision.\n\n”","type":"default","passage":"The Woman Yogi who Never Eats (Giri Bala)","commentary":"","meaning":""},{"id":"26","title":"46.26","content":"“Mother, ” I asked, “why don’t you teach others the method of living without food?” My ambitious hopes for the world’s starving millions were nipped in the bud.\n\n “.\n\n” She shook her head.\n\n “I was strictly commanded by my guru not to divulge the secret.\n\n It is not his wish to tamper with God’s drama of creation.\n\n The farmers would not thank me if I taught many people to live without eating! The luscious fruits would lie uselessly on the ground.\n\n It appears that misery, starvation, and disease are whips of our karma which ultimately drive us to seek the true meaning of l.\n\n” “Mother, ” I said slowly, “what is the use of your having been singled out to live without eating?”","type":"default","passage":"The Woman Yogi who Never Eats (Giri Bala)","commentary":"","meaning":""},{"id":"27","title":"46.27","content":"“To prove that man is Spirit.\n\n” Her face lit with wisdom.\n\n “To demonstrate that by divine advancement he can gradually learn to live by the Eternal Light and not by food.\n\n” The saint sank into a deep meditative state.\n\n Her gaze was directed inward; the gentle depths of her eyes became expressionless.\n\n She gave a certain sigh, the prelude to the ecstatic breathless trance.\n\n For a time she had fled to the questionless realm, the heaven of inner joy.\n\n The tropical darkness had fallen.\n\n The light of a small kerosene lamp flickered fitfully over the faces of a score of villagers squatting silently in the shadows.\n\n The darting glowworms and distant oil lanterns of the huts wove bright eerie patterns into the velvet night.\n\n It was the painful hour of parting; a slow, tedious journey lay before our little party.","type":"default","passage":"The Woman Yogi who Never Eats (Giri Bala)","commentary":"","meaning":""},{"id":"28","title":"46.28","content":"“Giri Bala, ” I said as the saint opened her eyes, “please give me a keepsake-a strip of one of your SARI.\n\n” She soon returned with a piece of Benares silk, extending it in her hand as she suddenly prostrated herself on the ground.\n\n “Mother, ” I said reverently, “rather let me touch your own blessed feet!” {FN46-1} In northern Beng.\n\n {FN46-2} . . Sir Bijay Chand Mahtab, now dead.\n\n His family doubtless possesses some record of the Maharaja’s three investigations of Giri Bala.\n\n {FN46-3} Woman yogi.\n\n {FN46-4} “Remover of Obstacles, ” the god of good fortune.\n\n {FN46-5} Sri Yukteswar used to say: “The Lord has given us the fruits of the good earth.\n\n We like to see our food, to smell it, to taste it—the Hindu likes also to touch it!” One does not mind HEARING it, either, if no one else is present at the meal!","type":"default","passage":"The Woman Yogi who Never Eats (Giri Bala)","commentary":"","meaning":""},{"id":"29","title":"46.29","content":"{FN46-6} . Wright also took moving pictures of Sri Yukteswar during his last Winter Solstice Festival in Serampore.\n\n {FN46-7} “What we eat is radiation; our food is so much quanta of energy, ” . George . Crile of Cleveland told a gathering of medical men on May 17, 1933 in Memphis.\n\n “This all-important radiation, which releases electrical currents for the body’s electrical circuit, the nervous system, is given to food by the sun’s rays.\n\n Atoms, . Crile says, are solar systems.\n\n Atoms are the vehicles that are filled with solar radiance as so many coiled springs.\n\n These countless atomfuls of energy are taken in as food.\n\n Once in the human body, these tense vehicles, the atoms, are discharged in the body’s protoplasm, the radiance furnishing new chemical energy, new electrical currents.\n\n ‘Your body is made up of such atoms, ’ . Crile said.\n\n ‘They are your muscles, brains, and sensory organs, such as the eyes and ears.\n\n’”","type":"default","passage":"The Woman Yogi who Never Eats (Giri Bala)","commentary":"","meaning":""},{"id":"30","title":"46.30","content":"Someday scientists will discover how man can live directly on solar energy.\n\n “Chlorophyll is the only substance known in nature that somehow possesses the power to act as a ‘sunlight trap, ’” William . Laurence writes in the NEW YORK TIME.\n\n “It ‘catches’ the energy of sunlight and stores it in the plant.\n\n Without this no life could exist.\n\n We obtain the energy we need for living from the solar energy stored in the plant-food we eat or in the flesh of the animals that eat the plants.\n\n The energy we obtain from coal or oil is solar energy trapped by the chlorophyll in plant life millions of years ago.\n\n We live by the sun through the agency of chlorophyll.\n\n”","type":"default","passage":"The Woman Yogi who Never Eats (Giri Bala)","commentary":"","meaning":""},{"id":"31","title":"46.31","content":"{FN46-8} Potent vibratory chant.\n\n The literal translation of Sanskrit MANTRA is “instrument of thought, ” signifying the ideal, inaudible sounds which represent one aspect of creation; when vocalized as syllables, a MANTRA constitutes a universal terminology.\n\n The infinite powers of sound derive from AUM, the “Word” or creative hum of the Cosmic Motor.","type":"default","passage":"The Woman Yogi who Never Eats (Giri Bala)","commentary":"","meaning":""}]}