{"id":47,"title":"I Return to the West","description":"I Return to the West","sectionCount":11,"tags":null,"contentId":"AoY01","sections":[{"id":"1","title":"47.1","content":"I RETURN TO THE WEST “I have given many yoga lessons in India and America; but I must confess that, as a Hindu, I am unusually happy to be conducting a class for English students.\n\n” My London class members laughed appreciatively; no political turmoils ever disturbed our yoga peace.\n\n India was now a hallowed memory.\n\n It is September, 1936; I am in England to fulfill a promise, given sixteen months earlier, to lecture again in London.\n\n England, too, is receptive to the timeless yoga message.\n\n Reporters and newsreel cameramen swarmed over my quarters at Grosvenor House.\n\n The British National Council of the World Fellowship of Faiths organized a meeting on September 29th at Whitefield’s Congregational Church where I addressed the audience on the weighty subject of “How Faith in Fellowship may Save Civilization.\n\n” The eight o’clock lectures at Caxton Hall attracted such crowds that on two nights the overflow waited in Windsor House auditorium for my second talk at nine-thirty.\n\n Yoga classes during the following weeks grew so large that . Wright was obliged to arrange a transfer to another hall.","type":"default","passage":"I Return to the West","commentary":"","meaning":""},{"id":"2","title":"47.2","content":"The English tenacity has admirable expression in a spiritual relationshi.\n\n The London yoga students loyally organized themselves, after my departure, into a Self-Realization Fellowship center, holding their meditation meetings weekly throughout the bitter war years.\n\n Unforgettable weeks in England; days of sight-seeing in London, then over the beautiful countrys.\n\n . Wright and I summoned the trusty Ford to visit the birthplaces and tombs of the great poets and heroes of British history.\n\n Our little party sailed from Southampton for America in late October on the BREME.\n\n The majestic Statue of Liberty in New York harbor brought a joyous emotional gulp not only to the throats of Miss Bletch and . Wright, but to my own.","type":"default","passage":"I Return to the West","commentary":"","meaning":""},{"id":"3","title":"47.3","content":"The Ford, a bit battered from struggles with ancient soils, was still puissant; it now took in its stride the transcontinental trip to California.\n\n In late 1936, lo! Mount Washington.\n\n The year-end holidays are celebrated annually at the Los Angeles center with an eight-hour group meditation on December 24th  \n***(Spiritual Christmas)***\n, followed the next day by a banquet  \n***(Social Christmas)***\n.\n\n The festivities this year were augmented by the presence of dear friends and students from distant cities who had arrived to welcome home the three world travelers.\n\n The Christmas Day feast included delicacies brought fifteen thousand miles for this glad occasion: GUCCHI mushrooms from Kashmir, canned RASAGULLA and mango pulp, PAPAR biscuits, and an oil of the Indian KEORA flower which flavored our ice cream.\n\n The evening found us grouped around a huge sparkling Christmas tree, the near-by fireplace crackling with logs of aromatic cypress.","type":"default","passage":"I Return to the West","commentary":"","meaning":""},{"id":"4","title":"47.4","content":"Gift-time! Presents from the earth’s far corners-Palestine, Egypt, India, England, France, Italy.\n\n How laboriously had . Wright counted the trunks at each foreign junction, that no pilfering hand receive the treasures intended for loved ones in America! Plaques of the sacred olive tree from the Holy Land, delicate laces and embroideries from Belgium and Holland, Persian carpets, finely woven Kashmiri shawls, everlastingly fragrant sandalwood trays from Mysore, Shiva “bull’s eye” stones from Central Provinces, old Indian coins of dynasties long fled, bejeweled vases and cups, miniatures, tapestries, temple incense and perfumes, SWADESHI cotton prints, lacquer work, Mysore ivory carvings, Persian slippers with their inquisitive long toe, quaint old illuminated manuscripts, velvets, brocades, Gandhi caps, potteries, tiles, brasswork, prayer rugs-booty of three continents!","type":"default","passage":"I Return to the West","commentary":"","meaning":""},{"id":"5","title":"47.5","content":"One by one I distributed the gaily wrapped packages from the immense pile under the tree.\n\n “Sister Gyanamata!” I handed a long box to the saintly American lady of sweet visage and deep realization who, during my absence, had been in charge at Mt.\n\n Washington.\n\n From the paper tissues she lifted a SARI of golden Benares silk.\n\n “Thank you, sir; it brings the pageant of India before my eyes.\n\n” “.\n\n Dickinson!” The next parcel contained a gift which I had bought in a Calcutta bazaar.\n\n “.\n\n Dickinson will like this, ” I had thought at the t.\n\n A dearly beloved disciple, . Dickinson had been present at every Christmas festivity since the 1925 founding of Mt.\n\n Washington.\n\n At this eleventh annual celebration, he was standing before me, untying the ribbons of his square little package.","type":"default","passage":"I Return to the West","commentary":"","meaning":""},{"id":"6","title":"47.6","content":"“The silver cup!” Struggling with emotion, he stared at the present, a tall drinking cu.\n\n He seated himself some distance away, apparently in a daze.\n\n I smiled at him affectionately before resuming my role as Santa Claus.\n\n The ejaculatory evening closed with a prayer to the Giver of all gifts; then a group singing of Christmas carols.\n\n . Dickinson and I were chatting together sometime later.\n\n “Sir, ” he said, “please let me thank you now for the silver cu.\n\n I could not find any words on Christmas night.\n\n” “I brought the gift especially for you.\n\n” “For forty-three years I have been waiting for that silver cup! It is a long story, one I have kept hidden within me.\n\n” . Dickinson looked at me shyly.\n\n “The beginning was dramatic: I was drowning.\n\n My older brother had playfully pushed me into a fifteen-foot pool in a small town in Nebraska.\n\n I was only five years old then.\n\n As I was about to sink for the second time under the water, a dazzling multicolored light appeared, filling all space.\n\n In the midst was the figure of a man with tranquil eyes and a reassuring sm.\n\n My body was sinking for the third time when one of my brother’s companions bent a tall slender willow tree in such a low dip that I could grasp it with my desperate fingers.\n\n The boys lifted me to the bank and successfully gave me first-aid treatment.","type":"default","passage":"I Return to the West","commentary":"","meaning":""},{"id":"7","title":"47.7","content":"“Twelve years later, a youth of seventeen, I visited Chicago with my mother.\n\n It was 1893; the great World Parliament of Religions was in session.\n\n Mother and I were walking down a main street, when again I saw the mighty flash of light.\n\n A few paces away, strolling leisurely along, was the same man I had seen years before in vision.\n\n He approached a large auditorium and vanished within the door.\n\n [Illustration: . . . Dickinson of Los Angeles; he sought a silver cup—see dickinson.\n\njpg] [Illustration: Sri Yukteswar and myself in Calcutta, 193.\n\n He is carrying the gift umbrella-cane—see gurus.\n\njpg]","type":"default","passage":"I Return to the West","commentary":"","meaning":""},{"id":"8","title":"47.8","content":"[Illustration: A group of Ranchi students and teachers pose with the venerable Maharaja of Kasimbazar  \n***(at center, in white)***\n.\n\n In 1918 he gave his Kasimbazar Palace and twenty-five acres in Ranchi as a permanent site for my yoga school for boys.\n\n—see teachers.\n\njpg] “‘Mother, ’ I cried, ‘that was the man who appeared at the time I was drowning!’ “She and I hastened into the building; the man was seated on a lecture platform.\n\n We soon learned that he was Swami Vivekananda of India.\n\n {FN47-1} After he had given a soul-stirring talk, I went forward to meet him.\n\n He smiled on me graciously, as though we were old friends.\n\n I was so young that I did not know how to give expression to my feelings, but in my heart I was hoping that he would offer to be my teacher.\n\n He read my thought.","type":"default","passage":"I Return to the West","commentary":"","meaning":""},{"id":"9","title":"47.9","content":"“‘No, my son, I am not your guru.\n\n’ Vivekananda gazed with his beautiful, piercing eyes deep into my own.\n\n ‘Your teacher will come later.\n\n He will give you a silver cu.\n\n’ After a little pause, he added, smiling, ‘He will pour out to you more blessings than you are now able to hold.\n\n’ “I left Chicago in a few days, ” . Dickinson went on, “and never saw the great Vivekananda again.\n\n But every word he had uttered was indelibly written on my inmost consciousness.\n\n Years passed; no teacher appeared.\n\n One night in 1925 I prayed deeply that the Lord would send me my guru.\n\n A few hours later, I was awakened from sleep by soft strains of melody.\n\n A band of celestial beings, carrying flutes and other instruments, came before my view.\n\n After filling the air with glorious music, the angels slowly vanished.","type":"default","passage":"I Return to the West","commentary":"","meaning":""},{"id":"10","title":"47.10","content":"“The next evening I attended, for the first time, one of your lectures here in Los Angeles, and knew then that my prayer had been granted.\n\n” We smiled at each other in silence.\n\n “For eleven years now I have been your KRIYA YOGA disciple, ” . Dickinson continued.\n\n “Sometimes I wondered about the silver cup; I had almost persuaded myself that Vivekananda’s words were only metaphoric.\n\n But on Christmas night, as you handed me the square box by the tree, I saw, for the third time in my life, the same dazzling flash of light.\n\n In another minute I was gazing on my guru’s gift which Vivekananda had foreseen for me forty-three years earlier-a silver cup!”","type":"default","passage":"I Return to the West","commentary":"","meaning":""},{"id":"11","title":"47.11","content":"{FN47-1} The chief disciple of the Christlike master Sri Ramakrishna.","type":"default","passage":"I Return to the West","commentary":"","meaning":""}]}