{"id":48,"title":"At Encinitas in California","description":"At Encinitas in California","sectionCount":21,"tags":null,"contentId":"AoY01","sections":[{"id":"1","title":"48.1","content":"AT ENCINITAS IN CALIFORNIA “A surprise, sir! During your absence abroad we have had this Encinitas hermitage built; it is a ‘welcome-home’ gift!” Sister Gyanamata smilingly led me through a gate and up a tree-shaded walk.\n\n I saw a building jutting out like a great white ocean liner toward the blue br.\n\n First speechlessly, then with “Oh’s!” and “Ah’s!”, finally with man’s insufficient vocabulary of joy and gratitude, I examined the ashram-sixteen unusually large rooms, each one charmingly appointed.\n\n The stately central hall, with immense ceiling-high windows, looks out on a united altar of grass, ocean, sky-a symphony in emerald, opal, sapph.\n\n A mantle over the hall’s huge fireplace holds the framed likeness of Lahiri Mahasaya, smiling his blessing over this far Pacific heaven.","type":"default","passage":"At Encinitas in California","commentary":"","meaning":""},{"id":"2","title":"48.2","content":"Directly below the hall, built into the very bluff, two solitary meditation caves confront the infinities of sky and sea.\n\n Verandahs, sun-bathing nooks, acres of orchard, a eucalypti grove, flagstone paths leading through roses and lilies to quiet arbors, a long flight of stairs ending on an isolated beach and the vast waters! Was dream ever more concrete? “May the good and heroic and bountiful souls of the saints come here, ” reads “A Prayer for a Dwelling, ” from the ZEND-AVESTA, fastened on one of the hermitage doors, “and may they go hand in hand with us, giving the healing virtues of their blessed gifts as widespread as the earth, as far-flung as the rivers, as high-reaching as the sun, for the furtherance of better men, for the increase of abundance and glory.","type":"default","passage":"At Encinitas in California","commentary":"","meaning":""},{"id":"3","title":"48.3","content":"“May obedience conquer disobedience within this house; may peace triumph here over discord; free-hearted giving over avarice, truthful speech over deceit, reverence over contempt.\n\n That our minds be delighted, and our souls uplifted, let our bodies be glorified as well; and O Light Divine, may we see Thee, and may we, approaching, come round about Thee, and attain unto Thine entire companionship!” [Illustration: Encinitas, California, overlooking the Pacific.\n\n Main building and part of the grounds of the Self-Realization Fellowship—see encinitas.\n\njpg] This Self-Realization Fellowship ashram had been made possible through the generosity of a few American disciples, American businessmen of endless responsibilities who yet find time daily for their KRIYA YOG.\n\n Not a word of the hermitage construction had been allowed to reach me during my stay in India and Europe.\n\n Astonishment, delight!","type":"default","passage":"At Encinitas in California","commentary":"","meaning":""},{"id":"4","title":"48.4","content":"During my earlier years in America I had combed the coast of California in quest of a small site for a seaside ashram; whenever I had found a suitable location, some obstacle had invariably arisen to thwart me.\n\n Gazing now over the broad acres of Encinitas, {FN48-1} humbly I saw the effortless fulfillment of Sri Yukteswar’s long-ago prophecy: “a hermitage by the ocean.\n\n” A few months later, Easter of 1937, I conducted on the smooth lawns at Encinitas the first of many Sunrise Services.\n\n Like the magi of old, several hundred students gazed in devotional awe at the daily miracle, the early solar fire rite in the eastern sky.\n\n To the west lay the inexhaustible Pacific, booming its solemn praise; in the distance, a tiny white sailing boat, and the lonely flight of a seagull.\n\n “Christ, thou art risen!” Not alone with the vernal sun, but in the eternal dawn of Spirit!","type":"default","passage":"At Encinitas in California","commentary":"","meaning":""},{"id":"5","title":"48.5","content":"Many happy months sped by; in the peace of perfect beauty I was able to complete at the hermitage a long-projected work, COSMIC CHANT.\n\n I set to English words and Western musical notation about forty songs, some original, others my adaptations of ancient melodies.\n\n Included were the Shankara chant, “No Birth, No Death”; two favorites of Sri Yukteswar’s: “Wake, Yet Wake, O my Saint!” and “Desire, my Great Enemy”; the hoary Sanskrit “Hymn to Brahma”; old Bengali songs, “What Lightning Flash!” and “They Have Heard Thy Name”; Tagore’s “Who is in my Temple?”; and a number of my compositions: “I Will be Thine Always, ” “In the Land Beyond my Dreams, ” “Come Out of the Silent Sky, ” “Listen to my Soul Call, ” “In the Temple of Silence, ” and “Thou Art my L.\n\n”","type":"default","passage":"At Encinitas in California","commentary":"","meaning":""},{"id":"6","title":"48.6","content":"For a preface to the songbook I recounted my first outstanding experience with the receptivity of Westerners to the quaintly devotional airs of the East.\n\n The occasion had been a public lecture; the time, April 18, 1926; the place, Carnegie Hall in New York.\n\n “.\n\n Hunsicker, ” I had confided to an American student, “I am planning to ask the audience to sing an ancient Hindu chant, ‘O God Beautiful!’” “Sir, ” . Hunsicker had protested, “these Oriental songs are alien to American understanding.\n\n What a shame if the lecture were to be marred by a commentary of overripe tomatoes!” I had laughingly disagreed.\n\n “Music is a universal language.\n\n Americans will not fail to feel the soul-aspiration in this lofty chant.\n\n” {FN48-2}","type":"default","passage":"At Encinitas in California","commentary":"","meaning":""},{"id":"7","title":"48.7","content":"During the lecture . Hunsicker had sat behind me on the platform, probably fearing for my safety.\n\n His doubts were groundless; not only had there been an absence of unwelcome vegetables, but for one hour and twenty-five minutes the strains of “O God Beautiful!” had sounded uninterruptedly from three thousand throats.\n\n Blase’ no longer, dear New Yorkers; your hearts had soared out in a simple paean of rejoicing! Divine healings had taken place that evening among the devotees chanting with love the Lord’s blessed name.\n\n The secluded life of a literary minstrel was not my role for long.\n\n Soon I was dividing every fortnight between Los Angeles and Encinitas.\n\n Sunday services, classes, lectures before clubs and colleges, interviews with students, ceaseless streams of correspondence, articles for EAST-WEST, direction of activities in India and numerous small centers in American cities.\n\n Much time was given, also, to the arrangement of KRIYA and other Self-Realization Fellowship teachings into a series of studies for the distant yoga seekers whose zeal recognized no limitation of space.","type":"default","passage":"At Encinitas in California","commentary":"","meaning":""},{"id":"8","title":"48.8","content":"Joyous dedication of a Self-Realization Church of All Religions took place in 1938 at Washington, ..\n\n Set amidst landscaped grounds, the stately church stands in a section of the city aptly called “Friendship Heights.\n\n” The Washington leader is Swami Premananda, educated at the Ranchi school and Calcutta University.\n\n I had summoned him in 1928 to assume leadership of the Washington Self-Realization Fellowship center.\n\n “Premananda, ” I told him during a visit to his new temple, “this Eastern headquarters is a memorial in stone to your tireless devotion.\n\n Here in the nation’s capital you have held aloft the light of Lahiri Mahasaya’s ideals.\n\n”","type":"default","passage":"At Encinitas in California","commentary":"","meaning":""},{"id":"9","title":"48.9","content":"Premananda accompanied me from Washington for a brief visit to the Self-Realization Fellowship center in Boston.\n\n What joy to see again the KRIYA YOGA band who had remained steadfast since 1920! The Boston leader, . . . Lewis, lodged my companion and myself in a modern, artistically decorated su.\n\n “Sir, ” . Lewis said to me, smiling, “during your early years in America you stayed in this city in a single room, without bath.\n\n I wanted you to know that Boston possesses some luxurious apartments!” The shadows of approaching carnage were lengthening over the world; already the acute ear might hear the frightful drums of war.\n\n During interviews with thousands in California, and through a world-wide correspondence, I found that men and women were deeply searching their hearts; the tragic outer insecurity had emphasized need for the Eternal Anchorage.","type":"default","passage":"At Encinitas in California","commentary":"","meaning":""},{"id":"10","title":"48.10","content":"“We have indeed learned the value of meditation, ” the leader of the London Self-Realization Fellowship center wrote me in 1941, “and know that nothing can disturb our inner peace.\n\n In the last few weeks during the meetings we have heard air-raid warnings and listened to the explosion of delayed-action bombs, but our students still gather and thoroughly enjoy our beautiful serv.\n\n” Another letter reached me from war-torn England just before America entered the conflict.\n\n In nobly pathetic words, . . Cranmer Byng, noted editor of THE WISDOM OF THE EAST SERIES, wrote: “When I read EAST-WEST I realized how far apart we seemed to be, apparently living in two different worlds.\n\n Beauty, order, calm, and peace come to me from Los Angeles, sailing into port as a vessel laden with the blessings and comfort of the Holy Grail to a beleaguered city.","type":"default","passage":"At Encinitas in California","commentary":"","meaning":""},{"id":"11","title":"48.11","content":"“I see as in a dream your palm tree grove, and the temple at Encinitas with its ocean stretches and mountain views, and above all its fellowship of spiritually minded men and women, a community comprehended in unity, absorbed in creative work, and replenished in contemplation.\n\n It is the world of my own vision, in the making of which I hoped to bear my little part, and now . . . “Perhaps in the body I shall never reach your golden shores nor worship in your temple.\n\n But it is something and more, to have had the vision and know that in the midst of war there is still a peace that abides in your harbors and among your hills.\n\n Greetings to all the Fellowship from a common soldier, written on the watchtower waiting for the dawn.\n\n”","type":"default","passage":"At Encinitas in California","commentary":"","meaning":""},{"id":"12","title":"48.12","content":"The war years brought a spiritual awakening among men whose diversions had never before included a study of the New Testament.\n\n One sweet distillment from the bitter herbs of war! To satisfy a growing need, an inspiring little Self-Realization Church of All Religions was built and dedicated in 1942 at Hollywood.\n\n The site faces Olive Hill and the distant Los Angeles Planetarium.\n\n The church, finished in blue, white, and gold, is reflected amidst the water hyacinths in a large pool.\n\n The gardens are gay with flowers, a few startled stone deer, a stained-glass pergola, and a quaint wishing well.\n\n Thrown in with the pennies and the kaleidoscopic wishes of man has been many a pure aspiration for the sole treasure of Spirit! A universal benignity flows from small niches with statues of Lahiri Mahasaya and Sri Yukteswar, and of Krishna, Buddha, Confucius, . Francis, and a beautiful mother-of-pearl reproduction of Christ at the Last Supper.","type":"default","passage":"At Encinitas in California","commentary":"","meaning":""},{"id":"13","title":"48.13","content":"Another Self-Realization Church of All Religions was founded in 1943 at San Diego.\n\n A quiet hilltop temple, it stands in a sloping valley of eucalypti, overlooking sparkling San Diego Bay.\n\n Sitting one evening in this tranquil haven, I was pouring out my heart in song.\n\n Under my fingers was the sweet-toned organ of the church, on my lips the yearning plaint of an ancient Bengali devotee who had searched for eternal solace: In this world, Mother, none can love me; In this world they do not know love div.\n\n Where is there pure loving love? Where is there truly loving Thee? There my heart longs to be.","type":"default","passage":"At Encinitas in California","commentary":"","meaning":""},{"id":"14","title":"48.14","content":"My companion in the chapel, . Lloyd Kennell, the San Diego center leader, was smiling a little at the words of the song.\n\n “Tell me truly, Paramhansaji, has it been worth it?” He gazed at me with an earnest sincerity.\n\n I understood his laconic question: “Have you been happy in America? What about the disillusionments, the heartaches, the center leaders who could not lead, the students who could not be taught?” “Blessed is the man whom the Lord doth test, Doctor! He has remembered now and then to put a burden on me!” I thought, then, of all the faithful ones, of the love and devotion and understanding that lay in the heart of America.\n\n With slow emphasis I went on, “But my answer is: Yes, a thousand times yes! It has been worth-while; it has been a constant inspiration, more than ever I dreamed, to see West and East brought closer in the only lasting bond, the spiritual!”","type":"default","passage":"At Encinitas in California","commentary":"","meaning":""},{"id":"15","title":"48.15","content":"Silently I added a prayer: “May Babaji and Sri Yukteswarji feel that I have done my part, not disappointing the high hope in which they sent me forth.\n\n” I turned again to the organ; this time my song was tinged with a martial valor: The grinding wheel of Time doth mar Full many a life of moon and star And many a brightly smiling morn— But still my soul is marching on! Darkness, death, and failures vied; To block my path they fiercely tried; My fight with jealous Nature’s strong— But still my soul is marching on! New Year’s week of 1945 found me at work in my Encinitas study, revising the manuscript of this book.","type":"default","passage":"At Encinitas in California","commentary":"","meaning":""},{"id":"16","title":"48.16","content":"“Paramhansaji, please come outdoors.\n\n” . Lewis, on a visit from Boston, smiled at me pleadingly from outside my window.\n\n Soon we were strolling in the sunsh.\n\n My companion pointed to new towers in process of construction along the edge of the Fellowship property adjoining the coast highway.\n\n “Sir, I see many improvements here since my last visit.\n\n” . Lewis comes twice annually from Boston to Encinitas.\n\n “Yes, Doctor, a project I have long considered is beginning to take definite form.\n\n In these beautiful surroundings I have started a miniature world colony.\n\n Brotherhood is an ideal better understood by example than precept! A small harmonious group here may inspire other ideal communities over the earth.\n\n”","type":"default","passage":"At Encinitas in California","commentary":"","meaning":""},{"id":"17","title":"48.17","content":"“A splendid idea, sir! The colony will surely be a success if everyone sincerely does his part!” “‘World’ is a large term, but man must enlarge his allegiance, considering himself in the light of a world citizen, ” I continued.\n\n “A person who truly feels: ‘The world is my homeland; it is my America, my India, my Philippines, my England, my Africa, ’ will never lack scope for a useful and happy l.\n\n His natural local pride will know limitless expansion; he will be in touch with creative universal currents.\n\n” . Lewis and I halted above the lotus pool near the hermitage.\n\n Below us lay the illimitable Pacific.","type":"default","passage":"At Encinitas in California","commentary":"","meaning":""},{"id":"18","title":"48.18","content":"“These same waters break equally on the coasts of West and East, in California and China.\n\n” My companion threw a little stone into the first of the oceanic seventy million square miles.\n\n “Encinitas is a symbolic spot for a world colony.\n\n” “That is true, Doctor.\n\n We shall arrange here for many conferences and Congresses of Religion, inviting delegates from all lands.\n\n Flags of the nations will hang in our halls.\n\n Diminutive temples will be built over the grounds, dedicated to the world’s principal religions.\n\n “As soon as possible, ” I went on, “I plan to open a Yoga Institute here.\n\n The blessed role of KRIYA YOGA in the West has hardly more than just begun.\n\n May all men come to know that there is a definite, scientific technique of self-realization for the overcoming of all human misery!”","type":"default","passage":"At Encinitas in California","commentary":"","meaning":""},{"id":"19","title":"48.19","content":"[Illustration: Speakers at a 1945 Interracial Meeting in San Francisco during the convening of the Peace Conference.\n\n  \n***(Left to right)***\n . Maneck Anklesaria, John Cohee, myself, Hugh . MacBeth, Vince . Townsend, ., Richard . Moore—see sanfr.\n\njpg] [Illustration: The Self-Realization Church of All Religions in Washington, ..\n\n, whose leader, Swami Premananda, is here pictured with me—see premananda.\n\njpg] [Illustration: My venerable father, seated in the tranquil lotus posture, Calcutta, 1936—see father.\n\njpg] Far into the night my dear friend-the first KRIYA YOGI in America—discussed with me the need for world colonies founded on a spiritual basis.\n\n The ills attributed to an anthropomorphic abstraction called “society” may be laid more realistically at the door of Everyman.\n\n Utopia must spring in the private bosom before it can flower in civic virtue.\n\n Man is a soul, not an institution; his inner reforms alone can lend permanence to outer ones.\n\n By stress on spiritual values, self-realization, a colony exemplifying world brotherhood is empowered to send inspiring vibrations far beyond its locale.","type":"default","passage":"At Encinitas in California","commentary":"","meaning":""},{"id":"20","title":"48.20","content":"August 15, 1945, close of Global War II! End of a world; dawn of an enigmatic Atomic Age! The hermitage residents gathered in the main hall for a prayer of thanksgiving.\n\n “Heavenly Father, may never it be again! Thy children go henceforth as brothers!” Gone was the tension of war years; our spirits purred in the sun of peace.\n\n I gazed happily at each of my American comrades.\n\n “Lord, ” I thought gratefully, “Thou hast given this monk a large family!” {FN48-1} A small town on Coast Highway 101, Encinitas is 100 miles south of Los Angeles, and 25 miles north of San Diego.\n\n {FN48-2} I translate here the words of Guru Nanak’s song:","type":"default","passage":"At Encinitas in California","commentary":"","meaning":""},{"id":"21","title":"48.21","content":"O God beautiful! O God beautiful! In the forest, Thou art green, In the mountain, Thou art high, In the river, Thou art restless, In the ocean, Thou art grave! To the serviceful, Thou art service, To the lover, Thou art love, To the sorrowful, Thou art sympathy, To the yogi, Thou art bliss! O God beautiful! O God beautiful! At Thy feet, O I do bow! ","type":"default","passage":"At Encinitas in California","commentary":"","meaning":""}]}