{"id":5,"title":"A “Perfume Saint” Performs his Wonders","description":"A “Perfume Saint” Performs his Wonders","sectionCount":22,"tags":null,"contentId":"AoY01","sections":[{"id":"1","title":"5.1","content":"A “PERFUME SAINT” DISPLAYS HIS WONDERS “To every thing there is a season, and a time to every purpose under the heaven.\n\n” I did not have this wisdom of Solomon to comfort me; I gazed searchingly about me, on any excursion from home, for the face of my destined guru.\n\n But my path did not cross his own until after the completion of my high school studies.\n\n Two years elapsed between my flight with Amar toward the Himalayas, and the great day of Sri Yukteswar’s arrival into my l.\n\n During that interim I met a number of sages-the “Perfume Saint, ” the “Tiger Swami, ” Nagendra Nath Bhaduri, Master Mahasaya, and the famous Bengali scientist, Jagadis Chandra Bose.","type":"default","passage":"A “Perfume Saint” Performs his Wonders","commentary":"","meaning":""},{"id":"2","title":"5.2","content":"My encounter with the “Perfume Saint” had two preambles, one harmonious and the other humorous.\n\n “God is simple.\n\n Everything else is complex.\n\n Do not seek absolute values in the relative world of nature.\n\n” These philosophical finalities gently entered my ear as I stood silently before a temple image of Kali.\n\n Turning, I confronted a tall man whose garb, or lack of it, revealed him a wandering SADH.\n\n “You have indeed penetrated the bewilderment of my thoughts!” I smiled gratefully.\n\n “The confusion of benign and terrible aspects in nature, as symbolized by Kali, {FN5-1} has puzzled wiser heads than mine!”","type":"default","passage":"A “Perfume Saint” Performs his Wonders","commentary":"","meaning":""},{"id":"3","title":"5.3","content":"“Few there be who solve her mystery! Good and evil is the challenging riddle which life places sphinxlike before every intelligence.\n\n Attempting no solution, most men pay forfeit with their lives, penalty now even as in the days of Thebes.\n\n Here and there, a towering lonely figure never cries defeat.\n\n From the MAYA {FN5-2} of duality he plucks the cleaveless truth of unity.\n\n” “You speak with conviction, sir.\n\n” “I have long exercised an honest introspection, the exquisitely painful approach to wisdom.\n\n Self-scrutiny, relentless observance of one’s thoughts, is a stark and shattering experience.\n\n It pulverizes the stoutest ego.\n\n But true self-analysis mathematically operates to produce seers.\n\n The way of ‘self-expression, ’ individual acknowledgments, results in egotists, sure of the right to their private interpretations of God and the universe.\n\n”","type":"default","passage":"A “Perfume Saint” Performs his Wonders","commentary":"","meaning":""},{"id":"4","title":"5.4","content":"“Truth humbly retires, no doubt, before such arrogant originality.\n\n” I was enjoying the discussion.\n\n “Man can understand no eternal verity until he has freed himself from pretensions.\n\n The human mind, bared to a centuried slime, is teeming with repulsive life of countless world-delusions.\n\n Struggles of the battlefields pale into insignificance here, when man first contends with inward enemies! No mortal foes these, to be overcome by harrowing array of might! Omnipresent, unresting, pursuing man even in sleep, subtly equipped with a miasmic weapon, these soldiers of ignorant lusts seek to slay us all.\n\n Thoughtless is the man who buries his ideals, surrendering to the common fate.\n\n Can he seem other than impotent, wooden, ignominious?”","type":"default","passage":"A “Perfume Saint” Performs his Wonders","commentary":"","meaning":""},{"id":"5","title":"5.5","content":"“Respected Sir, have you no sympathy for the bewildered masses?” The sage was silent for a moment, then answered obliquely.\n\n “To love both the invisible God, Repository of All Virtues, and visible man, apparently possessed of none, is often baffling! But ingenuity is equal to the maze.\n\n Inner research soon exposes a unity in all human minds-the stalwart kinship of selfish mot.\n\n In one sense at least, the brotherhood of man stands revealed.\n\n An aghast humility follows this leveling discovery.\n\n It ripens into compassion for one’s fellows, blind to the healing potencies of the soul awaiting exploration.\n\n”","type":"default","passage":"A “Perfume Saint” Performs his Wonders","commentary":"","meaning":""},{"id":"6","title":"5.6","content":"“The saints of every age, sir, have felt like yourself for the sorrows of the world.\n\n” “Only the shallow man loses responsiveness to the woes of others’ lives, as he sinks into narrow suffering of his own.\n\n” The SADHU’S austere face was noticeably softened.\n\n “The one who practices a scalpel self-dissection will know an expansion of universal pity.\n\n Release is given him from the deafening demands of his ego.\n\n The love of God flowers on such soil.\n\n The creature finally turns to his Creator, if for no other reason than to ask in anguish: ‘Why, Lord, why?’ By ignoble whips of pain, man is driven at last into the Infinite Presence, whose beauty alone should lure him.\n\n”","type":"default","passage":"A “Perfume Saint” Performs his Wonders","commentary":"","meaning":""},{"id":"7","title":"5.7","content":"The sage and I were present in Calcutta’s Kalighat Temple, whither I had gone to view its famed magnificence.\n\n With a sweeping gesture, my chance companion dismissed the ornate dignity.\n\n “Bricks and mortar sing us no audible tune; the heart opens only to the human chant of being.\n\n” We strolled to the inviting sunshine at the entrance, where throngs of devotees were passing to and fro.\n\n “You are young.\n\n” The sage surveyed me thoughtfully.\n\n “India too is young.\n\n The ancient RISHIS {FN5-3} laid down ineradicable patterns of spiritual living.\n\n Their hoary dictums suffice for this day and land.\n\n Not outmoded, not unsophisticated against the guiles of materialism, the disciplinary precepts mold India still.\n\n By millenniums-more than embarrassed scholars care to compute!-the skeptic Time has validated Vedic worth.\n\n Take it for your heritage.\n\n”","type":"default","passage":"A “Perfume Saint” Performs his Wonders","commentary":"","meaning":""},{"id":"8","title":"5.8","content":"As I was reverently bidding farewell to the eloquent SADHU, he revealed a clairvoyant perception: “After you leave here today, an unusual experience will come your way.\n\n” I quitted the temple precincts and wandered along aimlessly.\n\n Turning a corner, I ran into an old acquaintance-one of those long-winded fellows whose conversational powers ignore time and embrace eternity.\n\n “I will let you go in a very short while, if you will tell me all that has happened during the six years of our separation.\n\n” “What a paradox! I must leave you now.\n\n” But he held me by the hand, forcing out tidbits of information.\n\n He was like a ravenous wolf, I thought in amusement; the longer I spoke, the more hungrily he sniffed for news.\n\n Inwardly I petitioned the Goddess Kali to devise a graceful means of escape.","type":"default","passage":"A “Perfume Saint” Performs his Wonders","commentary":"","meaning":""},{"id":"9","title":"5.9","content":"My companion left me abruptly.\n\n I sighed with relief and doubled my pace, dreading any relapse into the garrulous fever.\n\n Hearing rapid footsteps behind me, I quickened my speed.\n\n I dared not look back.\n\n But with a bound, the youth rejoined me, jovially clasping my shoulder.\n\n “I forgot to tell you of Gandha Baba  \n***(Perfume Saint)***\n, who is gracing yonder house.\n\n” He pointed to a dwelling a few yards distant.\n\n “Do meet him; he is interesting.\n\n You may have an unusual experience.\n\n Good-by, ” and he actually left me.\n\n The similarly worded prediction of the SADHU at Kalighat Temple flashed to my mind.\n\n Definitely intrigued, I entered the house and was ushered into a commodious parlor.\n\n A crowd of people were sitting, Orient-wise, here and there on a thick orange-colored carpet.\n\n An awed whisper reached my ear:","type":"default","passage":"A “Perfume Saint” Performs his Wonders","commentary":"","meaning":""},{"id":"10","title":"5.10","content":"“Behold Gandha Baba on the leopard skin.\n\n He can give the natural perfume of any flower to a scentless one, or revive a wilted blossom, or make a person’s skin exude delightful fragrance.\n\n” I looked directly at the saint; his quick gaze rested on m.\n\n He was plump and bearded, with dark skin and large, gleaming eyes.\n\n “Son, I am glad to see you.\n\n Say what you want.\n\n Would you like some perfume?” “What for?” I thought his remark rather childish.\n\n “To experience the miraculous way of enjoying perfumes.\n\n” “Harnessing God to make odors?” “What of it? God makes perfume anyway.\n\n” “Yes, but He fashions frail bottles of petals for fresh use and discard.\n\n Can you materialize flowers?”","type":"default","passage":"A “Perfume Saint” Performs his Wonders","commentary":"","meaning":""},{"id":"11","title":"5.11","content":"“I materialize perfumes, little friend.\n\n” “Then scent factories will go out of business.\n\n” “I will permit them to keep their trade! My own purpose is to demonstrate the power of God.\n\n” “Sir, is it necessary to prove God? Isn’t He performing miracles in everything, everywhere?” “Yes, but we too should manifest some of His infinite creative variety.\n\n” “How long did it take to master your art?” “Twelve years.\n\n” “For manufacturing scents by astral means! It seems, my honored saint, you have been wasting a dozen years for fragrances which you can obtain with a few rupees from a florist’s sho.\n\n” “Perfumes fade with flowers.\n\n”","type":"default","passage":"A “Perfume Saint” Performs his Wonders","commentary":"","meaning":""},{"id":"12","title":"5.12","content":"“Perfumes fade with death.\n\n Why should I desire that which pleases the body only?” “.\n\n Philosopher, you please my mind.\n\n \n\nNow, stretch forth your right hand.\n\n” He made a gesture of blessing.\n\n I was a few feet away from Gandha Baba; no one else was near enough to contact my body.\n\n I extended my hand, which the yogi did not touch.\n\n “What perfume do you want?” “Rose.\n\n” “Be it so.\n\n” To my great surprise, the charming fragrance of rose was wafted strongly from the center of my palm.\n\n I smilingly took a large white scentless flower from a near-by vase.\n\n “Can this odorless blossom be permeated with jasmine?”","type":"default","passage":"A “Perfume Saint” Performs his Wonders","commentary":"","meaning":""},{"id":"13","title":"5.13","content":"“Be it so.\n\n” A jasmine fragrance instantly shot from the petals.\n\n I thanked the wonder-worker and seated myself by one of his students.\n\n He informed me that Gandha Baba, whose proper name was Vishudhananda, had learned many astonishing yoga secrets from a master in Tibet.\n\n The Tibetan yogi, I was assured, had attained the age of over a thousand years.\n\n “His disciple Gandha Baba does not always perform his perfume-feats in the simple verbal manner you have just witnessed.\n\n” The student spoke with obvious pride in his master.\n\n “His procedure differs widely, to accord with diversity in temperaments.\n\n He is marvelous! Many members of the Calcutta intelligentsia are among his followers.\n\n”","type":"default","passage":"A “Perfume Saint” Performs his Wonders","commentary":"","meaning":""},{"id":"14","title":"5.14","content":"I inwardly resolved not to add myself to their number.\n\n A guru too literally “marvelous” was not to my liking.\n\n With polite thanks to Gandha Baba, I departed.\n\n Sauntering home, I reflected on the three varied encounters the day had brought forth.\n\n My sister Uma met me as I entered our Gurpar Road door.\n\n “You are getting quite stylish, using perfumes!” Without a word, I motioned her to smell my hand.\n\n “What an attractive rose fragrance! It is unusually strong!” Thinking it was “strongly unusual, ” I silently placed the astrally scented blossom under her nostrils.\n\n “Oh, I love jasmine!” She seized the flower.\n\n A ludicrous bafflement passed over her face as she repeatedly sniffed the odor of jasmine from a type of flower she well knew to be scentless.\n\n Her reactions disarmed my suspicion that Gandha Baba had induced an auto-suggestive state whereby I alone could detect the fragrances.","type":"default","passage":"A “Perfume Saint” Performs his Wonders","commentary":"","meaning":""},{"id":"15","title":"5.15","content":"Later I heard from a friend, Alakananda, that the “Perfume Saint” had a power which I wish were possessed by the starving millions of Asia and, today, of Europe as well.\n\n “I was present with a hundred other guests at Gandha Baba’s home in Burdwan, ” Alakananda told me.\n\n “It was a gala occasion.\n\n Because the yogi was reputed to have the power of extracting objects out of thin air, I laughingly requested him to materialize some out-of-season tangerines.\n\n Immediately the LUCHIS {FN5-4} which were present on all the banana-leaf plates became puffed u.\n\n Each of the bread-envelopes proved to contain a peeled tanger.\n\n I bit into my own with some trepidation, but found it delicious.\n\n”","type":"default","passage":"A “Perfume Saint” Performs his Wonders","commentary":"","meaning":""},{"id":"16","title":"5.16","content":"Years later I understood by inner realization how Gandha Baba accomplished his materializations.\n\n The method, alas! is beyond the reach of the world’s hungry hordes.\n\n The different sensory stimuli to which man reacts-tactual, visual, gustatory, auditory, and olfactory-are produced by vibratory variations in electrons and protons.\n\n The vibrations in turn are regulated by “lifetrons, ” subtle life forces or finer-than-atomic energies intelligently charged with the five distinctive sensory idea-substances.\n\n Gandha Baba, tuning himself with the cosmic force by certain yogic practices, was able to guide the lifetrons to rearrange their vibratory structure and objectivize the desired result.\n\n His perfume, fruit and other miracles were actual materializations of mundane vibrations, and not inner sensations hypnotically produced.\n\n {FN5-5}","type":"default","passage":"A “Perfume Saint” Performs his Wonders","commentary":"","meaning":""},{"id":"17","title":"5.17","content":"Performances of miracles such as shown by the “Perfume Saint” are spectacular but spiritually useless.\n\n Having little purpose beyond entertainment, they are digressions from a serious search for God.\n\n Hypnotism has been used by physicians in minor operations as a sort of psychical chloroform for persons who might be endangered by an anesthetic.\n\n But a hypnotic state is harmful to those often subjected to it; a negative psychological effect ensues which in time deranges the brain cells.\n\n Hypnotism is trespass into the territory of another’s consciousness.\n\n Its temporary phenomena have nothing in common with the miracles performed by men of divine realization.\n\n Awake in God, true saints effect changes in this dream-world by means of a will harmoniously attuned to the Creative Cosmic Dreamer.","type":"default","passage":"A “Perfume Saint” Performs his Wonders","commentary":"","meaning":""},{"id":"18","title":"5.18","content":"Ostentatious display of unusual powers are decried by masters.\n\n The Persian mystic, Abu Said, once laughed at certain FAKIRS who were proud of their miraculous powers over water, air, and space.\n\n “A frog is also at home in the water!” Abu Said pointed out in gentle scorn.\n\n “The crow and the vulture easily fly in the air; the Devil is simultaneously present in the East and in the West! A true man is he who dwells in righteousness among his fellow men, who buys and sells, yet is never for a single instant forgetful of God!” On another occasion the great Persian teacher gave his views on the religious life thus: “To lay aside what you have in your head  \n***(selfish desires and ambitions)***\n; to freely bestow what you have in your hand; and never to flinch from the blows of adversity!”","type":"default","passage":"A “Perfume Saint” Performs his Wonders","commentary":"","meaning":""},{"id":"19","title":"5.19","content":"Neither the impartial sage at Kalighat Temple nor the Tibetan-trained yogi had satisfied my yearning for a guru.\n\n My heart needed no tutor for its recognitions, and cried its own “Bravos!” the more resoundingly because unoften summoned from silence.\n\n When I finally met my master, he taught me by sublimity of example alone the measure of a true man.\n\n {FN5-1} Kali represents the eternal principle in nature.\n\n She is traditionally pictured as a four-armed woman, standing on the form of the God Shiva or the Infinite, because nature or the phenomenal world is rooted in the Noumenon.\n\n The four arms symbolize cardinal attributes, two beneficent, two destructive, indicating the essential duality of matter or creation.","type":"default","passage":"A “Perfume Saint” Performs his Wonders","commentary":"","meaning":""},{"id":"20","title":"5.20","content":"{FN5-2} Cosmic illusion; literally, “the measurer.\n\n” MAYA is the magical power in creation by which limitations and divisions are apparently present in the Immeasurable and Inseparable.\n\n Emerson wrote the following poem, to which he gave the title of MAYA: Illusion works impenetrable, Weaving webs innumerable, Her gay pictures never fail, Crowd each other, veil on veil, Charmer who will be believed By man who thirsts to be deceived.\n\n {FN5-3} The RISHIS, literally “seers, ” were the authors of the VEDAS in an indeterminable antiquity.\n\n.\n\n {FN5-4} Flat, round Indian bread.\n\n.\n\n {FN5-5} Laymen scarcely realize the vast strides of twentieth-century science.\n\n Transmutation of metals and other alchemical dreams are seeing fulfillment every day in centers of scientific research over the world.\n\n The eminent French chemist, . Georges Claude, performed “miracles” at Fontainebleau in 1928 before a scientific assemblage through his chemical knowledge of oxygen transformations.\n\n His “magician’s wand” was simple oxygen, bubbling in a tube on a table.\n\n The scientist “turned a handful of sand into precious stones, iron into a state resembling melted chocolate and, after depriving flowers of their tints, turned them into the consistency of glass.","type":"default","passage":"A “Perfume Saint” Performs his Wonders","commentary":"","meaning":""},{"id":"21","title":"5.21","content":"“.\n\n Claude explained how the sea could be turned by oxygen transformations into many millions of pounds of horsepower; how water which boils is not necessarily burning; how little mounds of sand, by a single whiff of the oxygen blowpipe, could be changed into sapphires, rubies, and topazes; and he predicted the time when it will be possible for men to walk on the bottom of the ocean minus the diver’s equipment.\n\n Finally the scientist amazed his onlookers by turning their faces black by taking the red out of the sun’s rays.\n\n” This noted French scientist has produced liquid air by an expansion method in which he has been able to separate the various gases of the air, and has discovered various means of mechanical utilization of differences of temperature in sea water.","type":"default","passage":"A “Perfume Saint” Performs his Wonders","commentary":"","meaning":""},{"id":"22","title":"5.22","content":"","type":"default","passage":"A “Perfume Saint” Performs his Wonders","commentary":"","meaning":""}]}