{"id":6,"title":"The Tiger Swami","description":"The Tiger Swami","sectionCount":24,"tags":null,"contentId":"AoY01","sections":[{"id":"1","title":"6.1","content":"THE TIGER SWAMI “I have discovered the Tiger Swami’s address.\n\n Let us visit him tomorrow.\n\n” This welcome suggestion came from Chandi, one of my high school friends.\n\n I was eager to meet the saint who, in his premonastic life, had caught and fought tigers with his naked hands.\n\n A boyish enthusiasm over such remarkable feats was strong within me.\n\n The next day dawned wintry cold, but Chandi and I sallied forth gaily.\n\n After much vain hunting in Bhowanipur, outside Calcutta, we arrived at the right house.\n\n The door held two iron rings, which I sounded piercingly.\n\n Notwithstanding the clamor, a servant approached with leisurely gait.\n\n His ironical smile implied that visitors, despite their noise, were powerless to disturb the calmness of a saint’s home.","type":"default","passage":"The Tiger Swami","commentary":"","meaning":""},{"id":"2","title":"6.2","content":"Feeling the silent rebuke, my companion and I were thankful to be invited into the parlor.\n\n Our long wait there caused uncomfortable misgivings.\n\n India’s unwritten law for the truth seeker is patience; a master may purposely make a test of one’s eagerness to meet him.\n\n This psychological ruse is freely employed in the West by doctors and dentists! Finally summoned by the servant, Chandi and I entered a sleeping apartment.\n\n The famous Sohong {FN6-1} Swami was seated on his bed.\n\n The sight of his tremendous body affected us strangely.\n\n With bulging eyes, we stood speechless.\n\n We had never before seen such a chest or such football-like biceps.\n\n On an immense neck, the swami’s fierce yet calm face was adorned with flowing locks, beard and moustache.\n\n A hint of dovelike and tigerlike qualities shone in his dark eyes.\n\n He was unclothed, save for a tiger skin about his muscular waist.","type":"default","passage":"The Tiger Swami","commentary":"","meaning":""},{"id":"3","title":"6.3","content":"Finding our voices, my friend and I greeted the monk, expressing our admiration for his prowess in the extraordinary feline arena.\n\n “Will you not tell us, please, how it is possible to subdue with bare fists the most ferocious of jungle beasts, the royal Bengals?” “My sons, it is nothing to me to fight tigers.\n\n I could do it today if necessary.\n\n” He gave a childlike laugh.\n\n “You look upon tigers as tigers; I know them as pussycats.\n\n” “Swamiji, I think I could impress my subconsciousness with the thought that tigers are pussycats, but could I make tigers believe it?” “Of course strength also is necessary! One cannot expect victory from a baby who imagines a tiger to be a house cat! Powerful hands are my sufficient weapon.\n\n”","type":"default","passage":"The Tiger Swami","commentary":"","meaning":""},{"id":"4","title":"6.4","content":"He asked us to follow him to the patio, where he struck the edge of a wall.\n\n A brick crashed to the floor; the sky peered boldly through the gaping lost tooth of the wall.\n\n I fairly staggered in astonishment; he who can remove mortared bricks from a solid wall with one blow, I thought, must surely be able to displace the teeth of tigers! “A number of men have physical power such as mine, but still lack in cool confidence.\n\n Those who are bodily but not mentally stalwart may find themselves fainting at mere sight of a wild beast bounding freely in the jungle.\n\n The tiger in its natural ferocity and habitat is vastly different from the opium-fed circus animal!","type":"default","passage":"The Tiger Swami","commentary":"","meaning":""},{"id":"5","title":"6.5","content":"“Many a man with herculean strength has nonetheless been terrorized into abject helplessness before the onslaught of a royal Beng.\n\n \n\nThus the tiger has converted the man, in his own mind, to a state as nerveless as the pussycat’s.\n\n It is possible for a man, owning a fairly strong body and an immensely strong determination, to turn the tables on the tiger, and force it to a conviction of pussycat defenselessness.\n\n How often I have done just that!” I was quite willing to believe that the titan before me was able to perform the tiger-pussycat metamorphosis.\n\n He seemed in a didactic mood; Chandi and I listened respectfully.","type":"default","passage":"The Tiger Swami","commentary":"","meaning":""},{"id":"6","title":"6.6","content":"“Mind is the wielder of muscles.\n\n The force of a hammer blow depends on the energy applied; the power expressed by a man’s bodily instrument depends on his aggressive will and courage.\n\n The body is literally manufactured and sustained by mind.\n\n Through pressure of instincts from past lives, strengths or weaknesses percolate gradually into human consciousness.\n\n They express as habits, which in turn ossify into a desirable or an undesirable body.\n\n Outward frailty has mental origin; in a vicious circle, the habit-bound body thwarts the mind.\n\n If the master allows himself to be commanded by a servant, the latter becomes autocratic; the mind is similarly enslaved by submitting to bodily dictation.\n\n”","type":"default","passage":"The Tiger Swami","commentary":"","meaning":""},{"id":"7","title":"6.7","content":"At our entreaty, the impressive swami consented to tell us something of his own l.\n\n “My earliest ambition was to fight tigers.\n\n My will was mighty, but my body was feeble.\n\n” An ejaculation of surprise broke from me.\n\n It appeared incredible that this man, now “with Atlantean shoulders, fit to bear, ” could ever have known weakness.\n\n “It was by indomitable persistency in thoughts of health and strength that I overcame my handica.\n\n I have every reason to extol the compelling mental vigor which I found to be the real subduer of royal Bengals.\n\n” “Do you think, revered swami, that I could ever fight tigers?” This was the first, and the last, time that the bizarre ambition ever visited my mind!","type":"default","passage":"The Tiger Swami","commentary":"","meaning":""},{"id":"8","title":"6.8","content":"“Yes.\n\n” He was smiling.\n\n “But there are many kinds of tigers; some roam in jungles of human desires.\n\n No spiritual benefit accrues by knocking beasts unconscious.\n\n Rather be victor over the inner prowlers.\n\n” “May we hear, sir, how you changed from a tamer of wild tigers to a tamer of wild passions?” The Tiger Swami fell into silence.\n\n Remoteness came into his gaze, summoning visions of bygone years.\n\n I discerned his slight mental struggle to decide whether to grant my request.\n\n Finally he smiled in acquiescence.\n\n “When my fame reached a zenith, it brought the intoxication of pr.\n\n I decided not only to fight tigers but to display them in various tricks.\n\n My ambition was to force savage beasts to behave like domesticated ones.\n\n I began to perform my feats publicly, with gratifying success.","type":"default","passage":"The Tiger Swami","commentary":"","meaning":""},{"id":"9","title":"6.9","content":"“One evening my father entered my room in pensive mood.\n\n “‘Son, I have words of warning.\n\n I would save you from coming ills, produced by the grinding wheels of cause and effect.\n\n’ “‘Are you a fatalist, Father? Should superstition be allowed to discolor the powerful waters or my activities?’ “‘I am no fatalist, son.\n\n But I believe in the just law of retribution, as taught in the holy scriptures.\n\n There is resentment against you in the jungle family; sometime it may act to your cost.\n\n’ “‘Father, you astonish me! You well know what tigers are-beautiful but merciless! Even immediately after an enormous meal of some hapless creature, a tiger is fired with fresh lust at sight of new prey.\n\n It may be a joyous gazelle, frisking over the jungle grass.\n\n Capturing it and biting an opening in the soft throat, the malevolent beast tastes only a little of the mutely crying blood, and goes its wanton way.","type":"default","passage":"The Tiger Swami","commentary":"","meaning":""},{"id":"10","title":"6.10","content":"“‘Tigers are the most contemptible of the jungle breed! Who knows? my blows may inject some slight sanity of consideration into their thick heads.\n\n I am headmaster in a forest finishing school, to teach them gentle manners! “‘Please, Father, think of me as tiger tamer and never as tiger killer.\n\n How could my good actions bring ill upon me? I beg you not to impose any command that I change my way of l.\n\n’” Chandi and I were all attention, understanding the past dilemma.\n\n In India a child does not lightly disobey his parents’ wishes.\n\n “In stoic silence Father listened to my explanation.\n\n He followed it with a disclosure which he uttered gravely.","type":"default","passage":"The Tiger Swami","commentary":"","meaning":""},{"id":"11","title":"6.11","content":"“‘Son, you compel me to relate an ominous prediction from the lips of a saint.\n\n He approached me yesterday as I sat on the veranda in my daily meditation.\n\n “’“Dear friend, I come with a message for your belligerent son.\n\n Let him cease his savage activities.\n\n Otherwise, his next tiger-encounter shall result in his severe wounds, followed by six months of deathly sickness.\n\n He shall then forsake his former ways and become a monk.\n\n”’ “This tale did not impress me.\n\n I considered that Father had been the credulous victim of a deluded fanatic.\n\n” The Tiger Swami made this confession with an impatient gesture, as though at some stupidity.\n\n Grimly silent for a long time, he seemed oblivious of our presence.\n\n When he took up the dangling thread of his narrative, it was suddenly, with subdued vo.","type":"default","passage":"The Tiger Swami","commentary":"","meaning":""},{"id":"12","title":"6.12","content":"“Not long after Father’s warning, I visited the capital city of Cooch Behar.\n\n The picturesque territory was new to me, and I expected a restful change.\n\n As usual everywhere, a curious crowd followed me on the streets.\n\n I would catch bits of whispered comment: “‘This is the man who fights wild tigers.\n\n’ “‘Has he legs, or tree-trunks?’ “‘Look at his face! He must be an incarnation of the king of tigers himself!’ “You know how village urchins function like final editions of a newspaper! With what speed do the even-later speech-bulletins of the women circulate from house to house! Within a few hours, the whole city was in a state of excitement over my presence.","type":"default","passage":"The Tiger Swami","commentary":"","meaning":""},{"id":"13","title":"6.13","content":"“I was relaxing quietly in the evening, when I heard the hoofbeats of galloping horses.\n\n They stopped in front of my dwelling place.\n\n In came a number of tall, turbaned policemen.\n\n “I was taken aback.\n\n ‘All things are possible unto these creatures of human law, ’ I thought.\n\n ‘I wonder if they are going to take me to task about matters utterly unknown to me.\n\n’ But the officers bowed with unwonted courtesy.\n\n “‘Honored Sir, we are sent to welcome you on behalf of the Prince of Cooch Behar.\n\n He is pleased to invite you to his palace tomorrow morning.\n\n’ “I speculated awhile on the prospect.\n\n For some obscure reason I felt sharp regret at this interruption in my quiet tri.\n\n But the suppliant manner of the policemen moved me; I agreed to go.","type":"default","passage":"The Tiger Swami","commentary":"","meaning":""},{"id":"14","title":"6.14","content":"“I was bewildered the next day to be obsequiously escorted from my door into a magnificent coach drawn by four horses.\n\n A servant held an ornate umbrella to protect me from the scorching sunlight.\n\n I enjoyed the pleasant ride through the city and its woodland outskirts.\n\n The royal scion himself was at the palace door to welcome me.\n\n He proffered his own gold-brocaded seat, smilingly placing himself in a chair of simpler design.\n\n “‘All this politeness is certainly going to cost me something!’ I thought in mounting astonishment.\n\n The prince’s motive emerged after a few casual remarks.\n\n “‘My city is filled with the rumor that you can fight wild tigers with nothing more than your naked hands.\n\n Is it a fact?’","type":"default","passage":"The Tiger Swami","commentary":"","meaning":""},{"id":"15","title":"6.15","content":"“‘It is quite true.\n\n’ “‘I can scarcely believe it! You are a Calcutta Bengali, nurtured on the white rice of city folk.\n\n Be frank, please; have you not been fighting only spineless, opium-fed animals?’ His voice was loud and sarcastic, tinged with provincial accent.\n\n “I vouchsafed no reply to his insulting question.\n\n “‘I challenge you to fight my newly-caught tiger, Raja Begum.\n\n {FN6-2} If you can successfully resist him, bind him with a chain, and leave his cage in a conscious state, you shall have this royal Bengal! Several thousand rupees and many other gifts shall also be bestowed.\n\n If you refuse to meet him in combat, I shall blazon your name throughout the state as an impostor!’","type":"default","passage":"The Tiger Swami","commentary":"","meaning":""},{"id":"16","title":"6.16","content":"“His insolent words struck me like a volley of bullets.\n\n I shot an angry acceptance.\n\n Half risen from the chair in his excitement, the prince sank back with a sadistic sm.\n\n I was reminded of the Roman emperors who delighted in setting Christians in bestial arenas.\n\n “‘The match will be set for a week hence.\n\n I regret that I cannot give you permission to view the tiger in advance.\n\n’ “Whether the prince feared I might seek to hypnotize the beast, or secretly feed him opium, I know not! “I left the palace, noting with amusement that the royal umbrella and panoplied coach were now missing.\n\n “The following week I methodically prepared my mind and body for the coming orde.\n\n Through my servant I learned of fantastic tales.\n\n The saint’s direful prediction to my father had somehow got abroad, enlarging as it ran.\n\n Many simple villagers believed that an evil spirit, cursed by the gods, had reincarnated as a tiger which took various demoniac forms at night, but remained a striped animal during the day.\n\n This demon-tiger was supposed to be the one sent to humble me.","type":"default","passage":"The Tiger Swami","commentary":"","meaning":""},{"id":"17","title":"6.17","content":"“Another imaginative version was that animal prayers to Tiger Heaven had achieved a response in the shape of Raja Begum.\n\n He was to be the instrument to punish me-the audacious biped, so insulting to the entire tiger species! A furless, fangless man daring to challenge a claw-armed, sturdy-limbed tiger! The concentrated venom of all humiliated tigers-the villagers declared-had gathered momentum sufficient to operate hidden laws and bring about the fall of the proud tiger tamer.\n\n “My servant further apprized me that the prince was in his element as manager of the bout between man and beast.\n\n He had supervised the erection of a storm-proof pavilion, designed to accommodate thousands.\n\n Its center held Raja Begum in an enormous iron cage, surrounded by an outer safety room.\n\n The captive emitted a ceaseless series of blood-curdling roars.\n\n He was fed sparingly, to kindle a wrathful appet.\n\n Perhaps the prince expected me to be the meal of reward!","type":"default","passage":"The Tiger Swami","commentary":"","meaning":""},{"id":"18","title":"6.18","content":"“Crowds from the city and suburbs bought tickets eagerly in response to the beat of drums announcing the unique contest.\n\n The day of battle saw hundreds turned away for lack of seats.\n\n Many men broke through the tent openings, or crowded any space below the galleries.\n\n” As the Tiger Swami’s story approached a climax, my excitement mounted with it; Chandi also was raptly mute.\n\n “Amidst piercing sound-explosions from Raja Begum, and the hubbub of the somewhat terrified crowd, I quietly made my appearance.\n\n Scantily clad around the waist, I was otherwise unprotected by clothing.\n\n I opened the bolt on the door of the safety room and calmly locked it behind me.\n\n The tiger sensed blood.\n\n Leaping with a thunderous crash on his bars, he sent forth a fearsome welcome.\n\n The audience was hushed with pitiful fear; I seemed a meek lamb before the raging beast.","type":"default","passage":"The Tiger Swami","commentary":"","meaning":""},{"id":"19","title":"6.19","content":"“In a trice I was within the cage; but as I slammed the door, Raja Begum was headlong upon me.\n\n My right hand was desperately torn.\n\n Human blood, the greatest treat a tiger can know, fell in appalling streams.\n\n The prophecy of the saint seemed about to be fulfilled.\n\n “I rallied instantly from the shock of the first serious injury I had ever received.\n\n Banishing the sight of my gory fingers by thrusting them beneath my waist cloth, I swung my left arm in a bone-cracking blow.\n\n The beast reeled back, swirled around the rear of the cage, and sprang forward convulsively.\n\n My famous fistic punishment rained on his head.","type":"default","passage":"The Tiger Swami","commentary":"","meaning":""},{"id":"20","title":"6.20","content":"“But Raja Begum’s taste of blood had acted like the maddening first sip of wine to a dipsomaniac long-deprived.\n\n Punctuated by deafening roar, the brute’s assaults grew in fury.\n\n My inadequate defense of only one hand left me vulnerable before claws and fangs.\n\n But I dealt out dazing retribution.\n\n Mutually ensanguined, we struggled as to the death.\n\n The cage was pandemonium, as blood splashed in all directions, and blasts of pain and lethal lust came from the bestial throat.\n\n “‘Shoot him!’ ‘Kill the tiger!’ Shrieks arose from the audience.\n\n So fast did man and beast move, that a guard’s bullet went amiss.\n\n I mustered all my will force, bellowed fiercely, and landed a final concussive blow.\n\n The tiger collapsed and lay quietly.","type":"default","passage":"The Tiger Swami","commentary":"","meaning":""},{"id":"21","title":"6.21","content":"“Like a pussycat!” I interjected.\n\n The swami laughed in hearty appreciation, then continued the engrossing tale.\n\n “Raja Begum was vanquished at last.\n\n His royal pride was further humbled: with my lacerated hands, I audaciously forced open his jaws.\n\n For a dramatic moment, I held my head within the yawning deathtra.\n\n I looked around for a chain.\n\n Pulling one from a pile on the floor, I bound the tiger by his neck to the cage bars.\n\n In triumph I moved toward the door.\n\n “But that fiend incarnate, Raja Begum, had stamina worthy of his supposed demoniac origin.\n\n With an incredible lunge, he snapped the chain and leaped on my back.\n\n My shoulder fast in his jaws, I fell violently.\n\n But in a trice I had him pinned beneath me.\n\n Under merciless blows, the treacherous animal sank into semiconsciousness.\n\n This time I secured him more carefully.\n\n Slowly I left the cage.","type":"default","passage":"The Tiger Swami","commentary":"","meaning":""},{"id":"22","title":"6.22","content":"“I found myself in a new uproar, this time one of delight.\n\n The crowd’s cheer broke as though from a single gigantic throat.\n\n Disastrously mauled, I had yet fulfilled the three conditions of the fight-stunning the tiger, binding him with a chain, and leaving him without requiring assistance for myself.\n\n In addition, I had so drastically injured and frightened the aggressive beast that he had been content to overlook the opportune prize of my head in his mouth! “After my wounds were treated, I was honored and garlanded; hundreds of gold pieces showered at my feet.\n\n The whole city entered a holiday period.\n\n Endless discussions were heard on all sides about my victory over one of the largest and most savage tigers ever seen.\n\n Raja Begum was presented to me, as promised, but I felt no elation.\n\n A spiritual change had entered my heart.\n\n It seemed that with my final exit from the cage I had also closed the door on my worldly ambitions.","type":"default","passage":"The Tiger Swami","commentary":"","meaning":""},{"id":"23","title":"6.23","content":"“A woeful period followed.\n\n For six months I lay near death from blood poisoning.\n\n As soon as I was well enough to leave Cooch Behar, I returned to my native town.\n\n “‘I know now that my teacher is the holy man who gave the wise warning.\n\n’ I humbly made this confession to my father.\n\n ‘Oh, if I could only find him!’ My longing was sincere, for one day the saint arrived unheralded.\n\n “‘Enough of tiger taming.\n\n’ He spoke with calm assurance.\n\n ‘Come with me; I will teach you to subdue the beasts of ignorance roaming in jungles of the human mind.\n\n You are used to an audience: let it be a galaxy of angels, entertained by your thrilling mastery of yoga!’","type":"default","passage":"The Tiger Swami","commentary":"","meaning":""},{"id":"24","title":"6.24","content":"“I was initiated into the spiritual path by my saintly guru.\n\n He opened my soul-doors, rusty and resistant with long disuse.\n\n Hand in hand, we soon set out for my training in the Himalayas.\n\n” Chandi and I bowed at the swami’s feet, grateful for his vivid outline of a life truly cyclonic.\n\n I felt amply repaid for the long probationary wait in the cold parlor! {FN6-1} SOHONG was his monastic name.\n\n He was popularly known as the “Tiger Swami.\n\n” {FN6-2} “Prince Princess”-so named to indicate that this beast possessed the combined ferocity of tiger and tigress.","type":"default","passage":"The Tiger Swami","commentary":"","meaning":""}]}