{"id":7,"title":"The Levitating Saint (Nagendra Nath Bhaduri)","description":"The Levitating Saint (Nagendra Nath Bhaduri)","sectionCount":15,"tags":null,"contentId":"AoY01","sections":[{"id":"1","title":"7.1","content":"THE LEVITATING SAINT “I saw a yogi remain in the air, several feet above the ground, last night at a group meeting.\n\n” My friend, Upendra Mohun Chowdhury, spoke impressively.\n\n I gave him an enthusiastic sm.\n\n “Perhaps I can guess his name.\n\n Was it Bhaduri Mahasaya, of Upper Circular Road?” Upendra nodded, a little crestfallen not to be a news-bearer.\n\n My inquisitiveness about saints was well-known among my friends; they delighted in setting me on a fresh track.\n\n “The yogi lives so close to my home that I often visit him.\n\n” My words brought keen interest to Upendra’s face, and I made a further confidence.","type":"default","passage":"The Levitating Saint (Nagendra Nath Bhaduri)","commentary":"","meaning":""},{"id":"2","title":"7.2","content":"“I have seen him in remarkable feats.\n\n He has expertly mastered the various PRANAYAMAS {FN7-1} of the ancient eightfold yoga outlined by Patanjali.\n\n {FN7-2} Once Bhaduri Mahasaya performed the BHASTRIKA PRANAYAMA before me with such amazing force that it seemed an actual storm had arisen in the room! Then he extinguished the thundering breath and remained motionless in a high state of superconsciousness.\n\n {FN7-3} The aura of peace after the storm was vivid beyond forgetting.\n\n” “I heard that the saint never leaves his home.\n\n” Upendra’s tone was a trifle incredulous.\n\n “Indeed it is true! He has lived indoors for the past twenty years.\n\n He slightly relaxes his self-imposed rule at the times of our holy festivals, when he goes as far as his front sidewalk! The beggars gather there, because Saint Bhaduri is known for his tender heart.\n\n”","type":"default","passage":"The Levitating Saint (Nagendra Nath Bhaduri)","commentary":"","meaning":""},{"id":"3","title":"7.3","content":"“How does he remain in the air, defying the law of gravitation?” “A yogi’s body loses its grossness after use of certain PRANAYAMA.\n\n Then it will levitate or hop about like a leaping frog.\n\n Even saints who do not practice a formal yoga {FN7-4} have been known to levitate during a state of intense devotion to God.\n\n” “I would like to know more of this sage.\n\n Do you attend his evening meetings?” Upendra’s eyes were sparkling with curiosity.\n\n “Yes, I go often.\n\n I am vastly entertained by the wit in his wisdom.\n\n Occasionally my prolonged laughter mars the solemnity of his gatherings.\n\n The saint is not displeased, but his disciples look daggers!”","type":"default","passage":"The Levitating Saint (Nagendra Nath Bhaduri)","commentary":"","meaning":""},{"id":"4","title":"7.4","content":"On my way home from school that afternoon, I passed Bhaduri Mahasaya’s cloister and decided on a visit.\n\n The yogi was inaccessible to the general public.\n\n A lone disciple, occupying the ground floor, guarded his master’s privacy.\n\n The student was something of a martinet; he now inquired formally if I had an “engagement.\n\n” His guru put in an appearance just in time to save me from summary ejection.\n\n “Let Mukunda come when he will.\n\n” The sage’s eyes twinkled.\n\n “My rule of seclusion is not for my own comfort, but for that of others.\n\n Worldly people do not like the candor which shatters their delusions.\n\n Saints are not only rare but disconcerting.\n\n Even in scripture, they are often found embarrassing!”","type":"default","passage":"The Levitating Saint (Nagendra Nath Bhaduri)","commentary":"","meaning":""},{"id":"5","title":"7.5","content":"I followed Bhaduri Mahasaya to his austere quarters on the top floor, from which he seldom stirred.\n\n Masters often ignore the panorama of the world’s ado, out of focus till centered in the ages.\n\n The contemporaries of a sage are not alone those of the narrow present.\n\n “Maharishi, {FN7-5} you are the first yogi I have known who always stays indoors.\n\n” “God plants his saints sometimes in unexpected soil, lest we think we may reduce Him to a rule!” The sage locked his vibrant body in the lotus posture.\n\n In his seventies, he displayed no unpleasing signs of age or sedentary l.\n\n Stalwart and straight, he was ideal in every respect.\n\n His face was that of a RISHI, as described in the ancient texts.\n\n Noble-headed, abundantly bearded, he always sat firmly upright, his quiet eyes fixed on Omnipresence.","type":"default","passage":"The Levitating Saint (Nagendra Nath Bhaduri)","commentary":"","meaning":""},{"id":"6","title":"7.6","content":"The saint and I entered the meditative state.\n\n After an hour, his gentle voice roused me.\n\n “You go often into the silence, but have you developed ANUBHAVA?” {FN7-6} He was reminding me to love God more than meditation.\n\n “Do not mistake the technique for the Go.\n\n” He offered me some mangoes.\n\n With that good-humored wit that I found so delightful in his grave nature, he remarked, “People in general are more fond of JALA YOGA  \n***(union with food)***\n than of DHYANA YOGA  \n***(union with God)***\n.\n\n” His yogic pun affected me uproariously.\n\n “What a laugh you have!” An affectionate gleam came into his gaze.\n\n His own face was always serious, yet touched with an ecstatic sm.\n\n His large, lotus eyes held a hidden divine laughter.","type":"default","passage":"The Levitating Saint (Nagendra Nath Bhaduri)","commentary":"","meaning":""},{"id":"7","title":"7.7","content":"“Those letters come from far-off America.\n\n” The sage indicated several thick envelopes on a table.\n\n “I correspond with a few societies there whose members are interested in yoga.\n\n They are discovering India anew, with a better sense of direction than Columbus! I am glad to help them.\n\n The knowledge of yoga is free to all who will receive, like the ungarnishable daylight.\n\n “What RISHIS perceived as essential for human salvation need not be diluted for the West.\n\n Alike in soul though diverse in outer experience, neither West nor East will flourish if some form of disciplinary yoga be not practiced.\n\n” The saint held me with his tranquil eyes.\n\n I did not realize that his speech was a veiled prophetic guidance.\n\n It is only now, as I write these words, that I understand the full meaning in the casual intimations he often gave me that someday I would carry India’s teachings to America.","type":"default","passage":"The Levitating Saint (Nagendra Nath Bhaduri)","commentary":"","meaning":""},{"id":"8","title":"7.8","content":"[Illustration: BHADURI MAHASAYA, “The Levitating Saint” “Sir, ” I inquired, “why do you not write a book on yoga for the benefit of the world?” “I am training disciples, ” He replied.\n\n “They and their students will be living volumes, proof against the natural disintegrations of time and the unnatural interpretations of the critics.\n\n”—see badhuri.\n\njpg] “Maharishi, I wish you would write a book on yoga for the benefit of the world.\n\n” “I am training disciples.\n\n They and their students will be living volumes, proof against the natural disintegrations of time and the unnatural interpretations of the critics.\n\n” Bhaduri’s wit put me into another gale of laughter.","type":"default","passage":"The Levitating Saint (Nagendra Nath Bhaduri)","commentary":"","meaning":""},{"id":"9","title":"7.9","content":"I remained alone with the yogi until his disciples arrived in the evening.\n\n Bhaduri Mahasaya entered one of his inimitable discourses.\n\n Like a peaceful flood, he swept away the mental debris of his listeners, floating them Godward.\n\n His striking parables were expressed in a flawless Bengali.\n\n This evening Bhaduri expounded various philosophical points connected with the life of Mirabai, a medieval Rajputani princess who abandoned her court life to seek the company of sadhus.\n\n One great-sannyasi refused to receive her because she was a woman; her reply brought him humbly to her feet.\n\n “Tell the master, ” she had said, “that I did not know there was any Male in the universe save God; are we all not females before Him?”  \n***(A scriptural conception of the Lord as the only Positive Creative Principle, His creation being naught but a passive MAY.\n\n)***","type":"default","passage":"The Levitating Saint (Nagendra Nath Bhaduri)","commentary":"","meaning":""},{"id":"10","title":"7.10","content":"Mirabai composed many ecstatic songs which are still treasured in India; I translate one of them here: “If by bathing daily God could be realized Sooner would I be a whale in the deep; If by eating roots and fruits He could be known Gladly would I choose the form of a goat; If the counting of rosaries uncovered Him I would say my prayers on mammoth beads; If bowing before stone images unveiled Him A flinty mountain I would humbly worship; If by drinking milk the Lord could be imbibed Many calves and children would know Him; If abandoning one’s wife would summon God Would not thousands be eunuchs? Mirabai knows that to find the Divine One The only indispensable is Love.\n\n”","type":"default","passage":"The Levitating Saint (Nagendra Nath Bhaduri)","commentary":"","meaning":""},{"id":"11","title":"7.11","content":"Several students put rupees in Bhaduri’s slippers which lay by his side as he sat in yoga posture.\n\n This respectful offering, customary in India, indicates that the disciple places his material goods at the guru’s feet.\n\n Grateful friends are only the Lord in disguise, looking after His own.\n\n “Master, you are wonderful!” A student, taking his leave, gazed ardently at the patriarchal sage.\n\n “You have renounced riches and comforts to seek God and teach us wisdom!” It was well-known that Bhaduri Mahasaya had forsaken great family wealth in his early childhood, when single-mindedly he entered the yogic path.","type":"default","passage":"The Levitating Saint (Nagendra Nath Bhaduri)","commentary":"","meaning":""},{"id":"12","title":"7.12","content":"“You are reversing the case!” The saint’s face held a mild rebuke.\n\n “I have left a few paltry rupees, a few petty pleasures, for a cosmic empire of endless bliss.\n\n How then have I denied myself anything? I know the joy of sharing the treasure.\n\n Is that a sacrifice? The shortsighted worldly folk are verily the real renunciates! They relinquish an unparalleled divine possession for a poor handful of earthly toys!” I chuckled over this paradoxical view of renunciation-one which puts the cap of Croesus on any saintly beggar, whilst transforming all proud millionaires into unconscious martyrs.\n\n “The divine order arranges our future more wisely than any insurance company.\n\n” The master’s concluding words were the realized creed of his faith.\n\n “The world is full of uneasy believers in an outward security.\n\n Their bitter thoughts are like scars on their foreheads.\n\n The One who gave us air and milk from our first breath knows how to provide day by day for His devotees.\n\n”","type":"default","passage":"The Levitating Saint (Nagendra Nath Bhaduri)","commentary":"","meaning":""},{"id":"13","title":"7.13","content":"I continued my after-school pilgrimages to the saint’s door.\n\n With silent zeal he aided me to attain ANUBHAV.\n\n One day he moved to Ram Mohan Roy Road, away from the neighborhood of my Gurpar Road home.\n\n His loving disciples had built him a new hermitage, known as “Nagendra Math.\n\n” {FN7-7} Although it throws me ahead of my story by a number of years, I will recount here the last words given to me by Bhaduri Mahasaya.\n\n Shortly before I embarked for the West, I sought him out and humbly knelt for his farewell blessing: “Son, go to America.\n\n Take the dignity of hoary India for your shield.\n\n Victory is written on your brow; the noble distant people will well receive you.\n\n”","type":"default","passage":"The Levitating Saint (Nagendra Nath Bhaduri)","commentary":"","meaning":""},{"id":"14","title":"7.14","content":"{FN7-1} Methods of controlling life-force through regulation of breath.\n\n {FN7-2} The foremost ancient exponent of yoga.\n\n {FN7-3} French professors were the first in the West to be willing to scientifically investigate the possibilities of the superconscious mind.\n\n Professor Jules-Bois, member of the L’Ecole de Psychologie of the Sorbonne, lectured in America in 1928; he told his audiences that French scientists have accorded recognition to the superconsciousness, “which is the exact opposite of Freud’s subconscious mind and is the faculty which makes man really man and not just a super-anim.\n\n” . Jules-Bois explained that the awakening of the higher consciousness “was not to be confused with Coueism or hypnotism.\n\n The existence of a superconscious mind has long been recognized philosophically, being in reality the Oversoul spoken of by Emerson, but only recently has it been recognized scientifically.\n\n” The French scientist pointed out that from the superconsciousness come inspiration, genius, moral values.\n\n “Belief in this is not mysticism though it recognized and valued the qualities which mystics preached.\n\n”","type":"default","passage":"The Levitating Saint (Nagendra Nath Bhaduri)","commentary":"","meaning":""},{"id":"15","title":"7.15","content":"{FN7-4} . Theresa of Avila and other Christian saints were often observed in a state of levitation.\n\n {FN7-5} “Great sage.\n\n” {FN7-6} Actual perception of God.\n\n {FN7-7} The saint’s full name was Nagendranath Bhaduri.\n\n MATH means hermitage or ASHRA.","type":"default","passage":"The Levitating Saint (Nagendra Nath Bhaduri)","commentary":"","meaning":""}]}