{"id":8,"title":"India’s Great Scientist and Inventor, Jagadis Chandra Bose","description":"India’s Great Scientist and Inventor, Jagadis Chandra Bose","sectionCount":22,"tags":null,"contentId":"AoY01","sections":[{"id":"1","title":"8.1","content":"INDIA’S GREAT SCIENTIST, ..\n\n BOSE “Jagadis Chandra Bose’s wireless inventions antedated those of Marconi.\n\n” Overhearing this provocative remark, I walked closer to a sidewalk group of professors engaged in scientific discussion.\n\n If my motive in joining them was racial pride, I regret it.\n\n I cannot deny my keen interest in evidence that India can play a leading part in physics, and not metaphysics alone.\n\n “What do you mean, sir?” The professor obligingly explained.\n\n “Bose was the first one to invent a wireless coherer and an instrument for indicating the refraction of electric waves.\n\n But the Indian scientist did not exploit his inventions commercially.\n\n He soon turned his attention from the inorganic to the organic world.\n\n His revolutionary discoveries as a plant physiologist are outpacing even his radical achievements as a physicist.\n\n”","type":"default","passage":"India’s Great Scientist and Inventor, Jagadis Chandra Bose","commentary":"","meaning":""},{"id":"2","title":"8.2","content":"I politely thanked my mentor.\n\n He added, “The great scientist is one of my brother professors at Presidency College.\n\n” I paid a visit the next day to the sage at his home, which was close to mine on Gurpar Road.\n\n I had long admired him from a respectful distance.\n\n The grave and retiring botanist greeted me graciously.\n\n He was a handsome, robust man in his fifties, with thick hair, broad forehead, and the abstracted eyes of a dreamer.\n\n The precision in his tones revealed the lifelong scientific habit.\n\n “I have recently returned from an expedition to scientific societies of the West.\n\n Their members exhibited intense interest in delicate instruments of my invention which demonstrate the indivisible unity of all l.\n\n {FN8-1} The Bose crescograph has the enormity of ten million magnifications.\n\n The microscope enlarges only a few thousand times; yet it brought vital impetus to biological science.\n\n The crescograph opens incalculable vistas.\n\n”","type":"default","passage":"India’s Great Scientist and Inventor, Jagadis Chandra Bose","commentary":"","meaning":""},{"id":"3","title":"8.3","content":"“You have done much, sir, to hasten the embrace of East and West in the impersonal arms of science.\n\n” “I was educated at Cambridge.\n\n How admirable is the Western method of submitting all theory to scrupulous experimental verification! That empirical procedure has gone hand in hand with the gift for introspection which is my Eastern heritage.\n\n Together they have enabled me to sunder the silences of natural realms long uncommunicat.\n\n The telltale charts of my crescograph {FN8-2} are evidence for the most skeptical that plants have a sensitive nervous system and a varied emotional l.\n\n Love, hate, joy, fear, pleasure, pain, excitability, stupor, and countless appropriate responses to stimuli are as universal in plants as in animals.\n\n”","type":"default","passage":"India’s Great Scientist and Inventor, Jagadis Chandra Bose","commentary":"","meaning":""},{"id":"4","title":"8.4","content":"“The unique throb of life in all creation could seem only poetic imagery before your advent, Professor! A saint I once knew would never pluck flowers.\n\n ‘Shall I rob the rosebush of its pride in beauty? Shall I cruelly affront its dignity by my rude divestment?’ His sympathetic words are verified literally through your discoveries!” “The poet is intimate with truth, while the scientist approaches awkwardly.\n\n Come someday to my laboratory and see the unequivocable testimony of the crescograph.\n\n” Gratefully I accepted the invitation, and took my departure.\n\n I heard later that the botanist had left Presidency College, and was planning a research center in Calcutta.","type":"default","passage":"India’s Great Scientist and Inventor, Jagadis Chandra Bose","commentary":"","meaning":""},{"id":"5","title":"8.5","content":"When the Bose Institute was opened, I attended the dedicatory services.\n\n Enthusiastic hundreds strolled over the premises.\n\n I was charmed with the artistry and spiritual symbolism of the new home of science.\n\n Its front gate, I noted, was a centuried relic from a distant shr.\n\n Behind the lotus {FN8-3} fountain, a sculptured female figure with a torch conveyed the Indian respect for woman as the immortal light-bearer.\n\n The garden held a small temple consecrated to the Noumenon beyond phenomena.\n\n Thought of the divine incorporeity was suggested by absence of any altar-image.\n\n [Illustration: Myself at Age six—see atsix.\n\njpg]","type":"default","passage":"India’s Great Scientist and Inventor, Jagadis Chandra Bose","commentary":"","meaning":""},{"id":"6","title":"8.6","content":"[Illustration: JAGADIS CHANDRA BOSE, India’s great physicist, botanist, and inventor of the Crescograph—see bose.\n\njpg] Bose’s speech on this great occasion might have issued from the lips of one of the inspired ancient RISHI.\n\n “I dedicate today this Institute as not merely a laboratory but a temple.\n\n” His reverent solemnity stole like an unseen cloak over the crowded auditorium.\n\n “In the pursuit of my investigations I was unconsciously led into the border region of physics and physiology.\n\n To my amazement, I found boundary lines vanishing, and points of contact emerging, between the realms of the living and the non-living.\n\n Inorganic matter was perceived as anything but inert; it was athrill under the action of multitudinous forces.","type":"default","passage":"India’s Great Scientist and Inventor, Jagadis Chandra Bose","commentary":"","meaning":""},{"id":"7","title":"8.7","content":"“A universal reaction seemed to bring metal, plant and animal under a common law.\n\n They all exhibited essentially the same phenomena of fatigue and depression, with possibilities of recovery and of exaltation, as well as the permanent irresponsiveness associated with death.\n\n Filled with awe at this stupendous generalization, it was with great hope that I announced my results before the Royal Society—results demonstrated by experiments.\n\n But the physiologists present advised me to confine myself to physical investigations, in which my success had been assured, rather than encroach on their preserves.\n\n I had unwittingly strayed into the domain of an unfamiliar caste system and so offended its etiquette.","type":"default","passage":"India’s Great Scientist and Inventor, Jagadis Chandra Bose","commentary":"","meaning":""},{"id":"8","title":"8.8","content":"“An unconscious theological bias was also present, which confounds ignorance with faith.\n\n It is often forgotten that He who surrounded us with this ever-evolving mystery of creation has also implanted in us the desire to question and understand.\n\n Through many years of miscomprehension, I came to know that the life of a devotee of science is inevitably filled with unending struggle.\n\n It is for him to cast his life as an ardent offering-regarding gain and loss, success and failure, as one.\n\n “In time the leading scientific societies of the world accepted my theories and results, and recognized the importance of the Indian contribution to science.\n\n {FN8-4} Can anything small or circumscribed ever satisfy the mind of India? By a continuous living tradition, and a vital power of rejuvenescence, this land has readjusted itself through unnumbered transformations.\n\n Indians have always arisen who, discarding the immediate and absorbing prize of the hour, have sought for the realization of the highest ideals in life-not through passive renunciation, but through active struggle.\n\n The weakling who has refused the conflict, acquiring nothing, has had nothing to renounce.\n\n He alone who has striven and won can enrich the world by bestowing the fruits of his victorious experience.","type":"default","passage":"India’s Great Scientist and Inventor, Jagadis Chandra Bose","commentary":"","meaning":""},{"id":"9","title":"8.9","content":"“The work already carried out in the Bose laboratory on the response of matter, and the unexpected revelations in plant life, have opened out very extended regions of inquiry in physics, in physiology, in medicine, in agriculture, and even in psychology.\n\n Problems hitherto regarded as insoluble have now been brought within the sphere of experimental investigation.\n\n “But high success is not to be obtained without rigid exactitude.\n\n Hence the long battery of super-sensitive instruments and apparatus of my design, which stand before you today in their cases in the entrance hall.\n\n They tell you of the protracted efforts to get behind the deceptive seeming into the reality that remains unseen, of the continuous toil and persistence and resourcefulness called forth to overcome human limitations.\n\n All creative scientists know that the true laboratory is the mind, where behind illusions they uncover the laws of truth.","type":"default","passage":"India’s Great Scientist and Inventor, Jagadis Chandra Bose","commentary":"","meaning":""},{"id":"10","title":"8.10","content":"“The lectures given here will not be mere repetitions of second-hand knowledge.\n\n They will announce new discoveries, demonstrated for the first time in these halls.\n\n Through regular publication of the work of the Institute, these Indian contributions will reach the whole world.\n\n They will become public property.\n\n No patents will ever be taken.\n\n The spirit of our national culture demands that we should forever be free from the desecration of utilizing knowledge only for personal gain.\n\n “It is my further wish that the facilities of this Institute be available, so far as possible, to workers from all countries.\n\n In this I am attempting to carry on the traditions of my country.\n\n So far back as twenty-five centuries, India welcomed to its ancient universities, at Nalanda and Taxila, scholars from all parts of the world.","type":"default","passage":"India’s Great Scientist and Inventor, Jagadis Chandra Bose","commentary":"","meaning":""},{"id":"11","title":"8.11","content":"“Although science is neither of the East nor of the West but rather international in its universality, yet India is specially fitted to make great contributions.\n\n {FN8-5} The burning Indian imagination, which can extort new order out of a mass of apparently contradictory facts, is held in check by the habit of concentration.\n\n This restraint confers the power to hold the mind to the pursuit of truth with an infinite patience.\n\n” Tears stood in my eyes at the scientist’s concluding words.\n\n Is “patience” not indeed a synonym of India, confounding Time and the historians alike? I visited the research center again, soon after the day of opening.\n\n The great botanist, mindful of his promise, took me to his quiet laboratory.","type":"default","passage":"India’s Great Scientist and Inventor, Jagadis Chandra Bose","commentary":"","meaning":""},{"id":"12","title":"8.12","content":"“I will attach the crescograph to this fern; the magnification is tremendous.\n\n If a snail’s crawl were enlarged in the same proportion, the creature would appear to be traveling like an express train!” My gaze was fixed eagerly on the screen which reflected the magnified fern-shadow.\n\n Minute life-movements were now clearly perceptible; the plant was growing very slowly before my fascinated eyes.\n\n The scientist touched the tip of the fern with a small metal bar.\n\n The developing pantomime came to an abrupt halt, resuming the eloquent rhythms as soon as the rod was withdrawn.\n\n “You saw how any slight outside interference is detrimental to the sensitive tissues, ” Bose remarked.\n\n “Watch; I will now administer chloroform, and then give an antidote.\n\n”","type":"default","passage":"India’s Great Scientist and Inventor, Jagadis Chandra Bose","commentary":"","meaning":""},{"id":"13","title":"8.13","content":"The effect of the chloroform discontinued all growth; the antidote was revivifying.\n\n The evolutionary gestures on the screen held me more raptly than a “movie” plot.\n\n My companion  \n***(here in the role of villain)***\n thrust a sharp instrument through a part of the fern; pain was indicated by spasmodic flutters.\n\n When he passed a razor partially through the stem, the shadow was violently agitated, then stilled itself with the final punctuation of death.\n\n “By first chloroforming a huge tree, I achieved a successful transplantation.\n\n Usually, such monarchs of the forest die very quickly after being moved.\n\n” Jagadis smiled happily as he recounted the life-saving maneuver.\n\n “Graphs of my delicate apparatus have proved that trees possess a circulatory system; their sap movements correspond to the blood pressure of animal bodies.\n\n The ascent of sap is not explicable on the mechanical grounds ordinarily advanced, such as capillary attraction.\n\n The phenomenon has been solved through the crescograph as the activity of living cells.\n\n Peristaltic waves issue from a cylindrical tube which extends down a tree and serves as an actual heart! The more deeply we perceive, the more striking becomes the evidence that a uniform plan links every form in manifold nature.\n\n”","type":"default","passage":"India’s Great Scientist and Inventor, Jagadis Chandra Bose","commentary":"","meaning":""},{"id":"14","title":"8.14","content":"The great scientist pointed to another Bose instrument.\n\n “I will show you experiments on a piece of tin.\n\n The life-force in metals responds adversely or beneficially to stimuli.\n\n Ink markings will register the various reactions.\n\n” Deeply engrossed, I watched the graph which recorded the characteristic waves of atomic structure.\n\n When the professor applied chloroform to the tin, the vibratory writings stopped.\n\n They recommenced as the metal slowly regained its normal state.\n\n My companion dispensed a poisonous chemic.\n\n Simultaneous with the quivering end of the tin, the needle dramatically wrote on the chart a death-not.","type":"default","passage":"India’s Great Scientist and Inventor, Jagadis Chandra Bose","commentary":"","meaning":""},{"id":"15","title":"8.15","content":"“Bose instruments have demonstrated that metals, such as the steel used in scissors and machinery, are subject to fatigue, and regain efficiency by periodic rest.\n\n The life-pulse in metals is seriously harmed or even extinguished through the application of electric currents or heavy pressure.\n\n” I looked around the room at the numerous inventions, eloquent testimony of a tireless ingenuity.\n\n “Sir, it is lamentable that mass agricultural development is not speeded by fuller use of your marvelous mechanisms.\n\n Would it not be easily possible to employ some of them in quick laboratory experiments to indicate the influence of various types of fertilizers on plant growth?”","type":"default","passage":"India’s Great Scientist and Inventor, Jagadis Chandra Bose","commentary":"","meaning":""},{"id":"16","title":"8.16","content":"“You are right.\n\n Countless uses of Bose instruments will be made by future generations.\n\n The scientist seldom knows contemporaneous reward; it is enough to possess the joy of creative serv.\n\n” With expressions of unreserved gratitude to the indefatigable sage, I took my leave.\n\n “Can the astonishing fertility of his genius ever be exhausted?” I thought.\n\n No diminution came with the years.\n\n Inventing an intricate instrument, the “Resonant Cardiograph, ” Bose then pursued extensive researches on innumerable Indian plants.\n\n An enormous unsuspected pharmacopoeia of useful drugs was revealed.\n\n The cardiograph is constructed with an unerring accuracy by which a one-hundredth part of a second is indicated on a graph.\n\n Resonant records measure infinitesimal pulsations in plant, animal and human structure.\n\n The great botanist predicted that use of his cardiograph will lead to vivisection on plants instead of animals.","type":"default","passage":"India’s Great Scientist and Inventor, Jagadis Chandra Bose","commentary":"","meaning":""},{"id":"17","title":"8.17","content":"“Side by side recordings of the effects of a medicine given simultaneously to a plant and an animal have shown astounding unanimity in result, ” he pointed out.\n\n “Everything in man has been foreshadowed in the plant.\n\n Experimentation on vegetation will contribute to lessening of human suffering.\n\n” Years later Bose’s pioneer plant findings were substantiated by other scientists.\n\n Work done in 1938 at Columbia University was reported by THE NEW YORK TIMES as follows: It has been determined within the past few years that when the nerves transmit messages between the brain and other parts of the body, tiny electrical impulses are being generated.\n\n These impulses have been measured by delicate galvanometers and magnified millions of times by modern amplifying apparatus.\n\n Until now no satisfactory method had been found to study the passages of the impulses along the nerve fibers in living animals or man because of the great speed with which these impulses travel.","type":"default","passage":"India’s Great Scientist and Inventor, Jagadis Chandra Bose","commentary":"","meaning":""},{"id":"18","title":"8.18","content":"Drs.\n\n . . Cole and . . Curtis reported having discovered that the long single cells of the fresh-water plant nitella, used frequently in goldfish bowls, are virtually identical with those of single nerve fibers.\n\n Furthermore, they found that nitella fibers, on being excited, propagate electrical waves that are similar in every way, except velocity, to those of the nerve fibers in animals and man.\n\n The electrical nerve impulses in the plant were found to be much slower than those in animals.\n\n This discovery was therefore seized upon by the Columbia workers as a means for taking slow motion pictures of the passage of the electrical impulses in nerves.","type":"default","passage":"India’s Great Scientist and Inventor, Jagadis Chandra Bose","commentary":"","meaning":""},{"id":"19","title":"8.19","content":"The nitella plant thus may become a sort of Rosetta stone for deciphering the closely guarded secrets close to the very borderland of mind and matter.\n\n The poet Rabindranath Tagore was a stalwart friend of India’s idealistic scientist.\n\n To him, the sweet Bengali singer addressed the following lines: {FN8-6} O Hermit, call thou in the authentic words Of that old hymn called SAMA; “Rise! Awake!” Call to the man who boasts his SHASTRIC lore From vain pedantic wranglings profitless, Call to that foolish braggart to come forth Out on the face of nature, this broad earth, Send forth this call unto thy scholar band; Together round thy sacrifice of fire Let them all gather.\n\n So may our India, Our ancient land unto herself return O once again return to steadfast work, To duty and devotion, to her trance Of earnest meditation; let her sit Once more unruffled, greedless, strifeless, pure, O once again upon her lofty seat And platform, teacher of all lands.","type":"default","passage":"India’s Great Scientist and Inventor, Jagadis Chandra Bose","commentary":"","meaning":""},{"id":"20","title":"8.20","content":"{FN8-1} “All science is transcendental or else passes away.\n\n Botany is now acquiring the right theory-the avatars of Brahma will presently be the textbooks of natural history.\n\n”-EMERSO.\n\n {FN8-2} From the Latin root, CRESCERE, to increase.\n\n For his crescograph and other inventions, Bose was knighted in 191.\n\n {FN8-3} The lotus flower is an ancient divine symbol in India; its unfolding petals suggest the expansion of the soul; the growth of its pure beauty from the mud of its origin holds a benign spiritual prom.\n\n {FN8-4} “At present, only the sheerest accident brings India into the purview of the American college student.\n\n Eight universities  \n***(Harvard, Yale, Columbia, Princeton, Johns Hopkins, Pennsylvania, Chicago, and California)***\n have chairs of Indology or Sanskrit, but India is virtually unrepresented in departments of history, philosophy, fine arts, political science, sociology, or any of the other departments of intellectual experience in which, as we have seen, India has made great contributions.\n\n . . . We believe, consequently, that no department of study, particularly in the humanities, in any major university can be fully equipped without a properly trained specialist in the Indic phases of its discipl.\n\n We believe, too, that every college which aims to prepare its graduates for intelligent work in the world which is to be theirs to live in, must have on its staff a scholar competent in the civilization of India.\n\n”-Extracts from an article by Professor . Norman Brown of the University of Pennsylvania which appeared in the May, 1939, issue of the BULLETIN of the American Council of Learned Societies, 907 15th ., Washington, . ., 25 cents copy.\n\n This issue  \n***(#28)***\n contains over 100 pages of a “Basic Bibliography for Indic Studies.\n\n”","type":"default","passage":"India’s Great Scientist and Inventor, Jagadis Chandra Bose","commentary":"","meaning":""},{"id":"21","title":"8.21","content":"{FN8-5} The atomic structure of matter was well-known to the ancient Hindus.\n\n One of the six systems of Indian philosophy is VAISESIKA, from the Sanskrit root VISESAS, “atomic individuality.\n\n” One of the foremost VAISESIKA expounders was Aulukya, also called Kanada, “the atom-eater, ” born about 2800 years ago.\n\n In an article in EAST-WEST, April, 1934, a summary of VAISESIKA scientific knowledge was given as follows: “Though the modern ‘atomic theory’ is generally considered a new advance of science, it was brilliantly expounded long ago by Kanada, ‘the atom-eater.\n\n’ The Sanskrit ANUS can be properly translated as ‘atom’ in the latter’s literal Greek sense of ‘uncut’ or indivisible.\n\n Other scientific expositions of VAISESIKA treatises of the ..\n\n era include  \n***(1)***\n the movement of needles toward magnets,  \n***(2)***\n the circulation of water in plants,  \n***(3)***\n AKASH or ether, inert and structureless, as a basis for transmitting subtle forces,  \n***(4)***\n the solar fire as the cause of all other forms of heat,  \n***(5)***\n heat as the cause of molecular change,  \n***(6)***\n the law of gravitation as caused by the quality that inheres in earth-atoms to give them their attractive power or downward pull,  \n***(7)***\n the kinetic nature of all energy; causation as always rooted in an expenditure of energy or a redistribution of motion,  \n***(8)***\n universal dissolution through the disintegration of atoms,  \n***(9)***\n the radiation of heat and light rays, infinitely small particles, darting forth in all directions with inconceivable speed  \n***(the modern ‘cosmic rays’ theory)***\n,  \n***(10)***\n the relativity of time and space.","type":"default","passage":"India’s Great Scientist and Inventor, Jagadis Chandra Bose","commentary":"","meaning":""},{"id":"22","title":"8.22","content":"“VAISESIKA assigned the origin of the world to atoms, eternal in their nature, ., their ultimate peculiarities.\n\n These atoms were regarded as possessing an incessant vibratory motion.\n\n . . . The recent discovery that an atom is a miniature solar system would be no news to the old VAISESIKA philosophers, who also reduced time to its furthest mathematical concept by describing the smallest unit of time  \n***(KALA)***\n as the period taken by an atom to traverse its own unit of space.\n\n” {FN8-6} Translated from the Bengali of Rabindranath Tagore, by Manmohan Ghosh, in VISWA-BHARAT.","type":"default","passage":"India’s Great Scientist and Inventor, Jagadis Chandra Bose","commentary":"","meaning":""}]}