{"id":9,"title":"The Blissful Devotee and his Cosmic Romance (Master Mahasaya)","description":"The Blissful Devotee and his Cosmic Romance (Master Mahasaya)","sectionCount":18,"tags":null,"contentId":"AoY01","sections":[{"id":"1","title":"9.1","content":"THE BLISSFUL DEVOTEE AND HIS COSMIC ROMANCE “Little sir, please be seated.\n\n I am talking to my Divine Mother.\n\n” Silently I had entered the room in great awe.\n\n The angelic appearance of Master Mahasaya fairly dazzled me.\n\n With silky white beard and large lustrous eyes, he seemed an incarnation of purity.\n\n His upraised chin and folded hands apprized me that my first visit had disturbed him in the midst of his devotions.\n\n His simple words of greeting produced the most violent effect my nature had so far experienced.\n\n The bitter separation of my mother’s death I had thought the measure of all anguish.\n\n \n\nNow an agony at separation from my Divine Mother was an indescribable torture of the spirit.\n\n I fell moaning to the floor.","type":"default","passage":"The Blissful Devotee and his Cosmic Romance (Master Mahasaya)","commentary":"","meaning":""},{"id":"2","title":"9.2","content":"“Little sir, quiet yourself!” The saint was sympathetically distressed.\n\n Abandoned in some oceanic desolation, I clutched his feet as the sole raft of my rescue.\n\n “Holy sir, thy intercession! Ask Divine Mother if I find any favor in Her sight!” This promise is one not easily bestowed; the master was constrained to silence.\n\n Beyond reach of doubt, I was convinced that Master Mahasaya was in intimate converse with the Universal Mother.\n\n It was deep humiliation to realize that my eyes were blind to Her who even at this moment was perceptible to the faultless gaze of the saint.\n\n Shamelessly gripping his feet, deaf to his gentle remonstrances, I besought him again and again for his intervening grace.","type":"default","passage":"The Blissful Devotee and his Cosmic Romance (Master Mahasaya)","commentary":"","meaning":""},{"id":"3","title":"9.3","content":"“I will make your plea to the Beloved.\n\n” The master’s capitulation came with a slow, compassionate sm.\n\n What power in those few words, that my being should know release from its stormy exile? “Sir, remember your pledge! I shall return soon for Her message!” Joyful anticipation rang in my voice that only a moment ago had been sobbing in sorrow.\n\n Descending the long stairway, I was overwhelmed by memories.\n\n This house at 50 Amherst Street, now the residence of Master Mahasaya, had once been my family home, scene of my mother’s death.\n\n Here my human heart had broken for the vanished mother; and here today my spirit had been as though crucified by absence of the Divine Mother.\n\n Hallowed walls, silent witness of my grievous hurts and final healing!","type":"default","passage":"The Blissful Devotee and his Cosmic Romance (Master Mahasaya)","commentary":"","meaning":""},{"id":"4","title":"9.4","content":"My steps were eager as I returned to my Gurpar Road home.\n\n Seeking the seclusion of my small attic, I remained in meditation until ten o’clock.\n\n The darkness of the warm Indian night was suddenly lit with a wondrous vision.\n\n Haloed in splendor, the Divine Mother stood before me.\n\n Her face, tenderly smiling, was beauty itself.\n\n “Always have I loved thee! Ever shall I love thee!” The celestial tones still ringing in the air, She disappeared.\n\n The sun on the following morning had hardly risen to an angle of decorum when I paid my second visit to Master Mahasaya.\n\n Climbing the staircase in the house of poignant memories, I reached his fourth-floor room.\n\n The knob of the closed door was wrapped around with a cloth; a hint, I felt, that the saint desired privacy.\n\n As I stood irresolutely on the landing, the door was opened by the master’s welcoming hand.\n\n I knelt at his holy feet.\n\n In a playful mood, I wore a solemn mask over my face, hiding the divine elation.","type":"default","passage":"The Blissful Devotee and his Cosmic Romance (Master Mahasaya)","commentary":"","meaning":""},{"id":"5","title":"9.5","content":"“Sir, I have come-very early, I confess!-for your message.\n\n Did the Beloved Mother say anything about me?” “Mischievous little sir!” Not another remark would he make.\n\n Apparently my assumed gravity was unimpress.\n\n “Why so mysterious, so evasive? Do saints never speak plainly?” Perhaps I was a little provoked.\n\n “Must you test me?” His calm eyes were full of understanding.\n\n “Could I add a single word this morning to the assurance you received last night at ten o’clock from the Beautiful Mother Herself?” Master Mahasaya possessed control over the flood-gates of my soul: again I plunged prostrate at his feet.\n\n But this time my tears welled from a bliss, and not a pain, past bearing.","type":"default","passage":"The Blissful Devotee and his Cosmic Romance (Master Mahasaya)","commentary":"","meaning":""},{"id":"6","title":"9.6","content":"“Think you that your devotion did not touch the Infinite Mercy? The Motherhood of God, that you have worshiped in forms both human and divine, could never fail to answer your forsaken cry.\n\n” Who was this simple saint, whose least request to the Universal Spirit met with sweet acquiescence? His role in the world was humble, as befitted the greatest man of humility I ever knew.\n\n In this Amherst Street house, Master Mahasaya {FN9-1} conducted a small high school for boys.\n\n No words of chastisement passed his lips; no rule and ferule maintained his discipl.\n\n Higher mathematics indeed were taught in these modest classrooms, and a chemistry of love absent from the textbooks.\n\n He spread his wisdom by spiritual contagion rather than impermeable precept.\n\n Consumed by an unsophisticated passion for the Divine Mother, the saint no more demanded the outward forms of respect than a child.","type":"default","passage":"The Blissful Devotee and his Cosmic Romance (Master Mahasaya)","commentary":"","meaning":""},{"id":"7","title":"9.7","content":"“I am not your guru; he shall come a little later, ” he told me.\n\n “Through his guidance, your experiences of the Divine in terms of love and devotion shall be translated into his terms of fathomless wisdom.\n\n” Every late afternoon, I betook myself to Amherst Street.\n\n I sought Master Mahasaya’s divine cup, so full that its drops daily overflowed on my being.\n\n Never before had I bowed in utter reverence; now I felt it an immeasurable privilege even to tread the same ground which Master Mahasaya sanctified.\n\n “Sir, please wear this champak garland I have fashioned especially for you.\n\n” I arrived one evening, holding my chain of flowers.\n\n But shyly he drew away, repeatedly refusing the honor.\n\n Perceiving my hurt, he finally smiled consent.","type":"default","passage":"The Blissful Devotee and his Cosmic Romance (Master Mahasaya)","commentary":"","meaning":""},{"id":"8","title":"9.8","content":"“Since we are both devotees of the Mother, you may put the garland on this bodily temple, as offering to Her who dwells within.\n\n” His vast nature lacked space in which any egotistical consideration could gain foothold.\n\n [Illustration: Two Brothers of Therese Neumann, I stand with them in Konnersreuth, Bavaria.\n\n—see nbrothers.\n\njpg] [Illustration: Master Mahasaya, Ever engrossed in his blissful cosmic romance.\n\n—see mmahasaya.\n\njpg] “Let us go tomorrow to the Dakshineswar Temple, forever hallowed by my guru.\n\n” Master Mahasaya was a disciple of a Christlike master, Sri Ramakrishna Paramhansa.\n\n The four-mile journey on the following morning was taken by boat on the Ganges.\n\n We entered the nine-domed Temple of Kali, where the figures of the Divine Mother and Shiva rest on a burnished silver lotus, its thousand petals meticulously chiseled.\n\n Master Mahasaya beamed in enchantment.\n\n He was engaged in his inexhaustible romance with the Beloved.\n\n As he chanted Her name, my enraptured heart seemed shattered into a thousand pieces.","type":"default","passage":"The Blissful Devotee and his Cosmic Romance (Master Mahasaya)","commentary":"","meaning":""},{"id":"9","title":"9.9","content":"We strolled later through the sacred precincts, halting in a tamarisk grove.\n\n The manna characteristically exuded by this tree was symbolic of the heavenly food Master Mahasaya was bestowing.\n\n His divine invocations continued.\n\n I sat rigidly motionless on the grass amid the pink feathery tamarisk flowers.\n\n Temporarily absent from the body, I soared in a supernal visit.\n\n This was the first of many pilgrimages to Dakshineswar with the holy teacher.\n\n From him I learned the sweetness of God in the aspect of Mother, or Divine Mercy.\n\n The childlike saint found little appeal in the Father aspect, or Divine Just.\n\n Stern, exacting, mathematical judgment was alien to his gentle nature.","type":"default","passage":"The Blissful Devotee and his Cosmic Romance (Master Mahasaya)","commentary":"","meaning":""},{"id":"10","title":"9.10","content":"“He can serve as an earthly prototype for the very angels of heaven!” I thought fondly, watching him one day at his prayers.\n\n Without a breath of censure or criticism, he surveyed the world with eyes long familiar with the Primal Purity.\n\n His body, mind, speech, and actions were effortlessly harmonized with his soul’s simplicity.\n\n “My Master told me so.\n\n” Shrinking from personal assertion, the saint ended any sage counsel with this invariable tribute.\n\n So deep was his identity with Sri Ramakrishna that Master Mahasaya no longer considered his thoughts as his own.\n\n Hand in hand, the saint and I walked one evening on the block of his school.\n\n My joy was dimmed by the arrival of a conceited acquaintance who burdened us with a lengthy discourse.","type":"default","passage":"The Blissful Devotee and his Cosmic Romance (Master Mahasaya)","commentary":"","meaning":""},{"id":"11","title":"9.11","content":"“I see this man doesn’t please you.\n\n” The saint’s whisper to me was unheard by the egotist, spellbound by his own monologue.\n\n “I have spoken to Divine Mother about it; She realizes our sad predicament.\n\n As soon as we get to yonder red house, She has promised to remind him of more urgent business.\n\n” My eyes were glued to the site of salvation.\n\n Reaching its red gate, the man unaccountably turned and departed, neither finishing his sentence nor saying good-by.\n\n The assaulted air was comforted with peace.\n\n Another day found me walking alone near the Howrah railway station.\n\n I stood for a moment by a temple, silently criticizing a small group of men with drum and cymbals who were violently reciting a chant.","type":"default","passage":"The Blissful Devotee and his Cosmic Romance (Master Mahasaya)","commentary":"","meaning":""},{"id":"12","title":"9.12","content":"“How undevotionally they use the Lord’s divine name in mechanical repetition, ” I reflected.\n\n My gaze was astonished by the rapid approach of Master Mahasaya.\n\n “Sir, how come you here?” The saint, ignoring my question, answered my thought.\n\n “Isn’t it true, little sir, that the Beloved’s name sounds sweet from all lips, ignorant or wise?” He passed his arm around me affectionately; I found myself carried on his magic carpet to the Merciful Presence.\n\n “Would you like to see some bioscopes?” This question one afternoon from Master Mahasaya was mystifying; the term was then used in India to signify motion pictures.\n\n I agreed, glad to be in his company in any circumstances.\n\n A brisk walk brought us to the garden fronting Calcutta University.\n\n My companion indicated a bench near the GOLDIGHI or pond.","type":"default","passage":"The Blissful Devotee and his Cosmic Romance (Master Mahasaya)","commentary":"","meaning":""},{"id":"13","title":"9.13","content":"“Let us sit here for a few minutes.\n\n My Master always asked me to meditate whenever I saw an expanse of water.\n\n Here its placidity reminds us of the vast calmness of God.\n\n As all things can be reflected in water, so the whole universe is mirrored in the lake of the Cosmic Mind.\n\n So my GURUDEVA often said.\n\n” Soon we entered a university hall where a lecture was in progress.\n\n It proved abysmally dull, though varied occasionally by lantern slide illustrations, equally uninteresting.\n\n “So this is the kind of bioscope the master wanted me to see!” My thought was impatient, yet I would not hurt the saint by revealing boredom in my face.\n\n But he leaned toward me confidentially.","type":"default","passage":"The Blissful Devotee and his Cosmic Romance (Master Mahasaya)","commentary":"","meaning":""},{"id":"14","title":"9.14","content":"“I see, little sir, that you don’t like this bioscope.\n\n I have mentioned it to Divine Mother; She is in full sympathy with us both.\n\n She tells me that the electric lights will now go out, and won’t be relit until we have a chance to leave the room.\n\n” As his whisper ended, the hall was plunged into darkness.\n\n The professor’s strident voice was stilled in astonishment, then remarked, “The electrical system of this hall appears to be defect.\n\n” By this time, Master Mahasaya and I were safely across the threshold.\n\n Glancing back from the corridor, I saw that the scene of our martyrdom had again become illuminated.","type":"default","passage":"The Blissful Devotee and his Cosmic Romance (Master Mahasaya)","commentary":"","meaning":""},{"id":"15","title":"9.15","content":"“Little sir, you were disappointed in that bioscope, {FN9-2} but I think you will like a different one.\n\n” The saint and I were standing on the sidewalk in front of the university building.\n\n He gently slapped my chest over the heart.\n\n A transforming silence ensued.\n\n Just as the modern “talkies” become inaudible motion pictures when the sound apparatus goes out of order, so the Divine Hand, by some strange miracle, stifled the earthly bustle.\n\n The pedestrians as well as the passing trolley cars, automobiles, bullock carts, and iron-wheeled hackney carriages were all in noiseless transit.\n\n As though possessing an omnipresent eye, I beheld the scenes which were behind me, and to each side, as easily as those in front.\n\n The whole spectacle of activity in that small section of Calcutta passed before me without a sound.\n\n Like a glow of fire dimly seen beneath a thin coat of ashes, a mellow luminescence permeated the panoramic view.","type":"default","passage":"The Blissful Devotee and his Cosmic Romance (Master Mahasaya)","commentary":"","meaning":""},{"id":"16","title":"9.16","content":"My own body seemed nothing more than one of the many shadows, though it was motionless, while the others flitted mutely to and fro.\n\n Several boys, friends of mine, approached and passed on; though they had looked directly at me, it was without recognition.\n\n The unique pantomime brought me an inexpressible ecstasy.\n\n I drank deep from some blissful fount.\n\n Suddenly my chest received another soft blow from Master Mahasaya.\n\n The pandemonium of the world burst upon my unwilling ears.\n\n I staggered, as though harshly awakened from a gossamer dream.\n\n The transcendental wine removed beyond my reach.\n\n “Little sir, I see you found the second bioscope to your liking.\n\n” The saint was smiling; I started to drop in gratitude on the ground before him.\n\n “You can’t do that to me now; you know God is in your temple also! I won’t let Divine Mother touch my feet through your hands!”","type":"default","passage":"The Blissful Devotee and his Cosmic Romance (Master Mahasaya)","commentary":"","meaning":""},{"id":"17","title":"9.17","content":"If anyone observed the unpretentious master and myself as we walked away from the crowded pavement, the onlooker surely suspected us of intoxication.\n\n I felt that the falling shades of evening were sympathetically drunk with God.\n\n When darkness recovered from its nightly swoon, I faced the new morning bereft of my ecstatic mood.\n\n But ever enshrined in memory is the seraphic son of Divine Mother-Master Mahasaya! Trying with poor words to do justice to his benignity, I wonder if Master Mahasaya, and others among the deep-visioned saints whose paths crossed mine, knew that years later, in a Western land, I would be writing about their lives as divine devotees.\n\n Their foreknowledge would not surprise me nor, I hope, my readers, who have come thus far with me.","type":"default","passage":"The Blissful Devotee and his Cosmic Romance (Master Mahasaya)","commentary":"","meaning":""},{"id":"18","title":"9.18","content":"{FN9-1} These are respectful titles by which he was customarily addressed.\n\n His name was Mahendra Nath Gupta; he signed his literary works simply “.\n\n” {FN9-2} The Oxford English Dictionary gives, as rare, this definition of BIOSCOPE: A view of life; that which gives such a view.\n\n Master Mahasaya’s choice of a word was, then, peculiarly justified.","type":"default","passage":"The Blissful Devotee and his Cosmic Romance (Master Mahasaya)","commentary":"","meaning":""}]}