{"id":"AoY01","title":"Autobiography of a Yogi","description":"","status":"published","categoryKey":"atma-gyan","type":"book","language":"en","coverImage":"assets/images/yp.jpg","zipUrl":"assets/books/AoY.zip","authors":[{"id":"1","name":"Paramahansa Yogananda","bio":"","image":"","website":"","authorKey":""}],"version":"1.0","keywords":[],"createdAt":"2024-12-03T17:22:01+05:30","updatedAt":"2024-12-04T11:51:42.443Z","multiAuthorCommentary":false,"partsMetadata":[{"id":1,"title":"My Parents and Early Life","description":"My Parents and Early Life","sectionCount":31,"tags":null},{"id":2,"title":"Mother’s Death and the Amulet","description":"Mother’s Death and the Amulet","sectionCount":15,"tags":null},{"id":3,"title":"The Saint with Two Bodies (Swami Pranabananda)","description":"The Saint with Two Bodies (Swami Pranabananda)","sectionCount":17,"tags":null},{"id":4,"title":"My Interrupted Flight Toward the Himalaya","description":"My Interrupted Flight Toward the Himalaya","sectionCount":36,"tags":null},{"id":5,"title":"A “Perfume Saint” Performs his Wonders","description":"A “Perfume Saint” Performs his Wonders","sectionCount":22,"tags":null},{"id":6,"title":"The Tiger Swami","description":"The Tiger Swami","sectionCount":24,"tags":null},{"id":7,"title":"The Levitating Saint (Nagendra Nath Bhaduri)","description":"The Levitating Saint (Nagendra Nath Bhaduri)","sectionCount":15,"tags":null},{"id":8,"title":"India’s Great Scientist and Inventor, Jagadis Chandra Bose","description":"India’s Great Scientist and Inventor, Jagadis Chandra Bose","sectionCount":22,"tags":null},{"id":9,"title":"The Blissful Devotee and his Cosmic Romance (Master Mahasaya)","description":"The Blissful Devotee and his Cosmic Romance (Master Mahasaya)","sectionCount":18,"tags":null},{"id":10,"title":"I Meet my Master, Sri Yukteswar","description":"I Meet my Master, Sri Yukteswar","sectionCount":28,"tags":null},{"id":11,"title":"Two Penniless Boys in Brindaban","description":"Two Penniless Boys in Brindaban","sectionCount":23,"tags":null},{"id":12,"title":"Years in my Master’s Hermitage","description":"Years in my Master’s Hermitage","sectionCount":86,"tags":null},{"id":13,"title":"The Sleepless Saint (Ram Gopal Muzumdar)","description":"The Sleepless Saint (Ram Gopal Muzumdar)","sectionCount":20,"tags":null},{"id":14,"title":"An Experience in Cosmic Consciousness","description":"An Experience in Cosmic Consciousness","sectionCount":18,"tags":null},{"id":15,"title":"The Cauliflower Robbery","description":"The Cauliflower Robbery","sectionCount":29,"tags":null},{"id":16,"title":"Outwitting the Stars","description":"Outwitting the Stars","sectionCount":30,"tags":null},{"id":17,"title":"Sasi and the Three Sapphires","description":"Sasi and the Three Sapphires","sectionCount":16,"tags":null},{"id":18,"title":"A Mohammedan Wonder-Worker (Afzal Khan)","description":"A Mohammedan Wonder-Worker (Afzal Khan)","sectionCount":16,"tags":null},{"id":19,"title":"My Guru Appears Simultaneously in Calcutta and Serampore","description":"My Guru Appears Simultaneously in Calcutta and Serampore","sectionCount":9,"tags":null},{"id":20,"title":"We Do Not Visit Kashmir","description":"We Do Not Visit Kashmir","sectionCount":14,"tags":null},{"id":21,"title":"We Visit Kashmir","description":"We Visit Kashmir","sectionCount":24,"tags":null},{"id":22,"title":"The Heart of a Stone Image","description":"The Heart of a Stone Image","sectionCount":16,"tags":null},{"id":23,"title":"My University Degree","description":"My University Degree","sectionCount":19,"tags":null},{"id":24,"title":"I Become a Monk of the Swami Order","description":"I Become a Monk of the Swami Order","sectionCount":21,"tags":null},{"id":25,"title":"Brother Ananta and Sister Nalini","description":"Brother Ananta and Sister Nalini","sectionCount":14,"tags":null},{"id":26,"title":"The Science of Kriya Yoga","description":"The Science of Kriya Yoga","sectionCount":24,"tags":null},{"id":27,"title":"Founding of a Yoga School at Ranchi","description":"Founding of a Yoga School at Ranchi","sectionCount":23,"tags":null},{"id":28,"title":"Kashi, Reborn and Rediscovered","description":"Kashi, Reborn and Rediscovered","sectionCount":12,"tags":null},{"id":29,"title":"Rabindranath Tagore and I Compare Schools","description":"Rabindranath Tagore and I Compare Schools","sectionCount":12,"tags":null},{"id":30,"title":"The Law of Miracles","description":"The Law of Miracles","sectionCount":29,"tags":null},{"id":31,"title":"An Interview with the Sacred Mother (Kashi Moni Lahiri)","description":"An Interview with the Sacred Mother (Kashi Moni Lahiri)","sectionCount":28,"tags":null},{"id":32,"title":"Rama is Raised from the Dead","description":"Rama is Raised from the Dead","sectionCount":21,"tags":null},{"id":33,"title":"Babaji, the Yogi-Christ of Modern India","description":"Babaji, the Yogi-Christ of Modern India","sectionCount":21,"tags":null},{"id":34,"title":"Materializing a Palace in the Himalayas","description":"Materializing a Palace in the Himalayas","sectionCount":33,"tags":null},{"id":35,"title":"The Christlike Life of Lahiri Mahasaya","description":"The Christlike Life of Lahiri Mahasaya","sectionCount":31,"tags":null},{"id":36,"title":"Babaji’s Interest in the West","description":"Babaji’s Interest in the West","sectionCount":27,"tags":null},{"id":37,"title":"I Go to America","description":"I Go to America","sectionCount":22,"tags":null},{"id":38,"title":"Luther Burbank—An American Saint","description":"Luther Burbank—An American Saint","sectionCount":14,"tags":null},{"id":39,"title":"Therese Neumann, the Catholic Stigmatist of Bavaria","description":"Therese Neumann, the Catholic Stigmatist of Bavaria","sectionCount":22,"tags":null},{"id":40,"title":"I Return to India","description":"I Return to India","sectionCount":21,"tags":null},{"id":41,"title":"An Idyl in South India","description":"An Idyl in South India","sectionCount":33,"tags":null},{"id":42,"title":"Last Days with my Guru","description":"Last Days with my Guru","sectionCount":39,"tags":null},{"id":43,"title":"The Resurrection of Sri Yukteswar","description":"The Resurrection of Sri Yukteswar","sectionCount":51,"tags":null},{"id":44,"title":"With Mahatma Gandhi at Wardha","description":"With Mahatma Gandhi at Wardha","sectionCount":49,"tags":null},{"id":45,"title":"The Bengali “Joy-Permeated Mother” (Ananda Moyi Ma)","description":"The Bengali “Joy-Permeated Mother” (Ananda Moyi Ma)","sectionCount":15,"tags":null},{"id":46,"title":"The Woman Yogi who Never Eats (Giri Bala)","description":"The Woman Yogi who Never Eats (Giri Bala)","sectionCount":31,"tags":null},{"id":47,"title":"I Return to the West","description":"I Return to the West","sectionCount":11,"tags":null},{"id":48,"title":"At Encinitas in California","description":"At Encinitas in California","sectionCount":39,"tags":null}]}