{"id":1,"title":"मेरे माता-पिता और प्रारंभिक जीवन","description":"मेरे माता-पिता और प्रारंभिक जीवन","sectionCount":31,"tags":null,"contentId":"AoY02","sections":[{"id":"1","title":"1.1","content":"मेरे माता-पिता और आरंभिक जीवन भारतीय संस्कृति की विशेषताएँ हमेशा से परम सत्य की खोज और उससे जुड़े शिष्य-गुरु {FN1-2} संबंध रही हैं।\n\nमेरा अपना मार्ग मुझे एक ईसा-समान ऋषि के पास ले गया, जिसका सुंदर जीवन युगों-युगों तक तराशा गया।\n\nवे उन महान गुरुओं में से एक थे, जो भारत की एकमात्र बची हुई संपत्ति हैं।\n\nहर पीढ़ी में उभरते हुए, उन्होंने बेबीलोन और मिस्र के भाग्य के खिलाफ अपनी भूमि को मजबूत किया है।\n\nमुझे अपनी शुरुआती यादें पिछले जन्म की कालभ्रमित विशेषताओं को समेटे हुए मिलती हैं।\n\nमुझे एक सुदूर जीवन की स्पष्ट यादें मिलीं, हिमालय की बर्फ के बीच एक योगी {FN1-3}।\n\nअतीत की ये झलकियाँ, किसी आयामहीन कड़ी द्वारा, मुझे भविष्य की एक झलक भी प्रदान करती हैं।","type":"default","passage":"मेरे माता-पिता और प्रारंभिक जीवन","commentary":"","meaning":""},{"id":"2","title":"1.2","content":"बचपन के असहाय अपमान मेरे मन से दूर नहीं हुए हैं।\n\nमैं इस बात से नाराज था कि मैं चल नहीं सकता या खुद को स्वतंत्र रूप से व्यक्त नहीं कर सकता।\n\nजब मुझे अपनी शारीरिक नपुंसकता का एहसास हुआ तो मेरे भीतर प्रार्थना की लहरें उठीं।\n\nमेरे मजबूत भावनात्मक जीवन ने कई भाषाओं में शब्दों के रूप में मौन रूप धारण कर लिया।\n\nभाषाओं के आंतरिक भ्रम के बीच, मेरे कान धीरे-धीरे अपने लोगों के बंगाली अक्षरों के आदी हो गए।\n\nएक शिशु के मन का आकर्षक दायरा! वयस्कों को खिलौनों और पैरों की उंगलियों तक ही सीमित माना जाता है।\n\nमनोवैज्ञानिक उथल-पुथल और मेरे निष्क्रिय शरीर ने मुझे कई बार हठपूर्वक रोने के दौर में ला खड़ा किया।\n\nमुझे याद है कि मेरे दुख पर परिवार के लोग कितनी घबराहट में थे।\n\nमेरे आस-पास और भी सुखद यादें हैं: मेरी माँ का दुलार, और तुतलाते हुए वाक्यांश और लड़खड़ाते हुए कदम उठाने की मेरी पहली कोशिश।\n\nये शुरुआती जीत, जो आमतौर पर जल्दी भूल जाती हैं, फिर भी आत्मविश्वास का एक स्वाभाविक आधार हैं।","type":"default","passage":"मेरे माता-पिता और प्रारंभिक जीवन","commentary":"","meaning":""},{"id":"3","title":"1.3","content":"मेरी दूरगामी यादें अनोखी नहीं हैं।\n\nकई योगियों के बारे में जाना जाता है कि उन्होंने  \n> जीवन\n और  \n> मृत्यु\n के बीच नाटकीय संक्रमण के बावजूद बिना किसी रुकावट के अपनी आत्म-चेतना को बनाए रखा है।\n\nयदि मनुष्य केवल एक शरीर है, तो इसका नुकसान वास्तव में पहचान के लिए अंतिम अवधि को दर्शाता है।\n\nलेकिन अगर सहस्राब्दियों से भविष्यवक्ताओं ने सच कहा है, तो मनुष्य अनिवार्य रूप से निराकार प्रकृति का है।\n\nमानव अहंकार का लगातार मूल केवल अस्थायी रूप से इंद्रिय बोध से जुड़ा हुआ है।\n\nहालाँकि बचपन की अजीब, स्पष्ट यादें बहुत दुर्लभ नहीं हैं।\n\nकई देशों की यात्राओं के दौरान, मैंने सत्यनिष्ठ पुरुषों और महिलाओं के होठों से शुरुआती यादें सुनी हैं।","type":"default","passage":"मेरे माता-पिता और प्रारंभिक जीवन","commentary":"","meaning":""},{"id":"4","title":"1.4","content":"मेरा जन्म उन्नीसवीं सदी के अंतिम दशक में हुआ था और मैंने अपने जीवन के पहले आठ वर्ष गोरखपुर में बिताए।\n\nयह पूर्वोत्तर भारत के संयुक्त प्रांत में मेरा जन्मस्थान था।\n\nहम आठ बच्चे थे: चार लड़के और चार लड़कियाँ।\n\nमैं, मुकुंद लाल घोष {FN1-4}, दूसरा बेटा और चौथा बच्चा था।\n\nपिता और माता बंगाली थे, क्षत्रिय जाति के।\n\n{FN1-5} दोनों ही संत स्वभाव के थे।\n\nउनका परस्पर प्रेम, शांत और गरिमामय, कभी भी अपने को हल्के ढंग से व्यक्त नहीं करता था।\n\nएक आदर्श माता-पिता का सामंजस्य आठ युवा जीवन के घूमते हुए कोलाहल का शांत केंद्र था।\n\nपिता, भगवती चरण घोष, दयालु, गंभीर और कभी-कभी कठोर थे।\n\nउन्हें बहुत प्यार करते हुए, हम बच्चों ने फिर भी एक निश्चित श्रद्धापूर्ण दूरी बनाए रखी।\n\nएक उत्कृष्ट गणितज्ञ और तर्कशास्त्री, वे मुख्य रूप से अपनी बुद्धि से निर्देशित होते थे।\n\nलेकिन माँ दिल की रानी थीं, और उन्होंने हमें केवल प्यार के माध्यम से सिखाया।\n\nउनकी मृत्यु के बाद, पिता ने अपनी आंतरिक कोमलता को और अधिक प्रदर्शित किया।\n\nमैंने तब देखा कि उसकी नज़र अक्सर मेरी माँ की नज़र से मिलती रहती थी।","type":"default","passage":"मेरे माता-पिता और प्रारंभिक जीवन","commentary":"","meaning":""},{"id":"5","title":"1.5","content":"माँ की उपस्थिति में हमें शास्त्रों से सबसे पहले कड़वा-मीठा परिचय मिला।\n\nअनुशासन की आवश्यकताओं को पूरा करने के लिए महाभारत और रामायण की कहानियाँ  \n***(FN1-6)***\n कुशलता से जुटाई जाती थीं।\n\nशिक्षा और दंड साथ-साथ चलते थे।\n\nपिताजी के प्रति सम्मान का एक दैनिक संकेत यह था कि माँ हमें दोपहर में सावधानी से कपड़े पहनाती थीं और उनके दफ़्तर से घर आने पर उनका स्वागत करती थीं।\n\nउनका पद बंगाल-नागपुर रेलवे में उपाध्यक्ष के समान था, जो भारत की बड़ी कंपनियों में से एक थी।\n\nउनका काम यात्रा करना था, और मेरा बचपन के दौरान हमारा परिवार कई शहरों में रहा।\n\nमाँ जरूरतमंदों की मदद के लिए हमेशा तैयार रहती थीं।\n\nपिताजी भी दयालु स्वभाव के थे, लेकिन कानून और व्यवस्था के प्रति उनका सम्मान बजट तक फैला हुआ था।\n\nएक पखवाड़े में माँ ने गरीबों को खाना खिलाने में पिताजी की मासिक आय से ज़्यादा खर्च कर दिया।","type":"default","passage":"मेरे माता-पिता और प्रारंभिक जीवन","commentary":"","meaning":""},{"id":"6","title":"1.6","content":"> मैं आपसे बस इतना ही कहना चाहता हूँ कि आप अपने दान को उचित सीमा में रखें।\n\n माँ को अपने पति की हल्की-सी फटकार भी बुरी लगती थी।\n\nउन्होंने बच्चों को किसी असहमति का संकेत दिए बिना एक हैकनी गाड़ी मंगवाई।\n\n> अलविदा; मैं अपनी माँ के घर जा रहा हूँ।\n\n प्राचीन अंतिम चेतावनी! हम विस्मय में विलाप करने लगे।\n\nहमारे मामा समय पर पहुँचे; उन्होंने पिताजी को कुछ बुद्धिमानी भरी सलाह दी, जो निस्संदेह सदियों से प्राप्त हुई थी।\n\nपिताजी द्वारा कुछ सुलह की बातें कहने के बाद, माँ ने खुशी-खुशी गाड़ी को विदा कर दिया।\n\nइस तरह मेरे माता-पिता के बीच एकमात्र परेशानी समाप्त हुई।\n\nलेकिन मुझे एक खास चर्चा याद है।","type":"default","passage":"मेरे माता-पिता और प्रारंभिक जीवन","commentary":"","meaning":""},{"id":"7","title":"1.7","content":"“मुझे दस रुपए दे दो, एक बेचारी औरत के लिए जो अभी-अभी घर आई है।\n\n” माँ की मुस्कान में एक अलग ही आकर्षण था।\n\n“दस रुपए क्यों? एक ही काफी है।\n\n” पिता ने एक और बहाना जोड़ा: “जब मेरे पिता और दादा-दादी की अचानक मृत्यु हो गई, तो मुझे पहली बार गरीबी का सामना करना पड़ा।\n\nमीलों पैदल चलकर स्कूल जाने से पहले मेरा एकमात्र नाश्ता एक छोटा केला होता था।\n\nबाद में, विश्वविद्यालय में, मुझे इतनी ज़रूरत थी कि मैंने एक अमीर जज से एक रुपए प्रति माह की सहायता के लिए आवेदन किया।\n\nउन्होंने यह कहते हुए मना कर दिया कि एक रुपए का भी महत्व है।\n\n” “तुम उस रुपए को देने से इनकार करने की बात को कितनी कड़वाहट से याद करते हो!” माँ के दिल में तुरंत तर्क आ गया।\n\n“क्या तुम चाहते हो कि यह महिला भी तुम्हारे दस रुपए देने से इनकार करने की दर्दनाक याद को याद रखे, जिसकी उसे तत्काल ज़रूरत है?”","type":"default","passage":"मेरे माता-पिता और प्रारंभिक जीवन","commentary":"","meaning":""},{"id":"8","title":"1.8","content":"> तुम जीत गए!\n पराजित पतियों के चिरकालिक हाव-भाव के साथ, उन्होंने अपना बटुआ खोला।\n\n> यह दस रुपये का नोट है।\n\nमेरी शुभकामनाओं के साथ इसे उसे दे दो।\n\n पिता किसी भी नए प्रस्ताव के लिए पहले  \n> नहीं\n कहने के लिए प्रवृत्त थे।\n\nउस अजीब महिला के प्रति उनका व्यवहार, जिसने माँ की सहानुभूति को इतनी आसानी से प्राप्त कर लिया था, उनकी सामान्य सावधानी का एक उदाहरण था।\n\nतुरंत स्वीकृति के प्रति अरुचि - पश्चिम में फ्रांसीसी मन की खासियत - वास्तव में केवल  \n> उचित चिंतन\n के सिद्धांत का सम्मान करती है।\n\nमैंने हमेशा पिता को अपने निर्णयों में उचित और संतुलित पाया।\n\nअगर मैं एक या दो अच्छे तर्कों के साथ अपने कई अनुरोधों को पुष्ट कर पाता, तो वे हमेशा मेरी पहुँच में वांछित लक्ष्य को ला देते, चाहे वह छुट्टियों की यात्रा हो या नई मोटरसाइकिल।","type":"default","passage":"मेरे माता-पिता और प्रारंभिक जीवन","commentary":"","meaning":""},{"id":"9","title":"1.9","content":"पिता अपने बच्चों के साथ उनके शुरुआती वर्षों में सख्त अनुशासन के समर्थक थे, लेकिन खुद के प्रति उनका रवैया पूरी तरह से संयमी था।\n\nउदाहरण के लिए, वे कभी थिएटर नहीं गए, बल्कि विभिन्न आध्यात्मिक अभ्यासों और भगवद गीता पढ़ने में अपना मनोरंजन तलाशते थे।\n\n{FN1-7} सभी विलासिता से दूर, वे एक जोड़ी पुराने जूते से तब तक चिपके रहते थे जब तक कि वे बेकार न हो जाएं।\n\nउनके बेटों ने ऑटोमोबाइल खरीद लिए जब वे लोकप्रिय हो गए, लेकिन पिता हमेशा अपने दैनिक कार्यालय जाने के लिए ट्रॉली कार से संतुष्ट रहते थे।\n\nसत्ता के लिए धन संचय करना उनके स्वभाव के विपरीत था।\n\nएक बार, कलकत्ता अर्बन बैंक का आयोजन करने के बाद, उन्होंने इसके किसी भी शेयर को रखने से खुद को लाभ पहुँचाने से इनकार कर दिया।\n\nवह बस अपने खाली समय में एक नागरिक कर्तव्य निभाना चाहते थे।","type":"default","passage":"मेरे माता-पिता और प्रारंभिक जीवन","commentary":"","meaning":""},{"id":"10","title":"1.10","content":"पिता के पेंशन पर सेवानिवृत्त होने के कई साल बाद, एक अंग्रेज एकाउंटेंट बंगाल-नागपुर रेलवे कंपनी की पुस्तकों की जांच करने आया।\n\nहैरान जांचकर्ता ने पाया कि पिता ने कभी भी बकाया बोनस के लिए आवेदन नहीं किया था।\n\nएकाउंटेंट ने कंपनी को बताया,  \n> उन्होंने तीन लोगों का काम किया है!\n  \n> उनके पास 125, 000 रुपये  \n***(लगभग 41, 250 डॉलर)***\n बकाया हैं।\n\n अधिकारियों ने पिता को इस राशि का चेक दिया।\n\nउन्होंने इसके बारे में इतना कम सोचा कि उन्होंने परिवार को इसके बारे में बताना ही भूल गए।\n\nबहुत बाद में मेरे सबसे छोटे भाई बिष्णु ने उनसे पूछताछ की, जिन्होंने बैंक स्टेटमेंट पर बड़ी राशि जमा देखी।","type":"default","passage":"मेरे माता-पिता और प्रारंभिक जीवन","commentary":"","meaning":""},{"id":"11","title":"1.11","content":"पिता ने उत्तर दिया,  \n> भौतिक लाभ से क्यों उत्साहित होना चाहिए?\n  \n> जो व्यक्ति समता के लक्ष्य का पीछा करता है, वह न तो लाभ से खुश होता है और न ही हानि से उदास होता है।\n\nवह जानता है कि मनुष्य इस दुनिया में बिना पैसे के आता है और बिना एक रुपया लिए चला जाता है।\n\n [चित्रण: मेरे पिता, भगवती चरण घोष, लाहिड़ी महाशय के एक शिष्य - पिता 1.jpg देखें] अपने विवाहित जीवन के आरंभ में, मेरे माता-पिता बनारस के महान गुरु लाहिड़ी महाशय के शिष्य बन गए।\n\nइस संपर्क ने पिता के स्वाभाविक तपस्वी स्वभाव को और मजबूत किया।\n\nमाँ ने मेरी सबसे बड़ी बहन रोमा से एक उल्लेखनीय स्वीकारोक्ति की:  \n> तुम्हारे पिता और मैं बच्चे पैदा करने के उद्देश्य से साल में केवल एक बार पति-पत्नी के रूप में साथ रहते हैं।","type":"default","passage":"मेरे माता-पिता और प्रारंभिक जीवन","commentary":"","meaning":""},{"id":"12","title":"1.12","content":"पिताजी की पहली मुलाक़ात लाहिड़ी महाशय से बंगाल-नागपुर रेलवे के गोरखपुर दफ़्तर में कर्मचारी अविनाश बाबू के ज़रिए हुई थी. अविनाश ने मेरे नन्हे कानों को कई भारतीय संतों की रोचक कहानियाँ सुनाईं. उन्होंने हमेशा अपने गुरु की महानता की प्रशंसा करते हुए अपनी बात समाप्त की.  \n> क्या आपने कभी उन असाधारण परिस्थितियों के बारे में सुना है जिसके तहत आपके पिता लाहिड़ी महाशय के शिष्य बने?\n यह एक सुस्त गर्मी की दोपहर थी, जब अविनाश और मैं मेरे घर के अहाते में साथ बैठे थे, उन्होंने यह दिलचस्प सवाल पूछा. मैंने उत्सुकता भरी मुस्कान के साथ अपना सिर हिलाया. \"सालों पहले, तुम्हारे जन्म से पहले, मैंने अपने वरिष्ठ अधिकारी-तुम्हारे पिता-से कहा था कि वे मुझे बनारस में अपने गुरु से मिलने के लिए गोरखपुर की ड्यूटी से एक हफ़्ते की छुट्टी दें. तुम्हारे पिता ने मेरी योजना का मज़ाक उड़ाया.","type":"default","passage":"मेरे माता-पिता और प्रारंभिक जीवन","commentary":"","meaning":""},{"id":"13","title":"1.13","content":"> क्या तुम धार्मिक कट्टरपंथी बनने जा रहे हो?** उन्होंने पूछा।\n\n**यदि तुम आगे बढ़ना चाहते हो तो अपने कार्यालय के काम पर ध्यान दो।\n\n**  \nउस दिन जंगल के रास्ते से घर लौटते समय मुझे तुम्हारे पिता मिले जो पालकी में थे।\n\nउन्होंने अपने नौकरों और गाड़ियों को विदा किया और मेरे पास आकर खड़े हो गए।\n\nमुझे सांत्वना देने के लिए उन्होंने सांसारिक सफलता के लिए प्रयास करने के लाभों की ओर संकेत किया।\n\nलेकिन मैं उनकी बातें उदासीनता से सुन रहा था।\n\nमेरा हृदय बार-बार कह रहा था: **लाहिड़ी महाशय! मैं आपको देखे बिना नहीं रह सकता!' \"हमारा रास्ता हमें एक शांत मैदान के किनारे ले गया, जहाँ दोपहर के सूरज की किरणें अभी भी जंगली घास की ऊँची लहरों को सुशोभित कर रही थीं।\n\nहम प्रशंसा में रुक गए।\n\nवहाँ मैदान में, हमसे कुछ ही गज की दूरी पर, मेरे महान गुरु का रूप अचानक प्रकट हुआ! {FN1-9}","type":"default","passage":"मेरे माता-पिता और प्रारंभिक जीवन","commentary":"","meaning":""},{"id":"14","title":"1.14","content":"“‘भगवती, आप अपने कर्मचारी पर बहुत ज़्यादा सख़्त हैं!’ उनकी आवाज़ हमारे चकित कानों में गूंज रही थी।\n\nवे जिस रहस्यमयी ढंग से आए थे, उसी तरह से गायब भी हो गए।\n\nमैं घुटनों के बल बैठकर चिल्ला रहा था, ‘लाहिड़ी महाशय! लाहिड़ी महाशय!’ आपके पिता कुछ क्षणों के लिए स्तब्धता से निश्चल हो गए।\n\n“‘अविनाश, मैं न केवल आपको छुट्टी देता हूँ, बल्कि मैं खुद को भी कल बनारस के लिए रवाना होने की छुट्टी देता हूँ।\n\nमुझे इस महान लाहिड़ी महाशय को जानना चाहिए, जो आपकी मदद करने के लिए अपनी इच्छा से भौतिक रूप धारण करने में सक्षम हैं! मैं अपनी पत्नी को लेकर इस गुरु से प्रार्थना करूँगा कि वे हमें अपने आध्यात्मिक मार्ग पर चलने के लिए प्रेरित करें।\n\nक्या आप हमें उनके पास ले जाएँगे?’ “‘बेशक।\n\n’ मेरी प्रार्थना का चमत्कारी उत्तर और घटनाओं का त्वरित, अनुकूल मोड़ देखकर मैं खुशी से भर गया।","type":"default","passage":"मेरे माता-पिता और प्रारंभिक जीवन","commentary":"","meaning":""},{"id":"15","title":"1.15","content":"“अगली शाम तुम्हारे माता-पिता और मैं बनारस के लिए ट्रेन में सवार हुए।\n\nअगले दिन हमने घोड़ागाड़ी ली और फिर संकरी गलियों से होते हुए मेरे गुरु के एकांत घर तक पैदल जाना पड़ा।\n\nउनके छोटे से कमरे में प्रवेश करते हुए, हमने गुरु के सामने सिर झुकाया, जो उनकी आदतन कमल मुद्रा में थे।\n\nउन्होंने अपनी तीखी आँखें झपकाईं और उन्हें तुम्हारे पिता पर टिका दिया।\n\n“‘भगवती, तुम अपने कर्मचारी पर बहुत सख्त हो!’ उनके शब्द वही थे जो उन्होंने दो दिन पहले गोरखपुर के मैदान में कहे थे।\n\nउन्होंने आगे कहा, ‘मुझे खुशी है कि तुमने अविनाश को मुझसे मिलने की अनुमति दी है, और तुम और तुम्हारी पत्नी उसके साथ आए हो।\n\n’ “उनकी खुशी के लिए, उन्होंने तुम्हारे माता-पिता को क्रिया योग की आध्यात्मिक साधना में दीक्षित किया।\n\n{FN1-10} तुम्हारे पिता और मैं, भाई शिष्य के रूप में, दर्शन के यादगार दिन से ही घनिष्ठ मित्र हैं।\n\nलाहिड़ी महाशय ने तुम्हारे जन्म में विशेष रुचि ली।\n\nतुम्हारा जीवन निश्चित रूप से उनके जीवन से जुड़ा होगा: गुरु का आशीर्वाद कभी विफल नहीं होता।\n\n”","type":"default","passage":"मेरे माता-पिता और प्रारंभिक जीवन","commentary":"","meaning":""},{"id":"16","title":"1.16","content":"लाहिड़ी महाशय मेरे इस संसार में आने के कुछ समय बाद ही चले गए थे।\n\nएक अलंकृत फ्रेम में उनकी तस्वीर हमेशा हमारे परिवार के पूजास्थल की शोभा बढ़ाती थी, जहाँ पिताजी को उनके कार्यालय द्वारा विभिन्न शहरों में स्थानांतरित किया गया था।\n\nकई सुबह और शाम को माँ और मैं एक अस्थायी मंदिर के सामने ध्यान करते हुए, सुगंधित चंदन के लेप में डूबे हुए फूल चढ़ाते हुए पाए जाते थे।\n\nलोबान और गंधरस के साथ-साथ हमारी संयुक्त भक्ति के साथ, हम उस दिव्यता का सम्मान करते थे, जिसने लाहिड़ी महाशय में पूर्ण अभिव्यक्ति पाई थी।\n\nउनकी तस्वीर ने मेरे जीवन पर एक असाधारण प्रभाव डाला।\n\nजैसे-जैसे मैं बड़ा हुआ, गुरु के विचार मेरे साथ बढ़ते गए।\n\nध्यान में मैं अक्सर उनकी फोटोग्राफिक छवि को अपने छोटे से फ्रेम से बाहर निकलते और एक जीवित रूप लेते हुए मेरे सामने बैठते हुए देखता था।\n\nजब मैं उनके चमकदार शरीर के चरणों को छूने का प्रयास करता, तो वह बदल जाता और फिर से चित्र बन जाता।\n\nजैसे-जैसे बचपन लड़कपन में बदल गया, मैंने पाया कि लाहिड़ी महाशय मेरे मन में एक फ्रेम में कैद एक छोटी सी छवि से एक जीवित, ज्ञानवर्धक उपस्थिति में बदल गए।\n\nमैं अक्सर परीक्षा या उलझन के क्षणों में उनसे प्रार्थना करता था, और अपने भीतर उनकी सांत्वना भरी दिशा पाता था।\n\nपहले तो मुझे दुख हुआ क्योंकि वे \n\nअब शारीरिक रूप से जीवित नहीं थे।\n\nजैसे-जैसे मुझे उनकी गुप्त सर्वव्यापकता का पता चलने लगा, मैंने शोक करना बंद कर दिया।\n\nउन्होंने अक्सर अपने उन शिष्यों को लिखा था जो उनसे मिलने के लिए बहुत उत्सुक थे:  \n> जब मैं हमेशा आपकी कूटस्थ  \n***(आध्यात्मिक दृष्टि)***\n की सीमा में रहता हूँ, तो मेरी हड्डियों और मांस को देखने क्यों आते हो?","type":"default","passage":"मेरे माता-पिता और प्रारंभिक जीवन","commentary":"","meaning":""},{"id":"17","title":"1.17","content":"आठ साल की उम्र में मुझे लाहिड़ी महाशय की तस्वीर के ज़रिए अद्भुत उपचार का आशीर्वाद मिला।\n\nइस अनुभव ने मेरे प्रेम को और भी बढ़ा दिया।\n\nबंगाल के इच्छापुर में अपने पारिवारिक एस्टेट में रहते हुए, मैं एशियाई हैजा से पीड़ित हो गया था।\n\nमेरा जीवन निराशाजनक था; डॉक्टर कुछ भी नहीं कर सकते थे।\n\nमेरे बिस्तर के पास, माँ ने मुझे अपने सिर के ऊपर दीवार पर लाहिड़ी महाशय की तस्वीर देखने के लिए घबराहट में इशारा किया।\n\n> मानसिक रूप से उन्हें प्रणाम करो!\n वह जानती थी कि मैं इतना कमज़ोर हूँ कि मैं अपने हाथ भी नहीं उठा सकता।\n\n> अगर तुम वास्तव में अपनी भक्ति दिखाते हो और मन ही मन उनके सामने घुटने टेकते हो, तो तुम्हारा जीवन बच जाएगा!\n मैंने उनकी तस्वीर को देखा और वहाँ एक चकाचौंध करने वाली रोशनी देखी, जो मेरे शरीर और पूरे कमरे को घेर रही थी।\n\nमेरी मतली और अन्य अनियंत्रित लक्षण गायब हो गए; मैं ठीक हो गया।\n\nतुरंत मुझे इतना बल महसूस हुआ कि मैं झुक गया और अपने गुरु में उनकी असीम आस्था की सराहना करते हुए माँ के पैर छू लिए।\n\nमाँ ने बार-बार अपना सिर उस छोटी सी तस्वीर से दबाया।","type":"default","passage":"मेरे माता-पिता और प्रारंभिक जीवन","commentary":"","meaning":""},{"id":"18","title":"1.18","content":"> हे सर्वव्यापी गुरु, मैं आपको धन्यवाद देता हूँ कि आपके प्रकाश ने मेरे बेटे को ठीक कर दिया है!\n मुझे एहसास हुआ कि उसने भी उस चमकदार ज्वाला को देखा था जिसके माध्यम से मैं आमतौर पर घातक बीमारी से तुरंत ठीक हो गया था।\n\nमेरी सबसे कीमती संपत्तियों में से एक वही तस्वीर है।\n\nलाहिड़ी महाशय ने स्वयं पिताजी को दी थी, इसमें एक पवित्र कंपन है।\n\nतस्वीर का एक चमत्कारिक उद्गम था।\n\nमैंने पिताजी के भाई शिष्य, काली कुमार रॉय से कहानी सुनी।\n\nऐसा प्रतीत होता है कि गुरु को फोटो खिंचवाने से घृणा थी।\n\nउनके विरोध पर, एक बार उनकी और काली कुमार रॉय सहित भक्तों के एक समूह की एक समूह तस्वीर ली गई थी।\n\nयह एक चकित फोटोग्राफर था जिसने पाया कि जिस प्लेट पर सभी शिष्यों की स्पष्ट छवियां थीं,","type":"default","passage":"मेरे माता-पिता और प्रारंभिक जीवन","commentary":"","meaning":""},{"id":"19","title":"1.19","content":"एक छात्र और विशेषज्ञ फोटोग्राफर, गंगा धर बाबू ने दावा किया कि भगोड़ा व्यक्ति उनसे बच नहीं पाएगा।\n\nअगली सुबह, जब गुरु एक लकड़ी की बेंच पर कमल की मुद्रा में बैठे थे और उनके पीछे एक पर्दा लगा हुआ था, गंगा धर बाबू अपने उपकरणों के साथ पहुंचे।\n\nसफलता के लिए हर एहतियात बरतते हुए, उन्होंने लालच से बारह प्लेटें उजागर कीं।\n\nहर एक पर उन्हें जल्द ही लकड़ी की बेंच और स्क्रीन की छाप मिल गई, लेकिन एक बार फिर गुरु का रूप गायब था।\n\nआंसुओं और टूटे हुए गर्व के साथ, गंगा धर बाबू ने अपने गुरु की तलाश की।\n\nकई घंटे बाद लाहिड़ी महाशय ने एक गंभीर टिप्पणी के साथ अपना मौन तोड़ा:  \n> मैं आत्मा हूँ।\n\nक्या आपका कैमरा सर्वव्यापी अदृश्य को प्रतिबिंबित कर सकता है?","type":"default","passage":"मेरे माता-पिता और प्रारंभिक जीवन","commentary":"","meaning":""},{"id":"20","title":"1.20","content":"> मैं देख रहा हूँ कि यह संभव नहीं है! लेकिन, पवित्र महोदय, मैं प्रेमपूर्वक उस शारीरिक मंदिर का चित्र चाहता हूँ जहाँ अकेले, मेरी संकीर्ण दृष्टि में, वह आत्मा पूरी तरह से निवास करती हुई प्रतीत होती है।\n\n  \n> तो, कल सुबह आइए।\n\nमैं आपके लिए पोज़ दूँगा।\n\n फोटोग्राफर ने फिर से अपना कैमरा फोकस किया।\n\nइस बार रहस्यमय अगोचरता से आच्छादित पवित्र आकृति, प्लेट पर स्पष्ट थी।\n\nगुरु ने फिर कभी किसी चित्र के लिए पोज़ नहीं दिया; कम से कम, मैंने तो कोई नहीं देखा।\n\nइस पुस्तक में वह फोटो पुनः प्रस्तुत है।\n\nलाहिड़ी महाशय की सुंदर विशेषताएँ, एक सार्वभौमिक व्यक्तित्व की, शायद ही यह सुझाव देती हैं कि वे किस जाति के थे।\n\nईश्वर-साक्षात्कार का उनका गहन आनंद कुछ हद तक एक रहस्यमय मुस्कान में प्रकट होता है।\n\nउनकी आँखें, जो बाहरी दुनिया पर नाममात्र की दिशा को दर्शाने के लिए आधी खुली हैं, आधी बंद भी हैं।\n\nपृथ्वी के लालच से पूरी तरह बेखबर, वे हर समय उन साधकों की आध्यात्मिक समस्याओं के प्रति पूरी तरह से सजग रहते थे जो उनकी कृपा के लिए आते थे।","type":"default","passage":"मेरे माता-पिता और प्रारंभिक जीवन","commentary":"","meaning":""},{"id":"21","title":"1.21","content":"गुरु की तस्वीर की शक्ति से ठीक होने के कुछ समय बाद, मुझे एक प्रभावशाली आध्यात्मिक दृष्टि मिली।\n\nएक सुबह अपने बिस्तर पर बैठे-बैठे, मैं एक गहरी कल्पना में खो गया।\n\n“बंद आँखों के अंधेरे के पीछे क्या है?” यह खोजपूर्ण विचार मेरे मन में शक्तिशाली रूप से आया।\n\nएक बार मेरी आंतरिक दृष्टि में प्रकाश की एक विशाल चमक प्रकट हुई।\n\nपहाड़ों की गुफाओं में ध्यान मुद्रा में बैठे संतों की दिव्य आकृतियाँ, मेरे माथे के भीतर चमक के बड़े पर्दे पर लघु सिनेमा चित्रों की तरह बन गईं।\n\n“आप कौन हैं?” मैंने ज़ोर से कहा।\n\n“हम हिमालय के योगी हैं।\n\n” दिव्य प्रतिक्रिया का वर्णन करना मुश्किल है; मेरा दिल रोमांचित था।","type":"default","passage":"मेरे माता-पिता और प्रारंभिक जीवन","commentary":"","meaning":""},{"id":"22","title":"1.22","content":"> आह, मैं हिमालय जाकर तुम्हारे जैसा बनना चाहता हूँ!\n यह दृश्य गायब हो गया, लेकिन चाँदी की किरणें अनंत तक फैलती चली गईं।\n\n> यह अद्भुत चमक क्या है?\n  \n> मैं ईश्वर हूँ।\n\nमैं प्रकाश हूँ।\n\n यह आवाज़ बादलों की तरह थी।\n\n> मैं तुम्हारे साथ एक होना चाहता हूँ!\n मेरे दिव्य परमानंद के धीरे-धीरे कम होते जाने से, मैंने ईश्वर की खोज करने की प्रेरणा की एक स्थायी विरासत को बचा लिया।\n\n> वह शाश्वत, हमेशा नया आनंद है!\n यह स्मृति परमानंद के दिन के बाद भी लंबे समय तक बनी रही।\n\nएक और प्रारंभिक स्मृति उल्लेखनीय है; और सचमुच, क्योंकि मैं आज भी उस निशान को सहता हूँ।\n\nमेरी बड़ी बहन उमा और मैं सुबह-सुबह अपने गोरखपुर परिसर में एक नीम के पेड़ के नीचे बैठे थे।\n\nवह मुझे बंगाली प्राइमर पढ़ा रही थी, जब मैं अपनी नज़र पास के तोतों से हटा पाता जो पके हुए मरगोसा फल खा रहे थे।\n\nउमा ने अपने पैर पर फोड़े की शिकायत की, और मरहम की एक शीशी ले आई।\n\nमैंने अपनी बांह पर थोड़ा सा मरहम लगाया।","type":"default","passage":"मेरे माता-पिता और प्रारंभिक जीवन","commentary":"","meaning":""},{"id":"23","title":"1.23","content":"> आप स्वस्थ हाथ पर दवा क्यों लगाते हैं?\n  \n> अच्छा, बहन, मुझे लगता है कि कल मुझे फोड़ा हो जाएगा।\n\nमैं आपके मरहम को उस जगह पर परख रहा हूँ जहाँ फोड़ा होगा।\n\n  \n> तुम छोटी झूठी हो!\n  \n> बहन, जब तक तुम सुबह नहीं देख लेती कि क्या होता है, मुझे झूठा मत कहो।\n\n मेरे अंदर क्रोध भर गया।\n\nउमा प्रभावित नहीं हुई, और उसने तीन बार अपना ताना दोहराया।\n\nधीमे से जवाब देते हुए मेरी आवाज़ में एक दृढ़ निश्चय की झलक दिखी।\n\n> अपनी इच्छा शक्ति से, मैं कहता हूँ कि कल मेरे हाथ पर ठीक इसी जगह पर एक बहुत बड़ा फोड़ा होगा; और तुम्हारा फोड़ा अपने वर्तमान आकार से दुगुना हो जाएगा!\n सुबह मुझे संकेतित स्थान पर एक मजबूत फोड़ा दिखाई दिया; उमा के फोड़े का आकार दुगुना हो गया था।\n\nएक चीख के साथ, मेरी बहन माँ के पास पहुँची।\n\n> मुकुंद एक भूत-प्रेत बन गया है!\n गंभीरता से, माँ ने मुझे निर्देश दिया कि कभी भी शब्दों की शक्ति का उपयोग नुकसान पहुँचाने के लिए न करें।\n\nमैंने हमेशा उनकी सलाह को याद रखा है, और उसका पालन किया है।","type":"default","passage":"मेरे माता-पिता और प्रारंभिक जीवन","commentary":"","meaning":""},{"id":"24","title":"1.24","content":"मेरे फोड़े का शल्य चिकित्सा द्वारा उपचार किया गया।\n\nडॉक्टर के चीरे से बना एक निशान आज भी मौजूद है।\n\nमेरे दाहिने हाथ पर मनुष्य के शब्दों की शक्ति की निरंतर याद दिलाता है।\n\nउमा से गहरे ध्यान से कहे गए वे सरल और स्पष्ट रूप से हानिरहित वाक्य, बम की तरह फटने और निश्चित, यद्यपि हानिकारक, प्रभाव पैदा करने के लिए पर्याप्त गुप्त शक्ति रखते थे।\n\nबाद में, मुझे समझ में आया कि वाणी में विस्फोटक कंपन शक्ति को बुद्धिमानी से किसी के जीवन को कठिनाइयों से मुक्त करने के लिए निर्देशित किया जा सकता है, और इस प्रकार बिना किसी दाग या फटकार के काम किया जा सकता है।\n\n{FN1-12} हमारा परिवार पंजाब के लाहौर में चला गया।\n\nवहाँ मैंने देवी काली के रूप में दिव्य माँ की एक तस्वीर खरीदी।\n\n{FN1-13} इसने हमारे घर की बालकनी पर एक छोटे से अनौपचारिक मंदिर को पवित्र किया।\n\nमेरे मन में एक स्पष्ट विश्वास था कि उस पवित्र स्थान पर की गई मेरी कोई भी प्रार्थना पूर्ण होगी।\n\nएक दिन उमा के साथ वहाँ खड़े होकर, मैंने बहुत ही संकरी गली के विपरीत दिशा में इमारतों की छतों पर दो पतंगों को उड़ते देखा।","type":"default","passage":"मेरे माता-पिता और प्रारंभिक जीवन","commentary":"","meaning":""},{"id":"25","title":"1.25","content":"> तुम इतने चुप क्यों हो?\n उमा ने मुझे शरारत से धक्का दिया।\n\n> मैं बस यही सोच रही थी कि यह कितना बढ़िया है कि देवी माँ मुझे जो भी माँगती हैं, वह देती हैं।\n\n  \n> मुझे लगता है कि वह तुम्हें वे दो पतंगें देंगी!\n मेरी बहन ने मज़ाक उड़ाते हुए हँसी।\n\n> क्यों नहीं?\n मैंने उनके अधिकार के लिए मौन प्रार्थना शुरू कर दी।\n\nभारत में पतंगों के साथ मैच खेले जाते हैं जिनकी डोर गोंद और पिसे हुए कांच से ढकी होती है।\n\nप्रत्येक खिलाड़ी अपने प्रतिद्वंद्वी की डोर को काटने का प्रयास करता है।\n\nएक खुली हुई पतंग छतों पर उड़ती है; इसे पकड़ने में बहुत मज़ा आता है।\n\nचूँकि उमा और मैं बालकनी में थे, \n\nइसलिए यह असंभव लग रहा था कि कोई भी खुली हुई पतंग हमारे हाथ में आ सकती है; इसकी डोर स्वाभाविक रूप से छतों पर लटकती रहती।","type":"default","passage":"मेरे माता-पिता और प्रारंभिक जीवन","commentary":"","meaning":""},{"id":"26","title":"1.26","content":"लेन के उस पार के खिलाड़ियों ने अपना मैच शुरू किया।\n\nएक डोरी कट गई; तुरंत पतंग मेरी ओर तैरने लगी।\n\nहवा के अचानक कम होने से यह एक पल के लिए स्थिर हो गई, जो डोरी को सामने के घर के ऊपर कैक्टस के पौधे से मजबूती से उलझाने के लिए पर्याप्त थी।\n\nमेरे दौरे के लिए एक आदर्श लूप बनाया गया था।\n\nमैंने पुरस्कार उमा को सौंप दिया।\n\n> यह सिर्फ एक असाधारण दुर्घटना थी, और आपकी प्रार्थना का उत्तर नहीं।\n\nअगर दूसरी पतंग आपके पास आती है, तो मैं विश्वास करूंगा।\n\n बहन की गहरी आँखों ने उसके शब्दों से अधिक विस्मय व्यक्त किया।\n\nमैंने अपनी प्रार्थनाएँ तीव्र गति से जारी रखीं।\n\nदूसरे खिलाड़ी द्वारा एक जबरदस्ती खींचने के परिणामस्वरूप उसकी पतंग अचानक गिर गई।\n\nयह हवा में नाचती हुई मेरी ओर बढ़ी।\n\nमेरे सहायक सहायक, कैक्टस के पौधे ने फिर से पतंग की डोरी को उस आवश्यक लूप में सुरक्षित कर दिया जिससे मैं उसे पकड़ सकता था।\n\nमैंने अपनी दूसरी ट्रॉफी उमा को भेंट की।","type":"default","passage":"मेरे माता-पिता और प्रारंभिक जीवन","commentary":"","meaning":""},{"id":"27","title":"1.27","content":"“वास्तव में, दिव्य माँ आपकी सुन रही है! यह सब मेरे लिए बहुत ही अजीब है!” बहन एक भयभीत हिरण के बच्चे की तरह भाग गई।\n\n{FN1-2} आध्यात्मिक शिक्षक; संस्कृत मूल गुर से, बढ़ाने के लिए, उत्थान करने के लिए।\n\n{FN1-3} योग का एक अभ्यासी, “मिलन, ” भगवान पर ध्यान लगाने का प्राचीन भारतीय विज्ञान।\n\n{FN1-4} 1914 में जब मैंने प्राचीन मठवासी स्वामी आदेश में प्रवेश किया, तो मेरा नाम बदलकर योगानंद कर दिया गया।\n\nमेरे गुरु ने 1935 में मुझे परमहंस की धार्मिक उपाधि प्रदान की  \n***(देखें ../अध्याय 24 और 42)***।\n{FN1-5} परंपरागत रूप से, योद्धाओं और शासकों की दूसरी जाति।\n\n{FN1-6} ये प्राचीन महाकाव्य भारत के इतिहास, पौराणिक कथाओं और दर्शन का भंडार हैं।\n\n“एवरीमैन्स लाइब्रेरी” खंड, रामायण और महाभारत, रोमेश दत्त  \n***(न्यूयॉर्क: ई. पी. डटन)***\n द्वारा अंग्रेजी पद्य में संक्षेपण है।","type":"default","passage":"मेरे माता-पिता और प्रारंभिक जीवन","commentary":"","meaning":""},{"id":"28","title":"1.28","content":"{FN1-7} यह महान संस्कृत कविता, जो महाभारत महाकाव्य के भाग के रूप में आती है, हिंदू बाइबिल है।\n\nइसका सबसे काव्यात्मक अंग्रेजी अनुवाद एडविन अर्नोल्ड का द सॉन्ग सेलेस्टियल  \n***(फिलाडेल्फिया: डेविड मैके, 75 सेंट)***\n है।\n\nविस्तृत टिप्पणी के साथ सबसे अच्छे अनुवादों में से एक है श्री अरबिंदो का संदेश गीता  \n***(ज्यूपिटर प्रेस, 16 सेमुडोस सेंट, मद्रास, भारत, $3.50)***।\n{FN1-8} बाबू  \n***(मिस्टर)***\n बंगाली नामों के \n\nअंत में रखा जाता है।\n\n{FN1-9} महान गुरुओं के पास मौजूद असाधारण शक्तियों को अध्याय 30,  \n> चमत्कारों के नियम\n में समझाया गया है।\n\n{FN1-10} एक योग तकनीक जिसके द्वारा इंद्रिय संबंधी उथल-पुथल को शांत किया जाता है, जिससे मनुष्य ब्रह्मांडीय चेतना के साथ एक निरंतर बढ़ती हुई पहचान प्राप्त कर सकता है।\n\n***(पृष्ठ 243 देखें।\n\n)***","type":"default","passage":"मेरे माता-पिता और प्रारंभिक जीवन","commentary":"","meaning":""},{"id":"29","title":"1.29","content":"{FN1-11} ब्रह्मांड के शासक के रूप में ईश्वर के लिए एक संस्कृत नाम; मूल शब्द IS से, जिसका अर्थ है शासन करना।\n\nहिंदू धर्मग्रंथों में ईश्वर के लिए 108 नाम हैं, जिनमें से प्रत्येक का दार्शनिक अर्थ अलग-अलग है।\n\n{FN1-12} ध्वनि की अनंत शक्तियाँ सृजनात्मक शब्द, ओम से आती हैं, जो सभी परमाणु ऊर्जाओं के पीछे ब्रह्मांडीय कंपन शक्ति है।\n\nस्पष्ट अनुभूति और गहन एकाग्रता के साथ बोले गए किसी भी शब्द का भौतिकीकरण मूल्य होता है।\n\nप्रेरणादायक शब्दों का ज़ोर से या चुपचाप दोहराव क्यूइज़्म और मनोचिकित्सा की इसी तरह की प्रणालियों में प्रभावी पाया गया है; रहस्य मन की कंपन दर को बढ़ाने में निहित है।\n\nकवि टेनिसन ने अपने संस्मरणों में, चेतन मन से परे अतिचेतन में जाने के लिए अपने दोहराव वाले उपकरण का विवरण छोड़ा है:","type":"default","passage":"मेरे माता-पिता और प्रारंभिक जीवन","commentary":"","meaning":""},{"id":"30","title":"1.30","content":"टेनिसन ने लिखा,  \n> एक तरह की जागृत समाधि- यह बेहतर शब्द के अभाव में है- बचपन से ही, जब मैं बिल्कुल अकेला होता हूँ, मुझे अक्सर ऐसा महसूस होता है।\n\n  \n> यह मेरे अपने नाम को चुपचाप दोहराते रहने से मुझ पर आया है, जब तक कि अचानक, जैसे कि व्यक्तित्व की चेतना की तीव्रता से, व्यक्तित्व स्वयं ही विलीन हो गया और असीम अस्तित्व में विलीन हो गया, और यह कोई भ्रमित अवस्था नहीं थी, बल्कि सबसे स्पष्ट, सबसे निश्चित, पूरी तरह से शब्दों से परे थी- जहाँ मृत्यु एक लगभग हास्यास्पद असंभवता थी- व्यक्तित्व का नुकसान  \n***(यदि ऐसा था)***\n कोई विलुप्ति नहीं, बल्कि एकमात्र सच्चा जीवन प्रतीत होता था।\n\n उन्होंने आगे लिखा:  \n> यह कोई अस्पष्ट परमानंद नहीं है, बल्कि मन की पूर्ण स्पष्टता से जुड़ी एक उत्कृष्ट विस्मय की स्थिति है।","type":"default","passage":"मेरे माता-पिता और प्रारंभिक जीवन","commentary":"","meaning":""},{"id":"31","title":"1.31","content":"{FN1-13} काली शाश्वत माँ प्रकृति के रूप में ईश्वर का प्रतीक हैं।","type":"default","passage":"मेरे माता-पिता और प्रारंभिक जीवन","commentary":"","meaning":""}]}