{"id":10,"title":"मेरा गुरु श्री युक्तेश्वर से मिलन","description":"मेरा गुरु श्री युक्तेश्वर से मिलन","sectionCount":28,"tags":null,"contentId":"AoY02","sections":[{"id":"1","title":"10.1","content":"मैं अपने गुरु, श्रीयुक्तेश्वर से मिला  \n> ईश्वर में विश्वास कोई भी चमत्कार कर सकता है, सिवाय एक चमत्कार के- बिना अध्ययन के परीक्षा उत्तीर्ण करना।\n\n मैंने बेचैनी से वह किताब बंद की जिसे मैंने खाली समय में उठाया था।\n\n> लेखक का अपवाद उसकी पूर्ण अश्रद्धा को दर्शाता है,  \n मैंने सोचा।\n\n> बेचारा, उसे आधी रात के तेल का बड़ा सम्मान है!\n मैंने पिताजी से वादा किया था कि मैं अपनी हाई स्कूल की पढ़ाई पूरी करूंगा।\n\nमैं परिश्रम का दिखावा नहीं कर सकता।\n\nगुजरते महीनों में मुझे कक्षा में कम और कलकत्ता के स्नान घाटों के किनारे एकांत स्थानों पर अधिक बार पाया गया।\n\nआस-पास के श्मशान घाट, विशेष रूप से रात में भयानक, योगी को अत्यधिक आकर्षक लगते हैं।\n\nजो कोई अमर सार को खोजना चाहता है, उसे कुछ अलंकृत खोपड़ियों से निराश नहीं होना चाहिए।\n\nविविध हड्डियों के उदास निवास में मानव अपर्याप्तता स्पष्ट हो जाती है","type":"default","passage":"मेरा गुरु श्री युक्तेश्वर से मिलन","commentary":"","meaning":""},{"id":"2","title":"10.2","content":"हिंदू हाई स्कूल में अंतिम परीक्षाओं का सप्ताह तेजी से नजदीक आ रहा था।\n\nयह पूछताछ का दौर, कब्रगाहों की तरह, एक प्रसिद्ध आतंक को प्रेरित करता है।\n\nफिर भी मेरा मन शांत था।\n\nभूत-प्रेतों का सामना करते हुए, मैं एक ऐसा ज्ञान प्राप्त कर रहा था जो व्याख्यान कक्षों में नहीं मिलता।\n\nलेकिन इसमें स्वामी प्रणबानंद की कला का अभाव था, जो एक ही समय में दो स्थानों पर आसानी से प्रकट हो जाते थे।\n\nमेरी शैक्षिक दुविधा स्पष्ट रूप से अनंत सरलता का विषय थी।\n\nयह मेरा तर्क था, \n\nहालांकि कई लोगों को यह तर्कहीन लगता है।\n\nभक्त की तर्कहीनता भगवान की मुसीबत में होने की हजारों अकथनीय अभिव्यक्तियों से उपजी है।","type":"default","passage":"मेरा गुरु श्री युक्तेश्वर से मिलन","commentary":"","meaning":""},{"id":"3","title":"10.3","content":"> नमस्ते, मुकुंदा! आजकल मैं तुम्हें मुश्किल से ही देख पाता हूँ!\n एक दोपहर गुरपार रोड पर एक सहपाठी ने मुझसे बात की।\n\n> नमस्ते, नंटू! स्कूल में मेरी अदृश्यता ने मुझे वास्तव में एक अजीब स्थिति में डाल दिया है।\n\n मैंने उसकी दोस्ताना निगाहों के सामने खुद को हल्का किया।\n\nनंटू, जो एक प्रतिभाशाली छात्र था, दिल खोलकर हँसा; मेरी परेशानी में एक हास्य पहलू भी था।\n\n> तुम फाइनल के लिए बिल्कुल तैयार नहीं हो! मुझे लगता है कि तुम्हारी मदद करना मेरे ऊपर है!\n सरल शब्दों ने मेरे कानों में दिव्य वादा पहुँचाया; तत्परता से मैं अपने दोस्त के घर गया।\n\nउसने दयालुता से विभिन्न समस्याओं के समाधान बताए जो उसे लगा कि प्रशिक्षकों द्वारा निर्धारित किए जाने की संभावना है।","type":"default","passage":"मेरा गुरु श्री युक्तेश्वर से मिलन","commentary":"","meaning":""},{"id":"4","title":"10.4","content":"> ये प्रश्न परीक्षा के जाल में कई भरोसेमंद लड़कों को फँसाने के लिए चारा हैं।\n\nमेरे उत्तर याद रखो, और तुम बिना किसी चोट के बच जाओगे।\n\n जब मैं चला गया, तब रात बहुत बीत चुकी थी।\n\nअपरिपक्व पांडित्य से भरा हुआ, मैंने भक्तिपूर्वक प्रार्थना की कि यह अगले कुछ महत्वपूर्ण दिनों तक बना रहे।\n\nनांटू ने मुझे मेरे विभिन्न विषयों में प्रशिक्षित किया था, लेकिन समय की कमी के कारण, वह संस्कृत में मेरा पाठ्यक्रम भूल गया था।\n\nमैंने ईश्वर को इस भूल के बारे में याद दिलाया।\n\nमैं अगली सुबह एक छोटी सैर पर निकल पड़ा, अपने नए ज्ञान को हिलते हुए कदमों की लय के साथ आत्मसात करते हुए।\n\nजैसे ही मैं एक कोने की घास के बीच से एक छोटा रास्ता लेता, मेरी नज़र कुछ ढीले मुद्रित पृष्ठों पर पड़ी।\n\nएक विजयी झपट्टा ने उन्हें संस्कृत के श्लोक साबित कर दिया।\n\nमैंने अपनी लड़खड़ाती व्याख्या में सहायता के लिए एक पंडित की तलाश की।\n\nउनकी समृद्ध आवाज़ ने प्राचीन भाषा की धारहीन, मधुर सुंदरता से वातावरण को भर दिया।\n\n{FN10-1}","type":"default","passage":"मेरा गुरु श्री युक्तेश्वर से मिलन","commentary":"","meaning":""},{"id":"5","title":"10.5","content":"> ये असाधारण छंद संभवतः आपकी संस्कृत परीक्षा में सहायक नहीं हो सकते।\n\n विद्वान ने उन्हें संदेहपूर्वक खारिज कर दिया।\n\nलेकिन उस विशेष कविता से परिचित होने के कारण मैं अगले दिन संस्कृत परीक्षा में उत्तीर्ण हो सका।\n\nनांटू द्वारा दी गई समझदारी भरी मदद के कारण, मैंने अपने सभी अन्य विषयों में सफलता के लिए न्यूनतम ग्रेड भी प्राप्त किया।\n\nपिता प्रसन्न थे कि मैंने अपना वचन निभाया और अपना माध्यमिक विद्यालय पाठ्यक्रम पूरा किया।\n\nमैं भगवान के प्रति कृतज्ञता से भर गया, जिनके मार्गदर्शन को मैंने नांटू की अपनी यात्रा और मलबे से भरे लॉट के अनचाहे मार्ग से चलते हुए महसूस किया।\n\nउन्होंने मेरे बचाव के लिए अपने समय पर बनाए गए डिजाइन को चंचल रूप से दोहरा दिया था।","type":"default","passage":"मेरा गुरु श्री युक्तेश्वर से मिलन","commentary":"","meaning":""},{"id":"6","title":"10.6","content":"मुझे वह फेंकी हुई पुस्तक मिली जिसके लेखक ने परीक्षा हॉल में ईश्वर को प्राथमिकता देने से इनकार किया था।\n\nमैं अपनी ही मौन टिप्पणी पर हंसी नहीं रोक सका:  \n> इस आदमी की उलझन और बढ़ जाएगी, अगर मैं उसे बताऊं कि लाशों के बीच ईश्वरीय ध्यान करना हाईस्कूल डिप्लोमा का शॉर्टकट है!\n अपनी नई गरिमा में, मैं \n\nअब खुलेआम घर छोड़ने की योजना बना रहा था।\n\nएक युवा मित्र, जीतेंद्र मजूमदार के साथ, {FN10-2} मैंने बनारस में एक महामंडल आश्रम में शामिल होने और उसकी आध्यात्मिक शिक्षा प्राप्त करने का फैसला किया।\n\nएक सुबह अपने परिवार से अलग होने के विचार से मुझ पर उदासी छा गई।\n\nमाँ की मृत्यु के बाद से, मेरा स्नेह अपने दो छोटे भाइयों, सानंद और बिष्णु के लिए विशेष रूप से कोमल हो गया था।\n\nमैं अपने आश्रय की ओर भागा, वह छोटी सी अटारी जिसने मेरी अशांत साधना में बहुत सारे दृश्य देखे थे।\n\n{FN10-3} दो घंटे तक आंसुओं की बाढ़ के बाद, मैंने महसूस किया कि मैं किसी कीमियागर क्लीन्ज़र के ज़रिए बदल गया हूँ।\n\nसारी आसक्ति {FN10-4} गायब हो गई; ईश्वर को मित्रों के मित्र के रूप में खोजने का मेरा संकल्प मेरे भीतर ग्रेनाइट की तरह जम गया।\n\nमैंने जल्दी से अपनी यात्रा की तैयारियाँ पूरी कर लीं।","type":"default","passage":"मेरा गुरु श्री युक्तेश्वर से मिलन","commentary":"","meaning":""},{"id":"7","title":"10.7","content":"> मैं एक आखिरी विनती करता हूँ।\n\n जब मैं अंतिम आशीर्वाद के लिए उनके सामने खड़ा था तो पिताजी व्यथित थे।\n\n> मुझे और अपने शोकग्रस्त भाई-बहनों को मत छोड़ो।\n\n  \n> आदरणीय पिताजी, मैं आपके प्रति अपने प्रेम को कैसे व्यक्त करूँ! लेकिन स्वर्गिक पिता के प्रति मेरा प्रेम उससे भी अधिक है, जिन्होंने मुझे धरती पर एक आदर्श पिता का उपहार दिया है।\n\nमुझे जाने दो, ताकि मैं किसी दिन अधिक दिव्य समझ के साथ लौटूँ।\n\n माता-पिता की अनिच्छा से सहमति के साथ, मैं पहले से ही बनारस में मौजूद जितेन्द्र के आश्रम में जाने के लिए निकल पड़ा।\n\nमेरे पहुँचने पर युवा मुख्य स्वामी, दयानंद ने मेरा हार्दिक स्वागत किया।\n\nलंबे और पतले, विचारशील हाव-भाव वाले, उन्होंने मुझ पर अनुकूल प्रभाव डाला।\n\nउनके गोरे चेहरे पर बुद्ध जैसा धैर्य था।","type":"default","passage":"मेरा गुरु श्री युक्तेश्वर से मिलन","commentary":"","meaning":""},{"id":"8","title":"10.8","content":"मुझे खुशी थी कि मेरे नए घर में एक अटारी थी, जहाँ मैं सुबह और सुबह के समय बिता सकता था।\n\nआश्रम के सदस्य, जो ध्यान साधना के बारे में बहुत कम जानते थे, ने सोचा कि मुझे अपना पूरा समय संगठनात्मक कर्तव्यों में लगाना चाहिए।\n\nउन्होंने मुझे उनके कार्यालय में दोपहर के काम के लिए बधाई दी।\n\n> भगवान को इतनी जल्दी पकड़ने की कोशिश मत करो!\n एक साथी निवासी ने यह उपहास किया, जब मैं अटारी की ओर जल्दी निकल गया।\n\nमैं दयानंद के पास गया, जो गंगा के किनारे अपने छोटे से गर्भगृह में व्यस्त थे।\n\n> स्वामीजी, {FN10-5} मुझे समझ में नहीं आ रहा है कि यहाँ मुझसे क्या अपेक्षित है।\n\nमैं भगवान की प्रत्यक्ष अनुभूति की तलाश कर रहा हूँ।\n\nउसके बिना, मैं संबद्धता या पंथ या अच्छे कार्यों के प्रदर्शन से संतुष्ट नहीं हो सकता।","type":"default","passage":"मेरा गुरु श्री युक्तेश्वर से मिलन","commentary":"","meaning":""},{"id":"9","title":"10.9","content":"गेरुआ वस्त्रधारी पादरी ने मुझे प्यार से थपथपाया।\n\nनकली फटकार लगाते हुए उसने पास बैठे कुछ शिष्यों को डांटा।\n\n> मुकुंद को परेशान मत करो।\n\nवह हमारे तौर-तरीके सीख जाएगा।\n\n मैंने विनम्रता से अपना संदेह छिपाया।\n\nछात्र अपनी फटकार से बहुत अधिक प्रभावित हुए बिना कमरे से बाहर चले गए।\n\nदयानंद ने मेरे लिए और भी शब्द कहे।\n\n> मुकुंद, मैं देख रहा हूं कि तुम्हारे पिता नियमित रूप से तुम्हें पैसे भेजते हैं।\n\nकृपया उन्हें लौटा दो; तुम्हें यहां किसी की जरूरत नहीं है।\n\nतुम्हारे अनुशासन के लिए दूसरा आदेश भोजन से संबंधित है।\n\nयहां तक कि जब तुम्हें भूख लगे, तो उसका जिक्र मत करना।\n\n मेरी आंखों में भूख की चमक थी या नहीं, मुझे नहीं पता था।\n\nमैं अच्छी तरह जानता था कि मुझे भूख लगी है।\n\nपहले आश्रम के भोजन का अनिवार्य समय दोपहर बारह बजे था।\n\nमैं अपने घर में नौ बजे बड़े नाश्ते का आदी था।","type":"default","passage":"मेरा गुरु श्री युक्तेश्वर से मिलन","commentary":"","meaning":""},{"id":"10","title":"10.10","content":"तीन घंटे का अंतराल प्रतिदिन और भी अधिक अंतहीन होता गया।\n\nकलकत्ता के वे वर्ष चले गए जब मैं दस मिनट की देरी के लिए रसोइए को डांट सकता था।\n\nअब मैं अपनी भूख पर काबू पाने की कोशिश करता था; एक दिन मैंने चौबीस घंटे का उपवास किया।\n\nदोगुने उत्साह के साथ मैं अगले दोपहर का इंतजार करता था।\n\n“दयानन्दजी की ट्रेन लेट है; जब तक वे नहीं आ जाते, हम कुछ नहीं खाएँगे।\n\n” जितेन्द्र ने मुझे यह विनाशकारी समाचार दिया।\n\nदो सप्ताह से अनुपस्थित स्वामी के स्वागत में अनेक व्यंजन तैयार रखे गए थे।\n\nहवा में एक स्वादिष्ट सुगंध भर गई थी।\n\nऔर कुछ नहीं था, कल के उपवास की सफलता पर गर्व के अलावा और क्या निगला जा सकता था?","type":"default","passage":"मेरा गुरु श्री युक्तेश्वर से मिलन","commentary":"","meaning":""},{"id":"11","title":"10.11","content":"> प्रभु, गाड़ी जल्दी चलाओ!\n मैंने सोचा, जिस तरह से दयानंद ने मुझे चुप कराया था, उसमें ईश्वरीय प्रदाता शायद ही शामिल था।\n\nहालाँकि, ईश्वरीय ध्यान कहीं और था; धीमी गति से चलने वाली घड़ी घंटों को ढक रही थी।\n\nहमारे नेता के दरवाजे में प्रवेश करते ही अंधेरा छाने लगा था।\n\nमेरा अभिवादन विशुद्ध खुशी से भरा था।\n\n> भोजन परोसने से पहले दयानंदजी स्नान और ध्यान करेंगे।\n\n जितेन्द्र फिर से मेरे पास एक अशुभ पक्षी की तरह आया।\n\nमैं लगभग बेहोश हो गया था।\n\nमेरा युवा पेट, जो अभाव से नया था, कुतरने वाले जोश के साथ विरोध कर रहा था।\n\nअकाल पीड़ितों की मैंने जो तस्वीरें देखी थीं, वे मेरे सामने प्रेत की तरह गुज़र गईं।\n\nमैंने सोचा,  \n> अगली बनारस की भूख से मौत इसी आश्रम में होने वाली है।\n\n नौ बजे आसन्न प्रलय टल गया।\n\nअमृत का आह्वान! स्मृति में वह भोजन जीवन के सबसे उत्तम घंटों में से एक के रूप में जीवंत है।","type":"default","passage":"मेरा गुरु श्री युक्तेश्वर से मिलन","commentary":"","meaning":""},{"id":"12","title":"10.12","content":"गहन तल्लीनता के बावजूद मैं देख पाया कि दयानंद ने बिना सोचे-समझे खाना खाया।\n\nजाहिर है, वह मेरे स्थूल सुखों से परे था।\n\n> स्वामीजी, क्या आपको भूख नहीं लगी?\n खुशी से तृप्त होकर मैं नेता के साथ उनके अध्ययन कक्ष में अकेला था।\n\n> हाँ! मैंने पिछले चार दिन बिना खाए-पीए बिताए हैं।\n\nमैं सांसारिक लोगों के विषम स्पंदनों से भरी रेलगाड़ियों में कभी नहीं खाता।\n\nमैं अपने विशेष संप्रदाय के भिक्षुओं के लिए शास्त्र {FN10-6} के नियमों का सख्ती से पालन करता हूँ।\n\nहमारे संगठनात्मक काम की कुछ समस्याएँ मेरे दिमाग में हैं।\n\nआज रात घर पर मैंने अपना खाना भूल गया।\n\nजल्दी क्या है? कल मैं उचित भोजन करने का ध्यान रखूँगा।\n\n\" वह हँसा।","type":"default","passage":"मेरा गुरु श्री युक्तेश्वर से मिलन","commentary":"","meaning":""},{"id":"13","title":"10.13","content":"मेरे भीतर घुटन की तरह शर्म फैल गई।\n\nलेकिन मेरी यातना का बीता दिन आसानी से भुलाया नहीं जा सकता था; मैंने आगे कहा।\n\n> स्वामीजी, मैं उलझन में हूँ।\n\nआपकी बात मानकर मान लो कि मैंने कभी भोजन नहीं माँगा और कोई मुझे भोजन नहीं देता।\n\nतो मुझे भूख से मर जाना चाहिए।\n\n  \n> तो मर जाओ!\n इस चेतावनी भरे परामर्श ने हवा चीर दी।\n\n> मरना ही है तो मर जाओ मुकुन्द! यह कभी मत मानना कि तुम भगवान की शक्ति से नहीं, बल्कि भोजन की शक्ति से जीते हो! जिसने हर तरह का भोजन बनाया है, जिसने भूख दी है, वह निश्चित रूप से देखेगा कि उसका भक्त जीवित रहे! यह मत सोचो कि चावल तुम्हें पालता है, या पैसा या आदमी तुम्हारा भरण-पोषण करते हैं! यदि भगवान तुम्हारी प्राणवायु रोक लें तो क्या वे सहायता कर सकते हैं? वे तो केवल उनके अप्रत्यक्ष साधन हैं।\n\nक्या तुम्हारे किसी कौशल से ही तुम्हारे पेट में भोजन पचता है? अपनी विवेक-शक्ति की तलवार चलाओ मुकुन्द! सत्ता की जंजीरों को तोड़ डालो और एकमात्र कारण को पहचानो!","type":"default","passage":"मेरा गुरु श्री युक्तेश्वर से मिलन","commentary":"","meaning":""},{"id":"14","title":"10.14","content":"मैंने पाया कि उनके तीखे शब्द मेरी हड्डियों में गहराई तक उतर रहे थे।\n\nवह सदियों पुराना भ्रम दूर हो गया था, जिसके द्वारा शारीरिक आदेश आत्मा को मात दे देते थे।\n\nवहीं मैंने आत्मा की सर्व-पर्याप्तता का अनुभव किया।\n\nअपने बाद के निरंतर भ्रमणशील जीवन में कितने ही विचित्र शहरों में बनारस के एक आश्रम में इस पाठ की उपयोगिता सिद्ध करने का अवसर आया! कलकत्ता से मेरे साथ जो एकमात्र खजाना आया था, वह था साधु का चाँदी का ताबीज, जो माँ ने मुझे दिया था।\n\nवर्षों तक उसकी रक्षा करने के बाद, \n\nअब मैंने उसे अपने आश्रम के कमरे में सावधानी से छिपा रखा था।\n\nताबीज की गवाही में अपने आनंद को नवीनीकृत करने के लिए, एक सुबह मैंने ताला बंद बक्सा खोला।\n\nसीलबंद आवरण अछूता था, देखा! ताबीज गायब था।\n\nमैंने शोकपूर्वक उसका लिफाफा फाड़ा और स्पष्ट रूप से आश्वस्त हुआ।\n\nवह, साधु की भविष्यवाणी के अनुसार, उस आकाश में गायब हो गया था, जहाँ से उसने उसे बुलाया था।","type":"default","passage":"मेरा गुरु श्री युक्तेश्वर से मिलन","commentary":"","meaning":""},{"id":"15","title":"10.15","content":"दयानंद के अनुयायियों के साथ मेरा रिश्ता लगातार खराब होता गया।\n\nघर के लोग अलग-थलग पड़ गए, मेरी दृढ़ निश्चयी एकाकीपन से आहत हुए।\n\nजिस आदर्श के लिए मैंने घर और सभी सांसारिक महत्वाकांक्षाओं को छोड़ा था, उसी पर ध्यान लगाने के मेरे सख्त पालन ने सभी तरफ से उथली आलोचना को जन्म दिया।\n\nआध्यात्मिक पीड़ा से त्रस्त, मैं एक भोर में अटारी में घुस गया, जब तक उत्तर नहीं मिल जाता, तब तक प्रार्थना करने का संकल्प लिया।\n\n> ब्रह्मांड की दयालु माँ, मुझे दर्शन के माध्यम से या आपके द्वारा भेजे गए गुरु के माध्यम से स्वयं शिक्षा दें!\n बीतते घंटों में मेरी रोती हुई विनती का कोई जवाब नहीं मिला।\n\nअचानक मुझे लगा जैसे मैं शारीरिक रूप से एक अछूते क्षेत्र में पहुँच गया हूँ।","type":"default","passage":"मेरा गुरु श्री युक्तेश्वर से मिलन","commentary":"","meaning":""},{"id":"16","title":"10.16","content":"> आज तुम्हारा गुरु आएगा!\n हर जगह से एक दिव्य स्त्री जैसी आवाज़ आई।\n\nइस अलौकिक अनुभव को एक निश्चित स्थान से आई आवाज़ ने भेद दिया।\n\nहाबू नामक एक युवा पुजारी मुझे नीचे की रसोई से बुला रहा था।\n\n> मुकुंद, ध्यान करना बंद करो! तुम्हें एक काम के लिए बुलाया गया है।\n\n किसी और दिन मैं अधीरता से उत्तर दे सकता था; लेकिन आज मैंने अपने आंसुओं से सूजे हुए चेहरे को पोंछा और विनम्रतापूर्वक बुलावे का पालन किया।\n\nहाबू और मैं बनारस के बंगाली खंड में एक दूर के बाज़ार की ओर चल पड़े।\n\nजब हम बाज़ारों में अपनी खरीदारी कर रहे थे, तब तक भारत का तीखा सूरज अपने चरम पर नहीं था।\n\nहम गृहिणियों, गाइडों, पुजारियों, सादे कपड़े पहने विधवाओं, प्रतिष्ठित ब्राह्मणों और सर्वव्यापी पवित्र बैलों के रंगीन मिश्रण के बीच से अपना रास्ता बनाते हुए आगे बढ़े।\n\nएक अगोचर गली से गुजरते हुए, मैंने अपना सिर घुमाया और संकरी लंबाई का निरीक्षण किया।","type":"default","passage":"मेरा गुरु श्री युक्तेश्वर से मिलन","commentary":"","meaning":""},{"id":"17","title":"10.17","content":"सड़क के \n\nअंत में एक स्वामी के गेरुआ वस्त्र पहने एक ईसा-जैसा आदमी निश्चल खड़ा था।\n\nवह तुरन्त और प्राचीन रूप से परिचित लगा; मेरी निगाहें एक पल के लिए भूखी हो गईं।\n\nफिर संदेह ने मुझे घेर लिया।\n\n> तुम इस भटकते हुए साधु को अपने किसी परिचित के साथ भ्रमित कर रहे हो,  \n मैंने सोचा।\n\n> सपने देखने वाले, चलो।\n\n दस मिनट के बाद, मुझे अपने पैरों में भारी सुन्नता महसूस हुई।\n\nमानो पत्थर बन गए हों, वे मुझे आगे ले जाने में असमर्थ थे।\n\nमैंने बड़ी मुश्किल से पलटा; मेरे पैर सामान्य हो गए।\n\nमैंने विपरीत दिशा का सामना किया; फिर से अजीब वजन ने मुझे दबा दिया।\n\n> संत मुझे चुंबकीय रूप से अपनी ओर खींच रहे हैं!\n इस विचार के साथ, मैंने अपने पार्सल हबू की बाहों में ढेर कर दिए।\n\nवह मेरे अनियमित कदमों को आश्चर्य से देख रहा था, और \n\nअब जोर से हँस पड़ा।","type":"default","passage":"मेरा गुरु श्री युक्तेश्वर से मिलन","commentary":"","meaning":""},{"id":"18","title":"10.18","content":"> तुम्हें क्या हो गया है? क्या तुम पागल हो?\n मेरी अशांत भावना ने किसी भी तरह का जवाब देने से रोक दिया; मैं चुपचाप भाग गया।\n\nअपने कदमों को पीछे की ओर खींचता हुआ, मानो पंख लगाए हुए, मैं संकरी गली में पहुँच गया।\n\nमेरी त्वरित नज़र ने एक शांत आकृति को देखा, जो लगातार मेरी दिशा में देख रही थी।\n\nकुछ उत्सुक कदम और मैं उसके चरणों में था।\n\n> गुरुदेव!\n {FN10-7} दिव्य चेहरा कोई और नहीं बल्कि मेरे हज़ारों दर्शनों का चेहरा था।\n\nनुकीली दाढ़ी और लहराते बालों वाले सिंह जैसे सिर वाली ये कोमल आँखें अक्सर मेरी रात की कल्पनाओं के अंधेरे में झाँकती थीं, एक वादा पकड़े हुए जो मुझे पूरी तरह से समझ में नहीं आया था।\n\n> हे मेरे अपने, तुम मेरे पास आ गए हो!\n मेरे गुरु ने बंगाली में बार-बार ये शब्द कहे, उनकी आवाज़ खुशी से काँप रही थी।\n\n> मैंने कितने सालों से तुम्हारा इंतज़ार किया है!","type":"default","passage":"मेरा गुरु श्री युक्तेश्वर से मिलन","commentary":"","meaning":""},{"id":"19","title":"10.19","content":"हम मौन की एकता में प्रवेश कर गए; शब्द सबसे अधिक अनावश्यक प्रतीत हुए।\n\nगुरु के हृदय से शिष्य तक ध्वनिहीन मंत्रोच्चार के रूप में वाक्पटुता प्रवाहित हुई।\n\nअदम्य अंतर्दृष्टि के एंटीना के साथ मुझे लगा कि मेरे गुरु ईश्वर को जानते हैं, और मुझे उनके पास ले जाएंगे।\n\nइस जीवन का अंधकार जन्मपूर्व यादों की नाजुक सुबह में गायब हो गया।\n\nनाटकीय समय! अतीत, वर्तमान और भविष्य इसके चक्रीय दृश्य हैं।\n\nयह पहला सूर्य नहीं था जो मुझे इन पवित्र चरणों में पाया! मेरा हाथ उनके हाथों में थामे, मेरे गुरु मुझे शहर के राणा महल खंड में उनके अस्थायी निवास तक ले गए।\n\nउनका पुष्ट शरीर दृढ़ कदमों से आगे बढ़ रहा था।\n\nलंबा, सीधा, उस समय लगभग पचपन वर्ष का, वह एक युवा व्यक्ति की तरह सक्रिय और ऊर्जावान था।\n\nउसकी गहरी आंखें बड़ी, सुंदर और बेदाग ज्ञान से भरी थीं","type":"default","passage":"मेरा गुरु श्री युक्तेश्वर से मिलन","commentary":"","meaning":""},{"id":"20","title":"10.20","content":"जैसे ही हम गंगा के किनारे बने एक घर की पत्थर की बालकनी में पहुँचे, उन्होंने स्नेहपूर्वक कहा:  \n> मैं तुम्हें अपना आश्रम और जो कुछ भी मेरे पास है, सब दे दूँगा।\n\n  \n> सर, मैं ज्ञान और ईश्वर-सम्पर्क के लिए आया हूँ।\n\nमैं तुम्हारे खजाने की तलाश में हूँ!\n मेरे गुरु के फिर से बोलने से पहले ही तेज भारतीय गोधूलि ने अपना आधा पर्दा गिरा दिया था।\n\nउनकी आँखों में अथाह कोमलता थी।\n\n> मैं तुम्हें अपना बिना शर्त वाला प्यार देता हूँ।\n\n अनमोल शब्द! एक चौथाई सदी बीत जाने के बाद मुझे उनके प्यार का एक और कर्णप्रिय प्रमाण मिला।\n\nउनके होठों पर जोश की झलक थी; खामोशी उनका सागर बन गई थी।\n\n> क्या तुम मुझे भी वही बिना शर्त वाला प्यार दोगे?\n उन्होंने बच्चों जैसे भरोसे के साथ मेरी तरफ देखा।","type":"default","passage":"मेरा गुरु श्री युक्तेश्वर से मिलन","commentary":"","meaning":""},{"id":"21","title":"10.21","content":"> मैं आपसे हमेशा प्यार करूंगा, गुरुदेव!\n  \n> साधारण प्रेम स्वार्थी होता है, जो इच्छाओं और संतुष्टि में निहित होता है।\n\nदिव्य प्रेम बिना किसी शर्त, बिना किसी सीमा, बिना किसी परिवर्तन के होता है।\n\nशुद्ध प्रेम के मोहक स्पर्श से मानव हृदय की उत्तेजना हमेशा के लिए गायब हो जाती है।\n\n उन्होंने विनम्रतापूर्वक कहा,  \n> यदि आप कभी मुझे ईश्वर-साक्षात्कार की स्थिति से गिरते हुए पाते हैं, तो कृपया मेरा सिर अपनी गोद में रखने का वादा करें और मुझे उस ब्रह्मांडीय प्रियतम के पास वापस लाने में मदद करें जिसकी हम दोनों पूजा करते हैं।\n\n फिर वे बढ़ते अंधेरे में उठे और मुझे एक आंतरिक कमरे में ले गए।\n\nजब हम आम और बादाम की मिठाइयाँ खा रहे थे, तो उन्होंने अपनी बातचीत में मेरे स्वभाव के बारे में एक अंतरंग ज्ञान को सहज रूप से शामिल किया।\n\nमैं उनकी बुद्धिमत्ता की भव्यता से अचंभित था, जो एक सहज विनम्रता के साथ बेहतरीन रूप से मिश्रित थी।","type":"default","passage":"मेरा गुरु श्री युक्तेश्वर से मिलन","commentary":"","meaning":""},{"id":"22","title":"10.22","content":"> अपने ताबीज के लिए शोक मत करो।\n\nइसने अपना उद्देश्य पूरा कर लिया है।\n\n एक दिव्य दर्पण की तरह, मेरे गुरु ने स्पष्ट रूप से मेरे पूरे जीवन का प्रतिबिंब देखा था।\n\n> गुरु, आपकी उपस्थिति की जीवंत वास्तविकता किसी भी प्रतीक से परे आनंद है।\n\n  \n> यह बदलाव का समय है, क्योंकि आप आश्रम में दुखी हैं।\n\n मैंने अपने जीवन का कोई संदर्भ नहीं दिया था; वे \n\nअब अनावश्यक लग रहे थे! उनके स्वाभाविक, स्पष्ट तरीके से, मैं समझ गया कि वे अपनी दिव्यदृष्टि पर आश्चर्यचकित नहीं होना चाहते थे।\n\n> आपको कलकत्ता वापस चले जाना चाहिए।\n\nअपने मानवता के प्यार से रिश्तेदारों को क्यों वंचित रखना है?\n उनके सुझाव ने मुझे निराश कर दिया।\n\nमेरा परिवार मेरी वापसी की भविष्यवाणी कर रहा था, हालाँकि मैंने पत्रों द्वारा कई अनुरोधों का जवाब नहीं दिया था।\n\n> युवा पक्षी को आध्यात्मिक आकाश में उड़ने दो,  \n अनंत ने टिप्पणी की थी।\n\n> भारी वातावरण में उसके पंख थक जाएँगे।\n\nहम उसे घर की ओर उड़ते, अपने पंखों को मोड़ते और विनम्रतापूर्वक हमारे परिवार के घोंसले में आराम करते देखेंगे।\n\n यह निराशाजनक उपमा मेरे दिमाग में ताज़ा थी, और मैंने कलकत्ता की ओर कोई “झपट्टा” नहीं मारने का निश्चय कर लिया था।","type":"default","passage":"मेरा गुरु श्री युक्तेश्वर से मिलन","commentary":"","meaning":""},{"id":"23","title":"10.23","content":"> सर, मैं घर वापस नहीं जा रहा हूँ।\n\nलेकिन मैं आपके साथ कहीं भी जाऊँगा।\n\nकृपया मुझे अपना पता और अपना नाम बताएँ।\n\n  \n> स्वामी श्री युक्तेश्वर गिरि।\n\nमेरा मुख्य आश्रम सेरामपुर में रायघाट लेन पर है।\n\nमैं यहाँ अपनी माँ से मिलने कुछ दिनों के लिए आया हूँ।\n\n मैं भगवान की अपने भक्तों के साथ जटिल लीला पर आश्चर्यचकित था।\n\nसेरामपुर कलकत्ता से केवल बारह मील दूर है, फिर भी उन क्षेत्रों में मुझे अपने गुरु की एक झलक भी नहीं मिली थी।\n\nहमें अपनी बैठक के लिए प्राचीन शहर काशी  \n***(बनारस)***\n जाना पड़ा, जो लाहिड़ी महाशय की यादों से पवित्र है।\n\nयहाँ भी बुद्ध, शंकराचार्य और अन्य योगी-ईसा के चरणों ने धरती को धन्य कर दिया था।","type":"default","passage":"मेरा गुरु श्री युक्तेश्वर से मिलन","commentary":"","meaning":""},{"id":"24","title":"10.24","content":"> तुम चार सप्ताह में मेरे पास आओगे।\n\n पहली बार श्रीयुक्तेश्वर की आवाज़ कठोर थी।\n\n> \n\nअब मैंने अपना शाश्वत स्नेह बता दिया है, और तुम्हें पाकर अपनी खुशी भी दिखा दी है-\n\nइसलिए तुम मेरे अनुरोध की उपेक्षा कर रहे हो।\n\nअगली बार जब हम मिलेंगे, तो तुम्हें मेरी रुचि फिर से जगानी होगी: मैं तुम्हें आसानी से शिष्य के रूप में स्वीकार नहीं करूँगा।\n\nमेरे कठोर प्रशिक्षण का पालन करके पूर्ण समर्पण होना चाहिए।\n\n मैं हठपूर्वक चुप रहा।\n\nमेरे गुरु ने मेरी कठिनाई को आसानी से समझ लिया।\n\n> क्या तुम्हें लगता है कि तुम्हारे रिश्तेदार तुम पर हँसेंगे?\n  \n> मैं वापस नहीं आऊँगा।\n\n  \n> तुम तीस दिनों में वापस आओगे।\n\n  \n> कभी नहीं।\n\n उनके चरणों में श्रद्धापूर्वक झुकते हुए, मैं विवादास्पद तनाव को कम किए बिना चला गया।\n\nजैसे-जैसे मैं आधी रात के अंधेरे में अपना रास्ता बना रहा था, मुझे आश्चर्य हो रहा था कि चमत्कारी बैठक एक बेसुरे नोट पर क्यों समाप्त हुई।\n\nमाया के दोहरे तराजू, जो हर खुशी को एक दुःख के साथ संतुलित करते हैं! मेरा युवा हृदय अभी तक मेरे गुरु की रूपांतरित उंगलियों के लिए लचीला नहीं था।","type":"default","passage":"मेरा गुरु श्री युक्तेश्वर से मिलन","commentary":"","meaning":""},{"id":"25","title":"10.25","content":"अगली सुबह मैंने देखा कि आश्रम के सदस्यों का व्यवहार और भी अधिक शत्रुतापूर्ण हो गया है।\n\nमेरे दिन हमेशा की तरह अशिष्टता से भरे हुए थे।\n\nतीन सप्ताह बाद, दयानंद बंबई में एक सम्मेलन में भाग लेने के लिए आश्रम से चले गए; मेरे अभागे सिर पर कोहराम मच गया।\n\n“मुकुंद एक परजीवी है, जो बिना उचित प्रतिफल दिए आश्रम का आतिथ्य स्वीकार कर रहा है।\n\n” यह टिप्पणी सुनकर, मुझे पहली बार इस बात का पछतावा हुआ कि मैंने पिताजी को अपना पैसा वापस भेजने के अनुरोध का पालन किया था।\n\nभारी मन से, मैंने अपने एकमात्र मित्र, जीतेंद्र को बुलाया।\n\n“मैं जा रहा हूँ।\n\nकृपया दयानंदजी के लौटने पर उन्हें मेरा सम्मानपूर्वक खेद व्यक्त करें।\n\n”","type":"default","passage":"मेरा गुरु श्री युक्तेश्वर से मिलन","commentary":"","meaning":""},{"id":"26","title":"10.26","content":"> मैं भी चला जाऊँगा! यहाँ ध्यान करने के मेरे प्रयासों को आपकी तुलना में कोई अधिक लाभ नहीं मिला है।\n\n जीतेन्द्र ने दृढ़ता से कहा।\n\n> मैं एक ईसा-समान संत से मिला हूँ।\n\nचलो सेरामपुर में उनसे मिलते हैं।\n\n और इस तरह  \n> पक्षी\n कलकत्ता के करीब खतरनाक तरीके से  \n> झपट्टा मारने\n के लिए तैयार हो गया! {FN10-1} संस्कृत, परिष्कृत; पूर्ण।\n\nसंस्कृत सभी इंडो-यूरोपीय भाषाओं की सबसे बड़ी बहन है।\n\nइसकी वर्णमाला लिपि देवनागरी है, जिसका शाब्दिक अर्थ है  \n> ईश्वरीय निवास।\n\n  \n> जो मेरा व्याकरण जानता है, वह ईश्वर को जानता है!\n प्राचीन भारत के महान भाषाविद् पाणिनि ने संस्कृत में गणितीय और मनोवैज्ञानिक पूर्णता के लिए यह श्रद्धांजलि दी।\n\nजो व्यक्ति भाषा को उसके ठिकाने तक ले जाएगा, उसे निश्चित रूप से सर्वज्ञ बनना होगा।","type":"default","passage":"मेरा गुरु श्री युक्तेश्वर से मिलन","commentary":"","meaning":""},{"id":"27","title":"10.27","content":"{FN10-2} वह जतिन्द  \n***(जोतिन घोष)***\n नहीं था, जिसे बाघों के प्रति उसके समयानुकूल घृणा के लिए याद किया जाएगा! {FN10-3} ईश्वर तक पहुँचने का मार्ग या प्रारंभिक मार्ग।\n\n{FN10-4} हिंदू धर्मग्रंथ सिखाते हैं कि पारिवारिक लगाव भ्रामक है अगर यह भक्त को सभी वरदानों के दाता की तलाश करने से रोकता है, जिसमें प्यारे रिश्तेदारों का वरदान भी शामिल है, जीवन की तो बात ही छोड़िए।\n\nयीशु ने भी इसी तरह सिखाया: “मेरी माँ कौन है? और मेरे भाई कौन हैं?”  \n***(मत्ती 12:48.)***\n {FN10-5} जी एक प्रथागत सम्मानजनक प्रत्यय है, जिसका इस्तेमाल विशेष रूप से सीधे संबोधन में किया जाता है; इस प्रकार “स्वामीजी, ” “गुरुजी, ” “श्री युक्तेश्वरजी, ” “परमहंसजी।\n\n” {FN10-6} शास्त्रों से संबंधित, शाब्दिक रूप से, “पवित्र पुस्तकें”, जिसमें शास्त्र की चार श्रेणियाँ शामिल हैं: श्रुति, स्मृति, पुराण और तंत्र।\n\nये व्यापक ग्रंथ धार्मिक और सामाजिक जीवन के हर पहलू को कवर करते हैं, और कानून, चिकित्सा, वास्तुकला, कला आदि के क्षेत्रों को भी।\n\nश्रुतियाँ “सीधे सुनी गई” या “प्रकट” शास्त्र हैं, वेद।\n\nस्मृतियाँ या “याद की गई” विद्या को अंततः सुदूर अतीत में दुनिया के सबसे लंबे महाकाव्यों, महाभारत और रामायण के रूप में लिखा गया था।\n\nपुराण वस्तुतः “प्राचीन” रूपक हैं; तंत्र का शाब्दिक अर्थ है “संस्कार” या “अनुष्ठान”; ये ग्रंथ विस्तृत प्रतीकात्मकता के आवरण में गहन सत्य को व्यक्त करते हैं।","type":"default","passage":"मेरा गुरु श्री युक्तेश्वर से मिलन","commentary":"","meaning":""},{"id":"28","title":"10.28","content":"{FN10-7} “दिव्य शिक्षक, ” किसी के आध्यात्मिक गुरु के लिए प्रचलित संस्कृत शब्द।\n\nमैंने इसे अंग्रेजी में बस “मास्टर” के रूप में अनुवादित किया है।","type":"default","passage":"मेरा गुरु श्री युक्तेश्वर से मिलन","commentary":"","meaning":""}]}