{"id":11,"title":"ब्रज में दो निर्धन बालक","description":"ब्रज में दो निर्धन बालक","sectionCount":23,"tags":null,"contentId":"AoY02","sections":[{"id":"1","title":"11.1","content":"वृंदावन में दो दरिद्र लड़के “अगर पिताजी तुम्हें विरासत से वंचित कर दें तो यह तुम्हारे लिए ठीक रहेगा, मुकुंद! तुम कितनी मूर्खता से अपना जीवन बर्बाद कर रहे हो!” एक बड़े भाई का उपदेश मेरे कानों पर हमला कर रहा था।\n\nजितेन्द्र और मैं, ट्रेन से उतरे  \n***(यह महज एक अलंकार है; हम धूल से सने हुए थे)***\n, अभी-अभी अनंत के घर पहुँचे थे, जो हाल ही में कलकत्ता से प्राचीन शहर आगरा में स्थानांतरित हुआ था।\n\nभाई बंगाल-नागपुर रेलवे के लिए एक पर्यवेक्षक लेखाकार था।\n\n“तुम अच्छी तरह जानते हो, अनंत, मैं अपनी विरासत स्वर्गीय पिता से चाहता हूँ।\n\n” “पहले पैसा; भगवान बाद में आ सकते हैं! कौन जानता है? जीवन बहुत लंबा हो सकता है।\n\n”","type":"default","passage":"ब्रज में दो निर्धन बालक","commentary":"","meaning":""},{"id":"2","title":"11.2","content":"> पहले भगवान; पैसा उसका गुलाम है! कौन बता सकता है? जीवन बहुत छोटा हो सकता है।\n\n मेरा जवाब उस समय की ज़रूरतों के हिसाब से था, और उसमें कोई पूर्वाभास नहीं था।\n\nफिर भी अनंत के लिए समय के पत्ते जल्दी ही समाप्त हो गए; कुछ साल बाद {FN11-1} वह उस भूमि में प्रवेश कर गया जहाँ बैंक नोट न तो पहले काम आते हैं और न ही आखिरी।\n\n> मुझे लगता है कि यह आश्रम से आया ज्ञान है! लेकिन मैं देख रहा हूँ कि तुम बनारस छोड़ चुके हो।\n\n अनंत की आँखों में संतुष्टि की चमक थी; उसे अभी भी परिवार के घोंसले में मेरे पंखों को सुरक्षित रखने की उम्मीद थी।\n\n> बनारस में मेरा प्रवास व्यर्थ नहीं गया! मुझे वहाँ वह सब कुछ मिला जिसकी मेरी दिली इच्छा थी! तुम निश्चिंत हो सकते हो कि यह तुम्हारा पंडित या उसका बेटा नहीं था!","type":"default","passage":"ब्रज में दो निर्धन बालक","commentary":"","meaning":""},{"id":"3","title":"11.3","content":"अनंत भी मेरी यादों को ताजा करते हुए हंसने लगे; उन्हें यह स्वीकार करना पड़ा कि उन्होंने जिस बनारस के “भविष्यदर्शी” को चुना था, वह अदूरदर्शी था।\n\n“तुम्हारी क्या योजना है, मेरे घुमक्कड़ भाई?” “जितेंद्र ने मुझे आगरा जाने के लिए राजी किया।\n\nहम यहाँ ताजमहल की खूबसूरती देखेंगे, ” मैंने समझाया।\n\n“फिर हम मेरे नए-नए गुरु के पास जाएँगे, जिनका सेरामपुर में आश्रम है।\n\n” अनंत ने हमारे आराम का आतिथ्यपूर्वक प्रबंध किया।\n\nशाम के दौरान कई बार मैंने देखा कि उनकी आँखें मुझ पर चिंतनशील रूप से टिकी हुई थीं।\n\n“मैं उस नज़र को पहचानता हूँ!” मैंने सोचा।\n\n“एक साज़िश चल रही है!” हमारे सुबह के नाश्ते के दौरान यह घटना घटी।\n\n“तो तुम पिता की संपत्ति से पूरी तरह स्वतंत्र महसूस करते हो।\n\n” कल की बातचीत को फिर से शुरू करते हुए अनंत की नज़र मासूम थी।","type":"default","passage":"ब्रज में दो निर्धन बालक","commentary":"","meaning":""},{"id":"4","title":"11.4","content":"> मैं ईश्वर पर अपनी निर्भरता के प्रति सचेत हूँ।\n\n  \n> शब्द सस्ते हैं! जीवन ने \n\nअब तक तुम्हें बचाया है! यदि तुम्हें भोजन और आश्रय के लिए अदृश्य हाथ की ओर देखने के लिए बाध्य होना पड़े, तो तुम्हारी क्या दुर्दशा होगी! तुम जल्द ही सड़कों पर भीख माँग रहे होगे!\n  \n> कभी नहीं! मैं ईश्वर के बजाय राहगीरों पर विश्वास नहीं करूँगा! वह अपने भक्त के लिए भीख के कटोरे के अलावा हज़ारों साधन जुटा सकता है!\n  \n> और भी बयानबाजी! मान लो कि मैं सुझाव दूँ कि तुम्हारे प्रशंसित दर्शन को इस मूर्त दुनिया में परखा जाए?\n  \n> मैं सहमत हूँ! क्या तुम ईश्वर को एक काल्पनिक दुनिया तक सीमित रखते हो?\n  \n> हम देखेंगे; आज तुम्हारे पास मेरे विचारों को या तो विस्तृत करने या पुष्टि करने का अवसर होगा!\n अनंत एक नाटकीय क्षण के लिए रुका; फिर धीरे-धीरे और गंभीरता से बोला।","type":"default","passage":"ब्रज में दो निर्धन बालक","commentary":"","meaning":""},{"id":"5","title":"11.5","content":"> मैं प्रस्ताव करता हूँ कि मैं आज सुबह आपको और आपके सह-शिष्य जीतेन्द्र को निकटवर्ती शहर वृंदावन भेजूँ।\n\nआपको एक भी रुपया नहीं लेना है; आपको भोजन या धन की भीख नहीं मांगनी है; आपको अपनी परेशानी किसी को नहीं बतानी है; आपको भोजन के बिना नहीं रहना है; और आपको वृंदावन में नहीं फंसना है।\n\nयदि आप आज रात बारह बजे से पहले, परीक्षा के किसी भी नियम को तोड़े बिना, मेरे बंगले पर लौट आते हैं, तो मैं आगरा का सबसे अधिक आश्चर्यचकित हो जाऊँगा!\n  \n> मैं चुनौती स्वीकार करता हूँ।\n\n मेरे शब्दों या मेरे दिल में कोई संकोच नहीं था।\n\nतत्काल उपकार की कृतज्ञ यादें चमक उठीं: लाहिड़ी महाशय के चित्र के आह्वान से जानलेवा हैजा से मेरा उपचार; उमा के साथ लाहौर की छत पर दो पतंगों का चंचल उपहार; मेरी निराशा के बीच मास्टर महाशय के माध्यम से मेरी छोटी-छोटी शर्मिंदगी पर उनका त्वरित ध्यान; अंतिम क्षण में मार्गदर्शन जिसने मेरे हाई स्कूल डिप्लोमा को मूर्त रूप दिया; और अंतिम वरदान, जीवन भर के सपनों की धुंध से मेरे जीवित गुरु।\n\nमैं कभी भी अपने “दर्शन” को दुनिया की कठोर परीक्षा के मैदान में किसी भी संघर्ष के बराबर नहीं मान सकता!","type":"default","passage":"ब्रज में दो निर्धन बालक","commentary":"","meaning":""},{"id":"6","title":"11.6","content":"> तुम्हारी इच्छाशक्ति ही तुम्हारा श्रेय है।\n\nमैं तुम्हें तुरंत ट्रेन तक पहुँचा दूँगा।\n\n अनंत ने मुंह खोले हुए जीतेंद्र की ओर रुख किया।\n\n> तुम्हें गवाह के रूप में और संभवतः एक सह-पीड़ित के रूप में साथ चलना चाहिए!\n आधे घंटे बाद जीतेंद्र और मेरे पास हमारी अचानक यात्रा के लिए एकतरफा टिकट थे।\n\nहमने स्टेशन के एक सुनसान कोने में अपने शरीर की तलाशी ली।\n\nअनंत को तुरंत संतुष्टि हो गई कि हम कोई छिपा हुआ खजाना नहीं ले जा रहे थे; हमारी साधारण धोती {FN11-3} में ज़रूरत से ज़्यादा कुछ नहीं छिपा था।\n\nजब आस्था ने वित्तीय मामलों में गंभीर रूप से दखल दिया, तो मेरे दोस्त ने विरोध करते हुए कहा।\n\n> अनंत, मुझे सुरक्षा के तौर पर एक या दो रुपये दे दो।\n\nफिर मैं दुर्भाग्य की स्थिति में तुम्हें तार से सूचित कर सकता हूँ।","type":"default","passage":"ब्रज में दो निर्धन बालक","commentary":"","meaning":""},{"id":"7","title":"11.7","content":"> जितेन्द्र!\n मेरे मुंह से निकला शब्द तीखा निन्दापूर्ण था।\n\n> यदि आप अंतिम जमानत के रूप में कुछ पैसे लेते हैं तो मैं परीक्षा नहीं दूंगा।\n\n  \n> सिक्कों की खनक में कुछ आश्वस्त करने वाला है।\n\n जितेन्द्र ने कुछ नहीं कहा, क्योंकि मैंने उसे सख्ती से देखा।\n\n> मुकुंद, मैं हृदयहीन नहीं हूं।\n\n अनंत की आवाज में विनम्रता का भाव आ गया था।\n\nहो सकता है कि उसका विवेक उसे धिक्कार रहा हो; शायद दो दिवालिया लड़कों को एक अजनबी शहर में भेजने के लिए; शायद अपने स्वयं के धार्मिक संदेह के लिए।\n\n> यदि किसी संयोग या कृपा से आप वृंदावन की परीक्षा में सफल हो जाते हैं, तो मैं आपसे मुझे अपना शिष्य बनाने के लिए कहूंगा।\n\n इस वचन में एक निश्चित अनियमितता थी, जो इस अपरंपरागत अवसर के अनुरूप थी।\n\nभारतीय परिवार में सबसे बड़ा भाई शायद ही कभी अपने कनिष्ठों के सामने झुकता है; उसे पिता के बाद दूसरे स्थान पर सम्मान और आज्ञाकारिता मिलती है।\n\nलेकिन मेरी टिप्पणी के लिए समय नहीं बचा था; हमारी ट्रेन प्रस्थान के बिंदु पर थी।","type":"default","passage":"ब्रज में दो निर्धन बालक","commentary":"","meaning":""},{"id":"8","title":"11.8","content":"हमारी ट्रेन मीलों की दूरी तय कर रही थी, लेकिन जीतेंद्र ने एक उदास चुप्पी बनाए रखी।\n\nआखिरकार उसने खुद को संभाला; झुककर उसने मुझे एक अजीब जगह पर दर्द से चुटकी काटी।\n\n> मुझे कोई संकेत नहीं दिख रहा है कि भगवान हमें अगला भोजन देने जा रहे हैं!\n  \n> चुप रहो, संदेह करने वाले थॉमस; भगवान हमारे साथ काम कर रहे हैं।\n\n  \n> क्या तुम यह भी व्यवस्था कर सकते हो कि वह जल्दी आए? मैं पहले से ही हमारे सामने की संभावना को देखकर भूखा हूँ।\n\nमैं ताज के मकबरे को देखने के लिए बनारस से निकला था, अपने मकबरे में प्रवेश करने के लिए नहीं!\n  \n> खुश रहो, जीतेंद्र! क्या हमें वृंदावन के पवित्र चमत्कारों की पहली झलक नहीं मिलनी है? {FN11-4} भगवान कृष्ण के चरणों से पवित्र भूमि पर चलने के विचार से मैं बहुत प्रसन्न हूँ।","type":"default","passage":"ब्रज में दो निर्धन बालक","commentary":"","meaning":""},{"id":"9","title":"11.9","content":"हमारे डिब्बे का दरवाज़ा खुला; दो आदमी बैठ गए।\n\nअगला ट्रेन स्टॉप आखिरी था।\n\n“युवा लड़कों, क्या तुम्हारे वृंदावन में कोई दोस्त है?” मेरे सामने बैठा अजनबी आश्चर्यजनक रूप से दिलचस्पी ले रहा था।\n\n“तुम्हारा कोई काम नहीं!” मैंने रूखेपन से नज़रें फेर लीं।\n\n“शायद तुम दिल चुराने वाले के मोह में अपने परिवार से दूर भाग रहे हो।\n\n{FN11-5} मैं खुद भी भक्ति-भाव का हूँ।\n\nमैं यह सुनिश्चित करना अपना कर्तव्य समझूँगा कि तुम्हें भोजन मिले और इस भीषण गर्मी से बचने के लिए आश्रय मिले।\n\n” “नहीं, सर, हमें अकेला छोड़ दो।\n\nआप बहुत दयालु हैं; लेकिन हमें घर से भागे हुए समझकर आप गलत सोच रहे हैं।\n\n”","type":"default","passage":"ब्रज में दो निर्धन बालक","commentary":"","meaning":""},{"id":"10","title":"11.10","content":"आगे कोई बातचीत नहीं हुई; ट्रेन रुक गई।\n\nजैसे ही मैं और जीतेंद्र प्लेटफॉर्म पर उतरे, हमारे संयोगवश साथी हमारे साथ आए और एक घोड़ागाड़ी बुलाई।\n\nहम एक आलीशान आश्रम के सामने पहुंचे, जो अच्छी तरह से रखे गए मैदान के सदाबहार पेड़ों के बीच बना था।\n\nहमारे उपकारकर्ता यहाँ स्पष्ट रूप से जाने-पहचाने थे; एक मुस्कुराता हुआ लड़का बिना किसी टिप्पणी के हमें एक बैठक में ले गया।\n\nजल्द ही हमारे साथ एक गरिमामयी व्यवहार वाली बुजुर्ग महिला आ गई।\n\n> गौरी माँ, राजकुमार नहीं आ सके।\n\n उनमें से एक व्यक्ति ने आश्रम की परिचारिका को संबोधित किया।\n\n> आखिरी क्षण में उनकी योजनाएँ गड़बड़ा गईं; वे गहरा खेद व्यक्त करते हैं।\n\nलेकिन हम दो अन्य मेहमानों को साथ लाए हैं।\n\nजैसे ही हम ट्रेन में मिले, मैं भगवान कृष्ण के भक्तों के रूप में उनकी ओर आकर्षित हो गया।","type":"default","passage":"ब्रज में दो निर्धन बालक","commentary":"","meaning":""},{"id":"11","title":"11.11","content":"[चित्रण:  \n***(बाएं से दाएं)***\n जितेन्द्र मजूमदार, वृंदावन में  \n> दरिद्रता परीक्षण\n में मेरे साथी; ललित-दा, मेरे चचेरे भाई; स्वामी केबलानंद  \n***(\n> शास्त्री महाशय\n)***\n, मेरे संत संस्कृत शिक्षक; मैं, एक हाई स्कूल के युवा के रूप में—देखें friends.jpg] [चित्रण: आनंद मोई मा, बंगाली  \n> आनंद-प्रवेशित माँ।\n\n—देखें amoyima.jpg] [चित्रण: हिमालय में रानीखेत के पास द्रोणगिरी पर्वतों में बाबाजी द्वारा उपयोग की जाने वाली गुफाओं में से एक।\n\nलाहिड़ी महाशय के पोते, आनंद मोहन लाहिड़ी  \n***(दाएं से दूसरे, सफेद कपड़े में)***\n, और तीन अन्य भक्त पवित्र स्थान का दौरा कर रहे हैं।\n\n—देखें गुफा.jpg]  \n> अलविदा, युवा मित्रों।\n\n हमारे दो परिचित दरवाजे की ओर चले गए।\n\n> अगर भगवान ने चाहा तो हम फिर मिलेंगे।","type":"default","passage":"ब्रज में दो निर्धन बालक","commentary":"","meaning":""},{"id":"12","title":"11.12","content":"> आपका यहाँ स्वागत है।\n\n गौरी माँ ने अपने दो अप्रत्याशित मेहमानों को देखकर माँ के समान मुस्कान बिखेरी।\n\n> आप इससे बेहतर दिन पर नहीं आ सकते थे।\n\nमैं इस आश्रम के दो शाही संरक्षकों की उम्मीद कर रही थी।\n\nअगर मेरे खाने को कोई पसंद नहीं करता तो यह कितनी शर्म की बात है!\n इन स्वादिष्ट शब्दों का जीतेंद्र पर बुरा असर हुआ: वह फूट-फूट कर रोने लगा।\n\nवृंदावन में जिस  \n> संभावना\n से वह डरता था, वह शाही मनोरंजन में बदल रही थी; उसका अचानक मानसिक समायोजन उसके लिए बहुत ज़्यादा साबित हुआ।\n\nहमारी परिचारिका ने जिज्ञासा से उसकी ओर देखा, लेकिन कोई टिप्पणी नहीं की; शायद वह किशोरावस्था की विचित्रताओं से परिचित थी।\n\nदोपहर के भोजन की घोषणा की गई; गौरी माँ ने खाने के आँगन की ओर रास्ता दिखाया, जो स्वादिष्ट गंध से भरा हुआ था।\n\nवह बगल की रसोई में गायब हो गई।","type":"default","passage":"ब्रज में दो निर्धन बालक","commentary":"","meaning":""},{"id":"13","title":"11.13","content":"मैं इस पल के बारे में पहले से ही सोच रहा था।\n\nमैंने जितेन्द्र के शरीर पर उपयुक्त स्थान का चयन करते हुए, एक चुटकी ली जो उतनी ही जोरदार थी जितनी उसने मुझे ट्रेन में दी थी।\n\n“संदेह करने वाले थॉमस, भगवान भी जल्दी में काम करते हैं!” परिचारिका ने एक पंकहा के साथ फिर से प्रवेश किया।\n\nजब हम अलंकृत कंबल-सीटों पर बैठे थे, तो उसने हमें लगातार ओरिएंटल शैली में पंखा झलते हुए आगे बढ़ाया।\n\nआश्रम के शिष्य लगभग तीस व्यंजन लेकर इधर-उधर जा रहे थे।\n\n“भोजन” के बजाय, इसका वर्णन केवल “शानदार भोजन” हो सकता है।\n\nइस ग्रह पर आने के बाद से, जितेन्द्र और मैंने पहले कभी ऐसे व्यंजनों का स्वाद नहीं चखा था।\n\n“वास्तव में राजकुमारों के लिए उपयुक्त व्यंजन, आदरणीय माँ! आपके शाही संरक्षकों को इस भोज में भाग लेने से अधिक जरूरी क्या हो सकता था, मैं कल्पना भी नहीं कर सकता! आपने हमें जीवन भर के लिए एक यादगार उपहार दिया है!”","type":"default","passage":"ब्रज में दो निर्धन बालक","commentary":"","meaning":""},{"id":"14","title":"11.14","content":"अनंत की मांग से हम चुप हो गए, हम उस दयालु महिला को यह नहीं समझा पाए कि हमारे धन्यवाद का दोहरा महत्व था।\n\nकम से कम हमारी ईमानदारी तो स्पष्ट थी।\n\nहम उनके आशीर्वाद और आश्रम में फिर से आने के आकर्षक निमंत्रण के साथ चले गए।\n\nबाहर की गर्मी बेरहम थी।\n\nमैं और मेरा दोस्त आश्रम के गेट पर एक भव्य कदंब के पेड़ की छाँव में चले गए।\n\nइसके बाद तीखे शब्द बोले गए; एक बार फिर जितेंद्र को संदेह ने घेर लिया।\n\n> तुमने मुझे बहुत बड़ी मुसीबत में डाल दिया है! हमारा लंच सिर्फ़ संयोगवश हुआ सौभाग्य था! हम इस शहर के नज़ारे कैसे देख सकते हैं, हमारे बीच एक भी पैसा नहीं है? और तुम मुझे अनंत के पास वापस कैसे ले जाओगे?","type":"default","passage":"ब्रज में दो निर्धन बालक","commentary":"","meaning":""},{"id":"15","title":"11.15","content":"> \n\nअब जब तुम्हारा पेट भर गया है, तो तुम भगवान को जल्दी भूल जाते हो।\n\n मेरे शब्द, कड़वे नहीं, बल्कि आरोपात्मक थे।\n\nईश्वरीय कृपा के लिए मनुष्य की स्मृति कितनी कमज़ोर होती है! ऐसा कोई मनुष्य नहीं रहता, जिसकी प्रार्थनाएँ पूरी न हुई हों।\n\n> तुम जैसे पागल के साथ बाहर जाने की अपनी मूर्खता को मैं भूल नहीं सकता!\n  \n> चुप रहो, जितेन्द्र! जिस भगवान ने हमें खिलाया है, वही हमें वृंदावन दिखाएंगे और हमें आगरा वापस भेजेंगे।\n\n एक दुबला-पतला, आकर्षक चेहरा वाला युवक तेज़ी से हमारे पास आया।\n\nहमारे पेड़ के नीचे रुककर उसने मुझे प्रणाम किया।\n\n> प्रिय मित्र, आप और आपका साथी यहाँ अजनबी होंगे।\n\nमुझे आपका मेजबान और मार्गदर्शक बनने की अनुमति दें।\n\n किसी भारतीय के लिए पीला पड़ना शायद ही संभव हो, लेकिन जितेन्द्र का चेहरा अचानक बीमार हो गया।\n\nमैंने विनम्रतापूर्वक प्रस्ताव अस्वीकार कर दिया।","type":"default","passage":"ब्रज में दो निर्धन बालक","commentary":"","meaning":""},{"id":"16","title":"11.16","content":"> आप मुझे निर्वासित तो नहीं कर रहे हैं?\n अजनबी की चिंता किसी अन्य परिस्थिति में हास्यास्पद होती।\n\n> क्यों नहीं?\n  \n> आप मेरे गुरु हैं।\n\n उसकी आँखें विश्वासपूर्वक मेरी ओर देख रही थीं।\n\n> मेरी मध्याह्न भक्ति के दौरान, धन्य भगवान कृष्ण एक स्वप्न में प्रकट हुए।\n\nउन्होंने मुझे इसी वृक्ष के नीचे दो परित्यक्त आकृतियाँ दिखाईं।\n\nएक चेहरा आपका था, मेरे स्वामी! मैंने इसे कई बार ध्यान में देखा है! यदि आप मेरी विनम्र सेवाएँ स्वीकार करते हैं, तो क्या खुशी होगी!\n  \n> मुझे भी खुशी है कि आपने मुझे पा लिया।\n\nन तो भगवान और न ही मनुष्य ने हमें छोड़ा है!\n यद्यपि मैं निश्चल था, मेरे सामने उत्सुक चेहरे को देखकर मुस्कुरा रहा था, एक आंतरिक प्रणाम ने मुझे दिव्य चरणों में डाल दिया।\n\n> प्रिय मित्रों, क्या आप मेरे घर पर एक बार आने का सम्मान नहीं करेंगे?","type":"default","passage":"ब्रज में दो निर्धन बालक","commentary":"","meaning":""},{"id":"17","title":"11.17","content":"> आप दयालु हैं; लेकिन यह योजना अव्यवहारिक है।\n\nहम पहले से ही आगरा में मेरे भाई के मेहमान हैं।\n\n  \n> कम से कम मुझे अपने साथ वृंदावन घूमने की यादें तो दो।\n\n मैंने खुशी-खुशी सहमति दे दी।\n\nयुवक ने, जिसने अपना नाम प्रताप चटर्जी बताया, एक घोड़ागाड़ी बुलाई।\n\nहमने मदनमोहन मंदिर और अन्य कृष्ण मंदिरों का दौरा किया।\n\nजब हम मंदिर में पूजा कर रहे थे, तब रात हो गई।\n\n> मुझे संदेश लेने दीजिए।\n\n {FN11-6} प्रताप रेलवे स्टेशन के पास एक दुकान में घुस गया।\n\nजीतेंद्र और मैं चौड़ी सड़क पर टहलते रहे, जो \n\nअब तुलनात्मक ठंडक में भीड़ भरी थी।\n\nहमारा मित्र कुछ समय के लिए अनुपस्थित था, लेकिन अंततः बहुत सारी मिठाइयों के उपहार लेकर लौटा।","type":"default","passage":"ब्रज में दो निर्धन बालक","commentary":"","meaning":""},{"id":"18","title":"11.18","content":"“कृपया मुझे यह धार्मिक पुण्य प्राप्त करने की अनुमति दें।\n\n” प्रताप ने विनतीपूर्वक मुस्कुराते हुए रुपए के नोटों का एक बंडल और आगरा के लिए अभी-अभी खरीदे गए दो टिकट आगे बढ़ाए।\n\nमेरी स्वीकृति का सम्मान अदृश्य हाथ के लिए था।\n\nअनंत द्वारा उपहास किए जाने पर, क्या इसकी उदारता आवश्यकता से कहीं अधिक नहीं थी? हमने स्टेशन के पास एक एकांत स्थान खोजा।\n\n“प्रताप, मैं तुम्हें आधुनिक समय के सबसे महान योगी लाहिड़ी महाशय की क्रिया में शिक्षा दूंगा।\n\nउनकी तकनीक तुम्हारी गुरु होगी।\n\n” दीक्षा आधे घंटे में समाप्त हो गई।\n\n“क्रिया तुम्हारी चिंतामणि है, ” मैंने नए शिष्य से कहा।\n\n“यह तकनीक, जो जैसा कि तुम देख रहे हो, सरल है, मनुष्य के आध्यात्मिक विकास को तीव्र करने की कला का प्रतीक है।\n\nहिंदू शास्त्र सिखाते हैं कि अवतार लेने वाले अहंकार को माया से मुक्ति पाने के लिए दस लाख वर्षों की आवश्यकता होती है जिस तरह जगदीश चंद्र बोस ने यह साबित किया है कि पौधों की वृद्धि उसकी सामान्य दर से कहीं ज़्यादा तेज़ हो सकती है, उसी तरह मनुष्य के मनोवैज्ञानिक विकास को भी आंतरिक विज्ञान द्वारा तेज़ किया जा सकता है।\n\nअपने अभ्यास में निष्ठावान बने रहो; तुम सभी गुरुओं के गुरु के पास पहुँच जाओगे।\n\n”","type":"default","passage":"ब्रज में दो निर्धन बालक","commentary":"","meaning":""},{"id":"19","title":"11.19","content":"> मैं इस योगिक कुंजी को पाकर रोमांचित हूँ, जिसकी मुझे लंबे समय से तलाश थी!\n प्रताप ने सोच-समझकर कहा।\n\n> मेरे इन्द्रिय-बंधों पर इसका बंधन-मुक्त प्रभाव मुझे उच्चतर क्षेत्रों के लिए स्वतंत्र कर देगा।\n\nआज भगवान कृष्ण के दर्शन का अर्थ केवल मेरा सर्वोच्च कल्याण ही हो सकता है।\n\n हम कुछ देर मौन समझ में बैठे रहे, फिर धीरे-धीरे स्टेशन की ओर चल पड़े।\n\nट्रेन में चढ़ते समय मेरे भीतर खुशी थी, लेकिन यह दिन जीतेन्द्र के लिए आंसुओं का दिन था।\n\nप्रताप को मेरी स्नेहपूर्ण विदाई मेरे दोनों साथियों की दबी हुई सिसकियों से बाधित थी।\n\nयात्रा ने एक बार फिर जीतेन्द्र को दुःख के दलदल में पाया।\n\nइस बार अपने लिए नहीं, बल्कि अपने खिलाफ।\n\n> मेरा भरोसा कितना उथला है! मेरा दिल पत्थर हो गया है! भविष्य में मैं कभी भी भगवान की सुरक्षा पर संदेह नहीं करूँगा!","type":"default","passage":"ब्रज में दो निर्धन बालक","commentary":"","meaning":""},{"id":"20","title":"11.20","content":"आधी रात करीब आ रही थी।\n\nदो  \n> सिंड्रेला\n, बिना पैसे के, अनंत के बेडरूम में दाखिल हुईं।\n\nजैसा कि उसने वादा किया था, उसके चेहरे पर आश्चर्य की लकीरें थीं।\n\nमैंने चुपचाप मेज पर रुपये बरसाए।\n\n> जितेंद्र, सच!\n अनंत का लहजा मजाकिया था।\n\n> क्या यह नौजवान लूटपाट का नाटक नहीं कर रहा है?\n लेकिन जैसे-जैसे कहानी सामने आ रही थी, मेरा भाई शांत और फिर गंभीर होता जा रहा था।\n\n> मांग और आपूर्ति का नियम जितना मैंने सोचा था, उससे कहीं ज़्यादा सूक्ष्म क्षेत्रों तक पहुँचता है।\n\n अनंत ने पहले कभी न देखी गई आध्यात्मिक उत्साह के साथ बात की।\n\n> मैं पहली बार दुनिया की तिजोरियों और अश्लील संचय के प्रति आपकी उदासीनता को समझ पाया हूँ।","type":"default","passage":"ब्रज में दो निर्धन बालक","commentary":"","meaning":""},{"id":"21","title":"11.21","content":"देर हो चुकी थी, लेकिन मेरे भाई ने आग्रह किया कि वह क्रिया योग में दीक्षा प्राप्त करें।\n\n> गुरु\n मुकुंद को एक ही दिन में दो अनचाहे शिष्यों की जिम्मेदारी उठानी पड़ी।\n\nअगली सुबह का नाश्ता पिछले दिन की अनुपस्थिति में एक सामंजस्य के साथ खाया गया।\n\nमैंने जीतेंद्र की ओर मुस्कुराया।\n\n> आपको ताज से धोखा नहीं मिलेगा।\n\nसेरामपुर के लिए रवाना होने से पहले इसे देख लें।\n\n अनंत को अलविदा कहते हुए, मैं और मेरा दोस्त आगरा की शान, ताजमहल के सामने थे।\n\nधूप में चमकता सफेद संगमरमर, यह शुद्ध समरूपता का एक दृश्य है।\n\nसही सेटिंग गहरे सरू, चमकदार लॉन और शांत लैगून है।\n\nअर्ध-कीमती पत्थरों से जड़े फीते जैसी नक्काशी के साथ आंतरिक भाग उत्तम है।\n\nभूरे और बैंगनी संगमरमर से नाजुक पुष्पमालाएँ और स्क्रॉल जटिल रूप से उभरे हैं।\n\nगुंबद से रोशनी सम्राट शाह-जहाँ और मुमताज महल, उनके राज्य और उनके दिल की रानी की समाधि पर पड़ती है।","type":"default","passage":"ब्रज में दो निर्धन बालक","commentary":"","meaning":""},{"id":"22","title":"11.22","content":"दर्शनीय स्थलों की सैर बहुत हो गई! मैं अपने गुरु के लिए तरस रहा था।\n\nजीतेंद्र और मैं जल्द ही बंगाल की ओर ट्रेन से दक्षिण की ओर यात्रा कर रहे थे।\n\n> मुकुंद, मैंने महीनों से अपने परिवार को नहीं देखा है।\n\nमैंने अपना मन बदल लिया है; शायद बाद में मैं सेरामपुर में आपके गुरु से मिलूंगा।\n\n मेरे मित्र, जिन्हें हल्के से स्वभाव से अस्थिर कहा जा सकता है, मुझे कलकत्ता में छोड़ गए।\n\nलोकल ट्रेन से मैं जल्द ही सेरामपुर पहुँच गया, जो उत्तर में बारह मील दूर था।\n\nआश्चर्य की एक धड़कन मेरे ऊपर छा गई जब मुझे एहसास हुआ कि मेरे गुरु के साथ बनारस की मुलाकात को अट्ठाईस दिन बीत चुके थे।\n\n> आप चार सप्ताह में मेरे पास आएँगे!\n यहाँ मैं शांत रायघाट लेन में उनके प्रांगण में खड़ा था, मेरा दिल धड़क रहा था।\n\nमैंने पहली बार उस आश्रम में प्रवेश किया जहाँ मुझे भारत के ज्ञानावतार,  \n> ज्ञान के अवतार\n के साथ अगले दस वर्षों का सबसे अच्छा हिस्सा बिताना था।","type":"default","passage":"ब्रज में दो निर्धन बालक","commentary":"","meaning":""},{"id":"23","title":"11.23","content":"{FN11-1} अध्याय 25 देखें।\n\n{FN11-2} विश्व प्रसिद्ध समाधि.. {FN11-3} कमर के चारों ओर एक धोती-कपड़ा बंधा हुआ है और पैरों को ढकता है.. {FN11-4} संयुक्त प्रांत के मुत्तरा जिले में वृंदावन, हिंदू यरुशलम है।\n\nयहाँ भगवान कृष्ण ने मानव जाति के लाभ के लिए अपनी महिमा प्रदर्शित की.. {FN11-5} हरि; एक प्यारा नाम जिससे भगवान कृष्ण अपने भक्तों के बीच जाने जाते हैं. {FN11-6} एक भारतीय मिठाई.. {FN11-7} इच्छाओं को पूरा करने की शक्ति वाला एक पौराणिक रत्न. {FN11-8} आध्यात्मिक दीक्षा; संस्कृत मूल दीक्षा से, खुद को समर्पित करना।","type":"default","passage":"ब्रज में दो निर्धन बालक","commentary":"","meaning":""}]}