{"id":13,"title":"जागने वाले संत (राम गोपाल मजूमदार)","description":"जागने वाले संत (राम गोपाल मजूमदार)","sectionCount":20,"tags":null,"contentId":"AoY02","sections":[{"id":"1","title":"13.1","content":"निंद्राहीन संत  \n> कृपया मुझे हिमालय जाने की अनुमति दें।\n\nमैं निरंतर एकांत में निरंतर दिव्य संवाद प्राप्त करने की आशा करता हूँ।\n\n मैंने वास्तव में एक बार अपने गुरु को ये कृतघ्न शब्द कहे थे।\n\nएक अप्रत्याशित भ्रम के कारण, जो कभी-कभी भक्तों पर हावी हो जाता है, मैं आश्रम के कर्तव्यों और कॉलेज की पढ़ाई के प्रति बढ़ती हुई अधीरता महसूस करने लगा।\n\nएक कमज़ोर परिस्थिति यह है कि मेरा प्रस्ताव तब किया गया था जब मैं श्रीयुक्तेश्वर के साथ केवल छह महीने रहा था।\n\nमैंने अभी तक उनके विशाल कद का पूरी तरह से निरीक्षण नहीं किया था।\n\n> कई पहाड़ी लोग हिमालय में रहते हैं, फिर भी उनके पास ईश्वर-बोध नहीं है।\n\n मेरे गुरु का उत्तर धीरे-धीरे और सरलता से आया।\n\n> ज्ञान की तलाश एक निष्क्रिय पहाड़ से करने की तुलना में एक आत्मसाक्षात्कार वाले व्यक्ति से बेहतर है।","type":"default","passage":"जागने वाले संत (राम गोपाल मजूमदार)","commentary":"","meaning":""},{"id":"2","title":"13.2","content":"गुरु के इस स्पष्ट संकेत को नज़रअंदाज़ करते हुए कि वे ही मेरे गुरु हैं, न कि कोई पहाड़, मैंने अपनी दलील दोहराई।\n\nश्रीयुक्तेश्वर ने कोई जवाब नहीं दिया।\n\nमैंने उनकी चुप्पी को सहमति मान लिया, एक अनिश्चित व्याख्या जिसे कोई भी अपनी सुविधानुसार आसानी से स्वीकार कर सकता है।\n\nउस शाम अपने कलकत्ता स्थित घर में, मैं यात्रा की तैयारियों में व्यस्त था।\n\nकंबल के अंदर कुछ सामान बांधते हुए, मुझे एक ऐसा ही बंडल याद आया, जो कुछ साल पहले मेरी अटारी की खिड़की से चुपके से गिरा था।\n\nमुझे आश्चर्य हुआ कि क्या यह हिमालय की ओर एक और दुर्भाग्यपूर्ण उड़ान थी।\n\nपहली बार मेरा आध्यात्मिक उत्साह बहुत अधिक था; आज रात मेरे गुरु को छोड़ने के विचार से अंतरात्मा बहुत ज़ोर से थरथरा रही थी।","type":"default","passage":"जागने वाले संत (राम गोपाल मजूमदार)","commentary":"","meaning":""},{"id":"3","title":"13.3","content":"अगली सुबह मैंने स्कॉटिश चर्च कॉलेज में अपने संस्कृत प्रोफेसर बिहारी पंडित से संपर्क किया।\n\n“सर, आपने मुझे लाहिड़ी महाशय के एक महान शिष्य के साथ अपनी मित्रता के बारे में बताया है।\n\nकृपया मुझे उसका पता बताइए।\n\n” “आपका मतलब राम गोपाल मजूमदार से है।\n\nमैं उन्हें ‘निद्राहीन संत’ कहता हूँ।\n\nवे हमेशा परमानंद की चेतना में जागते रहते हैं।\n\nउनका घर तारकेश्वर के पास रणबाजपुर में है।\n\n” मैंने पंडित को धन्यवाद दिया और तुरंत तारकेश्वर के लिए ट्रेन में सवार हो गया।\n\nमुझे उम्मीद थी कि मैं “निद्राहीन संत” से हिमालय में एकांत ध्यान में खुद को शामिल करने की अनुमति प्राप्त करके अपनी शंकाओं को शांत कर पाऊँगा।\n\nमैंने सुना था कि बिहारी के मित्र को कई वर्षों तक एकांत गुफाओं में क्रिया योग अभ्यास के बाद ज्ञान प्राप्त हुआ था।","type":"default","passage":"जागने वाले संत (राम गोपाल मजूमदार)","commentary":"","meaning":""},{"id":"4","title":"13.4","content":"तारकेश्वर में मैं एक प्रसिद्ध मंदिर के पास गया।\n\nहिंदू इसे उसी तरह से मानते हैं जैसे कैथोलिक फ्रांस में लूर्डेस मंदिर को मानते हैं।\n\nतारकेश्वर में अनगिनत चमत्कार हुए हैं, जिनमें मेरे परिवार के एक सदस्य के लिए एक चमत्कार भी शामिल है।\n\n> मैं एक सप्ताह तक वहाँ मंदिर में बैठी रही,  \n मेरी सबसे बड़ी चाची ने एक बार मुझसे कहा।\n\n> पूरी तरह से उपवास रखते हुए, मैंने आपके चाचा सारदा के जीर्ण रोग से ठीक होने के लिए प्रार्थना की।\n\nसातवें दिन मैंने पाया कि मेरे हाथ में एक जड़ी बूटी प्रकट हुई! मैंने पत्तियों से काढ़ा बनाया और आपके चाचा को दिया।\n\nउनकी बीमारी तुरंत गायब हो गई, और फिर कभी नहीं हुई।\n\n मैंने पवित्र तारकेश्वर मंदिर में प्रवेश किया; वेदी में एक गोल पत्थर के अलावा कुछ भी नहीं है।\n\nइसकी परिधि, अनादि और अनंत, इसे अनंत का सही अर्थ देती है।\n\nब्रह्मांडीय अमूर्तताएँ सबसे विनम्र भारतीय किसान के लिए भी अजनबी नहीं हैं; वास्तव में, पश्चिमी लोगों ने उन पर अमूर्तता पर जीने का आरोप लगाया है!","type":"default","passage":"जागने वाले संत (राम गोपाल मजूमदार)","commentary":"","meaning":""},{"id":"5","title":"13.5","content":"उस समय मेरा मूड इतना कठोर था कि मैं पत्थर के प्रतीक के सामने सिर झुकाने के लिए अनिच्छुक महसूस कर रहा था।\n\nमैंने सोचा, भगवान को केवल आत्मा के भीतर ही खोजा जाना चाहिए।\n\nमैं बिना सिर झुकाए मंदिर से निकल गया और तेजी से रणबाजपुर के बाहरी गांव की ओर चल पड़ा।\n\nएक राहगीर से मार्गदर्शन के लिए मेरी अपील ने उसे लंबे चिंतन में डुबो दिया।\n\n> जब आप एक चौराहे पर आते हैं, तो दाईं ओर मुड़ें और चलते रहें,  \n उसने आखिरकार दैवीय रूप से कहा।\n\nनिर्देशों का पालन करते हुए, मैं एक नहर के किनारे अपना रास्ता बनाता रहा।\n\nअंधेरा छा गया; जंगल के गाँव के बाहरी इलाके में टिमटिमाते जुगनू और पास के सियारों की चीखें गूंज रही थीं।\n\nचाँदनी इतनी फीकी थी कि कोई आश्वासन नहीं दे पा रही थी; मैं दो घंटे तक लड़खड़ाता रहा।","type":"default","passage":"जागने वाले संत (राम गोपाल मजूमदार)","commentary":"","meaning":""},{"id":"6","title":"13.6","content":"स्वागत में गाय की घंटी की आवाज! मेरे बार-बार चिल्लाने से एक किसान मेरे पास आ गया।\n\n“मैं रामगोपाल बाबू को खोज रहा हूँ।\n\n” “हमारे गाँव में ऐसा कोई व्यक्ति नहीं रहता।\n\n” उस आदमी का स्वर रूखा था।\n\n“शायद तुम झूठे जासूस हो।\n\n” उसके राजनीतिक रूप से परेशान मन में संदेह दूर करने की आशा में, मैंने मार्मिक ढंग से अपनी स्थिति बताई।\n\nवह मुझे अपने घर ले गया और बड़े प्यार से स्वागत किया।\n\n“रणबाजपुर यहाँ से बहुत दूर है, ” उसने टिप्पणी की।\n\n“चौराहे पर तुम्हें दाएँ नहीं, बाएँ मुड़ना चाहिए था।\n\n” मुझे दुख के साथ लगा कि मेरा पिछला मुखबिर यात्रियों के लिए एक अलग खतरा था।\n\nमोटे चावल, दाल-दाल और कच्चे केले के साथ आलू की सब्जी का स्वादिष्ट भोजन करने के बाद, मैं आँगन से सटी एक छोटी सी झोपड़ी में चला गया।\n\nदूर से गाँव के लोग मृदंग {FN13-1} और झांझ की तेज़ आवाज़ के साथ गा रहे थे।\n\nउस रात नींद बहुत कम आई; मैंने गुप्त योगी रामगोपाल के पास जाने के लिए बहुत प्रार्थना की।","type":"default","passage":"जागने वाले संत (राम गोपाल मजूमदार)","commentary":"","meaning":""},{"id":"7","title":"13.7","content":"जैसे ही भोर की पहली किरणें मेरे अंधेरे कमरे की दरारों में घुसीं, मैं रनबाजपुर के लिए निकल पड़ा।\n\nऊबड़-खाबड़ धान के खेतों को पार करते हुए, मैं काँटेदार पौधों के दरांतीनुमा ठूंठों और सूखी मिट्टी के टीलों पर चलता रहा।\n\nकभी-कभार मिलने वाला एक किसान हमेशा मुझे बताता कि मेरी मंज़िल “सिर्फ़ एक क्रोशा  \n***(दो मील)***\n” है।\n\nछह घंटों में सूरज क्षितिज से मध्याह्न रेखा तक विजयी यात्रा कर चुका था, लेकिन मुझे लगने लगा था कि मैं रनबाजपुर से कभी एक क्रोशा दूर नहीं रहूँगा।\n\nदोपहर के मध्य में मेरी दुनिया अभी भी एक अंतहीन धान के खेत की तरह थी।\n\nबेखबर आसमान से बरसती गर्मी मुझे लगभग ढहने के कगार पर ला रही थी।\n\nजैसे ही एक आदमी इत्मीनान से आगे बढ़ा, मैंने मुश्किल से अपना सामान्य सवाल पूछा, कहीं ऐसा न हो कि यह नीरस हो जाए: “सिर्फ़ एक क्रोशा।\n\n”","type":"default","passage":"जागने वाले संत (राम गोपाल मजूमदार)","commentary":"","meaning":""},{"id":"8","title":"13.8","content":"अजनबी मेरे पास आकर रुका।\n\nनाटा और दुबला-पतला, वह शारीरिक रूप से प्रभावशाली नहीं था, सिवाय एक असाधारण जोड़ी तीक्ष्ण काली आँखों के।\n\n“मैं रणबाजपुर छोड़ने की योजना बना रहा था, लेकिन तुम्हारा उद्देश्य अच्छा था, \n\nइसलिए मैं तुम्हारा इंतज़ार कर रहा था।\n\n” उसने मेरे हैरान चेहरे पर अपनी उँगली हिलाई।\n\n“क्या तुम यह सोचने में चतुर नहीं हो कि, बिना बताए, तुम मुझ पर झपट सकते हो? उस प्रोफेसर बिहारी को तुम्हें मेरा पता देने का कोई अधिकार नहीं था।\n\n” यह सोचते हुए कि मेरा परिचय इस गुरु की उपस्थिति में मात्र शब्दाडंबर होगा, मैं अपने स्वागत में कुछ हद तक आहत होकर अवाक खड़ा रहा।\n\nउसकी अगली टिप्पणी अचानक कही गई।\n\n“मुझे बताओ; तुम्हें क्या लगता है कि भगवान कहाँ है?”","type":"default","passage":"जागने वाले संत (राम गोपाल मजूमदार)","commentary":"","meaning":""},{"id":"9","title":"13.9","content":"> क्यों, वह मेरे भीतर और हर जगह है।\n\n मैं निस्संदेह उतना ही हैरान था जितना मैं महसूस कर रहा था।\n\n> सर्वव्यापी, है न?\n संत ने ठहाका लगाया।\n\n> तो फिर, युवा महोदय, आप कल तारकेश्वर मंदिर में पत्थर के प्रतीक में अनंत के सामने क्यों नहीं झुके? {FN13-2} आपके अभिमान ने आपको राहगीर द्वारा गलत दिशा में ले जाने की सजा दी, जिसे बाएं और दाएं के सूक्ष्म भेद से कोई फर्क नहीं पड़ता था।\n\nआज भी, आपके पास इसके लिए काफी असहज समय है!\n मैंने पूरे दिल से सहमति व्यक्त की, आश्चर्यचकित था कि मेरे सामने एक साधारण शरीर के भीतर एक सर्वज्ञ आंख छिपी हुई थी।\n\nयोगी से उपचार शक्ति निकली; मैं तपते मैदान में तुरंत तरोताजा हो गया।","type":"default","passage":"जागने वाले संत (राम गोपाल मजूमदार)","commentary":"","meaning":""},{"id":"10","title":"13.10","content":"उन्होंने कहा,  \n> भक्त यह सोचने लगता है कि ईश्वर तक पहुँचने का उसका मार्ग ही एकमात्र मार्ग है।\n\n  \n> योग, जिसके माध्यम से दिव्यता भीतर मिलती है, निस्संदेह सर्वोच्च मार्ग है: ऐसा लाहिड़ी महाशय ने हमें बताया है।\n\nलेकिन भीतर के ईश्वर को खोज लेने के बाद, हम जल्दी ही उसे बाहर देख लेते हैं।\n\nतारकेश्वर और अन्य स्थानों पर पवित्र तीर्थस्थलों को आध्यात्मिक शक्ति के परमाणु केंद्रों के रूप में उचित रूप से सम्मानित किया जाता है।\n\n संत का आलोचनात्मक रवैया गायब हो गया; उनकी आँखें करुणामय रूप से नरम हो गईं।\n\nउन्होंने मेरे कंधे को थपथपाया।\n\n> युवा योगी, मैं देख रहा हूँ कि तुम अपने गुरु से दूर भाग रहे हो।\n\nतुम्हारे लिए जो कुछ भी चाहिए, वह उनके पास है; तुम्हें उनके पास लौटना चाहिए।\n\nपहाड़ तुम्हारे गुरु नहीं हो सकते।\n\n राम गोपाल वही विचार दोहरा रहे थे जो श्री युक्तेश्वर ने हमारी पिछली मुलाकात में व्यक्त किया था।","type":"default","passage":"जागने वाले संत (राम गोपाल मजूमदार)","commentary":"","meaning":""},{"id":"11","title":"13.11","content":"> गुरुओं पर अपने निवास को सीमित करने की कोई लौकिक बाध्यता नहीं है।\n\n मेरे साथी ने मेरी ओर प्रश्नवाचक दृष्टि से देखा।\n\n> भारत और तिब्बत में हिमालय पर संतों का एकाधिकार नहीं है।\n\nजो कुछ भी व्यक्ति अपने भीतर खोजने का प्रयास नहीं करता, वह शरीर को इधर-उधर ले जाने से भी नहीं मिल सकता।\n\nजैसे ही भक्त आध्यात्मिक ज्ञान के लिए पृथ्वी के छोर तक जाने के लिए तैयार होता है, उसके गुरु निकट ही प्रकट हो जाते हैं।\n\n मैंने मन ही मन सहमति व्यक्त की, बनारस के आश्रम में अपनी प्रार्थना को याद करते हुए, उसके बाद भीड़ भरी गली में श्रीयुक्तेश्वर से मुलाकात।\n\n> क्या आप एक छोटा सा कमरा ले सकते हैं, जहाँ आप दरवाजा बंद करके अकेले रह सकें?","type":"default","passage":"जागने वाले संत (राम गोपाल मजूमदार)","commentary":"","meaning":""},{"id":"12","title":"13.12","content":"> हाँ।\n\n मैंने सोचा कि यह संत सामान्य से विशेष की ओर विचलित करने वाली गति से उतरा है।\n\n> वह आपकी गुफा है।\n\n योगी ने मुझे एक ऐसी रोशनी भरी नज़र दी जिसे मैं कभी नहीं भूल पाया।\n\n> वह आपका पवित्र पर्वत है।\n\nयहीं आपको ईश्वर का साम्राज्य मिलेगा।\n\n उनके सरल शब्दों ने हिमालय के प्रति मेरे आजीवन जुनून को तुरंत खत्म कर दिया।\n\nजलते हुए धान के खेत में मैं अनंत हिमपात के विशाल सपनों से जाग उठा।\n\n> युवा महोदय, आपकी दिव्य प्यास प्रशंसनीय है।\n\nमुझे आपसे बहुत प्यार है।\n\n राम गोपाल ने मेरा हाथ थामा और मुझे एक विचित्र बस्ती में ले गए।\n\nमिट्टी के घर नारियल के पत्तों से ढके हुए थे और देहाती प्रवेश द्वारों से सजे हुए थे।","type":"default","passage":"जागने वाले संत (राम गोपाल मजूमदार)","commentary":"","meaning":""},{"id":"13","title":"13.13","content":"संत ने मुझे अपनी छोटी सी कुटिया के छत्रछायादार बांस के चबूतरे पर बैठाया।\n\nमुझे मीठा नींबू का रस और एक टुकड़ा रॉक कैंडी देने के बाद, वे अपने आँगन में आए और कमल की मुद्रा में बैठ गए।\n\nलगभग चार घंटे बाद मैंने अपनी ध्यानमग्न आँखें खोलीं और देखा कि योगी की चाँदनी में चमकती हुई आकृति अभी भी स्थिर थी।\n\nजब मैं अपने पेट को सख्ती से याद दिला रहा था कि मनुष्य केवल रोटी से नहीं जीता, तो राम गोपाल मेरे पास आए।\n\n> मैं देख रहा हूँ कि तुम भूखे हो; भोजन जल्दी ही तैयार हो जाएगा।\n\n आँगन में मिट्टी के चूल्हे के नीचे आग जलाई गई; चावल और दाल को बड़े केले के पत्तों पर जल्दी से परोसा गया।\n\nमेरे मेजबान ने खाना पकाने के सभी कामों में मेरी मदद करने से विनम्रतापूर्वक मना कर दिया।\n\n> अतिथि भगवान है,  \n एक हिंदू कहावत है, जिसका अनादि काल से भक्तिपूर्वक पालन करने का आदेश दिया गया है।\n\nअपने बाद के विश्व भ्रमणों में, मैं यह देखकर मंत्रमुग्ध हो गया कि कई देशों के ग्रामीण इलाकों में भी आगंतुकों के लिए ऐसा ही सम्मान प्रकट होता है।\n\nशहर में रहने वाले लोगों को अजनबी चेहरों की अधिकता से आतिथ्य की तीक्ष्णता फीकी लगती है।","type":"default","passage":"जागने वाले संत (राम गोपाल मजूमदार)","commentary":"","meaning":""},{"id":"14","title":"13.14","content":"जब मैं छोटे से जंगल के गांव के एकांत में योगी के पास बैठा था, तो लोगों का बाजार दूर से ही धुंधला लग रहा था।\n\nझोपड़ी का कमरा एक मधुर प्रकाश के साथ रहस्यमय था।\n\nराम गोपाल ने मेरे बिस्तर के लिए फर्श पर कुछ फटे हुए कंबल बिछाए, और खुद एक पुआल की चटाई पर बैठ गए।\n\nउनके आध्यात्मिक आकर्षण से अभिभूत होकर, मैंने एक अनुरोध किया।\n\n> श्रीमान, आप मुझे समाधि क्यों नहीं देते?\n  \n> प्रिय, मुझे दिव्य संपर्क प्रदान करने में खुशी होगी, लेकिन ऐसा करने का यह मेरा स्थान नहीं है।\n\n संत ने आधी बंद आँखों से मेरी ओर देखा।\n\n\"तुम्हारा गुरु जल्द ही वह अनुभव प्रदान करेगा।\n\nतुम्हारा शरीर अभी तक तैयार नहीं हुआ है।\n\nजैसे एक छोटा सा दीपक अत्यधिक विद्युत वोल्टेज का सामना नहीं कर सकता, वैसे ही तुम्हारी नसें ब्रह्मांडीय धारा के लिए तैयार नहीं हैं।\n\nअगर मैं तुम्हें अभी अनंत परमानंद दे दूँ, तो तुम ऐसे जलोगे जैसे हर कोशिका में आग लगी हो।","type":"default","passage":"जागने वाले संत (राम गोपाल मजूमदार)","commentary":"","meaning":""},{"id":"15","title":"13.15","content":"> आप मुझसे ज्ञान की मांग कर रहे हैं,  \n योगी ने मन ही मन कहा,  \n> जबकि मैं सोच रहा हूँ - मैं कितना भी छोटा क्यों न हो, और मैंने जो थोड़ा ध्यान किया है - क्या मैं भगवान को प्रसन्न करने में सफल हुआ हूँ, और अंतिम निर्णय पर उनकी नज़र में मैं क्या मूल्य पा सकता हूँ।\n\n  \n> सर, क्या आप लंबे समय से एकनिष्ठ भाव से भगवान की खोज नहीं कर रहे हैं?\n \"मैंने ज़्यादा कुछ नहीं किया है।\n\nबिहारी ने आपको मेरे जीवन के बारे में ज़रूर कुछ बताया होगा।\n\nबीस साल तक मैंने एक गुप्त गुफा में रहकर प्रतिदिन अठारह घंटे ध्यान किया।\n\nफिर मैं एक और दुर्गम गुफा में चला गया और वहाँ पच्चीस साल तक रहा, प्रतिदिन बीस घंटे योग-संघ में प्रवेश किया।\n\nमुझे नींद की ज़रूरत नहीं थी, क्योंकि मैं हमेशा भगवान के साथ था।\n\nमेरा शरीर सामान्य अवचेतन अवस्था की आंशिक शांति की तुलना में अतिचेतन की पूर्ण शांति में अधिक आराम कर रहा था।","type":"default","passage":"जागने वाले संत (राम गोपाल मजूमदार)","commentary":"","meaning":""},{"id":"16","title":"13.16","content":"> नींद के दौरान मांसपेशियां शिथिल हो जाती हैं, लेकिन हृदय, फेफड़े और रक्त संचार प्रणाली लगातार काम करते रहते हैं; उन्हें आराम नहीं मिलता।\n\nअतिचेतन अवस्था में, आंतरिक अंग ब्रह्मांडीय ऊर्जा द्वारा विद्युतीकृत, निलम्बित अवस्था में रहते हैं।\n\nइस तरह से मैंने वर्षों से सोना अनावश्यक पाया है।\n\nवह समय आएगा जब आप भी नींद से छुटकारा पा लेंगे।\n\n  \n> हे भगवान, आपने इतने लंबे समय तक ध्यान किया है और फिर भी भगवान की कृपा के बारे में अनिश्चित हैं!\n मैंने आश्चर्य से उनकी ओर देखा।\n\n> तो हम बेचारे मनुष्यों का क्या होगा?\n  \n> अच्छा, क्या तुम नहीं देखते, मेरे प्यारे बच्चे, कि ईश्वर स्वयं अनंत काल है? यह मान लेना कि कोई पैंतालीस साल के ध्यान से उसे पूरी तरह से जान सकता है, बल्कि एक बेतुकी उम्मीद है।\n\nहालाँकि, बाबाजी हमें आश्वस्त करते हैं कि थोड़ा सा ध्यान भी व्यक्ति को मृत्यु और मृत्यु के बाद की स्थितियों के भयानक भय से बचाता है।\n\nअपने आध्यात्मिक आदर्श को किसी छोटे पहाड़ पर स्थिर न करें, बल्कि उसे बिना किसी योग्यता के दिव्य प्राप्ति के तारे से जोड़ दें।\n\nयदि आप कड़ी मेहनत करते हैं, तो आप वहाँ पहुँच जाएँगे।","type":"default","passage":"जागने वाले संत (राम गोपाल मजूमदार)","commentary":"","meaning":""},{"id":"17","title":"13.17","content":"इस संभावना से रोमांचित होकर मैंने उनसे और अधिक ज्ञानवर्धक बातें करने को कहा।\n\nउन्होंने लाहिड़ी महाशय के गुरु, बाबाजी से अपनी पहली मुलाकात की एक अद्भुत कहानी सुनाई।\n\n{FN13-3} आधी रात के आसपास राम गोपाल चुप हो गए, और मैं अपने कंबल पर लेट गया।\n\nअपनी आँखें बंद करते ही मैंने बिजली की चमक देखी; मेरे भीतर का विशाल स्थान पिघली हुई रोशनी का एक कक्ष था।\n\nमैंने अपनी आँखें खोलीं और वही चमकदार चमक देखी।\n\nकमरा उस अनंत तिजोरी का एक हिस्सा बन गया जिसे मैं आंतरिक दृष्टि से देख रहा था।\n\n> आप सो क्यों नहीं जाते?\n  \n> सर, मैं बिजली की उपस्थिति में कैसे सो सकता हूँ, चाहे मेरी आँखें बंद हों या खुली?","type":"default","passage":"जागने वाले संत (राम गोपाल मजूमदार)","commentary":"","meaning":""},{"id":"18","title":"13.18","content":"> तुम सौभाग्यशाली हो कि तुम्हें यह अनुभव प्राप्त हुआ; आध्यात्मिक विकिरण आसानी से दिखाई नहीं देते।\n\n संत ने स्नेह के कुछ शब्द कहे।\n\nभोर में राम गोपाल ने मुझे पत्थर की कैंडी दी और कहा कि मुझे विदा लेना चाहिए।\n\nमुझे उन्हें विदा करने में इतनी अनिच्छा महसूस हुई कि मेरे गालों पर आँसू बहने लगे।\n\n> मैं तुम्हें खाली हाथ नहीं जाने दूँगा।\n\n योगी ने कोमलता से कहा।\n\n> मैं तुम्हारे लिए कुछ करूँगा।\n\n वह मुस्कुराया और मेरी ओर स्थिर दृष्टि से देखा।\n\nमैं जमीन पर जड़वत खड़ा रहा, मेरी आँखों के द्वारों से शांति एक प्रचंड बाढ़ की तरह बह रही थी।\n\nमेरी पीठ का दर्द तुरंत ठीक हो गया, जो मुझे वर्षों से बीच-बीच में परेशान कर रहा था।\n\nतरोताजा होकर, प्रकाशमय आनंद के सागर में नहाकर, मैं फिर नहीं रोया।\n\nसंत के पैर छूने के बाद, मैं जंगल में चला गया, उष्णकटिबंधीय उलझनों से अपना रास्ता बनाते हुए जब तक मैं तारकेश्वर नहीं पहुँच गया।","type":"default","passage":"जागने वाले संत (राम गोपाल मजूमदार)","commentary":"","meaning":""},{"id":"19","title":"13.19","content":"वहाँ मैंने प्रसिद्ध तीर्थस्थल की दूसरी तीर्थयात्रा की, और वेदी के सामने पूरी तरह से नतमस्तक हो गया।\n\nगोल पत्थर मेरी आंतरिक दृष्टि के सामने तब तक बड़ा होता गया जब तक कि वह ब्रह्मांडीय गोले नहीं बन गया, छल्ले के भीतर छल्ले, क्षेत्र के बाद क्षेत्र, सभी दिव्यता से भरे हुए।\n\nमैं एक घंटे बाद खुशी-खुशी कलकत्ता के लिए ट्रेन में सवार हुआ।\n\nमेरी यात्रा ऊँचे पहाड़ों पर नहीं, बल्कि मेरे गुरु की हिमालयी उपस्थिति में समाप्त हुई।\n\n{FN13-1} हाथ से बजाए जाने वाले ड्रम, जिनका उपयोग केवल भक्ति संगीत के लिए किया जाता है।\n\n{FN13-2} यहाँ दोस्तोवस्की की टिप्पणी याद आती है:  \n> जो व्यक्ति किसी के आगे नहीं झुकता, वह कभी भी अपना बोझ नहीं उठा सकता।\n\n {FN13-3} अध्याय 35 देखें।","type":"default","passage":"जागने वाले संत (राम गोपाल मजूमदार)","commentary":"","meaning":""},{"id":"20","title":"13.20","content":"","type":"default","passage":"जागने वाले संत (राम गोपाल मजूमदार)","commentary":"","meaning":""}]}