{"id":14,"title":"ब्रह्मांडीय चेतना का अनुभव","description":"ब्रह्मांडीय चेतना का अनुभव","sectionCount":18,"tags":null,"contentId":"AoY02","sections":[{"id":"1","title":"14.1","content":"ब्रह्मांडीय चेतना का एक अनुभव  \n> मैं यहाँ हूँ, गुरुजी।\n\n मेरी शर्मिंदगी ने मेरे लिए और भी स्पष्ट रूप से कहा।\n\n> चलो रसोई में चलते हैं और कुछ खाने के लिए ढूँढ़ते हैं।\n\n श्रीयुक्तेश्वर का व्यवहार इतना स्वाभाविक था मानो हमारे बीच दिनों का नहीं बल्कि घंटों का अंतर हो।\n\n> गुरुजी, मैं यहाँ अपने कर्तव्यों से अचानक विदा होकर आपको निराश कर सकता हूँ; मुझे लगा कि आप मुझसे नाराज़ हो सकते हैं।\n\n  \n> नहीं, बिल्कुल नहीं! क्रोध केवल विफल इच्छाओं से ही उत्पन्न होता है।\n\nमैं दूसरों से कुछ भी अपेक्षा नहीं करता, \n\nइसलिए उनके कार्य मेरी इच्छाओं के विपरीत नहीं हो सकते।\n\nमैं आपको अपने स्वार्थ के लिए इस्तेमाल नहीं करूँगा; मैं केवल आपकी सच्ची खुशी में ही खुश हूँ।","type":"default","passage":"ब्रह्मांडीय चेतना का अनुभव","commentary":"","meaning":""},{"id":"2","title":"14.2","content":"> सर, ईश्वरीय प्रेम के बारे में हम अस्पष्ट रूप से सुनते हैं, लेकिन पहली बार मैं आपके दिव्य व्यक्तित्व में इसका ठोस उदाहरण देख रहा हूँ! दुनिया में, एक पिता भी अपने बेटे को आसानी से माफ़ नहीं करता अगर वह बिना किसी चेतावनी के अपने माता-पिता के व्यवसाय को छोड़ देता है।\n\nलेकिन आप ज़रा भी नाराज़गी नहीं दिखाते, हालाँकि मैंने जो कई अधूरे काम छोड़े हैं, उनके कारण आपको बहुत असुविधा हुई होगी।\n\n हमने एक-दूसरे की आँखों में देखा, जहाँ आँसू चमक रहे थे।\n\nएक आनंदमय लहर ने मुझे घेर लिया; मैं सचेत था कि मेरे गुरु के रूप में भगवान मेरे दिल की छोटी-छोटी उमंगों को ब्रह्मांडीय प्रेम की असंपीड़ित पहुँच में विस्तारित कर रहे थे।","type":"default","passage":"ब्रह्मांडीय चेतना का अनुभव","commentary":"","meaning":""},{"id":"3","title":"14.3","content":"कुछ सुबह के बाद मैं गुरु के खाली बैठक कक्ष में गया।\n\nमैंने ध्यान करने की योजना बनाई, लेकिन मेरे प्रशंसनीय उद्देश्य को अवज्ञाकारी विचारों ने साझा नहीं किया।\n\nवे शिकारी के सामने पक्षियों की तरह बिखर गए।\n\n“मुकुंद!” दूर की भीतरी बालकनी से श्रीयुक्तेश्वर की आवाज़ सुनाई दी।\n\nमुझे अपने विचारों की तरह ही विद्रोही महसूस हुआ।\n\n“गुरु हमेशा मुझे ध्यान करने के लिए कहते हैं, ” मैंने खुद से कहा।\n\n“जब उन्हें पता है कि मैं उनके कमरे में क्यों आया हूँ, तो उन्हें मुझे परेशान नहीं करना चाहिए।\n\n” उन्होंने मुझे फिर से बुलाया; मैं हठपूर्वक चुप रहा।\n\nतीसरी बार उनके स्वर में फटकार थी।\n\n“सर, मैं ध्यान कर रहा हूँ, ” मैंने विरोध करते हुए चिल्लाया।\n\n“मुझे पता है कि तुम कैसे ध्यान कर रहे हो, ” मेरे गुरु ने पुकारा, “तुम्हारा मन तूफान में पत्तियों की तरह बिखरा हुआ है! यहाँ मेरे पास आओ।\n\n”","type":"default","passage":"ब्रह्मांडीय चेतना का अनुभव","commentary":"","meaning":""},{"id":"4","title":"14.4","content":"तिरस्कृत और बेपर्दा होकर, मैं उदास होकर उनके पास पहुँचा।\n\n“बेचारा लड़का, पहाड़ भी वह नहीं दे सकते जो तुम चाहते थे।\n\n” गुरु ने दुलार से, सांत्वना देते हुए कहा।\n\nउनकी शांत दृष्टि अथाह थी।\n\n“तुम्हारी हृदय की इच्छा पूरी होगी।\n\n” श्रीयुक्तेश्वर शायद ही कभी पहेलियों में लिप्त होते थे; मैं हतप्रभ था।\n\nउन्होंने हृदय के ऊपर मेरी छाती पर धीरे से प्रहार किया।\n\nमेरा शरीर अविचलित रूप से जड़ हो गया; मेरे फेफड़ों से सांस बाहर निकल रही थी जैसे कि कोई बहुत बड़ा चुंबक हो।\n\nआत्मा और मन ने तुरंत अपने भौतिक बंधन खो दिए, और मेरे हर छिद्र से प्रकाश को भेदते हुए तरल पदार्थ की तरह बाहर निकल गए।\n\nमांस मानो मर गया था, फिर भी अपनी गहन जागरूकता में मैं जानता था कि मैं पहले कभी पूरी तरह से जीवित नहीं था।\n\nमेरी पहचान की भावना \n\nअब शरीर तक सीमित नहीं थी, बल्कि चारों ओर के परमाणुओं को गले लगा रही थी।\n\nदूर की सड़कों पर लोग मेरी अपनी दूरस्थ परिधि पर धीरे-धीरे चलते हुए प्रतीत होते थे।\n\nपौधों और पेड़ों की जड़ें मिट्टी की धुंधली पारदर्शिता के माध्यम से दिखाई देती थीं; मैंने उनके रस के भीतरी प्रवाह को पहचाना।","type":"default","passage":"ब्रह्मांडीय चेतना का अनुभव","commentary":"","meaning":""},{"id":"5","title":"14.5","content":"पूरा इलाका मेरे सामने खुला हुआ था।\n\nमेरी साधारण सामने की दृष्टि \n\nअब एक विशाल गोलाकार दृष्टि में बदल गई थी, जो एक साथ सर्वज्ञ थी।\n\nअपने सिर के पीछे से मैंने रायघाट रोड पर दूर तक टहलते हुए लोगों को देखा, और एक सफ़ेद गाय को भी देखा जो इत्मीनान से आ रही थी।\n\nजब वह खुले आश्रम के गेट के सामने की जगह पर पहुँची, तो मैंने उसे अपनी दो भौतिक आँखों से देखा।\n\nजब वह ईंट की दीवार के पीछे से गुज़री, तो मैंने उसे स्पष्ट रूप से स्थिर देखा।\n\nमेरी पैनोरमिक नज़र के भीतर सभी वस्तुएँ तेज़ी से चलती तस्वीरों की तरह काँप उठीं और कंपन करने लगीं।\n\nमेरा शरीर, मास्टर का शरीर, खंभों वाला आंगन, फ़र्नीचर और फ़र्श, पेड़ और धूप, कभी-कभी हिंसक रूप से उत्तेजित हो जाते थे, जब तक कि सब एक चमकदार समुद्र में पिघल नहीं जाते; जैसे कि चीनी के क्रिस्टल, पानी के गिलास में फेंके जाने पर, हिलाए जाने पर घुल जाते हैं।\n\nएकीकृत प्रकाश रूप के भौतिकीकरण के साथ बारी-बारी से बदल रहा था, कायापलट ने सृष्टि में कारण और प्रभाव के नियम को प्रकट किया।","type":"default","passage":"ब्रह्मांडीय चेतना का अनुभव","commentary":"","meaning":""},{"id":"6","title":"14.6","content":"मेरी आत्मा के शांत अंतहीन तटों पर एक महासागरीय आनंद टूट पड़ा।\n\nमुझे एहसास हुआ कि ईश्वर की आत्मा अनंत आनंद है; उसका शरीर प्रकाश के अनगिनत ऊतक हैं।\n\nमेरे भीतर एक प्रफुल्लित करने वाली महिमा ने शहरों, महाद्वीपों, पृथ्वी, सौर और तारकीय प्रणालियों, पतले नेबुला और तैरते ब्रह्मांडों को घेरना शुरू कर दिया।\n\nपूरा ब्रह्मांड, धीरे-धीरे चमक रहा था, रात में दूर से दिखने वाले शहर की तरह, मेरे अस्तित्व की अनंतता के भीतर चमक रहा था।\n\nतेजी से उकेरी गई वैश्विक रूपरेखाएँ सबसे दूर के किनारों पर कुछ हद तक फीकी पड़ गईं; वहाँ मैं एक मधुर चमक देख सकता था, कभी कम नहीं हुई।\n\nयह अवर्णनीय रूप से सूक्ष्म था; ग्रहों की तस्वीरें एक स्थूल प्रकाश से बनी थीं।","type":"default","passage":"ब्रह्मांडीय चेतना का अनुभव","commentary":"","meaning":""},{"id":"7","title":"14.7","content":"एक शाश्वत स्रोत से किरणों का दिव्य फैलाव, आकाशगंगाओं में धधकते हुए, अकथनीय आभा से रूपांतरित हुआ।\n\nबार-बार मैंने सृजनात्मक किरणों को नक्षत्रों में संघनित होते देखा, फिर पारदर्शी ज्वाला की चादरों में विलीन होते देखा।\n\nलयबद्ध प्रतिवर्तन द्वारा, 600 मिलियन दुनियाएँ पारदर्शी चमक में बदल गईं; अग्नि आकाश बन गई।\n\nमैंने अपने हृदय में सहज बोध के बिंदु के रूप में स्वर्ग के केंद्र को पहचाना।\n\nमेरे नाभिक से निकलने वाला चमकीला वैभव सार्वभौमिक संरचना के हर हिस्से में फैल गया।\n\nआनंदमय अमृत, अमरता का अमृत, मेरे भीतर एक तेज चांदी जैसी तरलता के साथ प्रवाहित हुआ।\n\nमैंने ईश्वर की सृजनात्मक आवाज़ को ओम के रूप में गूंजते हुए सुना, {FN14-1} ब्रह्मांडीय मोटर का कंपन।","type":"default","passage":"ब्रह्मांडीय चेतना का अनुभव","commentary":"","meaning":""},{"id":"8","title":"14.8","content":"अचानक मेरी साँसें मेरे फेफड़ों में वापस आ गईं।\n\nलगभग असहनीय निराशा के साथ, मुझे एहसास हुआ कि मेरी असीम विशालता खो गई थी।\n\nएक बार फिर मैं शरीर के अपमानजनक पिंजरे तक सीमित हो गया था, जो आत्मा के लिए आसानी से अनुकूल नहीं था।\n\nएक भटके हुए बच्चे की तरह, मैं अपने स्थूल ब्रह्मांडीय घर से भाग गया था और खुद को एक संकीर्ण सूक्ष्म जगत में कैद कर लिया था।\n\nमेरे गुरु मेरे सामने निश्चल खड़े थे; मैं ब्रह्मांडीय चेतना के अनुभव के लिए कृतज्ञता में उनके पवित्र चरणों में गिरने लगा, जिसे मैं लंबे समय से जुनून के साथ खोज रहा था।\n\nउन्होंने मुझे सीधा किया, और शांत, सरलता से बोले।\n\n> तुम्हें परमानंद में बहुत अधिक नशे में नहीं होना चाहिए।\n\nदुनिया में तुम्हारे लिए अभी बहुत काम बाकी है।\n\nआओ; हम बालकनी का फर्श साफ करें; फिर हम गंगा किनारे चलेंगे।","type":"default","passage":"ब्रह्मांडीय चेतना का अनुभव","commentary":"","meaning":""},{"id":"9","title":"14.9","content":"मैंने झाड़ू उठाई; मुझे पता था कि गुरु मुझे संतुलित जीवन जीने का रहस्य सिखा रहे थे।\n\nआत्मा को ब्रह्मांडीय रसातल पर फैलना चाहिए, जबकि शरीर अपने दैनिक कर्तव्यों का पालन करता है।\n\nजब हम बाद में टहलने के लिए निकले, तब भी मैं अकथनीय आनंद में डूबा हुआ था।\n\nमैंने अपने शरीर को दो सूक्ष्म चित्रों के रूप में देखा, जो नदी के किनारे एक सड़क पर चल रहे थे जिसका सार शुद्ध प्रकाश था।\n\n> यह ईश्वर की आत्मा है जो ब्रह्मांड में हर रूप और शक्ति को सक्रिय रूप से बनाए रखती है; फिर भी वह कंपन घटनाओं की दुनिया से परे आनंदमय अनिर्मित शून्य में पारलौकिक और अलग है,  \n {FN14-2} गुरु ने समझाया।\n\n\"जो संत शरीर में रहते हुए भी अपनी दिव्यता का एहसास करते हैं, वे एक समान दोहरे अस्तित्व को जानते हैं।\n\nसांसारिक कार्यों में ईमानदारी से लगे हुए, वे फिर भी एक आंतरिक आनंद में डूबे रहते हैं।\n\nभगवान ने सभी मनुष्यों को अपने अस्तित्व के असीम आनंद से बनाया है।\n\nयद्यपि वे शरीर द्वारा कष्टदायी रूप से जकड़े हुए हैं, फिर भी परमेश्वर को उम्मीद है कि उसकी छवि में बनी आत्माएं अंततः सभी इंद्रिय पहचानों से ऊपर उठेंगी और उसके साथ फिर से मिल जाएंगी।\n\n”","type":"default","passage":"ब्रह्मांडीय चेतना का अनुभव","commentary":"","meaning":""},{"id":"10","title":"14.10","content":"ब्रह्मांडीय दर्शन ने कई स्थायी सबक छोड़े हैं।\n\nप्रतिदिन अपने विचारों को शांत करके, मैं इस भ्रामक विश्वास से मुक्ति पा सकता था कि मेरा शरीर मांस और हड्डियों का एक ढेर है, जो पदार्थ की कठोर मिट्टी पर चल रहा है।\n\nमैंने देखा कि सांस और बेचैन मन तूफान की तरह थे जो प्रकाश के सागर को भौतिक रूपों-पृथ्वी, आकाश, मनुष्य, पशु, पक्षी, वृक्षों की लहरों में बदल देते थे।\n\nउन तूफानों को शांत किए बिना अनंत को एक प्रकाश के रूप में नहीं देखा जा सकता था।\n\nजितनी बार मैंने दो प्राकृतिक उथल-पुथल को शांत किया, मैंने देखा कि सृष्टि की असंख्य लहरें एक चमकदार समुद्र में विलीन हो जाती हैं, ठीक वैसे ही जैसे समुद्र की लहरें, अपने तूफानों को कम करके, शांतिपूर्वक एकता में विलीन हो जाती हैं।","type":"default","passage":"ब्रह्मांडीय चेतना का अनुभव","commentary":"","meaning":""},{"id":"11","title":"14.11","content":"गुरु तब ब्रह्मांडीय चेतना का दिव्य अनुभव प्रदान करते हैं जब उनका शिष्य ध्यान के माध्यम से अपने मन को इस हद तक मजबूत कर लेता है कि विशाल दृश्य उसे अभिभूत नहीं कर पाते।\n\nयह अनुभव कभी भी किसी की बौद्धिक इच्छा या खुले दिमाग से नहीं दिया जा सकता।\n\nकेवल योग अभ्यास और भक्ति द्वारा पर्याप्त विस्तार ही मन को सर्वव्यापकता के मुक्तिदायी आघात को अवशोषित करने के लिए तैयार कर सकता है।\n\nयह सच्चे भक्त के लिए स्वाभाविक रूप से अनिवार्य है।\n\nउसकी तीव्र लालसा एक अप्रतिरोध्य बल के साथ भगवान को खींचने लगती है।\n\nभगवान, ब्रह्मांडीय दृष्टि के रूप में, साधक की चुंबकीय उत्कंठा द्वारा उसकी चेतना की सीमा में खींचे जाते हैं।","type":"default","passage":"ब्रह्मांडीय चेतना का अनुभव","commentary":"","meaning":""},{"id":"12","title":"14.12","content":"अपने जीवन के अंतिम वर्षों में मैंने निम्नलिखित कविता लिखी,  \n> समाधि\n, जिसमें मैंने इसके ब्रह्मांडीय अवस्था की महिमा को व्यक्त करने का प्रयास किया: प्रकाश और छाया के पर्दे हट गए, दुख की हर भाप उठ गई, क्षणभंगुर आनंद की सभी सुबहें दूर हो गईं, धुंधली संवेदी मृगतृष्णा चली गई।\n\nप्रेम, घृणा, स्वास्थ्य, रोग, जीवन, मृत्यु, द्वैत के पर्दे पर ये झूठी छायाएं नष्ट हो गईं।\n\nहंसी की लहरें, व्यंग्य की शैलियाँ, उदासी के भँवर, आनंद के विशाल सागर में पिघल रहे हैं।\n\nमाया का तूफान गहन अंतर्ज्ञान की जादुई छड़ी से शांत हो गया।\n\nब्रह्मांड, भूला हुआ सपना, अवचेतन रूप से दुबका हुआ है, मेरी नई-जागृत दिव्य स्मृति पर आक्रमण करने के लिए तैयार है।\n\nमैं ब्रह्मांडीय छाया के बिना रहता हूँ, लेकिन यह मुझसे रहित नहीं है; जैसे समुद्र लहरों के बिना मौजूद है, लेकिन वे समुद्र के बिना सांस नहीं लेते।\n\nसपने, जागरण, गहरी तुरिया नींद की अवस्थाएँ ग्रह, तारे, तारा-धूल, पृथ्वी, प्रलय के प्रलय के ज्वालामुखी विस्फोट, सृष्टि की ढलाई की भट्ठी, मूक एक्स-रे के ग्लेशियर, जलते हुए इलेक्ट्रॉन की बाढ़, सभी मनुष्यों के विचार, अतीत, वर्तमान, भविष्य, घास का हर तिनका, मैं, मानव जाति, सार्वभौमिक धूल का प्रत्येक कण, क्रोध, लालच, अच्छा, बुरा, मोक्ष, वासना, मैंने निगल लिया, सबको अपने ही अस्तित्व के रक्त के विशाल महासागर में बदल दिया! सुलगता हुआ आनंद, अक्सर ध्यान से फूला हुआ मेरी अश्रुपूर्ण आँखों को अंधा कर रहा है, आनंद की अमर लपटों में फट गया, मेरे आँसू, मेरा शरीर, मेरा सब कुछ भस्म कर दिया।\n\nतुम ही मैं हूँ, मैं तुम हूँ, जानने वाला, जानने वाला, ज्ञात, एक के रूप में! शांत, अखंड रोमांच, अचेतन अवस्था या स्वैच्छिक वापसी के बिना मानसिक क्लोरोफॉर्म नहीं, समाधि बल्कि मेरे चेतन क्षेत्र को नश्वर शरीर की सीमाओं से परे अनंत काल की सबसे दूर की सीमा तक विस्तारित करती है जहाँ मैं, ब्रह्मांडीय सागर, अपने अंदर तैरते हुए छोटे अहंकार को देखता हूँ।\n\nगौरैया, रेत का प्रत्येक कण, मेरी दृष्टि के बिना नहीं गिरता।\n\nसारा अंतरिक्ष मेरे मानसिक सागर में एक हिमखंड की तरह तैरता है।\n\nमैं, सभी चीजों का विशाल कंटेनर।\n\nगहरे, लंबे, प्यासे, गुरु-प्रदत्त ध्यान से यह दिव्य समाधि आती है।\n\nपरमाणुओं की गतिशील बड़बड़ाहट सुनाई देती है, अंधेरी धरती, पहाड़, घाटियाँ, देखो! पिघला हुआ तरल! बहते समुद्र नीहारिकाओं के वाष्प में बदल जाते हैं! ओम वाष्प पर फूँकता है, आश्चर्यजनक रूप से उनके पर्दे खोल देता है मन का सागर, मैं सृष्टि की सारी लहरों को पीता हूँ।\n\nठोस, तरल, वाष्प, प्रकाश के चार आवरण, ठीक से उठते हैं।\n\nमैं, हर चीज में, महान स्वयं में प्रवेश करता हूँ।\n\nहमेशा के लिए चला गया, नश्वर स्मृति की अस्थिर, टिमटिमाती छायाएँ।\n\nमेरा मानसिक आकाश बेदाग है, नीचे, आगे और ऊपर।\n\nअनंत काल और मैं, एक संयुक्त किरण।\n\nहंसी का एक छोटा सा बुलबुला, मैं खुद ही उल्लास का सागर बन गया हूँ।","type":"default","passage":"ब्रह्मांडीय चेतना का अनुभव","commentary":"","meaning":""},{"id":"13","title":"14.13","content":"श्रीयुक्तेश्वर ने मुझे सिखाया कि कैसे अपनी इच्छा से धन्य अनुभव को बुलाया जाए, और यह भी कि कैसे दूसरों तक इसे पहुँचाया जाए, यदि उनके सहज ज्ञान के चैनल विकसित हों।\n\nमहीनों तक मैं परमानंद में डूबा रहा, यह समझते हुए कि उपनिषदों में क्यों कहा गया है कि ईश्वर रस है,  \n> सबसे अधिक आनंदित।\n\n हालाँकि, एक दिन, मैंने गुरु के पास एक समस्या रखी।\n\n> मैं जानना चाहता हूँ, सर- मुझे ईश्वर कब मिलेगा?\n  \n> आपने उन्हें पा लिया है।\n\n  \n> नहीं, सर, मुझे ऐसा नहीं लगता!\n मेरे गुरु मुस्कुरा रहे थे।\n\n\"मुझे यकीन है कि आप ब्रह्मांड के किसी एंटीसेप्टिक कोने में सिंहासन को सुशोभित करने वाले किसी आदरणीय व्यक्ति की अपेक्षा नहीं कर रहे हैं! हालाँकि, मैं देख रहा हूँ कि आप कल्पना कर रहे हैं कि चमत्कारी शक्तियों का होना ईश्वर का ज्ञान है।\n\nहो सकता है कि किसी के पास पूरा ब्रह्मांड हो, लेकिन फिर भी वह ईश्वर को मायावी पा सके! आध्यात्मिक उन्नति किसी की बाहरी शक्तियों से नहीं, बल्कि केवल ध्यान में उसके आनंद की गहराई से मापी जाती है।","type":"default","passage":"ब्रह्मांडीय चेतना का अनुभव","commentary":"","meaning":""},{"id":"14","title":"14.14","content":"“सदा नया आनंद ईश्वर है।\n\nवह अक्षय है; जैसे-जैसे आप वर्षों तक अपना ध्यान जारी रखेंगे, वह आपको अनंत सरलता से मोहित करेगा।\n\nआप जैसे भक्त जिन्होंने ईश्वर तक पहुँचने का मार्ग खोज लिया है, वे कभी भी उसे किसी अन्य खुशी के लिए बदलने का सपना नहीं देखते हैं; वह प्रतिस्पर्धा की कल्पना से परे मोहक है।\n\n“हम सांसारिक सुखों से कितनी जल्दी थक जाते हैं! भौतिक चीज़ों की इच्छा अंतहीन है; मनुष्य कभी पूरी तरह से संतुष्ट नहीं होता है, और एक के बाद एक लक्ष्य का पीछा करता रहता है।\n\nवह जिस ‘कुछ और’ की तलाश करता है, वह है ईश्वर, जो अकेले ही स्थायी आनंद प्रदान कर सकते हैं।\n\n“बाहरी लालसाएँ हमें भीतर के ईडन से दूर ले जाती हैं; वे झूठे सुख प्रदान करती हैं जो केवल आत्मिक सुख का दिखावा करते हैं।\n\nखोया हुआ स्वर्ग दिव्य ध्यान के माध्यम से जल्दी से वापस मिल जाता है।\n\nचूँकि ईश्वर अप्रत्याशित सदा नयापन है, \n\nइसलिए हम उससे कभी नहीं थकते।\n\nक्या हम अनंत काल तक आनंद से भरपूर, आनंदमय रूप से विविधतापूर्ण हो सकते हैं?”","type":"default","passage":"ब्रह्मांडीय चेतना का अनुभव","commentary":"","meaning":""},{"id":"15","title":"14.15","content":"> \n\nअब मुझे समझ में आया, सर, संत भगवान को अथाह क्यों कहते हैं।\n\nउनका मूल्यांकन करने के लिए अनंत जीवन भी पर्याप्त नहीं है।\n\n  \n> यह सच है; लेकिन वे निकट और प्रिय भी हैं।\n\nक्रिया योग द्वारा इंद्रिय अवरोधों से मन को मुक्त करने के बाद, ध्यान ईश्वर का दोहरा प्रमाण प्रस्तुत करता है।\n\nहमेशा नया आनंद उनके अस्तित्व का प्रमाण है, जो हमारे कण-कण को आश्वस्त करता है।\n\nसाथ ही, ध्यान में हमें उनका तत्काल मार्गदर्शन, हर कठिनाई के लिए उनका पर्याप्त उत्तर मिलता है।\n\n  \n> मैं समझ गया, गुरुजी; आपने मेरी समस्या हल कर दी है।\n\n मैंने कृतज्ञतापूर्वक मुस्कुराया।\n\n> मुझे \n\nअब एहसास हुआ कि मैंने ईश्वर को पा लिया है, क्योंकि जब भी मेरे सक्रिय घंटों के दौरान अवचेतन रूप से ध्यान का आनंद लौटा है, तो मुझे हर चीज में, यहां तक कि विवरणों में भी सही मार्ग अपनाने के लिए सूक्ष्म रूप से निर्देशित किया गया है।","type":"default","passage":"ब्रह्मांडीय चेतना का अनुभव","commentary":"","meaning":""},{"id":"16","title":"14.16","content":"> जब तक हम ईश्वरीय इच्छा के साथ तालमेल बिठाना नहीं जानते, तब तक मानव जीवन दुखों से घिरा रहता है, जिसका **सही मार्ग** अक्सर अहंकारी बुद्धि को भ्रमित करता है।\n\nईश्वर ब्रह्मांड का भार वहन करता है; केवल वही अचूक सलाह दे सकता है।\n\n {FN14-1}  \n> आदि में वचन था, और वचन ईश्वर के साथ था, और वचन ईश्वर था।\n\n - यूहन्ना 1:1. {FN14-2}  \n> क्योंकि पिता किसी का न्याय नहीं करता, परन्तु न्याय करने का सब काम पुत्र को सौंप दिया है।\n\n - यूहन्ना 5:22.  \n> परमेश्वर को कभी किसी ने नहीं देखा; एकलौता पुत्र जो पिता की गोद में है, उसी ने उसे प्रगट किया है।\n\n - यूहन्ना 1:18.  \n> मैं तुम से सच-सच कहता हूँ, जो मुझ पर विश्वास करता है, ये काम जो मैं करता हूँ, वह भी करेगा; वरन इनसे भी बड़े काम करेगा, क्योंकि मैं पिता के पास जाता हूँ।\n\n - यूहन्ना 14:12. “परन्तु सहायक अर्थात् पवित्र आत्मा जिसे पिता मेरे नाम से भेजेगा, वह तुम्हें सब बातें सिखाएगा, और जो कुछ मैं ने तुम से कहा है, वह सब तुम्हें स्मरण कराएगा।\n\n”-यूहन्ना 14:26.","type":"default","passage":"ब्रह्मांडीय चेतना का अनुभव","commentary":"","meaning":""},{"id":"17","title":"14.17","content":"बाइबिल के ये शब्द ईश्वर की तीन गुना प्रकृति को पिता, पुत्र, पवित्र आत्मा  \n***(हिंदू शास्त्रों में सत, तत, ओम)***\n के रूप में संदर्भित करते हैं।\n\nईश्वर पिता निरपेक्ष, अव्यक्त, कंपन सृष्टि से परे विद्यमान है।\n\nईश्वर पुत्र मसीह चेतना  \n***(ब्रह्मा या कूटस्थ चैतन्य)***\n है जो कंपन सृष्टि के भीतर विद्यमान है; यह मसीह चेतना अनिर्मित अनंत का  \n> एकमात्र जन्मा\n या एकमात्र प्रतिबिंब है।\n\nइसका बाहरी प्रकटीकरण या  \n> साक्षी\n ओम या पवित्र आत्मा है, दिव्य, रचनात्मक, अदृश्य शक्ति जो कंपन के माध्यम से सभी सृष्टि को संरचित करती है।\n\nओम आनंदमय सांत्वना देने वाला ध्यान में सुना जाता है और भक्त को परम सत्य प्रकट करता है।","type":"default","passage":"ब्रह्मांडीय चेतना का अनुभव","commentary":"","meaning":""},{"id":"18","title":"14.18","content":"","type":"default","passage":"ब्रह्मांडीय चेतना का अनुभव","commentary":"","meaning":""}]}