{"id":15,"title":"फूलगोभी की चोरी","description":"फूलगोभी की चोरी","sectionCount":29,"tags":null,"contentId":"AoY02","sections":[{"id":"1","title":"15.1","content":"फूलगोभी की चोरी  \n> गुरु, आपके लिए एक उपहार! ये छह बड़ी फूलगोभी मेरे हाथों से लगाई गई हैं; मैंने एक माँ की तरह अपने बच्चे को दूध पिलाते हुए उनकी कोमल देखभाल के साथ उनकी वृद्धि देखी है।\n\n मैंने औपचारिक रूप से सब्जियों की टोकरी पेश की।\n\n> धन्यवाद!\n श्रीयुक्तेश्वर की मुस्कान प्रशंसा से भरी हुई थी।\n\n> कृपया उन्हें अपने कमरे में रखें; मुझे कल एक विशेष रात्रिभोज के लिए उनकी आवश्यकता होगी।\n\n मैं अपने गुरु के साथ समुद्र के किनारे उनके आश्रम में कॉलेज की गर्मियों की छुट्टियाँ बिताने के लिए पुरी {FN15-1} पहुँचा था।\n\nगुरु और उनके शिष्यों द्वारा निर्मित, बंगाल की खाड़ी के सामने स्थित यह छोटा सा दो मंजिला आश्रय स्थल।","type":"default","passage":"फूलगोभी की चोरी","commentary":"","meaning":""},{"id":"2","title":"15.2","content":"अगली सुबह मैं जल्दी उठ गया, नमकीन समुद्री हवाओं और अपने आस-पास के आकर्षण से तरोताजा हो गया।\n\nश्रीयुक्तेश्वर की मधुर आवाज बुला रही थी; मैंने अपनी प्रिय फूलगोभी पर एक नज़र डाली और उन्हें अपने बिस्तर के नीचे बड़े करीने से रख दिया।\n\n“आओ, समुद्र तट पर चलें।\n\n” गुरु ने रास्ता दिखाया; कई युवा शिष्य और मैं एक बिखरे हुए समूह में पीछे-पीछे चल रहे थे।\n\nहमारे गुरु ने हल्की आलोचना में हमारा निरीक्षण किया।\n\n“जब हमारे पश्चिमी भाई चलते हैं, तो वे आमतौर पर एक साथ चलने में गर्व महसूस करते हैं।\n\nअब, कृपया दो पंक्तियों में मार्च करें; एक दूसरे के साथ लयबद्ध कदम रखें।\n\n” श्रीयुक्तेश्वर ने देखा कि हम आज्ञा का पालन कर रहे हैं; उन्होंने गाना शुरू किया: “लड़के एक छोटी सी पंक्ति में इधर-उधर जा रहे हैं।\n\n” मैं उस सहजता की प्रशंसा किए बिना नहीं रह सका जिसके साथ गुरु अपने युवा छात्रों की तेज गति से मेल खाने में सक्षम थे।","type":"default","passage":"फूलगोभी की चोरी","commentary":"","meaning":""},{"id":"3","title":"15.3","content":"“रुको!” मेरे गुरु की आँखें मेरी ओर देख रही थीं।\n\n“क्या तुम्हें आश्रम का पिछला दरवाज़ा बंद करना याद है?” [चित्रण: पुरी में मेरे गुरु का समुद्रतटीय आश्रम] दुनिया भर से आगंतुकों का एक स्थिर प्रवाह आश्रम की शांति में उमड़ पड़ा।\n\nकई विद्वान लोग किसी रूढ़िवादी धर्मावलंबी से मिलने की उम्मीद से आए थे।\n\nकभी-कभी एक घमंडी मुस्कान या एक मनोरंजक सहनशीलता की झलक से पता चलता था कि नए लोगों को कुछ पवित्र बातों से ज़्यादा कुछ नहीं चाहिए था।\n\nफिर भी उनके अनिच्छा से चले जाने से यह स्पष्ट विश्वास होता था कि श्रीयुक्तेश्वर ने उनके ज्ञान के विशिष्ट क्षेत्रों में सटीक अंतर्दृष्टि दिखाई है।\n\nमेरे गुरु के आश्रम में हमेशा युवा शिष्य रहते थे।\n\nवे उनके मन और जीवन को उस सावधानीपूर्वक अनुशासन के साथ निर्देशित करते थे जिसमें “शिष्य” शब्द व्युत्पत्तिगत रूप से निहित है।\n\n—देखें पुरी.jpg]","type":"default","passage":"फूलगोभी की चोरी","commentary":"","meaning":""},{"id":"4","title":"15.4","content":"> मुझे ऐसा ही लगता है, श्रीमान्।\n\n श्रीयुक्तेश्वर कुछ मिनटों के लिए चुप रहे, उनके होठों पर एक आधी दबी हुई मुस्कान थी।\n\n> नहीं, तुम भूल गए,  \n उन्होंने \n\nअंत में कहा।\n\n> ईश्वरीय चिंतन को भौतिक लापरवाही का बहाना नहीं बनाया जाना चाहिए।\n\nतुमने आश्रम की सुरक्षा में अपने कर्तव्य की उपेक्षा की है; तुम्हें दण्डित किया जाना चाहिए।\n\n मुझे लगा कि वे अस्पष्ट रूप से मजाक कर रहे थे जब उन्होंने कहा:  \n> तुम्हारी छह फूलगोभी जल्द ही केवल पाँच हो जाएँगी।\n\n हमने गुरु के आदेश पर वापस मुड़े और आश्रम के करीब पहुँचने तक वापस चले गए।\n\n> थोड़ी देर आराम करो।\n\nमुकुंदा, हमारे बाईं ओर परिसर में देखो; आगे सड़क पर ध्यान दो।\n\nएक निश्चित व्यक्ति अभी वहाँ पहुँचेगा; वह तुम्हारे दण्ड का साधन होगा।","type":"default","passage":"फूलगोभी की चोरी","commentary":"","meaning":""},{"id":"5","title":"15.5","content":"मैंने इन समझ से परे टिप्पणियों पर अपनी झुंझलाहट को छिपाया।\n\nजल्द ही एक किसान सड़क पर दिखाई दिया; वह विचित्र रूप से नाच रहा था और अर्थहीन इशारों के साथ अपनी भुजाएँ इधर-उधर घुमा रहा था।\n\nजिज्ञासा से लगभग स्तब्ध, मैंने अपनी आँखें उस हास्यास्पद दृश्य पर गड़ा दीं।\n\nजैसे ही वह आदमी सड़क पर उस बिंदु पर पहुँचा जहाँ वह हमारी नज़रों से ओझल हो जाता, श्रीयुक्तेश्वर ने कहा,  \n> \n\nअब, वह वापस आ जाएगा।\n\n किसान ने तुरंत अपनी दिशा बदली और आश्रम के पीछे की ओर चला गया।\n\nरेतीले रास्ते को पार करते हुए, वह पिछले दरवाज़े से इमारत में दाखिल हुआ।\n\nमैंने इसे खुला छोड़ दिया था, जैसा कि मेरे गुरु ने कहा था।\n\nवह आदमी थोड़ी देर में बाहर आया, मेरे बेशकीमती फूलगोभी में से एक को पकड़े हुए।\n\nअब वह सम्मानपूर्वक आगे बढ़ा, स्वामित्व की गरिमा से संपन्न।","type":"default","passage":"फूलगोभी की चोरी","commentary":"","meaning":""},{"id":"6","title":"15.6","content":"यह प्रहसन, जिसमें मेरी भूमिका एक भ्रमित शिकार की लग रही थी, इतना भी विचलित करने वाला नहीं था कि मैं आक्रोशपूर्ण प्रयास में विफल हो जाऊँ।\n\nमैं सड़क के आधे रास्ते पर था जब मास्टर ने मुझे वापस बुलाया।\n\nवे सिर से पैर तक हँसी से काँप रहे थे।\n\n> वह बेचारा पागल आदमी एक फूलगोभी के लिए तरस रहा है,  \n उन्होंने हँसी के आवेगों के बीच समझाया।\n\n> मुझे लगा कि अगर वह आपकी एक फूलगोभी ले ले, तो यह एक अच्छा विचार होगा, इतनी बेपरवाह!\n मैं अपने कमरे में भागा, जहाँ मैंने पाया कि चोर, जाहिर तौर पर सब्ज़ियों का शौकीन था, उसने मेरी सोने की अंगूठियाँ, घड़ी और पैसे बिना छुए छोड़ दिए थे, जो सब कंबल पर खुलेआम पड़े थे।\n\nइसके बजाय वह बिस्तर के नीचे घुस गया था जहाँ, पूरी तरह से सामान्य नज़र से छिपी हुई, मेरी एक फूलगोभी ने उसकी एकमात्र इच्छा को जगा दिया था।","type":"default","passage":"फूलगोभी की चोरी","commentary":"","meaning":""},{"id":"7","title":"15.7","content":"मैंने उस शाम श्रीयुक्तेश्वर से उस घटना के बारे में पूछा, जिसके बारे में मुझे लगा कि उसमें कुछ हैरान करने वाली बातें थीं।\n\nमेरे गुरु ने धीरे से अपना सिर हिलाया।\n\n> तुम इसे किसी दिन समझ जाओगे।\n\nविज्ञान जल्द ही इनमें से कुछ छिपे हुए नियमों की खोज कर लेगा।\n\n जब कुछ साल बाद रेडियो के चमत्कारों ने एक अचंभित दुनिया पर प्रहार किया, तो मुझे गुरु की भविष्यवाणी याद आ गई।\n\nसमय और स्थान की सदियों पुरानी अवधारणाएँ नष्ट हो गईं; कोई भी किसान का घर इतना संकीर्ण नहीं था कि लंदन या कलकत्ता उसमें प्रवेश न कर सके! मनुष्य की सर्वव्यापकता के एक पहलू के निर्विवाद प्रमाण के सामने सबसे मंद बुद्धि भी बड़ी हो गई।\n\nफूलगोभी की कॉमेडी का  \n> कथानक\n रेडियो के उदाहरण से सबसे अच्छी तरह समझा जा सकता है।\n\nश्रीयुक्तेश्वर एक आदर्श मानव रेडियो थे।\n\nविचार आकाश में घूमते हुए बहुत ही कोमल कंपन से अधिक कुछ नहीं हैं।\n\nजिस प्रकार एक संवेदनशील रेडियो हर दिशा से आने वाले हजारों अन्य कार्यक्रमों में से एक वांछित संगीत संख्या को पकड़ लेता है, उसी प्रकार मेरे गुरु ने संसार में मानव इच्छाओं को प्रसारित करने वाले असंख्य विचारों में से एक फूलगोभी के लिए लालायित एक मूर्ख व्यक्ति के विचार को पकड़ने में सक्षम थे।\n\n{FN15-2} अपनी शक्तिशाली इच्छाशक्ति से, गुरु एक मानव प्रसारण स्टेशन भी थे, और उन्होंने सफलतापूर्वक किसान को अपने कदम पीछे मोड़कर एक फूलगोभी के लिए एक निश्चित कमरे में जाने का निर्देश दिया था।","type":"default","passage":"फूलगोभी की चोरी","commentary":"","meaning":""},{"id":"8","title":"15.8","content":"अंतर्ज्ञान {FN15-3} आत्मा का मार्गदर्शन है, जो मनुष्य में उन क्षणों के दौरान स्वाभाविक रूप से प्रकट होता है जब उसका मन शांत होता है।\n\nलगभग हर किसी को एक अस्पष्ट रूप से सही “अंदाज” का अनुभव हुआ है, या उसने अपने विचारों को किसी अन्य व्यक्ति को प्रभावी ढंग से हस्तांतरित किया है।\n\nबेचैनी के स्थैतिक से मुक्त मानव मन, अपने अंतर्ज्ञान के एंटीना के माध्यम से जटिल रेडियो तंत्र के सभी कार्य कर सकता है- विचारों को भेजना और प्राप्त करना, और अवांछनीय विचारों को बाहर निकालना।\n\nजैसे रेडियो की शक्ति उस विद्युत प्रवाह की मात्रा पर निर्भर करती है जिसका वह उपयोग कर सकता है, वैसे ही मानव रेडियो प्रत्येक व्यक्ति की इच्छा शक्ति के अनुसार सक्रिय होता है।","type":"default","passage":"फूलगोभी की चोरी","commentary":"","meaning":""},{"id":"9","title":"15.9","content":"सभी विचार ब्रह्मांड में अनंत काल तक कंपन करते रहते हैं।\n\nगहन एकाग्रता से, एक गुरु किसी भी मन, जीवित या मृत के विचारों का पता लगाने में सक्षम होता है।\n\nविचार सार्वभौमिक होते हैं और व्यक्तिगत रूप से निहित नहीं होते हैं; सत्य का निर्माण नहीं किया जा सकता, बल्कि केवल अनुभव किया जा सकता है।\n\nमनुष्य के गलत विचार उसकी विवेकशीलता में अपूर्णताओं के कारण उत्पन्न होते हैं।\n\nयोग विज्ञान का लक्ष्य मन को शांत करना है, ताकि बिना किसी विकृति के यह ब्रह्मांड में दिव्य दृष्टि को प्रतिबिंबित कर सके।\n\nरेडियो और टेलीविजन ने दूर के व्यक्तियों की तात्कालिक ध्वनि और दृश्य को लाखों लोगों के घरों तक पहुँचाया है: यह पहली मंद वैज्ञानिक सूचना है कि मनुष्य एक सर्वव्यापी आत्मा है।\n\nअंतरिक्ष में एक बिंदु तक सीमित शरीर नहीं, बल्कि विशाल आत्मा, जिसे अहंकार अधिकांश बर्बर तरीकों से व्यर्थ में सीमित करने की साजिश करता है।","type":"default","passage":"फूलगोभी की चोरी","commentary":"","meaning":""},{"id":"10","title":"15.10","content":"> बहुत ही विचित्र, बहुत ही अद्भुत, बहुत ही असंभव प्रतीत होने वाली घटनाएँ अभी भी हो सकती हैं, जो एक बार स्थापित होने पर, हमें उतना आश्चर्यचकित नहीं करेंगी जितना कि हम \n\nअब उन सभी बातों से आश्चर्यचकित हैं जो विज्ञान ने हमें पिछली शताब्दी में सिखाई हैं,  \n शरीर विज्ञान में नोबेल पुरस्कार विजेता चार्ल्स रॉबर्ट रिचेट ने घोषित किया है।\n\n> यह माना जाता है कि जिन घटनाओं को हम \n\nअब बिना किसी आश्चर्य के स्वीकार करते हैं, वे हमें आश्चर्यचकित नहीं करतीं क्योंकि वे समझी जाती हैं।\n\nलेकिन ऐसा नहीं है।\n\nयदि वे हमें आश्चर्यचकित नहीं करती हैं तो इसका कारण यह नहीं है कि वे समझी जाती हैं, बल्कि इसका कारण यह है कि वे परिचित हैं; क्योंकि यदि जो समझ में नहीं आता है, वह हमें आश्चर्यचकित करता है, तो हमें हर चीज पर आश्चर्यचकित होना चाहिए-हवा में फेंके गए पत्थर का गिरना, बलूत का फल जो ओक बन जाता है, पारा जो गर्म होने पर फैलता है, चुंबक द्वारा आकर्षित लोहा, फास्फोरस जो रगड़ने पर जलता है।\n\n. . . आज का विज्ञान एक हल्का मामला है; एक लाख वर्षों में जो क्रांतियाँ और विकास होंगे, वे सबसे साहसी अनुमानों से कहीं अधिक होंगे।\n\nसत्य - वे आश्चर्यजनक, विस्मयकारी, अप्रत्याशित सत्य - जिन्हें हमारे वंशज खोजेंगे, वे अभी भी हमारे चारों ओर हैं, हमारी आँखों में घूर रहे हैं, और फिर भी हम उन्हें नहीं देख पाते हैं।\n\nलेकिन यह कहना पर्याप्त नहीं है कि हम उन्हें नहीं देखते हैं; हम उन्हें देखना नहीं चाहते हैं; क्योंकि जैसे ही कोई अप्रत्याशित और अपरिचित तथ्य सामने आता है, हम उसे अर्जित ज्ञान के सामान्य ढांचे में फिट करने की कोशिश करते हैं, और हम इस बात से क्रोधित होते हैं कि कोई भी आगे प्रयोग करने की हिम्मत करता है।","type":"default","passage":"फूलगोभी की चोरी","commentary":"","meaning":""},{"id":"11","title":"15.11","content":"एक अजीब घटना तब घटी जब मेरी फूलगोभी इस तरह से लूट ली गई थी।\n\nएक खास केरोसिन लैंप नहीं मिल पाया।\n\nअपने गुरु की सर्वज्ञ अंतर्दृष्टि को हाल ही में देखने के बाद, मैंने सोचा कि वे यह दिखाएंगे कि लैंप को ढूँढ़ना बच्चों का खेल है।\n\nगुरु ने मेरी उम्मीद को समझ लिया।\n\nउन्होंने अतिशय गंभीरता के साथ सभी आश्रमवासियों से पूछा।\n\nएक युवा शिष्य ने कबूल किया कि वह लैंप का इस्तेमाल करके पिछवाड़े के कुएँ तक गया था।\n\nश्रीयुक्तेश्वर ने गंभीर सलाह दी:  \n> कुएँ के पास दीपक ढूँढ़ो।\n\n मैं वहाँ पहुँचा; कोई दीपक नहीं था! निराश होकर मैं अपने गुरु के पास लौट आया।\n\nवे \n\nअब दिल खोलकर हँस रहे थे, मेरी निराशा पर कोई पछतावा नहीं था।","type":"default","passage":"फूलगोभी की चोरी","commentary":"","meaning":""},{"id":"12","title":"15.12","content":"> बहुत बुरा हुआ कि मैं आपको लुप्त हो चुके दीपक तक नहीं पहुँचा सका; मैं कोई ज्योतिषी नहीं हूँ!\n चमकती आँखों से उन्होंने कहा,  \n> मैं संतोषजनक शर्लक होम्स भी नहीं हूँ!\n मुझे एहसास हुआ कि गुरु कभी भी चुनौती दिए जाने पर या किसी तुच्छ बात पर अपनी शक्तियों का प्रदर्शन नहीं करेंगे।\n\nआनंदमय सप्ताह बीत गए।\n\nश्रीयुक्तेश्वर एक धार्मिक जुलूस की योजना बना रहे थे।\n\nउन्होंने मुझे शिष्यों को पुरी शहर और समुद्र तट पर ले जाने के लिए कहा।\n\nउत्सव का दिन गर्मियों के सबसे गर्म दिनों में से एक था।\n\n> गुरुजी, मैं नंगे पाँव छात्रों को आग की रेत पर कैसे ले जा सकता हूँ?\n मैंने निराशा से कहा।\n\n> मैं आपको एक रहस्य बताता हूँ,  \n गुरु ने जवाब दिया।\n\n> भगवान बादलों की छतरी भेजेंगे; आप सभी आराम से चलेंगे।","type":"default","passage":"फूलगोभी की चोरी","commentary":"","meaning":""},{"id":"13","title":"15.13","content":"मैंने खुशी-खुशी जुलूस का आयोजन किया; हमारा समूह आश्रम से सत-संग का बैनर लेकर निकला।\n\n{FN15-4} श्रीयुक्तेश्वर द्वारा डिजाइन किया गया, इस बैनर पर एक {FN15-5} आँख, अंतर्ज्ञान की दूरबीनी नज़र का प्रतीक था।\n\nजैसे ही हम आश्रम से बाहर निकले, आसमान का वह हिस्सा जो ऊपर था, मानो जादू से बादलों से भर गया हो।\n\nचारों ओर से विस्मयकारी स्खलन के साथ, बहुत हल्की बारिश हुई, जिसने शहर की सड़कों और जलते समुद्र तट को ठंडा कर दिया।\n\nदो घंटे की परेड के दौरान सुखदायक बूँदें गिरती रहीं।\n\nजिस क्षण हमारा समूह आश्रम में लौटा, बादल और बारिश बिना किसी निशान के गायब हो गए।","type":"default","passage":"फूलगोभी की चोरी","commentary":"","meaning":""},{"id":"14","title":"15.14","content":"> आप देख सकते हैं कि भगवान हमारे लिए कैसा महसूस करते हैं,  \n मेरे आभार व्यक्त करने के बाद गुरु ने उत्तर दिया।\n\n> भगवान सभी की बात सुनते हैं और सभी के लिए काम करते हैं।\n\nजैसे उन्होंने मेरी प्रार्थना पर बारिश भेजी, वैसे ही वे भक्त की हर सच्ची इच्छा पूरी करते हैं।\n\nशायद ही कभी लोग यह महसूस करते हैं कि भगवान कितनी बार उनकी प्रार्थना सुनते हैं।\n\nवे कुछ लोगों के प्रति पक्षपाती नहीं हैं, बल्कि उन सभी की सुनते हैं जो उनके पास विश्वास के साथ आते हैं।\n\nउनके बच्चों को हमेशा अपने सर्वव्यापी पिता की दयालुता पर पूर्ण विश्वास रखना चाहिए।\n\n {FN15-6} श्रीयुक्तेश्वर ने विषुव और संक्रांति पर चार वार्षिक उत्सव प्रायोजित किए, जब उनके छात्र दूर-दूर से एकत्र हुए।\n\nशीतकालीन संक्रांति समारोह सेरामपुर में आयोजित किया गया था; मैंने जिस पहले कार्यक्रम में भाग लिया, उसने मुझे स्थायी आशीर्वाद दिया।","type":"default","passage":"फूलगोभी की चोरी","commentary":"","meaning":""},{"id":"15","title":"15.15","content":"सुबह-सुबह सड़कों पर नंगे पांव जुलूस के साथ उत्सव की शुरुआत हुई।\n\nसौ छात्रों की आवाज़ मधुर धार्मिक गीतों से गूंज रही थी; कुछ संगीतकारों ने बांसुरी और खोल करताल  \n***(ढोल और झांझ)***\n बजाया।\n\nउत्साही नगरवासी रास्ते पर फूल बिखेर रहे थे, भगवान के पवित्र नाम की हमारी जोरदार स्तुति से उन्हें सामान्य कामों से बुलाए जाने की खुशी थी।\n\nलंबी यात्रा आश्रम के प्रांगण में समाप्त हुई।\n\nवहाँ हमने अपने गुरु को घेर लिया, जबकि ऊपरी बालकनियों पर छात्रों ने हम पर गेंदे के फूलों की वर्षा की।\n\nकई मेहमान चना और संतरे का हलवा लेने के लिए ऊपर गए।\n\nमैं भाई शिष्यों के एक समूह के पास गया जो आज रसोइये के रूप में सेवा कर रहे थे।\n\nइतनी बड़ी सभाओं के लिए भोजन को बड़े-बड़े कड़ाहों में बाहर ही पकाना पड़ता था।\n\nलकड़ी जलाने वाले ईंटों के चूल्हे धुएँ से भरे हुए थे और आंसू बहाने वाले थे, लेकिन हम अपने काम पर खूब हँसे।\n\nभारत में धार्मिक त्योहारों को कभी भी परेशानी भरा नहीं माना जाता; हर कोई अपना योगदान देता है, जैसे पैसा, चावल, सब्जियां या अपनी व्यक्तिगत सेवाएं देना।","type":"default","passage":"फूलगोभी की चोरी","commentary":"","meaning":""},{"id":"16","title":"15.16","content":"गुरु जल्दी ही हमारे बीच में थे, और भोज के विवरण की देखरेख कर रहे थे।\n\nहर पल व्यस्त रहते हुए, वे सबसे ऊर्जावान युवा छात्र के साथ कदम से कदम मिलाकर चल रहे थे।\n\nदूसरी मंजिल पर हारमोनियम और हाथ से बजाए जाने वाले भारतीय ढोल के साथ संकीर्तन  \n***(समूह जप)***\n चल रहा था।\n\nश्रीयुक्तेश्वर ने प्रशंसापूर्वक सुना; उनकी संगीत की समझ बहुत ही उत्तम थी।\n\n> वे धुन से भटक गए हैं!\n गुरु ने रसोइयों को छोड़ दिया और कलाकारों के साथ शामिल हो गए।\n\nधुन फिर से सुनाई दी, इस बार सही ढंग से प्रस्तुत की गई।\n\nभारत में, संगीत के साथ-साथ चित्रकला और नाटक को भी दिव्य कला माना जाता है।\n\nब्रह्मा, विष्णु और शिव-अनन्त त्रिदेव-पहले संगीतकार थे।\n\nदिव्य नर्तक शिव को शास्त्रों में सार्वभौमिक सृजन, संरक्षण और विघटन के अपने ब्रह्मांडीय नृत्य में लय के अनंत तरीकों को काम करते हुए दर्शाया गया है, जबकि ब्रह्मा ने झंकार वाले झांझ के साथ समय की धड़कन को बढ़ाया, और विष्णु ने पवित्र मृदंग या ढोल बजाया।\n\nविष्णु के अवतार कृष्ण को हिंदू कला में हमेशा बांसुरी के साथ दिखाया जाता है, जिस पर वे मनमोहक गीत बजाते हैं जो माया-भ्रम में भटकती मानव आत्माओं को उनके सच्चे घर की याद दिलाता है।\n\nज्ञान की देवी सरस्वती को सभी तार वाले वाद्यों की माँ वीणा पर प्रदर्शन करते हुए दर्शाया गया है।\n\nभारत के सामवेद में संगीत विज्ञान पर दुनिया के सबसे पुराने लेखन शामिल हैं।","type":"default","passage":"फूलगोभी की चोरी","commentary":"","meaning":""},{"id":"17","title":"15.17","content":"हिंदू संगीत की आधारशिला राग या निश्चित मधुर पैमाने हैं।\n\nछह मूल राग १२६ व्युत्पन्न रागिनियों  \n***(पत्नियों)***\n और पुत्रों में विभाजित हैं।\n\nप्रत्येक राग में कम से कम पाँच स्वर होते हैं: प्रमुख स्वर  \n***(वादी या राजा)***\n, द्वितीयक स्वर  \n***(समावादी या प्रधान मंत्री)***\n, सहायक स्वर  \n***(अनुवादी, परिचारक)***\n और एक बेसुरा स्वर  \n***(विवादि, शत्रु)***।\nछह मूल रागों में से प्रत्येक का दिन के एक निश्चित घंटे, वर्ष के ऋतु और एक पीठासीन देवता के साथ एक प्राकृतिक पत्राचार होता है जो एक विशेष शक्ति प्रदान करता है।\n\nइस प्रकार,  \n***(१)***\n हिंडोले राग केवल वसंत ऋतु में भोर के समय सार्वभौमिक प्रेम की मनोदशा को जगाने के लिए सुना जाता है;  \n***(२)***\n दीपक राग गर्मियों में शाम के समय करुणा जगाने के लिए बजाया जाता है;  \n***(4)***\n भैरव राग अगस्त, सितम्बर, अक्टूबर माह की सुबह शांति प्राप्ति के लिए बजाया जाता है;  \n***(5)***\n श्री राग शरद ऋतु की संध्या के समय शुद्ध प्रेम प्राप्ति के लिए बजाया जाता है;  \n***(6)***\n मालकौंस राग शीत ऋतु में वीरता के लिए मध्य रात्रि में बजाया जाता है।","type":"default","passage":"फूलगोभी की चोरी","commentary":"","meaning":""},{"id":"18","title":"15.18","content":"प्राचीन ऋषियों ने प्रकृति और मनुष्य के बीच ध्वनि गठबंधन के इन नियमों की खोज की थी।\n\nचूँकि प्रकृति ओम, आदि ध्वनि या कंपन शब्द का एक वस्तुकरण है, मनुष्य कुछ मंत्रों या जाप के उपयोग के माध्यम से सभी प्राकृतिक अभिव्यक्तियों पर नियंत्रण प्राप्त कर सकता है।\n\n{FN15-7} ऐतिहासिक दस्तावेज़ अकबर महान के सोलहवीं शताब्दी के दरबारी संगीतकार मियाँ तान सेन के पास मौजूद उल्लेखनीय शक्तियों के बारे में बताते हैं।\n\nसम्राट द्वारा सूर्य के ऊपर होने पर रात्रि राग गाने का आदेश दिए जाने पर, तान सेन ने एक मंत्र का उच्चारण किया जिससे तुरंत पूरा महल परिसर अंधेरे में डूब गया।\n\nभारतीय संगीत सप्तक को 22 श्रुतियों या अर्ध-अर्धस्वर में विभाजित करता है।\n\nये सूक्ष्म स्वर अंतराल 12 अर्धस्वर के पश्चिमी वर्णक्रमीय पैमाने द्वारा अप्राप्य संगीत अभिव्यक्ति की महीन छटाएँ प्रदान करते हैं।\n\nसप्तक के सात मूल स्वरों एमआई का अर्थ स्वर्ण और बकरी है; एफए का अर्थ पीला सफेद और बगुला है; सोल का अर्थ काला और बुलबुल है; एलए का अर्थ पीला और घोड़ा है; एसआई का अर्थ सभी रंगों का मिश्रण और हाथी है।","type":"default","passage":"फूलगोभी की चोरी","commentary":"","meaning":""},{"id":"19","title":"15.19","content":"तीन स्केल-मेजर, हार्मोनिक माइनर, मेलोडिक माइनर-ही एकमात्र स्केल हैं जिनका उपयोग पश्चिमी संगीत में किया जाता है, लेकिन भारतीय संगीत में 72 थाट या स्केल की रूपरेखा है।\n\nसंगीतकार के पास निश्चित पारंपरिक राग या राग के इर्द-गिर्द अंतहीन सुधार के लिए रचनात्मक गुंजाइश होती है; वह संरचनात्मक विषय की भावना या निश्चित मनोदशा पर ध्यान केंद्रित करता है और फिर उसे अपनी मौलिकता की सीमाओं तक विस्तृत करता है।\n\nहिंदू संगीतकार निर्धारित नोट्स नहीं पढ़ता; वह प्रत्येक बार राग के नंगे ढांचे को बजाते हुए उसे नए सिरे से तैयार करता है, अक्सर खुद को एक ही मेलोडिक अनुक्रम तक सीमित रखता है, दोहराव के माध्यम से इसके सभी सूक्ष्म माइक्रोटोनल और लयबद्ध विविधताओं पर जोर देता है।\n\nपश्चिमी संगीतकारों में बाख को सौ जटिल तरीकों से थोड़ा अलग दोहराए जाने वाले ध्वनि के आकर्षण और शक्ति की समझ थी।","type":"default","passage":"फूलगोभी की चोरी","commentary":"","meaning":""},{"id":"20","title":"15.20","content":"प्राचीन संस्कृत साहित्य में 120 ताल या समय-माप का वर्णन है।\n\nकहा जाता है कि हिंदू संगीत के पारंपरिक संस्थापक भरत ने एक लार्क के गीत में 32 प्रकार के ताल को अलग किया था।\n\nताल या लय की उत्पत्ति मानवीय गतिविधियों में निहित है - चलने का दोगुना समय और नींद में सांस लेने का तिगुना समय, जब साँस अंदर लेने की अवधि साँस छोड़ने की अवधि से दोगुनी होती है।\n\nभारत ने हमेशा मानवीय आवाज़ को ध्वनि के सबसे उत्तम साधन के रूप में मान्यता दी है।\n\nइसलिए हिंदू संगीत मुख्य रूप से तीन सप्तकों की आवाज़ सीमा तक ही सीमित रहता है।\n\nइसी कारण से, मेलोडी  \n***(लगातार नोट्स का संबंध)***\n पर जोर दिया जाता है, न कि सामंजस्य  \n***(एक साथ नोट्स का संबंध)***।","type":"default","passage":"फूलगोभी की चोरी","commentary":"","meaning":""},{"id":"21","title":"15.21","content":"प्रारंभिक ऋषि-संगीतकारों का गहरा उद्देश्य गायक को ब्रह्मांडीय गीत के साथ मिलाना था जिसे मनुष्य के गुप्त मेरुदंड केंद्रों के जागरण के माध्यम से सुना जा सकता है।\n\nभारतीय संगीत एक व्यक्तिपरक, आध्यात्मिक और व्यक्तिवादी कला है, जिसका उद्देश्य सिम्फोनिक चमक नहीं बल्कि ओवरसोल के साथ व्यक्तिगत सामंजस्य है।\n\nसंगीतकार के लिए संस्कृत शब्द भगवतार है, जिसका अर्थ है  \n> वह जो ईश्वर की स्तुति गाता है।\n\n संकीर्तन या संगीत सभाएँ योग या आध्यात्मिक अनुशासन का एक प्रभावी रूप हैं, जिसमें बीज विचार और ध्वनि में गहन एकाग्रता, गहन तल्लीनता की आवश्यकता होती है।\n\nचूँकि मनुष्य स्वयं सृजनात्मक शब्द की अभिव्यक्ति है, \n\nइसलिए ध्वनि का उस पर सबसे शक्तिशाली और तत्काल प्रभाव पड़ता है, जो उसके दिव्य मूल की याद दिलाने का एक तरीका प्रदान करता है।","type":"default","passage":"फूलगोभी की चोरी","commentary":"","meaning":""},{"id":"22","title":"15.22","content":"उत्सव के दिन श्रीयुक्तेश्वर के दूसरे मंजिल के बैठक कक्ष से निकलने वाला संकीर्तन भाप से भरे बर्तनों के बीच रसोइयों को प्रेरित कर रहा था।\n\nमेरे भाई शिष्य और मैं खुशी से अपने हाथों से ताल मिलाते हुए गीत गा रहे थे।\n\nसूर्यास्त तक हमने अपने सैकड़ों आगंतुकों को खिचड़ी  \n***(चावल और दाल)***\n, सब्जी की सब्जी और चावल की खीर परोस दी थी।\n\nहमने आंगन पर सूती कंबल बिछा दिए; जल्द ही सभा सितारों की छतरी के नीचे बैठी थी, चुपचाप श्रीयुक्तेश्वर के होठों से निकलने वाले ज्ञान को ध्यान से सुन रही थी।\n\nउनके सार्वजनिक भाषणों में क्रिया योग के महत्व और आत्म-सम्मान, शांति, दृढ़ संकल्प, सादा आहार और नियमित व्यायाम के जीवन पर जोर दिया जाता था।","type":"default","passage":"फूलगोभी की चोरी","commentary":"","meaning":""},{"id":"23","title":"15.23","content":"उसके बाद बहुत कम उम्र के शिष्यों के एक समूह ने कुछ पवित्र भजन गाए; बैठक संकीर्तन के साथ समाप्त हुई।\n\nदस बजे से आधी रात तक आश्रम के निवासियों ने बर्तन धोए और आंगन को साफ किया।\n\nमेरे गुरु ने मुझे अपने पास बुलाया।\n\n> मैं आज और पिछले सप्ताह की तैयारियों के दौरान तुम्हारे उत्साहपूर्ण परिश्रम से प्रसन्न हूँ।\n\nमैं तुम्हें अपने साथ चाहता हूँ; तुम आज रात मेरे बिस्तर पर सो सकते हो।\n\n यह एक ऐसा सौभाग्य था जिसके बारे में मैंने कभी नहीं सोचा था कि यह मुझे मिलेगा।\n\nहम कुछ देर तक गहन दिव्य शांति की स्थिति में बैठे रहे।\n\nबिस्तर पर जाने के मुश्किल से दस मिनट बाद, गुरु उठे और कपड़े पहनने लगे।\n\n> क्या बात है, सर?\n मुझे अपने गुरु के बगल में सोने की अप्रत्याशित खुशी में अवास्तविकता का एहसास हुआ।","type":"default","passage":"फूलगोभी की चोरी","commentary":"","meaning":""},{"id":"24","title":"15.24","content":"> मुझे लगता है कि कुछ छात्र जो अपनी उचित रेलगाड़ी से चूक गए हैं, वे जल्दी ही यहाँ आ जाएँगे।\n\nचलो कुछ खाना तैयार कर लें।\n\n  \n> गुरुजी, सुबह एक बजे कोई नहीं आएगा!\n  \n> बिस्तर पर ही रहो; तुम बहुत मेहनत कर रहे हो।\n\nलेकिन मैं खाना बनाने जा रहा हूँ।\n\n श्रीयुक्तेश्वर के दृढ़ स्वर में, मैं उछल पड़ा और उनके पीछे-पीछे दूसरी मंजिल की भीतरी बालकनी से सटे छोटे से रोज़ाना इस्तेमाल होने वाले रसोईघर में चला गया।\n\nचावल और दाल जल्दी ही उबलने लगे।\n\nमेरे गुरु ने स्नेहपूर्वक मुस्कुराया।\n\n> आज रात तुमने थकान और कड़ी मेहनत के डर पर विजय पा ली है; भविष्य में तुम कभी इनसे परेशान नहीं होगे।\n\n जब उन्होंने आजीवन आशीर्वाद के ये शब्द कहे, तो आँगन में पदचाप सुनाई दी।\n\nमैं भागकर नीचे गया और छात्रों के एक समूह को अंदर आने दिया।","type":"default","passage":"फूलगोभी की चोरी","commentary":"","meaning":""},{"id":"25","title":"15.25","content":"> प्रिय भाई, हम इस समय गुरु को परेशान करने के लिए कितने अनिच्छुक हैं!\n एक व्यक्ति ने मुझे क्षमायाचना करते हुए संबोधित किया।\n\n> हमने ट्रेन के शेड्यूल के बारे में गलती की, लेकिन हमें लगा कि हम अपने गुरु के दर्शन किए बिना घर नहीं लौट सकते।\n\n  \n> वह आपका इंतजार कर रहा था और अभी भी आपके लिए भोजन तैयार कर रहा है।\n\n श्रीयुक्तेश्वर की स्वागत भरी आवाज़ गूंजी; मैं आश्चर्यचकित आगंतुकों को रसोई में ले गया।\n\nगुरु चमकती आँखों से मेरी ओर मुड़े।\n\n> \n\nअब जब आपने नोट्स की तुलना करना समाप्त कर दिया है, तो इसमें कोई संदेह नहीं है कि आप संतुष्ट हैं कि हमारे मेहमान वास्तव में अपनी ट्रेन से चूक गए थे!\n मैं आधे घंटे बाद उनके पीछे उनके बेडरूम में गया, पूरी तरह से महसूस करते हुए कि मैं एक ईश्वरीय गुरु के बगल में सोने वाला था।","type":"default","passage":"फूलगोभी की चोरी","commentary":"","meaning":""},{"id":"26","title":"15.26","content":"{FN15-1} कलकत्ता से लगभग 310 मील दक्षिण में पुरी, कृष्ण के भक्तों के लिए एक प्रसिद्ध तीर्थ नगरी है; उनकी पूजा वहाँ दो विशाल वार्षिक उत्सवों, स्नानयात्रा और रथयात्रा के साथ मनाई जाती है।\n\n{FN15-2} 1939 में रेडियो माइक्रोस्कोप की खोज ने \n\nअब तक अज्ञात किरणों की एक नई दुनिया का खुलासा किया।\n\nएसोसिएटेड प्रेस ने रिपोर्ट की,  \n> मनुष्य स्वयं और साथ ही सभी प्रकार के कथित जड़ पदार्थ लगातार उन किरणों को उत्सर्जित करते हैं जिन्हें यह उपकरण **देखता है**।\n\n \"जो लोग टेलीपैथी, दूसरी दृष्टि और दिव्यदृष्टि में विश्वास करते हैं, उनके पास इस घोषणा में अदृश्य किरणों के अस्तित्व का पहला वैज्ञानिक प्रमाण है जो वास्तव में एक व्यक्ति से दूसरे व्यक्ति तक जाती हैं।\n\nरेडियो उपकरण वास्तव में एक रेडियो आवृत्ति स्पेक्ट्रोस्कोप है।\n\nयह ठंडे, गैर-चमकदार पदार्थ के लिए वही काम करता है जो स्पेक्ट्रोस्कोप करता है जब यह सितारों को बनाने वाले परमाणुओं के प्रकारों का खुलासा करता है।\n\n. . . मनुष्य और सभी जीवित चीजों से आने वाली ऐसी किरणों के अस्तित्व पर वैज्ञानिकों को कई वर्षों से संदेह है।\n\nआज उनके अस्तित्व का पहला प्रायोगिक प्रमाण है।\n\nखोज से पता चलता है कि प्रकृति में हर परमाणु और हर अणु एक निरंतर रेडियो प्रसारण स्टेशन है।।\n।।\nइस प्रकार मृत्यु के बाद भी वह पदार्थ जो मनुष्य था, अपनी नाजुक किरणें भेजता रहता है।\n\nइन किरणों की तरंग दैर्ध्य प्रसारण में इस्तेमाल की जाने वाली किसी भी चीज़ से छोटी से लेकर सबसे लंबी तरह की रेडियो तरंगों तक होती है।\n\nइन किरणों का मिश्रण लगभग अकल्पनीय है।\n\nइनकी संख्या लाखों में है।\n\nएक बहुत बड़ा अणु एक ही समय में 1, 000, 000 अलग-अलग तरंग दैर्ध्य दे सकता है।\n\nइस तरह की लंबी तरंग दैर्ध्य रेडियो तरंगों की सहजता और गति से यात्रा करती हैं।।\n।।\nनई रेडियो किरणों और प्रकाश जैसी परिचित किरणों के बीच एक आश्चर्यजनक अंतर है।\n\nयह लंबा समय है, जो हजारों वर्षों के बराबर है, जो ये रेडियो तरंगें अप्रभावित पदार्थ से उत्सर्जित करती रहेंगी।","type":"default","passage":"फूलगोभी की चोरी","commentary":"","meaning":""},{"id":"27","title":"15.27","content":"{FN15-3} “अंतर्ज्ञान” का उपयोग करने में कोई हिचकिचाहट नहीं होती; हिटलर ने अधिक महत्वाकांक्षी विनाशों के साथ-साथ इस शब्द को लगभग बर्बाद कर दिया है।\n\nअंतर्ज्ञान का लैटिन मूल अर्थ है “आंतरिक सुरक्षा।\n\n” संस्कृत शब्द आगम का अर्थ है प्रत्यक्ष आत्मा-बोध से उत्पन्न अंतर्ज्ञानात्मक ज्ञान; \n\nइसलिए ऋषियों द्वारा लिखे गए कुछ प्राचीन ग्रंथों को आगम कहा जाता था।\n\n{FN15-4} सत का शाब्दिक अर्थ है “अस्तित्व”, \n\nइसलिए “सार; वास्तविकता।\n\n” संघ का अर्थ है “संगति।\n\n” श्रीयुक्तेश्वर ने अपने आश्रम संगठन को सत-संग, “सत्य के साथ संगति” कहा।\n\n{FN15-5} “\n\nइसलिए यदि तेरी आँख एक हो, तो तेरा सारा शरीर प्रकाश से भरा होगा।\n\n” - मत्ती 6:22।\n\nगहरे ध्यान के दौरान, एकल या आध्यात्मिक आँख माथे के मध्य भाग में दिखाई देती है।\n\nइस सर्वज्ञ नेत्र को शास्त्रों में तीसरी आँख, पूर्व का तारा, आंतरिक नेत्र, स्वर्ग से उतरता कबूतर, शिव का नेत्र, अंतर्ज्ञान का नेत्र आदि नामों से संदर्भित किया गया है।","type":"default","passage":"फूलगोभी की चोरी","commentary":"","meaning":""},{"id":"28","title":"15.28","content":"{FN15-6}  \n> जिसने कान लगाया, क्या वह नहीं सुनेगा? जिसने आँख बनाई, क्या वह नहीं देखेगा? . . . जो मनुष्य को ज्ञान सिखाता है, क्या वह नहीं जानता?\n - भजन 94:9-10. {FN15-7} सभी लोगों की लोककथाओं में प्रकृति पर शक्ति रखने वाले मंत्रों के संदर्भ हैं।\n\nअमेरिकी भारतीयों को बारिश और हवा के लिए ध्वनि अनुष्ठान विकसित करने के लिए जाना जाता है।\n\nमहान हिंदू संगीतकार, तान सेन, अपने गीत की शक्ति से आग बुझाने में सक्षम थे।\n\nकैलिफोर्निया के प्रकृतिवादी चार्ल्स केलॉग ने 1926 में न्यूयॉर्क के अग्निशामकों के एक समूह के सामने आग पर टोनल कंपन के प्रभाव का प्रदर्शन किया।\n\n\"एक धनुष को, एक बढ़े हुए वायलिन धनुष की तरह, तेजी से एक एल्यूमीनियम ट्यूनिंग कांटा के पार पारित करते हुए, उन्होंने तीव्र रेडियो स्टेटिक जैसी चीख़ पैदा की।\n\nतुरंत दो फीट ऊंची पीली गैस की लौ, एक खोखले कांच की नली के अंदर उछलती हुई, छह इंच की ऊंचाई तक कम हो गई और एक चमकती हुई नीली चमक बन गई।\n\nधनुष से एक और प्रयास, तथा कंपन की एक और चीख ने इसे बुझा दिया।\n\n”","type":"default","passage":"फूलगोभी की चोरी","commentary":"","meaning":""},{"id":"29","title":"15.29","content":"","type":"default","passage":"फूलगोभी की चोरी","commentary":"","meaning":""}]}