{"id":17,"title":"सासी और तीन नीलम","description":"सासी और तीन नीलम","sectionCount":16,"tags":null,"contentId":"AoY02","sections":[{"id":"1","title":"17.1","content":"शशि और तीन नीलम  \n> क्योंकि आप और मेरा बेटा स्वामी श्रीयुक्तेश्वर के बारे में बहुत सोचते हैं, \n\nइसलिए मैं उन्हें देखूंगा।\n\n डॉ. नारायण चंद्र रॉय द्वारा इस्तेमाल की गई आवाज़ के लहज़े से पता चलता था कि वे मूर्खों की सनक का मज़ाक उड़ा रहे थे।\n\nमैंने धर्मांतरण की सर्वश्रेष्ठ परंपराओं का पालन करते हुए अपना आक्रोश छिपाया।\n\nमेरा साथी, एक पशु चिकित्सक, एक पक्का अज्ञेयवादी था।\n\nउसके छोटे बेटे संतोष ने मुझसे अपने पिता में रुचि लेने की विनती की थी।\n\nअब तक मेरी अमूल्य सहायता थोड़ी अदृश्य रही थी।\n\nअगले दिन डॉ. रॉय मेरे साथ सेरामपुर आश्रम गए।\n\nगुरु द्वारा उनसे एक संक्षिप्त साक्षात्कार के बाद, जिसमें अधिकांश भाग दोनों पक्षों की ओर से मौन रहा, आगंतुक तेज़ी से चले गए।","type":"default","passage":"सासी और तीन नीलम","commentary":"","meaning":""},{"id":"2","title":"17.2","content":"> एक मरे हुए आदमी को आश्रम में क्यों लाया जाए?\n कलकत्ता के संशयी व्यक्ति के लिए द्वार बंद होते ही श्रीयुक्तेश्वर ने मेरी ओर प्रश्नवाचक दृष्टि से देखा।\n\n> श्रीमान्! डॉक्टर बिलकुल जीवित हैं!\n  \n> लेकिन कुछ ही समय में वे मर जाएँगे।\n\n मैं चौंक गया।\n\n> श्रीमान्, यह उनके बेटे के लिए बहुत बड़ा आघात होगा।\n\nसंतोष को अभी भी अपने पिता के भौतिकवादी विचारों को बदलने के लिए समय की उम्मीद है।\n\nमैं आपसे प्रार्थना करता हूँ, गुरुदेव, कि आप उस व्यक्ति की सहायता करें।\n\n  \n> बहुत अच्छा; आपके लिए।\n\n मेरे गुरु का चेहरा भावशून्य था।\n\n> घोड़े का गर्व करने वाला डॉक्टर मधुमेह से बहुत दूर चला गया है, हालाँकि उसे इसका पता नहीं है।\n\nपंद्रह दिनों में वह बिस्तर पर चला जाएगा।\n\nचिकित्सक उसे खोया हुआ मान लेंगे; इस दुनिया को छोड़ने का उसका स्वाभाविक समय आज से छह सप्ताह बाद है।\n\nहालाँकि, आपकी मध्यस्थता के कारण, उस तिथि को वह ठीक हो जाएगा।\n\nलेकिन एक शर्त है।\n\nआपको उसे ज्योतिषीय चूड़ी पहनानी होगी; निस्संदेह वह ऑपरेशन से पहले अपने घोड़ों में से एक की तरह हिंसक रूप से विरोध करेगा!\n गुरुदेव हँसे।","type":"default","passage":"सासी और तीन नीलम","commentary":"","meaning":""},{"id":"3","title":"17.3","content":"कुछ देर चुप रहने के बाद, जिसमें मैं सोच रहा था कि संतोष और मैं इस अड़ियल डॉक्टर को मनाने की कला का सबसे अच्छा इस्तेमाल कैसे कर सकते हैं, श्रीयुक्तेश्वर ने आगे खुलासा किया।\n\n“जैसे ही वह आदमी ठीक हो जाए, उसे मांस न खाने की सलाह देना।\n\nलेकिन वह मेरी सलाह पर ध्यान नहीं देगा और छह महीने में, जब वह अपने सबसे अच्छे स्वास्थ्य में होगा, वह मर जाएगा।\n\nउसे छह महीने की अतिरिक्त आयु भी केवल आपकी प्रार्थना के कारण ही मिली है।\n\n” अगले दिन मैंने संतोष को सुझाव दिया कि वह जौहरी के यहां से एक बाजूबंद मंगवा ले।\n\nयह एक सप्ताह में तैयार हो गया, लेकिन डॉ. रॉय ने इसे पहनने से इनकार कर दिया।\n\n“मैं पूरी तरह स्वस्थ हूं।\n\nआप इन ज्योतिषीय अंधविश्वासों से मुझे कभी प्रभावित नहीं कर पाएंगे।\n\n” डॉक्टर ने मेरी ओर आक्रामक दृष्टि से देखा।","type":"default","passage":"सासी और तीन नीलम","commentary":"","meaning":""},{"id":"4","title":"17.4","content":"मुझे यह याद करके बहुत अच्छा लगा कि गुरु ने उस व्यक्ति की तुलना एक नाज़ुक घोड़े से की थी।\n\nसात दिन और बीते; अचानक बीमार हुए डॉक्टर ने विनम्रतापूर्वक चूड़ी पहनने की सहमति दे दी।\n\nदो सप्ताह बाद उपस्थित चिकित्सक ने मुझे बताया कि उनके रोगी का मामला निराशाजनक था।\n\nउन्होंने मधुमेह से होने वाले नुकसानों का भयावह विवरण दिया।\n\nमैंने अपना सिर हिलाया।\n\n> मेरे गुरु ने कहा है कि एक महीने की बीमारी के बाद डॉ. रॉय ठीक हो जाएँगे।\n\n चिकित्सक ने मुझे अविश्वास से देखा।\n\nलेकिन दो सप्ताह बाद उन्होंने क्षमाप्रार्थी भाव से मुझे ढूँढ़ा।\n\n> डॉ. रॉय पूरी तरह ठीक हो गए हैं!\n उन्होंने कहा।\n\n> मेरे अनुभव में यह सबसे आश्चर्यजनक मामला है।\n\nमैंने पहले कभी किसी मरते हुए व्यक्ति को इस तरह की अकल्पनीय वापसी करते नहीं देखा।\n\nआपके गुरु निश्चित रूप से एक उपचारक भविष्यवक्ता होंगे!","type":"default","passage":"सासी और तीन नीलम","commentary":"","meaning":""},{"id":"5","title":"17.5","content":"डॉ. रॉय के साथ एक साक्षात्कार के बाद, जिसके दौरान मैंने श्रीयुक्तेश्वर की मांस रहित आहार की सलाह दोहराई, मैंने उन्हें छह महीने तक फिर से नहीं देखा।\n\nएक शाम जब मैं गुरपार रोड पर अपने पारिवारिक घर के पियाजे पर बैठा था, तो वे मुझसे बात करने के लिए रुके।\n\n“अपने गुरु से कहो कि बार-बार मांस खाने से, मैंने अपनी पूरी ताकत वापस पा ली है।\n\nआहार पर उनके अवैज्ञानिक विचारों ने मुझे प्रभावित नहीं किया है।\n\n” यह सच था कि डॉ. रॉय स्वास्थ्य की तस्वीर लग रहे थे।\n\nलेकिन अगले दिन संतोष अगले ब्लॉक में अपने घर से दौड़ते हुए मेरे पास आए।\n\n“आज सुबह पिताजी मर गए!” यह मामला मास्टर के साथ मेरे सबसे अजीब अनुभवों में से एक था।\n\nउन्होंने विद्रोही पशु चिकित्सक को उसके अविश्वास के बावजूद ठीक कर दिया, और मेरी ईमानदारी से की गई प्रार्थना के कारण उस व्यक्ति की धरती पर प्राकृतिक अवधि छह महीने तक बढ़ा दी।\n\nएक भक्त की तत्काल प्रार्थना का सामना करने पर श्रीयुक्तेश्वर अपनी दयालुता में असीम थे।","type":"default","passage":"सासी और तीन नीलम","commentary":"","meaning":""},{"id":"6","title":"17.6","content":"कॉलेज के दोस्तों को अपने गुरु से मिलवाने लाना मेरे लिए सबसे बड़ा सौभाग्य था।\n\nउनमें से कई लोग - कम से कम आश्रम में तो! - धार्मिक संशयवाद के अपने फैशनेबल अकादमिक लबादे को एक तरफ रख देते थे।\n\nमेरे एक मित्र शशि ने कई सप्ताहांत श्रीरामपुर में खुशी से बिताए।\n\nगुरु को वह लड़का बहुत पसंद आया और उन्होंने दुख जताया कि उसका निजी जीवन जंगली और अव्यवस्थित था।\n\n> शशि, अगर तुम नहीं सुधरे, तो एक साल बाद तुम खतरनाक रूप से बीमार हो जाओगे।\n\n श्रीयुक्तेश्वर ने मेरे मित्र को स्नेहपूर्ण झुंझलाहट के साथ देखा।\n\n> मुकुंद गवाह है: बाद में मत कहना कि मैंने तुम्हें चेतावनी नहीं दी।\n\n शशि हंसा।\n\n> गुरु, मैं अपने दुखद मामले में ब्रह्मांड के मीठे दान को रुचिकर बनाने का काम आप पर छोड़ता हूँ! मेरी आत्मा तैयार है लेकिन मेरी इच्छाशक्ति कमजोर है।\n\nआप पृथ्वी पर मेरे एकमात्र उद्धारकर्ता हैं; मैं किसी और पर विश्वास नहीं करता।","type":"default","passage":"सासी और तीन नीलम","commentary":"","meaning":""},{"id":"7","title":"17.7","content":"> कम से कम आपको दो कैरेट का नीलम पहनना चाहिए।\n\nयह आपकी मदद करेगा।\n\n  \n> मैं एक भी नहीं खरीद सकता।\n\nवैसे भी, प्रिय गुरुजी, अगर मुसीबत आती है, तो मुझे पूरा विश्वास है कि आप मेरी रक्षा करेंगे।\n\n  \n> एक साल में आप तीन नीलम लाएंगे,  \n श्रीयुक्तेश्वर ने रहस्यमय ढंग से उत्तर दिया।\n\n> फिर वे किसी काम के नहीं रहेंगे।\n\n इस बातचीत में अक्सर बदलाव होते रहते थे।\n\n> मैं सुधर नहीं सकता!\n शशि ने हास्यास्पद निराशा में कहा।\n\n> और गुरु, आप पर मेरा भरोसा मेरे लिए किसी भी पत्थर से ज़्यादा कीमती है!\n एक साल बाद मैं अपने गुरु से मिलने उनके शिष्य नरेन बाबू के कलकत्ता स्थित घर गया।\n\nसुबह करीब दस बजे, जब मैं और श्रीयुक्तेश्वर दूसरी मंजिल के बैठकखाने में चुपचाप बैठे थे, मैंने सामने का दरवाज़ा खुलने की आवाज़ सुनी।\n\nगुरु अकड़कर सीधे हो गए।","type":"default","passage":"सासी और तीन नीलम","commentary":"","meaning":""},{"id":"8","title":"17.8","content":"> यह वही शशि है,  \n उन्होंने गंभीरता से कहा।\n\n> \n\nअब साल पूरा हो गया है; उसके दोनों फेफड़े काम नहीं कर रहे हैं।\n\nउसने मेरी सलाह को नज़रअंदाज़ कर दिया है; उससे कहो कि मैं उससे मिलना नहीं चाहता।\n\n श्रीयुक्तेश्वर की कठोरता से मैं आधा स्तब्ध होकर सीढ़ियों से नीचे उतरा।\n\nशशि ऊपर चढ़ रहा था।\n\n> हे मुकुंद! मुझे उम्मीद है कि गुरु यहीं हैं; मुझे लगा था कि वे हो सकते हैं।\n\n  \n> हाँ, लेकिन वे परेशान नहीं होना चाहते।\n\n शशि फूट-फूट कर रोने लगा और मुझे धक्का देकर निकल गया।\n\nउसने खुद को श्रीयुक्तेश्वर के चरणों में गिरा दिया और वहाँ तीन सुंदर नीलम रख दिए।\n\n> सर्वज्ञ गुरु, डॉक्टरों का कहना है कि मुझे तपेदिक है! उन्होंने मुझे तीन महीने से ज़्यादा का समय नहीं दिया है! मैं विनम्रतापूर्वक आपकी सहायता की याचना करता हूँ; मुझे पता है कि आप मुझे ठीक कर सकते हैं!","type":"default","passage":"सासी और तीन नीलम","commentary":"","meaning":""},{"id":"9","title":"17.9","content":"> क्या \n\nअब अपने जीवन के बारे में चिंता करने में कुछ देर नहीं हो गई है? अपने गहने लेकर चले जाओ; उनकी उपयोगिता का समय बीत चुका है।\n\n तब गुरु एक स्फिंक्स की तरह अविचलित मौन में बैठ गए, जिसमें लड़के की दया के लिए सिसकियाँ भी शामिल थीं।\n\nमेरे मन में एक सहज विश्वास आया कि श्रीयुक्तेश्वर केवल शशि के दिव्य उपचार शक्ति में विश्वास की गहराई का परीक्षण कर रहे थे।\n\nएक तनावपूर्ण घंटे के बाद जब गुरु ने मेरे पराजित मित्र पर सहानुभूतिपूर्ण नज़र डाली, तो मुझे आश्चर्य नहीं हुआ।\n\n> उठो शशि; तुम दूसरों के घरों में क्या हंगामा मचाती हो! अपने नीलम जौहरी को लौटा दो; वे \n\nअब एक अनावश्यक खर्च हैं।\n\nलेकिन एक ज्योतिषीय कंगन खरीदो और उसे पहनो।\n\nडरो मत; कुछ हफ़्तों में तुम ठीक हो जाओगी।","type":"default","passage":"सासी और तीन नीलम","commentary":"","meaning":""},{"id":"10","title":"17.10","content":"शशि की मुस्कान उसके आंसुओं से भीगे चेहरे पर ऐसे चमक रही थी जैसे भीगे हुए मैदान पर अचानक सूरज की रोशनी पड़ गई हो।\n\n“प्रिय गुरु, क्या मैं डॉक्टरों द्वारा बताई गई दवाइयाँ लूँ?” श्रीयुक्तेश्वर की नज़र में दीर्घ-कटुता थी।\n\n“जैसा आप चाहें-पीएँ या फेंक दें; इससे कोई फ़र्क नहीं पड़ता।\n\nसूर्य और चंद्रमा का अपनी-अपनी जगह बदल लेना, आपके क्षय रोग से मरने से कहीं ज़्यादा संभव है।\n\n” उन्होंने अचानक कहा, “अभी चले जाएँ, इससे पहले कि मैं अपना विचार बदल दूँ!” उत्तेजित होकर झुककर मेरा मित्र जल्दी से चला गया।\n\nअगले कुछ हफ़्तों में मैं कई बार उससे मिलने गया और उसकी हालत लगातार बिगड़ती देखकर हैरान रह गया।\n\n“शशि रात भर नहीं टिक सकता।\n\n” उसके चिकित्सक के ये शब्द और मेरे मित्र की हालत देखकर, जो \n\nअब लगभग कंकाल बन चुका था, मैं तुरंत श्रीरामपुर पहुँच गया।\n\nमेरे गुरु ने मेरी आंसुओं भरी रिपोर्ट को ठंडे दिमाग से सुना।","type":"default","passage":"सासी और तीन नीलम","commentary":"","meaning":""},{"id":"11","title":"17.11","content":"> तुम मुझे परेशान करने यहाँ क्यों आए हो? तुम पहले ही सुन चुके हो कि मैं शशि को उसके ठीक होने का आश्वासन दे रहा हूँ।\n\n मैंने बड़े विस्मय से उसके सामने सिर झुकाया और दरवाजे की ओर पीछे हट गया।\n\nश्रीयुक्तेश्वर ने विदा के शब्द नहीं कहे, बल्कि मौन में डूब गए, उनकी आँखें आधी खुली हुई थीं, उनकी दृष्टि किसी दूसरी दुनिया में चली गई थी।\n\nमैं तुरंत कलकत्ता में शशि के घर लौट आया।\n\nआश्चर्य से मैंने अपने मित्र को दूध पीते हुए बैठे हुए पाया।\n\n> हे मुकुंद! क्या चमत्कार है! चार घंटे पहले मैंने कमरे में गुरु की उपस्थिति महसूस की; मेरे भयानक लक्षण तुरंत गायब हो गए।\n\nमुझे लगता है कि उनकी कृपा से मैं पूरी तरह से ठीक हो गया हूँ।\n\n कुछ ही हफ्तों में शशि पहले से कहीं ज़्यादा मोटा और बेहतर स्वास्थ्य वाला हो गया।\n\n{FN17-1} लेकिन अपने ठीक होने पर उसकी अनोखी प्रतिक्रिया में एक कृतघ्नता का भाव था: वह शायद ही कभी फिर से श्रीयुक्तेश्वर के पास जाता था! मेरे मित्र ने मुझे एक दिन बताया कि उसे अपने पिछले जीवन के तरीके पर इतना गहरा पछतावा है कि उसे गुरु का सामना करने में शर्म आती है।","type":"default","passage":"सासी और तीन नीलम","commentary":"","meaning":""},{"id":"12","title":"17.12","content":"मैं केवल यह निष्कर्ष निकाल सकता था कि शशि की बीमारी ने उसकी इच्छाशक्ति को कठोर कर दिया था और उसके व्यवहार को बिगाड़ दिया था।\n\nस्कॉटिश चर्च कॉलेज में मेरे पाठ्यक्रम के पहले दो साल खत्म होने वाले थे।\n\nमेरी कक्षा में उपस्थिति बहुत ही अनियमित थी; मैंने जो थोड़ी बहुत पढ़ाई की वह केवल अपने परिवार के साथ शांति बनाए रखने के लिए थी।\n\nमेरे दो निजी शिक्षक नियमित रूप से मेरे घर आते थे; मैं नियमित रूप से अनुपस्थित रहता था: मैं अपने शैक्षणिक जीवन में कम से कम इस एक नियमितता को देख सकता हूँ! भारत में कॉलेज के दो सफल वर्ष इंटरमीडिएट आर्ट्स डिप्लोमा लाते हैं; फिर छात्र अगले दो वर्षों और अपनी ए.बी. डिग्री की उम्मीद कर सकता है।","type":"default","passage":"सासी और तीन नीलम","commentary":"","meaning":""},{"id":"13","title":"17.13","content":"इंटरमीडिएट आर्ट्स की अंतिम परीक्षाएं सामने खड़ी थीं।\n\nमैं पुरी भाग गया, जहां मेरे गुरु कुछ सप्ताह बिता रहे थे।\n\nइस उम्मीद में कि वे अंतिम परीक्षा में मेरी अनुपस्थिति को मंजूरी देंगे, मैंने अपनी शर्मनाक अतैयारी के बारे में बताया।\n\nलेकिन गुरु ने सांत्वना देते हुए मुस्कुराया।\n\n> तुमने पूरे दिल से अपने आध्यात्मिक कर्तव्यों का पालन किया है, और अपने कॉलेज के काम की उपेक्षा करने से नहीं बच सके।\n\nअगले सप्ताह के लिए अपनी पुस्तकों पर पूरी लगन से ध्यान लगाओ: तुम बिना किसी असफलता के अपनी परीक्षा पास कर लोगे।\n\n मैं कलकत्ता लौट आया, और कभी-कभी अजीबोगरीब उपहास के साथ उठने वाले सभी उचित संदेहों को दृढ़ता से दबा दिया।\n\nअपनी मेज पर पुस्तकों के पहाड़ को देखते हुए, मुझे ऐसा लगा जैसे कोई यात्री जंगल में खो गया हो।\n\nध्यान की एक लंबी अवधि ने मुझे मेहनत से बचाने वाली प्रेरणा दी।\n\nप्रत्येक पुस्तक को यादृच्छिक रूप से खोलते हुए, मैंने केवल उन पृष्ठों का अध्ययन किया जो इस प्रकार खुले थे।\n\nएक सप्ताह तक प्रतिदिन अठारह घंटे इस पाठ्यक्रम का पालन करते हुए, मैंने खुद को आने वाली सभी पीढ़ियों को रटने की कला पर सलाह देने का हकदार माना।","type":"default","passage":"सासी और तीन नीलम","commentary":"","meaning":""},{"id":"14","title":"17.14","content":"परीक्षा हॉल में अगले दिन मेरी बेतरतीब प्रक्रिया को सही साबित करने के लिए काफी थे।\n\nमैं सभी परीक्षाएँ पास कर गया, हालाँकि बहुत कम अंतर से।\n\nमेरे दोस्तों और परिवार की बधाईयाँ हास्यास्पद रूप से उनके आश्चर्य को प्रकट करने वाले स्खलन के साथ मिश्रित थीं।\n\nपुरी से लौटने पर, श्रीयुक्तेश्वर ने मुझे एक सुखद आश्चर्य दिया।\n\n“तुम्हारी कलकत्ता की पढ़ाई \n\nअब समाप्त हो गई है।\n\nमैं यह सुनिश्चित करूँगा कि तुम अपने विश्वविद्यालय के अंतिम दो साल यहीं सेरामपुर में पूरा करो।\n\n” मैं हैरान था।\n\n“सर, इस शहर में कला स्नातक पाठ्यक्रम नहीं है।\n\n” सेरामपुर कॉलेज, उच्च शिक्षा का एकमात्र संस्थान, इंटरमीडिएट आर्ट्स में केवल दो वर्षीय पाठ्यक्रम प्रदान करता था।","type":"default","passage":"सासी और तीन नीलम","commentary":"","meaning":""},{"id":"15","title":"17.15","content":"मास्टर शरारती ढंग से मुस्कुराए।\n\n“मैं आपके लिए ए.बी. कॉलेज खोलने के लिए चंदा इकट्ठा करने के लिए बहुत बूढ़ा हो गया हूँ।\n\nमुझे लगता है कि मुझे किसी और के ज़रिए इस मामले को सुलझाना होगा।\n\n” दो महीने बाद सेरामपुर कॉलेज के अध्यक्ष प्रोफेसर हॉवेल्स ने सार्वजनिक रूप से घोषणा की कि वे चार साल का कोर्स शुरू करने के लिए पर्याप्त धन जुटाने में सफल रहे हैं।\n\nसेरामपुर कॉलेज कलकत्ता विश्वविद्यालय की एक शाखा बन गया।\n\nमैं ए.बी. उम्मीदवार के रूप में सेरामपुर में दाखिला लेने वाले पहले छात्रों में से एक था।\n\n“गुरुजी, आप मुझ पर कितने दयालु हैं! मैं कलकत्ता छोड़कर हर दिन सेरामपुर में आपके पास रहने के लिए तरस रहा हूँ।\n\nप्रोफेसर हॉवेल्स को सपने में भी नहीं पता कि आपकी मौन मदद के लिए वे कितने ऋणी हैं!”","type":"default","passage":"सासी और तीन नीलम","commentary":"","meaning":""},{"id":"16","title":"17.16","content":"श्रीयुक्तेश्वर ने मेरी ओर नकली गंभीरता से देखा।\n\n“\n\nअब तुम्हें ट्रेन में इतने घंटे नहीं बिताने पड़ेंगे; तुम्हारे पास पढ़ाई के लिए कितना खाली समय होगा! शायद तुम आखिरी समय में रटने वाले कम और विद्वान ज़्यादा बन जाओगे।\n\n” लेकिन किसी तरह उनके लहज़े में दृढ़ विश्वास की कमी थी।\n\nFN17-1} 1936 में मैंने एक दोस्त से सुना कि शशि अभी भी बहुत स्वस्थ है।","type":"default","passage":"सासी और तीन नीलम","commentary":"","meaning":""}]}