{"id":18,"title":"एक मोहम्मडन चमत्कारी (अफजल खान)","description":"एक मोहम्मडन चमत्कारी (अफजल खान)","sectionCount":16,"tags":null,"contentId":"AoY02","sections":[{"id":"1","title":"18.1","content":"एक मुसलमान चमत्कारी व्यक्ति “सालों पहले, ठीक इसी कमरे में, जिसमें आप \n\nअब रहते हैं, एक मुसलमान चमत्कारी व्यक्ति ने मेरे सामने चार चमत्कार किए थे!” श्री युक्तेश्वर ने यह आश्चर्यजनक बयान मेरे नए क्वार्टर में अपनी पहली यात्रा के दौरान दिया था।\n\nसेरामपुर कॉलेज में प्रवेश करने के तुरंत बाद, मैंने पास के एक बोर्डिंगहाउस में एक कमरा लिया था, जिसे पंथी कहा जाता था।\n\nयह एक पुराने जमाने की ईंटों की हवेली थी, जो गंगा के सामने थी।\n\n“गुरु, कैसा संयोग है! क्या ये नई सजी हुई दीवारें वास्तव में यादों से भरी हुई हैं?” मैंने जागृत रुचि के साथ अपने साधारण रूप से सुसज्जित कमरे के चारों ओर देखा।\n\n“यह एक लंबी कहानी है।\n\n” मेरे गुरु ने याद दिलाते हुए मुस्कुराया।\n\n“फकीर का नाम {FN18-1} अफजल खान था","type":"default","passage":"एक मोहम्मडन चमत्कारी (अफजल खान)","commentary":"","meaning":""},{"id":"2","title":"18.2","content":"**बेटा, मुझे प्यास लगी है, मेरे लिए पानी लाओ।\n\n** पूर्वी बंगाल के एक छोटे से गांव में बचपन के दिनों में एक धूल से लथपथ संन्यासी ने अफजल से एक दिन यह अनुरोध किया।\n\n**गुरुजी, मैं मुसलमान हूं।\n\nआप हिंदू होकर मेरे हाथ से पानी कैसे पी सकते हैं?** **बेटा, तुम्हारी सच्चाई मुझे बहुत पसंद है।\n\nमैं अधार्मिक संप्रदायवाद के घृणित नियमों का पालन नहीं करता।\n\nजाओ, जल्दी से मेरे लिए पानी लाओ।\n\n** **अफजल की श्रद्धापूर्ण आज्ञाकारिता को योगी की प्रेम भरी दृष्टि से पुरस्कृत किया गया।\n\n**तुम्हारे पास पिछले जन्मों के अच्छे कर्म हैं, ** उसने गंभीरता से कहा।\n\n**मैं तुम्हें एक विशेष योग विधि सिखाने जा रहा हूं, जो तुम्हें अदृश्य क्षेत्रों में से एक पर नियंत्रण प्रदान करेगी।\n\nजो महान शक्तियां तुम्हें मिलेंगी, उनका उपयोग अच्छे उद्देश्यों के लिए करना चाहिए; उन्हें कभी भी स्वार्थी रूप से उपयोग न करें! मुझे लगता है, अफसोस! कि तुम अतीत से विनाशकारी प्रवृत्तियों के कुछ बीज लाए हो।\n\nउन्हें नए बुरे कार्यों से सींचकर अंकुरित न होने दो।\n\nआपके पिछले कर्मों की जटिलता ऐसी है कि आपको इस जीवन का उपयोग अपनी योगिक उपलब्धियों को उच्चतम मानवीय लक्ष्यों के साथ समन्वयित करने के लिए करना चाहिए।\n\n'","type":"default","passage":"एक मोहम्मडन चमत्कारी (अफजल खान)","commentary":"","meaning":""},{"id":"3","title":"18.3","content":"“आश्चर्यचकित बालक को एक जटिल तकनीक सिखाने के बाद गुरु गायब हो गया।\n\n“अफ़ज़ल ने बीस साल तक अपने योग अभ्यास का ईमानदारी से पालन किया।\n\nउसके चमत्कारी कारनामों ने व्यापक ध्यान आकर्षित करना शुरू कर दिया।\n\nऐसा लगता है कि उसके साथ हमेशा एक अशरीरी आत्मा रहती थी जिसे वह ‘हज़रत’ कहता था।\n\nयह अदृश्य सत्ता फ़कीर की छोटी-सी इच्छा को भी पूरा करने में सक्षम थी।\n\n“अपने गुरु की चेतावनी को नज़रअंदाज़ करते हुए अफ़ज़ल ने अपनी शक्तियों का दुरुपयोग करना शुरू कर दिया।\n\nवह जिस भी वस्तु को छूता और फिर बदल देता, वह जल्द ही बिना किसी निशान के गायब हो जाती।\n\nइस भयावह घटना ने आम तौर पर मुसलमान को एक आपत्तिजनक अतिथि बना दिया! “वह समय-समय पर कलकत्ता में बड़े आभूषणों की दुकानों में जाता था, खुद को संभावित खरीदार के रूप में पेश करता था।\n\nवह जिस भी आभूषण को छूता, वह दुकान से निकलने के कुछ ही समय बाद गायब हो जाता।","type":"default","passage":"एक मोहम्मडन चमत्कारी (अफजल खान)","commentary":"","meaning":""},{"id":"4","title":"18.4","content":"“अफ़ज़ल अक्सर सैकड़ों छात्रों से घिरा रहता था, जो उसके रहस्यों को जानने की उम्मीद में आकर्षित होते थे।\n\nफ़कीर कभी-कभी उन्हें अपने साथ यात्रा करने के लिए आमंत्रित करता था।\n\nरेलवे स्टेशन पर वह किसी तरह टिकटों के रोल को छू लेता था।\n\nवह उन्हें क्लर्क को लौटा देता था, और कहता था: ‘मैंने अपना मन बदल लिया है, और \n\nअब मैं उन्हें नहीं खरीदूंगा।\n\n’ लेकिन जब वह अपने साथियों के साथ ट्रेन में चढ़ता था, तो अफ़ज़ल के पास ज़रूरी टिकट होते थे।\n\n{FN18-2} “इन कारनामों से आक्रोशपूर्ण हंगामा मच जाता था; बंगाली जौहरी और टिकट-विक्रेता नर्वस ब्रेकडाउन के शिकार हो जाते थे! अफ़ज़ल को गिरफ़्तार करने की कोशिश करने वाली पुलिस खुद को असहाय पाती थी; फ़कीर सिर्फ़ यह कहकर दोषी ठहराने वाले सबूत मिटा सकता था: ‘हज़रत, इसे ले जाइए।\n\n’”","type":"default","passage":"एक मोहम्मडन चमत्कारी (अफजल खान)","commentary":"","meaning":""},{"id":"5","title":"18.5","content":"श्रीयुक्तेश्वर अपनी सीट से उठे और मेरे कमरे की बालकनी में चले गए, जहाँ से गंगा का नज़ारा दिखाई देता था।\n\nमैं उनके पीछे-पीछे चला, और अधिक हैरान करने वाले मोहम्मडन रैफल्स के बारे में सुनने के लिए उत्सुक था।\n\n“यह पंथी घर पहले मेरे एक दोस्त का था।\n\nवह अफ़ज़ल से परिचित हो गया और उसे यहाँ आमंत्रित किया।\n\nमेरे दोस्त ने खुद को मिलाकर लगभग बीस पड़ोसियों को भी आमंत्रित किया।\n\nमैं तब सिर्फ़ एक युवा था, और कुख्यात फ़कीर के बारे में मेरे मन में गहरी जिज्ञासा थी।\n\n” मास्टर हँसे।\n\n“मैंने कोई कीमती चीज़ न पहनने की सावधानी बरती! अफ़ज़ल ने जिज्ञासा से मेरी ओर देखा, फिर टिप्पणी की: “‘तुम्हारे हाथ बहुत शक्तिशाली हैं।\n\nनीचे बगीचे में जाओ; एक चिकना पत्थर लाओ और उस पर चाक से अपना नाम लिखो; फिर पत्थर को जहाँ तक हो सके गंगा में फेंक दो।\n\n’","type":"default","passage":"एक मोहम्मडन चमत्कारी (अफजल खान)","commentary":"","meaning":""},{"id":"6","title":"18.6","content":"> मैंने आज्ञा का पालन किया।\n\nजैसे ही पत्थर दूर की लहरों में लुप्त हो गया, मुसलमान ने मुझे फिर संबोधित किया:  \n**इस घर के सामने एक बर्तन में गंगा जल भर लो।\n\n**  \n> जब मैं पानी का बर्तन लेकर लौटा, तो फकीर ने पुकारा, **हजरत, पत्थर को बर्तन में डाल दो!**  \nपत्थर तुरंत प्रकट हो गया।\n\nमैंने इसे बर्तन से निकाला और पाया कि मेरा हस्ताक्षर उतना ही सुपाठ्य था जितना कि मैंने इसे लिखते समय किया था।\n\n> बाबू, {FN18-3} कमरे में मेरे दोस्तों में से एक, एक भारी प्राचीन सोने की घड़ी और चेन पहने हुए थे।\n\nफकीर ने उन्हें अशुभ प्रशंसा के साथ जांचा।\n\nजल्द ही वे गायब थे!  \n**अफजल, कृपया मेरी बेशकीमती विरासत लौटा दो!**","type":"default","passage":"एक मोहम्मडन चमत्कारी (अफजल खान)","commentary":"","meaning":""},{"id":"7","title":"18.7","content":"“मुसलमान कुछ देर तक चुपचाप रहा, फिर बोला, ‘तुम्हारे पास लोहे की तिजोरी में पाँच सौ रुपए हैं।\n\nउन्हें मेरे पास लाओ, और मैं तुम्हें बता दूँगा कि तुम्हारी घड़ी कहाँ है।\n\n’ “बेचैन बाबू तुरंत अपने घर के लिए निकल पड़ा।\n\nवह कुछ ही देर में वापस आया और अफ़ज़ल को ज़रूरी रकम थमा दी।\n\n“‘अपने घर के पास छोटे से पुल पर जाओ, ’ फ़कीर ने बाबू को निर्देश दिया।\n\n‘हज़रत को बुलाओ ताकि वे तुम्हें घड़ी और चेन दे दें।\n\n’ “बाबू भाग गया।\n\nवापस आते समय, उसके चेहरे पर राहत की मुस्कान थी और उसके पास कोई भी आभूषण नहीं था।\n\n“‘जब मैंने हज़रत को निर्देश दिया, ’ उसने घोषणा की, ‘मेरी घड़ी हवा से लुढ़क कर मेरे दाहिने हाथ में आ गई! तुम्हें यकीन हो सकता है कि मैंने यहाँ समूह में वापस आने से पहले विरासत को अपनी तिजोरी में बंद कर दिया था!’","type":"default","passage":"एक मोहम्मडन चमत्कारी (अफजल खान)","commentary":"","meaning":""},{"id":"8","title":"18.8","content":"“बाबू के दोस्त, जो घड़ी के बदले फिरौती की इस हास्यास्पद त्रासदी के गवाह थे, अफ़ज़ल को नाराज़गी से घूर रहे थे।\n\nअब वह शांत भाव से बोल रहा था।\n\n“‘कृपया कोई भी पेय पदार्थ बताएँ जिसे आप पीना चाहते हैं; हज़रत उसे बना देंगे।\n\n’ “कुछ लोगों ने दूध माँगा, तो कुछ ने फलों का रस।\n\nमुझे तब ज़्यादा आश्चर्य नहीं हुआ जब घबराए हुए बाबू ने व्हिस्की माँगी! मुसलमान ने एक ऑर्डर दिया; हज़रत ने आज्ञाकारी सीलबंद कंटेनर हवा में उछाले और ज़मीन पर गिरे।\n\nहर व्यक्ति को उसका मनचाहा पेय पदार्थ मिल गया।\n\n“दिन के चौथे शानदार कारनामे का वादा निस्संदेह हमारे मेज़बान को संतुष्ट करने वाला था: अफ़ज़ल ने तुरंत दोपहर का भोजन देने की पेशकश की!","type":"default","passage":"एक मोहम्मडन चमत्कारी (अफजल खान)","commentary":"","meaning":""},{"id":"9","title":"18.9","content":"“‘चलो सबसे महंगे व्यंजन मंगवाते हैं, ’ बाबू ने उदास होकर सुझाव दिया।\n\n‘मुझे अपने पाँच सौ रुपये में एक शानदार भोजन चाहिए! सब कुछ सोने की थालियों में परोसा जाना चाहिए!’ “जैसे ही हर व्यक्ति ने अपनी पसंद बताई, फ़कीर ने खुद को अक्षय हज़रत से संबोधित किया।\n\nएक ज़ोरदार खड़खड़ाहट हुई; जटिल रूप से तैयार की गई करी, गर्म लूचिस और कई बेमौसम फलों से भरे सोने के थाल कहीं से हमारे पैरों के पास आ गिरे।\n\nसारा खाना स्वादिष्ट था।\n\nएक घंटे तक दावत उड़ाने के बाद, हम कमरे से बाहर निकलने लगे।\n\nएक ज़बरदस्त शोर, जैसे कि व्यंजन ढेर किए जा रहे हों, ने हमें पीछे मुड़ने पर मजबूर कर दिया।\n\nदेखो! चमचमाती हुई प्लेटों या खाने के बचे हुए हिस्से का कोई निशान नहीं था।\n\n”","type":"default","passage":"एक मोहम्मडन चमत्कारी (अफजल खान)","commentary":"","meaning":""},{"id":"10","title":"18.10","content":"> गुरुजी,  \n मैंने बीच में टोका,  \n> अगर अफ़ज़ल सोने के बर्तन जैसी चीज़ें आसानी से हासिल कर सकता था, तो उसने दूसरों की संपत्ति पर लालच क्यों किया?\n  \n> फ़कीर आध्यात्मिक रूप से बहुत विकसित नहीं था,  \n श्री युक्तेश्वर ने समझाया।\n\n> एक ख़ास योग तकनीक में उसकी महारत ने उसे एक ऐसे सूक्ष्म विमान तक पहुँचा दिया जहाँ कोई भी इच्छा तुरंत पूरी हो जाती है।\n\nएक सूक्ष्म प्राणी, हज़रत की एजेंसी के ज़रिए, मुसलमान शक्तिशाली इच्छाशक्ति के ज़रिए ईथर ऊर्जा से किसी भी वस्तु के परमाणुओं को बुला सकता था।\n\nलेकिन ऐसी सूक्ष्म रूप से उत्पादित वस्तुएँ संरचनात्मक रूप से क्षणभंगुर होती हैं; उन्हें लंबे समय तक बनाए नहीं रखा जा सकता।\n\nअफ़ज़ल अभी भी सांसारिक धन की लालसा रखता था, जो कि, \n\nहालांकि अधिक मुश्किल से कमाया गया था, लेकिन अधिक भरोसेमंद स्थायित्व वाला था।","type":"default","passage":"एक मोहम्मडन चमत्कारी (अफजल खान)","commentary":"","meaning":""},{"id":"11","title":"18.11","content":"मैं हँसा।\n\n“यह भी कभी-कभी बहुत ही बेवजह गायब हो जाता है!” “अफ़ज़ल ईश्वर-साक्षात्कार वाला व्यक्ति नहीं था, ” गुरु ने कहा।\n\n“सच्चे संतों द्वारा स्थायी और लाभकारी प्रकृति के चमत्कार किए जाते हैं क्योंकि उन्होंने खुद को सर्वशक्तिमान निर्माता के साथ जोड़ लिया है।\n\nअफ़ज़ल केवल एक साधारण व्यक्ति था जिसके पास एक सूक्ष्म क्षेत्र में प्रवेश करने की असाधारण शक्ति थी, जिसमें आमतौर पर मृत्यु तक मनुष्य प्रवेश नहीं कर पाता।\n\n” “\n\nअब मैं समझ गया, गुरुजी।\n\nपरलोक में कुछ आकर्षक विशेषताएँ प्रतीत होती हैं।\n\n” गुरु ने सहमति जताई।\n\n“मैंने उस दिन के बाद अफ़ज़ल को कभी नहीं देखा, लेकिन कुछ साल बाद बाबू मेरे घर आए और मुझे मुसलमान के सार्वजनिक कबूलनामे का एक अख़बार का विवरण दिखाया।\n\nउससे मुझे वे तथ्य पता चले जो मैंने अभी आपको अफ़ज़ल की एक हिंदू गुरु से प्रारंभिक दीक्षा के बारे में बताए हैं।\n\n”","type":"default","passage":"एक मोहम्मडन चमत्कारी (अफजल खान)","commentary":"","meaning":""},{"id":"12","title":"18.12","content":"श्रीयुक्तेश्वर द्वारा स्मरण किए गए प्रकाशित दस्तावेज के उत्तरार्द्ध का सार इस प्रकार था:  \n> मैं, अफजल खान, ये शब्द प्रायश्चित के रूप में लिख रहा हूँ और उन लोगों के लिए चेतावनी के रूप में जो चमत्कारी शक्तियों को प्राप्त करना चाहते हैं।\n\nवर्षों से मैं भगवान और मेरे गुरु की कृपा से मुझे प्राप्त चमत्कारिक क्षमताओं का दुरुपयोग कर रहा हूँ।\n\nमैं अहंकार के नशे में चूर हो गया, मुझे लगा कि मैं नैतिकता के सामान्य नियमों से परे हूँ।\n\nआखिरकार मेरे हिसाब का दिन आ ही गया।\n\nहाल ही में मैं कलकत्ता के बाहर एक सड़क पर एक बूढ़े व्यक्ति से मिला।\n\nवह दर्द से लंगड़ाते हुए चल रहा था, उसके हाथ में सोने जैसी चमकीली वस्तु थी।\n\nमैंने अपने दिल में लालच के साथ उससे बात की।","type":"default","passage":"एक मोहम्मडन चमत्कारी (अफजल खान)","commentary":"","meaning":""},{"id":"13","title":"18.13","content":"“‘मैं अफ़ज़ल ख़ान हूँ, महान फ़कीर।\n\nतुम्हारे पास वहाँ क्या है?’ “‘यह सोने की गेंद मेरी एकमात्र भौतिक संपत्ति है; यह एक फ़कीर के लिए कोई रुचिकर नहीं हो सकती।\n\nमैं आपसे विनती करता हूँ, श्रीमान्, मेरी लंगड़ाहट ठीक कर दीजिए।\n\n’ “मैंने गेंद को छुआ और बिना उत्तर दिए चला गया।\n\nबूढ़ा आदमी लंगड़ाता हुआ मेरे पीछे आया।\n\nउसने जल्द ही ज़ोर से चिल्लाया : ‘मेरा सोना चला गया!’ “जबकि मैंने कोई ध्यान नहीं दिया, वह अचानक एक ज़ोरदार आवाज़ में बोला जो उसके कमज़ोर शरीर से अजीब तरह से निकल रही थी : ‘क्या तुम मुझे नहीं पहचानते?’ “मैं अवाक रह गया, यह जानकर स्तब्ध रह गया कि यह नीरस बूढ़ा अपंग कोई और नहीं बल्कि वह महान संत थे, जिन्होंने बहुत पहले मुझे योग की दीक्षा दी थी","type":"default","passage":"एक मोहम्मडन चमत्कारी (अफजल खान)","commentary":"","meaning":""},{"id":"14","title":"18.14","content":"**तो!** मेरे गुरु की दृष्टि में आग सी थी।\n\n**मैं अपनी आँखों से देख रहा हूँ कि तुम अपनी शक्तियों का उपयोग पीड़ित मानवता की सहायता करने के लिए नहीं, बल्कि एक आम चोर की तरह उसका शिकार करने के लिए करते हो! मैं तुम्हारी गुप्त विद्याएँ वापस ले लेता हूँ; हजरत \n\nअब तुमसे मुक्त हो गए हैं।\n\nअब तुम बंगाल में आतंक नहीं रहोगे!** **मैंने पीड़ा भरे स्वर में हजरत को पुकारा; पहली बार, वे मेरी अंतरात्मा में प्रकट नहीं हुए।\n\nलेकिन अचानक मेरे भीतर कोई काला पर्दा उठ गया; मैंने अपने जीवन की निन्दा को स्पष्ट रूप से देखा।\n\n**मेरे गुरु, मैं आपको मेरे लंबे भ्रम को दूर करने के लिए आने के लिए धन्यवाद देता हूँ।\n\n** मैं उनके चरणों में रो रहा था।\n\n**मैं अपनी सांसारिक महत्वाकांक्षाओं को त्यागने का वचन देता हूँ।\n\nमैं अपने बुरे अतीत के प्रायश्चित की आशा में, ईश्वर पर एकांत ध्यान करने के लिए पहाड़ों पर जाऊँगा।\n\n'","type":"default","passage":"एक मोहम्मडन चमत्कारी (अफजल खान)","commentary":"","meaning":""},{"id":"15","title":"18.15","content":"> मेरे गुरु ने मुझे मौन करुणा से देखा।\n\n**मैं तुम्हारी ईमानदारी को महसूस करता हूँ, ** उन्होंने \n\nअंत में कहा।\n\n**तुम्हारे पिछले वर्षों के कठोर आज्ञाकारिता के कारण, और तुम्हारे वर्तमान पश्चाताप के कारण, मैं तुम्हें एक वरदान देता हूँ।\n\nतुम्हारी अन्य शक्तियाँ \n\nअब समाप्त हो गई हैं, लेकिन जब भी तुम्हें भोजन और कपड़ों की आवश्यकता होगी, तब भी तुम उन्हें प्रदान करने के लिए हज़रत को सफलतापूर्वक बुला सकते हो।\n\nपहाड़ के एकांत में दिव्य ज्ञान के लिए अपने आप को पूरी तरह से समर्पित करो।\n\n**  \nमेरे गुरु तब गायब हो गए; मैं अपने आँसुओं और विचारों के लिए छोड़ दिया गया था।\n\nअलविदा, दुनिया! मैं ब्रह्मांडीय प्रियतम की क्षमा माँगने जा रहा हूँ।\n\n\" {FN18-1} एक मुस्लिम योगी; अरबी FAQIR से, गरीब; मूल रूप से गरीबी की शपथ के तहत दरवेशों के लिए लागू किया गया।","type":"default","passage":"एक मोहम्मडन चमत्कारी (अफजल खान)","commentary":"","meaning":""},{"id":"16","title":"18.16","content":"{FN18-2} मेरे पिता ने बाद में मुझे बताया कि उनकी कंपनी, बंगाल-नागपुर रेलवे, अफ़ज़ल खान द्वारा पीड़ित फर्मों में से एक थी।\n\n{FN18-3} मुझे श्री युक्तेश्वर के मित्र का नाम याद नहीं है, और मुझे उन्हें केवल “बाबू”  \n***(श्रीमान)***\n कहना चाहिए।","type":"default","passage":"एक मोहम्मडन चमत्कारी (अफजल खान)","commentary":"","meaning":""}]}