{"id":19,"title":"मेरा गुरु एक साथ कलकत्ता और सेरामपुर में प्रकट होते हैं","description":"मेरा गुरु एक साथ कलकत्ता और सेरामपुर में प्रकट होते हैं","sectionCount":9,"tags":[],"contentId":"AoY02","sections":[{"id":"1","title":"19.1","content":"मेरे गुरु, कलकत्ता में, सेरामपुर में प्रकट होते हैं “मैं अक्सर नास्तिकता के संदेहों से घिरा रहता हूँ।\n\nफिर भी एक कष्टदायक अनुमान कभी-कभी मुझे सताता है: क्या आत्मा की अनछुई संभावनाएँ मौजूद नहीं हो सकती हैं? यदि मनुष्य उनका पता लगाने में विफल रहता है तो क्या वह अपने वास्तविक भाग्य को नहीं खो रहा है?” पंथी बोर्डिंगहाउस में मेरे रूममेट, दिजेन बाबू की ये टिप्पणियाँ मेरे उस निमंत्रण से उत्पन्न हुईं कि वह मेरे गुरु से मिलें।\n\n“श्री युक्तेश्वरजी आपको क्रिया योग में दीक्षित करेंगे, ” मैंने उत्तर दिया।\n\n“यह एक दिव्य आंतरिक निश्चितता द्वारा द्वैतवादी उथल-पुथल को शांत करता है।\n\n” उस शाम दिजेन मेरे साथ आश्रम गए।\n\nगुरु की उपस्थिति में मेरे मित्र को ऐसी आध्यात्मिक शांति मिली कि वह जल्द ही लगातार आने-जाने लगा।\n\nदैनिक जीवन के तुच्छ पूर्वाग्रह मनुष्य के लिए पर्याप्त नहीं हैं; ज्ञान भी एक स्वाभाविक भूख है।\n\nश्री युक्तेश्वर के शब्दों में दिजेन को उन प्रयासों के लिए एक प्रोत्साहन मिला-पहले दर्दनाक, फिर सहजता से मुक्तिदायक-अपने भीतर एक वास्तविक स्वयं का पता लगाने के लिए, जो एक अस्थायी जन्म के अपमानजनक अहंकार से अलग है, जो आत्मा के लिए शायद ही कभी पर्याप्त होता है।","type":"default","passage":"मेरा गुरु एक साथ कलकत्ता और सेरामपुर में प्रकट होते हैं","commentary":"","meaning":""},{"id":"2","title":"19.2","content":"चूँकि दिजेन और मैं दोनों सेरामपुर कॉलेज में ए.बी. पाठ्यक्रम कर रहे थे, \n\nइसलिए कक्षाएं खत्म होते ही हमें साथ में आश्रम तक पैदल जाने की आदत हो गई।\n\nहम अक्सर श्री युक्तेश्वर को उनकी दूसरी मंजिल की बालकनी पर खड़े देखते थे, जो मुस्कान के साथ हमारे आने का स्वागत करते थे।\n\nएक दोपहर कनाई, जो आश्रम में रहने वाला एक युवक था, निराशाजनक समाचार लेकर दिजेन और मुझसे दरवाजे पर मिला।\n\n“गुरुजी यहाँ नहीं हैं; उन्हें एक जरूरी संदेश द्वारा कलकत्ता बुलाया गया था।\n\n” अगले दिन मुझे अपने गुरु का एक पोस्ट कार्ड मिला।\n\n“मैं बुधवार सुबह कलकत्ता से निकलूँगा, ” उन्होंने लिखा था।\n\n“तुम और दिजेन सुबह नौ बजे की ट्रेन से सेरामपुर स्टेशन पर मिलना।\n\n”","type":"default","passage":"मेरा गुरु एक साथ कलकत्ता और सेरामपुर में प्रकट होते हैं","commentary":"","meaning":""},{"id":"3","title":"19.3","content":"बुधवार सुबह लगभग साढ़े आठ बजे, श्री युक्तेश्वर का एक टेलीपैथिक संदेश मेरे दिमाग में आग्रहपूर्वक कौंधा: “मुझे देर हो रही है; नौ बजे की ट्रेन से मत मिलना।\n\n” मैंने दिजेन को नवीनतम निर्देश दिए, जो पहले से ही जाने के लिए तैयार था।\n\n“तुम और तुम्हारी अंतर्ज्ञान!” मेरे दोस्त की आवाज में व्यंग्य था।\n\n“मैं गुरुजी के लिखे शब्दों पर भरोसा करना पसंद करता हूँ।\n\n” मैंने अपने कंधे उचकाए और शांत भाव से बैठ गया।\n\nगुस्से में बुदबुदाते हुए, दिजेन दरवाजे की ओर बढ़ा और शोर से उसे अपने पीछे बंद कर लिया।\n\nचूँकि कमरा थोड़ा अंधेरा था, मैं सड़क के सामने वाली खिड़की के पास चला गया।\n\nकम धूप अचानक एक तीव्र चमक में बदल गई जिसमें लोहे की सलाखों वाली खिड़की पूरी तरह से गायब हो गई।\n\nइस चकाचौंध भरी पृष्ठभूमि के सामने श्री युक्तेश्वर की स्पष्ट रूप से भौतिक आकृति दिखाई दी!","type":"default","passage":"मेरा गुरु एक साथ कलकत्ता और सेरामपुर में प्रकट होते हैं","commentary":"","meaning":""},{"id":"4","title":"19.4","content":"आघात के बिंदु तक हक्का-बक्का रह गया, मैं अपनी कुर्सी से उठा और उनके सामने घुटने टेक दिए।\n\nअपने गुरु के चरणों में सम्मानपूर्वक अभिवादन के अपने अभ्यस्त हावभाव के साथ, मैंने उनके जूते छुए।\n\nये मुझे परिचित थे, नारंगी रंग के कैनवास के, रस्सी से सिल दिए गए।\n\nउनके गेरुए रंग के स्वामी वस्त्र मुझसे छू गए; मैंने न केवल उनके वस्त्र की बनावट, बल्कि जूतों की किरकिरी सतह और उनके भीतर उनके पैर की उंगलियों के दबाव को भी स्पष्ट रूप से महसूस किया।\n\nएक शब्द भी कहने के लिए बहुत अधिक चकित, मैं खड़ा हो गया और उन्हें प्रश्नवाचक दृष्टि से देखा।\n\n“मुझे खुशी हुई कि आपको मेरा टेलीपैथिक संदेश मिल गया।\n\n” गुरुजी की आवाज शांत, पूरी तरह से सामान्य थी।\n\n“मैंने \n\nअब कलकत्ता में अपना काम पूरा कर लिया है, और दस बजे की ट्रेन से सेरामपुर पहुँचूँगा।\n\n”","type":"default","passage":"मेरा गुरु एक साथ कलकत्ता और सेरामपुर में प्रकट होते हैं","commentary":"","meaning":""},{"id":"5","title":"19.5","content":"जैसे ही मैं अभी भी चुपचाप देखता रहा, श्री युक्तेश्वर ने आगे कहा, “यह कोई प्रेत नहीं है, बल्कि मेरा मांस और रक्त का रूप है।\n\nमुझे दिव्य रूप से यह अनुभव देने का आदेश दिया गया है, जो पृथ्वी पर प्राप्त करना दुर्लभ है।\n\nस्टेशन पर मुझसे मिलो; तुम और दिजेन मुझे अपनी ओर आते हुए देखेंगे, जैसे मैं अभी हूँ।\n\nमेरे आगे एक साथी यात्री होगा-एक छोटा लड़का जो चांदी का जग ले जा रहा होगा।\n\n” मेरे गुरु ने बुदबुदाते हुए आशीर्वाद के साथ दोनों हाथ मेरे सिर पर रखे।\n\nजैसे ही उन्होंने “तब आसी” {FN19-1} शब्दों के साथ समाप्त किया, मैंने एक अजीब सी गड़गड़ाहट सुनी।\n\n{FN19-2} भेदी प्रकाश में उनका शरीर धीरे-धीरे पिघलने लगा।\n\nपहले उनके पैर और टांगें गायब हो गईं, फिर उनका धड़ और सिर, जैसे कोई स्क्रॉल लपेटा जा रहा हो।\n\nआखिर तक, मैं उनकी उंगलियों को अपने बालों पर हल्के से टिके हुए महसूस कर सकता था।\n\nतेज फीका पड़ गया; मेरे सामने सलाखों वाली खिड़की और धूप की एक हल्की धारा के अलावा कुछ भी नहीं बचा।","type":"default","passage":"मेरा गुरु एक साथ कलकत्ता और सेरामपुर में प्रकट होते हैं","commentary":"","meaning":""},{"id":"6","title":"19.6","content":"मैं भ्रम की अर्ध-मूर्छा में रहा, यह सवाल करते हुए कि क्या मैं किसी मतिभ्रम का शिकार तो नहीं हो गया था।\n\nएक निराश दिजेन जल्द ही कमरे में दाखिल हुआ।\n\n“गुरुजी नौ बजे की ट्रेन में नहीं थे, और साढ़े नौ बजे की ट्रेन में भी नहीं।\n\n” मेरे दोस्त ने थोड़े क्षमाप्रार्थी भाव से अपनी घोषणा की।\n\n“तो चलो; मुझे पता है कि वह दस बजे आएंगे।\n\n” मैंने दिजेन का हाथ पकड़ा और उसके विरोध पर ध्यान न देते हुए उसे जबरदस्ती अपने साथ ले गया।\n\nलगभग दस मिनट में हम स्टेशन में दाखिल हुए, जहाँ ट्रेन पहले से ही रुकने के लिए हांफ रही थी।\n\n“पूरी ट्रेन गुरुजी की आभा के प्रकाश से भर गई है! वह वहाँ है!” मैंने खुशी से कहा।","type":"default","passage":"मेरा गुरु एक साथ कलकत्ता और सेरामपुर में प्रकट होते हैं","commentary":"","meaning":""},{"id":"7","title":"19.7","content":"“तुम ऐसा सपना देखते हो?” दिजेन मजाक उड़ाते हुए हँसा।\n\n“चलो यहाँ इंतज़ार करते हैं।\n\n” मैंने अपने दोस्त को बताया कि कैसे हमारे गुरु हमारे पास आएंगे।\n\nजैसे ही मैंने अपना वर्णन समाप्त किया, श्री युक्तेश्वर दृष्टि में आए, वही कपड़े पहने हुए जो मैंने कुछ समय पहले देखे थे।\n\nवह चांदी का जग लिए एक छोटे लड़के के पीछे-पीछे धीरे-धीरे चला।\n\nएक पल के लिए मेरे अनुभव की अभूतपूर्व विचित्रता से ठंडे डर की एक लहर मेरे अंदर से गुजर गई।\n\nमैंने महसूस किया कि भौतिकवादी, बीसवीं सदी की दुनिया मुझसे फिसल रही है; क्या मैं उन प्राचीन दिनों में वापस आ गया था जब यीशु पतरस के सामने समुद्र पर प्रकट हुए थे? जैसे ही श्री युक्तेश्वर, एक आधुनिक योगी-मसीह, उस स्थान पर पहुँचे जहाँ दिजेन और मैं अवाक जड़ें जमाए हुए थे, गुरुजी मेरे दोस्त पर मुस्कुराए और बोले:","type":"default","passage":"मेरा गुरु एक साथ कलकत्ता और सेरामपुर में प्रकट होते हैं","commentary":"","meaning":""},{"id":"8","title":"19.8","content":"“मैंने तुम्हें भी एक संदेश भेजा था, लेकिन तुम उसे समझ नहीं पाए।\n\n” दिजेन चुप था, लेकिन उसने मुझ पर शक की निगाहों से देखा।\n\nजब हम अपने गुरु को उनके आश्रम तक ले गए, तो मैं और मेरा दोस्त सेरामपुर कॉलेज की ओर चल पड़े।\n\nदिजेन गली में रुक गया, उसके हर रोम छिद्र से आक्रोश बह रहा था।\n\n“तो! गुरुजी ने मुझे एक संदेश भेजा! फिर भी तुमने उसे छुपाया! मुझे एक स्पष्टीकरण चाहिए!” “अगर आपका मानसिक दर्पण इतनी बेचैनी से दोलन करता है कि आप हमारे गुरु के निर्देशों को दर्ज नहीं कर सकते तो क्या मैं इसकी मदद कर सकता हूँ?” मैंने जवाब दिया।\n\nदिजेन के चेहरे से गुस्सा गायब हो गया।\n\n“मैं समझ गया कि आपका क्या मतलब है, ” उसने पछतावे से कहा।\n\n“लेकिन कृपया समझाएँ कि आप जग वाले बच्चे के बारे में कैसे जान सकते थे।\n\n”","type":"default","passage":"मेरा गुरु एक साथ कलकत्ता और सेरामपुर में प्रकट होते हैं","commentary":"","meaning":""},{"id":"9","title":"19.9","content":"जब तक मैंने उस सुबह बोर्डिंगहाउस में गुरुजी के अभूतपूर्व प्रकट होने की कहानी समाप्त की, तब तक मैं और मेरा दोस्त सेरामपुर कॉलेज पहुँच चुके थे।\n\n“हमारे गुरु की शक्तियों के बारे में मैंने जो वृत्तांत अभी सुना है, ” दिजेन ने कहा, “मुझे ऐसा लगता है कि दुनिया का कोई भी विश्वविद्यालय केवल एक बालवाड़ी है।\n\n” {FN19-1} बंगाली “अलविदा”; शाब्दिक रूप से, यह एक आशावादी विरोधाभास है: “तब मैं आता हूँ।\n\n” {FN19-2} शारीरिक परमाणुओं के विघटन की विशिष्ट ध्वनि।","type":"default","passage":"मेरा गुरु एक साथ कलकत्ता और सेरामपुर में प्रकट होते हैं","commentary":"","meaning":""}]}