{"id":2,"title":"माँ की मृत्यु और ताबीज","description":"माँ की मृत्यु और ताबीज","sectionCount":15,"tags":null,"contentId":"AoY02","sections":[{"id":"1","title":"2.1","content":"मेरी माँ की मृत्यु और रहस्यमयी ताबीज मेरी माँ की सबसे बड़ी इच्छा मेरे बड़े भाई की शादी थी।\n\n> आह, जब मैं अनंत की पत्नी का चेहरा देखूंगा, तो मुझे इस धरती पर स्वर्ग मिलेगा!\n मैंने अक्सर माँ को इन शब्दों में परिवार की निरंतरता के लिए उनकी मजबूत भारतीय भावना व्यक्त करते सुना।\n\nअनंत की सगाई के समय मैं लगभग ग्यारह वर्ष का था।\n\nमाँ कलकत्ता में थीं, खुशी-खुशी शादी की तैयारियों की देखरेख कर रही थीं।\n\nपिताजी और मैं अकेले उत्तर भारत के बरेली में अपने घर पर रह गए थे, जहाँ से पिताजी दो साल लाहौर में रहने के बाद स्थानांतरित हो गए थे।\n\nमैंने पहले अपनी दो बड़ी बहनों, रोमा और उमा के विवाह संस्कारों की भव्यता देखी थी; लेकिन सबसे बड़े बेटे के रूप में अनंत के लिए, योजनाएँ वास्तव में विस्तृत थीं।\n\nमाँ कई रिश्तेदारों का स्वागत कर रही थीं, जो दूर-दूर के घरों से रोजाना कलकत्ता आ रहे थे सब कुछ तैयार था - भोज के व्यंजन, भव्य सिंहासन जिस पर भाई को दुल्हन के घर ले जाया जाना था, रंग-बिरंगी रोशनियों की कतारें, विशालकाय कार्डबोर्ड के हाथी और ऊँट, अंग्रेजी, स्कॉटिश और भारतीय ऑर्केस्ट्रा, पेशेवर मनोरंजनकर्ता, प्राचीन अनुष्ठानों के लिए पुजारी।","type":"default","passage":"माँ की मृत्यु और ताबीज","commentary":"","meaning":""},{"id":"2","title":"2.2","content":"पिता और मैं, बहुत खुश थे, समारोह के लिए समय पर परिवार में शामिल होने की योजना बना रहे थे।\n\nलेकिन, उस महान दिन से कुछ समय पहले, मुझे एक अशुभ सपना आया।\n\nयह आधी रात को बरेली में था।\n\nजब मैं अपने बंगले के पियाजे पर पिता के बगल में सो रहा था, तो बिस्तर पर मच्छरदानी की एक अजीब सी फड़फड़ाहट ने मुझे जगा दिया।\n\nपतले पर्दे हट गए और मैंने अपनी माँ का प्यारा रूप देखा।\n\n> अपने पिता को जगाओ!\n उनकी आवाज़ सिर्फ़ एक फुसफुसाहट थी।\n\n> आज सुबह चार बजे पहली उपलब्ध ट्रेन पकड़ो।\n\nअगर तुम मुझे देखना चाहते हो तो कलकत्ता भाग जाओ!\n भूत जैसी आकृति गायब हो गई।\n\n> पिताजी, पिता! माँ मर रही है!\n मेरे स्वर में भय ने उन्हें तुरंत जगा दिया।\n\nमैंने घातक समाचार को रोते हुए बताया।","type":"default","passage":"माँ की मृत्यु और ताबीज","commentary":"","meaning":""},{"id":"3","title":"2.3","content":"> तुम्हारी यह भ्रांति भूल जाओ।\n\n पिता ने नई परिस्थिति के प्रति अपना विशिष्ट नकारात्मक रुख अपनाया।\n\n> तुम्हारी माँ का स्वास्थ्य बहुत अच्छा है।\n\nअगर हमें कोई बुरी खबर मिलती है, तो हम कल ही चले जाएँगे।\n\n  \n> तुम अभी न जाने के लिए खुद को कभी माफ़ नहीं कर पाओगे!\n पीड़ा ने मुझे कड़वाहट से भर दिया,  \n> और न ही मैं तुम्हें कभी माफ़ कर पाऊँगा!\n उदास सुबह स्पष्ट शब्दों के साथ आई:  \n> माँ बहुत बीमार है; शादी स्थगित; तुरंत आओ।\n\n पिता और मैं विचलित होकर चले गए।\n\nमेरे एक चाचा हमें एक स्थानान्तरण बिंदु पर रास्ते में मिले।\n\nएक ट्रेन हमारी ओर तेज़ी से बढ़ी, दूरबीन की तरह बढ़ती हुई।\n\nमेरे भीतर के कोलाहल से, अचानक रेल की पटरियों पर खुद को फेंकने का दृढ़ संकल्प हुआ।\n\nमुझे लगा कि मैं पहले से ही अपनी माँ से वंचित था, मैं अचानक से बंजर हो चुकी इस दुनिया को बर्दाश्त नहीं कर सकता था।\n\nमैं माँ को धरती पर अपने सबसे प्यारे दोस्त के रूप में प्यार करता था।\n\nबचपन की छोटी-छोटी त्रासदियों में उनकी सांत्वना देने वाली काली आँखें मेरी सबसे सुरक्षित शरण थीं।","type":"default","passage":"माँ की मृत्यु और ताबीज","commentary":"","meaning":""},{"id":"4","title":"2.4","content":"> क्या वह अभी भी जीवित है?\n मैंने अपने चाचा से एक आखिरी सवाल पूछा।\n\n> बेशक वह जीवित है!\n मेरे चेहरे पर निराशा को समझने में उन्हें देर नहीं लगी।\n\nलेकिन मुझे उनकी बात पर यकीन नहीं हुआ।\n\nजब हम अपने कलकत्ता स्थित घर पहुँचे, तो हमें मौत के चौंकाने वाले रहस्य का सामना करना पड़ा।\n\nमैं लगभग बेजान अवस्था में गिर पड़ा।\n\nमेरे दिल में किसी तरह का सामंजस्य आने में सालों लग गए।\n\nस्वर्ग के दरवाज़े पर धावा बोलते हुए, मेरी चीखों ने आखिरकार दिव्य माँ को बुलाया।\n\nउनके शब्दों ने मेरे घावों को अंतिम रूप से भर दिया:  \n> यह मैं ही हूँ जिसने कई माताओं की कोमलता में, जीवन-दर-जीवन तुम्हारी देखभाल की है! मेरी नज़र में उन दो काली आँखों को देखो, खोई हुई खूबसूरत आँखों को, जिन्हें तुम ढूँढ़ रही हो!","type":"default","passage":"माँ की मृत्यु और ताबीज","commentary":"","meaning":""},{"id":"5","title":"2.5","content":"पिता और मैं अपने प्रियतम के अंतिम संस्कार के तुरंत बाद बरेली लौट आए।\n\nहर सुबह मैं एक दयनीय स्मारक बनाता था - हमारे बंगले के सामने चिकने, हरे-सुनहरे लॉन पर छाया देने वाले एक बड़े शेओली पेड़ की तीर्थयात्रा।\n\nकाव्यात्मक क्षणों में, मुझे लगता था कि घास की वेदी पर स्वेच्छा से सफेद शेओली के फूल खिल रहे हैं।\n\nओस के साथ आँसू मिलाते हुए, मैंने अक्सर भोर से एक अजीब दूसरी दुनिया की रोशनी निकलती देखी।\n\nईश्वर के लिए तीव्र लालसा ने मुझे घेर लिया।\n\nमुझे हिमालय की ओर बहुत ज़्यादा खींचा गया।\n\nमेरे एक चचेरे भाई, पवित्र पहाड़ियों की यात्रा करके हाल ही में बरेली आए थे।\n\nमैंने योगियों और स्वामियों के ऊंचे पहाड़ों के निवास के बारे में उनकी कहानियाँ उत्सुकता से सुनीं।\n\n{FN2-1}","type":"default","passage":"माँ की मृत्यु और ताबीज","commentary":"","meaning":""},{"id":"6","title":"2.6","content":"> चलो हिमालय भाग चलें।\n\n एक दिन बरेली में हमारे मकान मालिक के युवा बेटे द्वारका प्रसाद को मेरा सुझाव किसी ने नहीं सुना।\n\nउन्होंने मेरे बड़े भाई को मेरी योजना बताई, जो अभी-अभी पिताजी से मिलने आए थे।\n\nएक छोटे लड़के की इस अव्यवहारिक योजना पर हल्के से हंसने के बजाय, अनंत ने मेरा मज़ाक उड़ाना शुरू कर दिया।\n\n> तुम्हारा नारंगी चोगा कहाँ है? इसके बिना तुम स्वामी नहीं हो सकते!\n लेकिन मैं उसके शब्दों से बेवजह रोमांचित हो गया।\n\nवे मेरे मन में एक भिक्षु के रूप में भारत में घूमने की एक स्पष्ट तस्वीर लेकर आए।\n\nशायद उन्होंने पिछले जन्म की यादें जगा दीं; किसी भी मामले में, मुझे यह देखने में आसानी होने लगी कि मैं कितनी सहजता से उस प्राचीन रूप से स्थापित मठवासी व्यवस्था की पोशाक पहन सकता हूँ।","type":"default","passage":"माँ की मृत्यु और ताबीज","commentary":"","meaning":""},{"id":"7","title":"2.7","content":"एक सुबह द्वारका के साथ बातचीत करते हुए, मुझे लगा कि ईश्वर के प्रति प्रेम हिमस्खलन की तरह उतर रहा है।\n\nमेरा साथी इस वाक्पटुता को आंशिक रूप से ही सुन रहा था, लेकिन मैं पूरे मन से खुद को सुन रहा था।\n\nमैं उस दोपहर हिमालय की तलहटी में नैनी ताल की ओर भाग गया।\n\nअनंत ने दृढ़ता से पीछा किया; मुझे दुखी होकर बरेली लौटना पड़ा।\n\nमुझे केवल एक ही तीर्थयात्रा की अनुमति थी, जो भोर में शेओली वृक्ष के पास जाने की प्रथा थी।\n\nमेरा दिल खोई हुई माताओं के लिए रोया, चाहे वे मानव हों या दैवीय।\n\nमाँ की मृत्यु से परिवार के ताने-बाने में जो दरार आई, वह अपूरणीय थी।\n\nपिता ने अपने लगभग चालीस शेष वर्षों के दौरान कभी पुनर्विवाह नहीं किया।\n\nअपने छोटे झुंड के लिए पिता-माता की कठिन भूमिका निभाते हुए, वे स्पष्ट रूप से अधिक कोमल, अधिक मिलनसार बन गए।\n\nशांति और अंतर्दृष्टि के साथ, उन्होंने विभिन्न पारिवारिक समस्याओं को हल किया।\n\nकार्यालय के घंटों के बाद वे एक साधु की तरह अपने कमरे की कोठरी में चले जाते, मधुर शांति में क्रिया योग का अभ्यास करते।\n\nमाँ की मृत्यु के बहुत समय बाद, मैंने एक अंग्रेज़ नर्स को नियुक्त करने का प्रयास किया ताकि वह मेरे माता-पिता के जीवन को और अधिक आरामदायक बनाने के लिए ज़रूरी काम कर सके।\n\nलेकिन पिताजी ने सिर हिला दिया।","type":"default","passage":"माँ की मृत्यु और ताबीज","commentary":"","meaning":""},{"id":"8","title":"2.8","content":"[चित्रण: मेरी माँ, लाहिड़ी महाशय की शिष्या—माँ देखें.jpg] “मेरी सेवा तुम्हारी माँ के साथ ही समाप्त हो गई।\n\n” उनकी आँखों में आजीवन भक्ति थी।\n\n“मैं किसी अन्य महिला से सेवा स्वीकार नहीं करूँगा।\n\n” माँ के निधन के चौदह महीने बाद, मुझे पता चला कि उन्होंने मेरे लिए एक महत्वपूर्ण संदेश छोड़ा है।\n\nअनंत उनकी मृत्युशैया पर मौजूद थे और उन्होंने उनके शब्दों को रिकॉर्ड किया था।\n\nहालाँकि उन्होंने कहा था कि मुझे एक साल में यह खुलासा किया जाए, लेकिन मेरे भाई ने देरी की।\n\nवह जल्द ही बरेली छोड़कर कलकत्ता जाने वाला था, ताकि माँ द्वारा उसके लिए चुनी गई लड़की से विवाह कर सके।\n\n{FN2-2} एक शाम उसने मुझे अपने पास बुलाया।\n\n“मुकुंद, मैं तुम्हें अजीबोगरीब समाचार देने से हिचकिचा रहा हूँ।\n\n” अनंत के स्वर में हार का भाव था।\n\n“मुझे डर था कि घर छोड़ने की तुम्हारी इच्छा भड़क जाए।\n\nलेकिन किसी भी हालत में तुम दिव्य उत्साह से भरे हुए हो।\n\nजब मैंने हाल ही में हिमालय जाते हुए तुम्हें पकड़ा था, तो मैंने एक निश्चित संकल्प लिया था।\n\nमुझे अपने गंभीर वादे को पूरा करने में और देरी नहीं करनी चाहिए।\n\n” मेरे भाई ने मुझे एक छोटा सा डिब्बा दिया और उसमें माँ का संदेश दिया।","type":"default","passage":"माँ की मृत्यु और ताबीज","commentary":"","meaning":""},{"id":"9","title":"2.9","content":"“ये शब्द मेरे अंतिम आशीर्वाद हों, मेरे प्यारे बेटे मुकुंद!” माँ ने कहा था।\n\n“वह समय आ गया है जब मुझे तुम्हारे जन्म के बाद की कई अद्भुत घटनाओं का वर्णन करना चाहिए।\n\nमैंने पहली बार तुम्हारे नियत मार्ग को तब जाना जब तुम मेरी गोद में एक शिशु थे।\n\nतब मैं तुम्हें बनारस में अपने गुरु के घर ले गई।\n\nशिष्यों की भीड़ के पीछे लगभग छुपकर, मैं लाहिड़ी महाशय को मुश्किल से देख पा रही थी क्योंकि वे गहरे ध्यान में बैठे थे।\n\n“जब मैंने तुम्हें थपथपाया, मैं प्रार्थना कर रही थी कि महान गुरु ध्यान दें और आशीर्वाद दें।\n\nजैसे-जैसे मेरी मौन भक्ति की मांग तीव्र होती गई, उन्होंने अपनी आंखें खोलीं और मुझे पास आने का इशारा किया।\n\nदूसरों ने मेरे लिए रास्ता बनाया; मैंने पवित्र चरणों में सिर झुकाया।\n\nमेरे गुरु ने आपको अपनी गोद में बैठाया","type":"default","passage":"माँ की मृत्यु और ताबीज","commentary":"","meaning":""},{"id":"10","title":"2.10","content":"“‘छोटी माँ, तुम्हारा बेटा एक योगी होगा।\n\nएक आध्यात्मिक इंजन के रूप में, वह कई आत्माओं को भगवान के राज्य में ले जाएगा।\n\n’ “सर्वज्ञ गुरु द्वारा मेरी गुप्त प्रार्थना को स्वीकार किए जाने पर मेरा दिल खुशी से उछल पड़ा।\n\nतुम्हारे जन्म से कुछ समय पहले, उन्होंने मुझसे कहा था कि तुम उनके मार्ग का अनुसरण करोगे।\n\n“बाद में, मेरे बेटे, महान प्रकाश के तुम्हारे दर्शन मुझे और तुम्हारी बहन रोमा को ज्ञात हुए, क्योंकि अगले कमरे से हमने तुम्हें बिस्तर पर निश्चल देखा।\n\nतुम्हारा छोटा सा चेहरा रोशन था; तुम्हारी आवाज़ में दृढ़ संकल्प था जब तुम ईश्वर की खोज में हिमालय जाने की बात करते थे।\n\n“इन तरीकों से, प्यारे बेटे, मुझे पता चला कि तुम्हारा रास्ता सांसारिक महत्वाकांक्षाओं से बहुत दूर है।\n\nमेरे जीवन की सबसे अनोखी घटना ने और पुष्टि की- एक ऐसी घटना जो \n\nअब मेरे मृत्युशय्या संदेश को प्रेरित करती है।","type":"default","passage":"माँ की मृत्यु और ताबीज","commentary":"","meaning":""},{"id":"11","title":"2.11","content":"“यह पंजाब में एक साधु से साक्षात्कार था।\n\nजब हमारा परिवार लाहौर में रहता था, एक सुबह नौकर अचानक मेरे कमरे में आया।\n\n“‘मालकिन, यहाँ एक अजीब सा साधु आया हुआ है।\n\nवह आग्रह कर रहा है कि वह “मुकुंदा की माँ को देखे।\n\n”’ “इन सरल शब्दों ने मेरे भीतर एक गहरा प्रभाव डाला; मैं तुरंत उस आगंतुक का अभिवादन करने के लिए गया।\n\nउसके चरणों में झुकते हुए, मैंने महसूस किया कि मेरे सामने एक सच्चा ईश्वरीय व्यक्ति खड़ा है।\n\n“‘माँ, ’ उसने कहा, ‘महान गुरु चाहते हैं कि आप जान लें कि आपका पृथ्वी पर रहना ज़्यादा समय तक नहीं रहेगा।\n\nआपकी अगली बीमारी आपकी आखिरी बीमारी साबित होगी।\n\n’ {FN2-4} एक सन्नाटा छा गया, जिसके दौरान मुझे कोई डर नहीं लगा, बल्कि केवल महान शांति का कंपन महसूस हुआ।\n\nअंत में उसने मुझे फिर से संबोधित किया:","type":"default","passage":"माँ की मृत्यु और ताबीज","commentary":"","meaning":""},{"id":"12","title":"2.12","content":"\"**तुम्हें एक खास चांदी के ताबीज का संरक्षक बनना है।\n\nमैं इसे आज तुम्हें नहीं दूंगा; मेरे शब्दों में सत्यता प्रदर्शित करने के लिए, कल जब तुम ध्यान करोगे तो यह ताबीज तुम्हारे हाथों में साकार हो जाएगा।\n\nअपनी मृत्युशैया पर, तुम्हें अपने सबसे बड़े बेटे अनंत को यह ताबीज एक वर्ष तक अपने पास रखने और फिर अपने दूसरे बेटे को सौंपने का निर्देश देना चाहिए।\n\nमुकुंद को महान लोगों से ताबीज का अर्थ समझ में आ जाएगा।\n\nउसे यह उस समय मिलना चाहिए जब वह सभी सांसारिक आशाओं को त्यागने और ईश्वर की खोज शुरू करने के लिए तैयार हो।\n\nजब वह ताबीज कुछ वर्षों तक अपने पास रखेगा, और जब यह अपना उद्देश्य पूरा कर लेगा, तो यह गायब हो जाएगा।\n\nयहां तक कि अगर इसे सबसे गुप्त स्थान पर भी रखा जाए, तो यह वहीं वापस चला जाएगा जहां से आया था।\n\n**","type":"default","passage":"माँ की मृत्यु और ताबीज","commentary":"","meaning":""},{"id":"13","title":"2.13","content":"> मैंने संत को भिक्षा दी और बड़े आदर से उनके सामने झुक गया।\n\nभेंट न लेते हुए, उन्होंने आशीर्वाद देकर प्रस्थान किया।\n\nअगली शाम, जब मैं ध्यान में हाथ जोड़कर बैठा था, तो मेरे हथेलियों के बीच एक चांदी का ताबीज प्रकट हुआ, जैसा कि साधु ने वादा किया था।\n\nइसने अपने आप को एक ठंडे, चिकने स्पर्श से प्रकट किया।\n\nमैंने इसे दो वर्षों से अधिक समय तक ईर्ष्यापूर्वक संरक्षित किया है, और \n\nअब इसे अनंत के पास छोड़ता हूँ।\n\nमेरे लिए शोक मत करो, क्योंकि मुझे मेरे महान गुरु ने अनंत की बाहों में पहुँचा दिया है।\n\nअलविदा, मेरे बच्चे; ब्रह्मांडीय माँ तुम्हारी रक्षा करेगी।\n\n ताबीज को अपने कब्जे में लेते ही मेरे ऊपर ज्ञान की एक ज्वाला छा गई; कई सुप्त स्मृतियाँ जाग उठीं।\n\nताबीज, गोल और प्राचीन रूप से विचित्र, संस्कृत अक्षरों से ढका हुआ था।\n\nलेकिन ताबीज का हृदय पूरी तरह से प्रकट नहीं होता।","type":"default","passage":"माँ की मृत्यु और ताबीज","commentary":"","meaning":""},{"id":"14","title":"2.14","content":"मेरे जीवन की अत्यंत दुखद परिस्थितियों के बीच आख़िरकार वह ताबीज कैसे गायब हो गया; और कैसे उसका खो जाना मेरे लिए गुरु प्राप्ति का संदेशवाहक बन गया, यह इस अध्याय में नहीं बताया जा सकता।\n\nलेकिन छोटा लड़का, हिमालय तक पहुँचने के अपने प्रयासों में विफल रहा, प्रतिदिन अपने ताबीज के पंखों पर दूर-दूर तक यात्रा करता था।\n\n{FN2-1} स्वामी का संस्कृत मूल अर्थ है  \n> वह जो अपने स्व  \n***(SWA)***\n के साथ एक है।\n\n भारतीय भिक्षुओं के संप्रदाय के सदस्य के लिए लागू, इस उपाधि में  \n> श्रद्धेय\n का औपचारिक सम्मान है।\n\n{FN2-2} भारतीय परंपरा, जिसके अनुसार माता-पिता अपने बच्चे के लिए जीवनसाथी चुनते हैं, ने समय के कठोर प्रहारों का विरोध किया है।\n\nखुशहाल भारतीय विवाहों का प्रतिशत बहुत अधिक है।","type":"default","passage":"माँ की मृत्यु और ताबीज","commentary":"","meaning":""},{"id":"15","title":"2.15","content":"{FN2-3} एक संन्यासी; वह जो साधना या आध्यात्मिक अनुशासन का मार्ग अपनाता है।\n\n{FN2-4} जब मैंने इन शब्दों से जाना कि माँ के पास अल्पायु का गुप्त ज्ञान था, तो मुझे पहली बार समझ में आया कि वह अनंत के विवाह की योजना को जल्दी पूरा करने पर क्यों जोर दे रही थी।\n\nहालाँकि वह विवाह से पहले ही मर गई थी, लेकिन उसकी स्वाभाविक मातृ इच्छा संस्कारों को देखने की थी।\n\n{FN2-5} साधुओं के प्रति सम्मान का एक पारंपरिक इशारा।","type":"default","passage":"माँ की मृत्यु और ताबीज","commentary":"","meaning":""}]}