{"id":21,"title":"हम कश्मीर जाते हैं","description":"हम कश्मीर जाते हैं","sectionCount":24,"tags":null,"contentId":"AoY02","sections":[{"id":"1","title":"21.1","content":"हम कश्मीर गए  \n> \n\nअब तुम यात्रा करने के लिए पर्याप्त रूप से मजबूत हो।\n\nमैं तुम्हारे साथ कश्मीर जाऊंगा,  \n श्रीयुक्तेश्वर ने एशियाई हैजा से मेरे चमत्कारिक रूप से ठीक होने के दो दिन बाद मुझे सूचित किया।\n\nउस शाम छह लोगों का हमारा दल उत्तर की ओर रवाना हुआ।\n\nहमारा पहला आरामदेह पड़ाव शिमला था, जो हिमालय की पहाड़ियों के सिंहासन पर बसा एक रानी जैसा शहर है।\n\nहम शानदार नज़ारों को निहारते हुए खड़ी सड़कों पर टहलते रहे।\n\n> अंग्रेजी स्ट्रॉबेरी बिक्री के लिए है,  \n एक बूढ़ी औरत चिल्लाई, जो एक खूबसूरत खुले बाज़ार में बैठी थी।\n\nमास्टर अजीब छोटे लाल फलों के बारे में उत्सुक थे।\n\nउन्होंने एक टोकरी भर स्ट्रॉबेरी खरीदी और उसे कनाई और मुझे, जो पास में ही थे, पेश किया।\n\nमैंने एक बेरी चखी लेकिन जल्दी से उसे ज़मीन पर थूक दिया।","type":"default","passage":"हम कश्मीर जाते हैं","commentary":"","meaning":""},{"id":"2","title":"21.2","content":"> सर, कितना खट्टा फल है! मुझे स्ट्रॉबेरी कभी पसंद नहीं आ सकती!\n मेरे गुरु हंसे।\n\n> ओह, आपको वे अमेरिका में पसंद आएंगी।\n\nवहां डिनर में, आपकी मेज़बान उन्हें चीनी और क्रीम के साथ परोसेंगी।\n\nजब वह जामुन को कांटे से मसल देगी, तो आप उन्हें चखेंगे और कहेंगे: **कितनी स्वादिष्ट स्ट्रॉबेरी हैं!** तब आपको शिमला में यह दिन याद आएगा।\n\n श्रीयुक्तेश्वर की भविष्यवाणी मेरे दिमाग से गायब हो गई, लेकिन कई साल बाद, अमेरिका पहुंचने के कुछ ही समय बाद फिर से सामने आई।\n\nमैं मैसाचुसेट्स के वेस्ट सोमरविले में श्रीमती एलिस टी. हैसी  \n***(सिस्टर योगमाता)***\n के घर पर रात्रिभोज के लिए मेहमान था।\n\nजब स्ट्रॉबेरी की मिठाई मेज पर रखी गई, तो मेरी मेज़बान ने अपना कांटा उठाया और मेरे जामुन को मसल दिया, क्रीम और चीनी मिला दी।\n\n> फल थोड़ा खट्टा है; मुझे लगता है कि आपको यह इस तरह से पसंद आएगा,  \n उसने टिप्पणी की।","type":"default","passage":"हम कश्मीर जाते हैं","commentary":"","meaning":""},{"id":"3","title":"21.3","content":"मैंने एक कौर खाया।\n\n> कितनी स्वादिष्ट स्ट्रॉबेरी हैं!\n मैंने कहा।\n\nशिमला में मेरे गुरु की भविष्यवाणी स्मृति की अथाह गुफा से तुरंत उभर आई।\n\nयह महसूस करना आश्चर्यजनक था कि बहुत पहले श्री युक्तेश्वर के ईश्वर-केंद्रित मन ने भविष्य के आकाश में भटकते हुए कर्मों की घटनाओं के कार्यक्रम को संवेदनशीलता से पहचान लिया था।\n\nहमारा दल जल्द ही शिमला से निकल गया और रावलपिंडी के लिए ट्रेन में सवार हो गया।\n\nवहाँ हमने दो घोड़ों द्वारा खींची जाने वाली एक बड़ी लैंडौ किराए पर ली, जिसमें हमने कश्मीर की राजधानी श्रीनगर की सात दिवसीय यात्रा शुरू की।\n\nहमारी उत्तर की ओर की यात्रा के दूसरे दिन हिमालय की असली विशालता देखने को मिली।\n\nजैसे-जैसे हमारी गाड़ी के लोहे के पहिये गर्म, पथरीली सड़कों पर चरमराते थे, हम पहाड़ी भव्यता के बदलते दृश्यों से मंत्रमुग्ध हो जाते थे।","type":"default","passage":"हम कश्मीर जाते हैं","commentary":"","meaning":""},{"id":"4","title":"21.4","content":"“सर, ” ऑडी ने मास्टर से कहा, “मैं आपकी पवित्र संगति में इन शानदार दृश्यों का भरपूर आनंद ले रहा हूँ।\n\n” ऑडी की प्रशंसा से मुझे खुशी की लहर महसूस हुई, क्योंकि मैं इस यात्रा में मेजबान की भूमिका निभा रहा था।\n\nश्रीयुक्तेश्वर ने मेरे विचार को समझ लिया; वह मेरी ओर मुड़े और फुसफुसाए: “खुद को खुश मत करो; ऑडी दृश्यों से उतना मंत्रमुग्ध नहीं है जितना कि वह सिगरेट पीने के लिए हमें लंबे समय तक छोड़ने की संभावना से है।\n\n” मैं चौंक गया।\n\n“सर, ” मैंने दबी आवाज़ में कहा, “कृपया इन अप्रिय शब्दों से हमारे सामंजस्य को न तोड़ें।\n\nमैं मुश्किल से विश्वास कर सकता हूँ कि ऑडी सिगरेट के लिए तरस रहा है।\n\n” {FN21-1} मैंने अपने हमेशा अदम्य गुरु की ओर आशंका से देखा।","type":"default","passage":"हम कश्मीर जाते हैं","commentary":"","meaning":""},{"id":"5","title":"21.5","content":"> बहुत अच्छा; मैं ऑडी से कुछ नहीं कहूँगा।\n\n मास्टर ने ठहाका लगाया।\n\n> लेकिन आप जल्द ही देखेंगे, जब लैंडौ रुकेगा, तो ऑडी अपने मौके का फ़ायदा उठाने में कोई कसर नहीं छोड़ेगा।\n\n गाड़ी एक छोटे से कारवां सराय में पहुँची।\n\nजब हमारे घोड़ों को पानी पिलाने के लिए ले जाया जा रहा था, तो ऑडी ने पूछा,  \n> सर, क्या आपको कोई आपत्ति है अगर मैं ड्राइवर के साथ थोड़ी देर के लिए सवारी करूँ? मैं थोड़ी बाहर की हवा लेना चाहता हूँ।\n\n श्रीयुक्तेश्वर ने अनुमति दे दी, लेकिन मुझसे कहा,  \n> उसे ताज़ी हवा नहीं, ताज़ा धुआँ चाहिए।\n\n लैंडौ ने धूल भरी सड़कों पर शोर मचाते हुए अपनी गति फिर से शुरू कर दी।\n\nमास्टर की आँखें चमक रही थीं; उन्होंने मुझे निर्देश दिया,  \n> अपनी गर्दन को गाड़ी के दरवाज़े से ऊपर उठाओ और देखो कि ऑडी हवा के साथ क्या कर रहा है।","type":"default","passage":"हम कश्मीर जाते हैं","commentary":"","meaning":""},{"id":"6","title":"21.6","content":"मैंने उनकी बात मान ली और ऑडी को सिगरेट के धुएँ के छल्ले छोड़ते देख कर मैं चकित रह गया।\n\nश्रीयुक्तेश्वर की ओर मेरी नज़र क्षमाप्रार्थी थी।\n\n> आप हमेशा की तरह सही कह रहे हैं, सर।\n\nऑडी एक पैनोरमा के साथ एक कश का आनंद ले रहे हैं।\n\n मैंने अनुमान लगाया कि मेरे दोस्त को कैब ड्राइवर से कोई उपहार मिला है; मुझे पता था कि ऑडी ने कलकत्ता से कोई सिगरेट नहीं लाई थी।\n\nहम नदियों, घाटियों, खड़ी चट्टानों और असंख्य पर्वतीय स्तरों के दृश्यों से सजे भूलभुलैया वाले रास्ते पर आगे बढ़ते रहे।\n\nहर रात हम देहाती सराय में रुकते थे और अपना खाना खुद बनाते थे।\n\nश्रीयुक्तेश्वर ने मेरे खान-पान का विशेष ध्यान रखा, जोर देकर कहा कि मैं हर भोजन में नींबू का रस पीऊँ।\n\nमैं अभी भी कमज़ोर था, लेकिन रोज़ाना बेहतर हो रहा था, हालाँकि खड़खड़ाती गाड़ी को असुविधा के लिए सख्ती से डिज़ाइन किया गया था।","type":"default","passage":"हम कश्मीर जाते हैं","commentary":"","meaning":""},{"id":"7","title":"21.7","content":"जैसे-जैसे हम मध्य कश्मीर के करीब पहुँच रहे थे, हमारे दिलों में खुशी की लहरें उठ रही थीं, कमल की झीलों, तैरते हुए बगीचों, छतों से सजी हुई हाउसबोट, कई पुलों वाली झेलम नदी और फूलों से लदे चरागाहों की स्वर्ग भूमि, जो हिमालय की महिमा से घिरी हुई थी।\n\nश्रीनगर में हमारा प्रवेश ऊँचे, स्वागत करने वाले पेड़ों के एक रास्ते से होकर होता था।\n\nहमने एक दो-मंजिला सराय में कमरे बुक किए, जहाँ से शानदार पहाड़ियाँ दिखाई देती थीं।\n\nकोई बहता हुआ पानी उपलब्ध नहीं था; हमने अपनी आपूर्ति पास के एक कुएँ से प्राप्त की।\n\nगर्मियों का मौसम आदर्श था, जिसमें दिन गर्म और रातें थोड़ी ठंडी होती थीं।\n\nहमने स्वामी शंकर के प्राचीन श्रीनगर मंदिर की तीर्थयात्रा की।\n\nजैसे ही मैंने पहाड़ की चोटी पर बने आश्रम को देखा, जो आसमान के सामने मजबूती से खड़ा था, मैं एक आनंदित समाधि में चला गया।\n\nदूर देश में एक पहाड़ी की चोटी पर एक हवेली का दृश्य दिखाई दिया।\n\nमेरे सामने ऊँचा शंकर आश्रम उस संरचना में बदल गया, जहाँ वर्षों बाद, मैंने अमेरिका में सेल्फ़-रियलाइज़ेशन फ़ेलोशिप मुख्यालय की स्थापना की।\n\nजब मैं पहली बार लॉस एंजिल्स गया था, और माउंट वॉशिंगटन की चोटी पर स्थित विशाल इमारत को देखा, तो मैंने कश्मीर और अन्य स्थानों पर अपने पुराने दर्शनों के कारण उसे तुरन्त पहचान लिया।","type":"default","passage":"हम कश्मीर जाते हैं","commentary":"","meaning":""},{"id":"8","title":"21.8","content":"श्रीनगर में कुछ दिन; फिर गुलमर्ग  \n***(“फूलों के पहाड़ी रास्ते”)***\n, छह हज़ार फ़ीट की ऊँचाई पर।\n\nवहाँ मैंने पहली बार बड़े घोड़े पर सवारी की।\n\nराजेंद्र एक छोटे से घोड़े पर सवार था, जिसका दिल गति की महत्वाकांक्षा से भरा हुआ था।\n\nहम बहुत खड़ी खिलनमर्ग पर चढ़े; रास्ता घने जंगल से होकर जाता था, जिसमें पेड़-मशरूम बहुत थे, जहाँ धुंध से घिरे रास्ते अक्सर जोखिम भरे होते थे।\n\nलेकिन राजेंद्र के छोटे से जानवर ने मेरे बड़े घोड़े को एक पल भी आराम नहीं करने दिया, यहाँ तक कि सबसे खतरनाक मोड़ पर भी।\n\nराजेंद्र का घोड़ा बिना थके आगे बढ़ता रहा, प्रतियोगिता के आनंद के अलावा सब कुछ भूल गया।\n\nहमारी कड़ी दौड़ को एक लुभावने दृश्य ने पुरस्कृत किया।\n\nइस जीवन में पहली बार, मैंने सभी दिशाओं में शानदार बर्फ से ढके हिमालय को देखा, जो विशाल ध्रुवीय भालुओं के सिल्हूट की तरह एक के बाद एक फैले हुए थे।\n\nमेरी आँखें धूप से भरे नीले आसमान के सामने बर्फीले पहाड़ों की अंतहीन पहुँच को देखकर आनंदित हो उठीं।","type":"default","passage":"हम कश्मीर जाते हैं","commentary":"","meaning":""},{"id":"9","title":"21.9","content":"मैं अपने युवा साथियों के साथ, जो सभी ओवरकोट पहने हुए थे, चमचमाती सफेद ढलानों पर आनंद से लोट रहा था।\n\nनीचे की ओर जाते समय हमने दूर से पीले फूलों का एक विशाल कालीन देखा, जो पूरी तरह से उदास पहाड़ियों की शक्ल बदल रहा था।\n\nहमारी अगली यात्राएं शालीमार और निशात बाग में सम्राट जहांगीर के प्रसिद्ध शाही  \n> आनंद उद्यानों\n की थीं।\n\nनिशात बाग में प्राचीन महल सीधे एक प्राकृतिक झरने के ऊपर बना है।\n\nपहाड़ों से नीचे की ओर बहते हुए, धारा को रंगीन छतों पर बहने और चमकदार फूलों की क्यारियों के बीच फव्वारों में फूटने के लिए सरल युक्तियों के माध्यम से नियंत्रित किया गया है।\n\nधारा महल के कई कमरों में भी प्रवेश करती है, अंततः परी की तरह नीचे झील में गिरती है।\n\nविशाल उद्यान रंगों से भरपूर हैं-एक दर्जन रंगों के गुलाब, स्नैपड्रैगन, लैवेंडर, पैंसी, खसखस उनसे आगे हिमालय की श्वेत तपस्थलियाँ हैं।","type":"default","passage":"हम कश्मीर जाते हैं","commentary":"","meaning":""},{"id":"10","title":"21.10","content":"कश्मीरी अंगूर कलकत्ता में एक दुर्लभ व्यंजन माना जाता है।\n\nराजेंद्र, जो कश्मीर पहुँचने पर खुद को एक सच्ची दावत देने का वादा कर रहा था, वहाँ कोई बड़ा अंगूर का बाग़ न पाकर निराश हो गया।\n\nकभी-कभी मैं उसके निराधार अनुमान पर मज़ाक में उसे चिढ़ाता।\n\n> ओह, मैं अंगूरों से इतना भर गया हूँ कि मैं चल नहीं सकता!\n मैं कहता।\n\n> अदृश्य अंगूर मेरे भीतर पक रहे हैं!\n बाद में मैंने सुना कि कश्मीर के पश्चिम में काबुल में मीठे अंगूर बहुतायत में उगते हैं।\n\nहमने रबड़ी से बनी आइसक्रीम खाकर खुद को सांत्वना दी, जो एक गाढ़ा दूध है, और इसमें साबुत पिस्ता का स्वाद होता है।\n\nहमने लाल कढ़ाई वाली छतरियों की छाया में शिकारा या हाउसबोट में कई यात्राएँ कीं, जो डल झील की जटिल नहरों के साथ-साथ चलती थीं, नहरों का एक जाल पानी से भरे मकड़ी के जाले की तरह था।\n\nयहाँ लकड़ियों और मिट्टी से बने कई तैरते हुए बगीचे आपको आश्चर्यचकित कर देते हैं, विशाल जल के बीच में उगने वाली सब्ज़ियाँ और खरबूजे देखना इतना बेतुका लगता है।\n\nकभी-कभी कोई किसान “मिट्टी से जुड़े रहने” से घृणा करता हुआ, अपनी “ज़मीन” के चौकोर टुकड़े को कई-उँगलियों वाली झील में एक नए स्थान पर ले जाता हुआ दिखाई देता है।","type":"default","passage":"हम कश्मीर जाते हैं","commentary":"","meaning":""},{"id":"11","title":"21.11","content":"इस कहानी भरी घाटी में धरती की सभी खूबसूरती का सार मिलता है।\n\nकश्मीर की महिला पहाड़ों से सजी है, झीलों से सजी है और फूलों से लदी है।\n\nबाद के वर्षों में, जब मैंने कई दूर-दराज के देशों की यात्रा की, तो मुझे समझ में आया कि कश्मीर को अक्सर दुनिया का सबसे सुंदर स्थान क्यों कहा जाता है।\n\nइसमें स्विस आल्प्स, स्कॉटलैंड के लोच लोमोंड और बेहतरीन अंग्रेजी झीलों के कुछ आकर्षण हैं।\n\nकश्मीर में एक अमेरिकी यात्री को अलास्का की बीहड़ भव्यता और डेनवर के पास पाइक्स पीक की याद दिलाने वाली बहुत सी चीजें मिलती हैं।\n\nएक सुंदर सौंदर्य प्रतियोगिता में प्रविष्टियों के रूप में, मैं पहले पुरस्कार के लिए या तो मैक्सिको में ज़ोचिमिल्को का भव्य दृश्य पेश करता हूँ, जहाँ पहाड़, आसमान और चिनार चंचल मछलियों के बीच पानी की असंख्य गलियों में खुद को प्रतिबिंबित करते हैं, या कश्मीर की रत्न जैसी झीलें, जो हिमालय की कड़ी निगरानी द्वारा सुंदर युवतियों की तरह संरक्षित हैं।\n\nये दो स्थान मेरी याद में पृथ्वी पर सबसे सुंदर स्थानों के रूप में उभरे हैं।","type":"default","passage":"हम कश्मीर जाते हैं","commentary":"","meaning":""},{"id":"12","title":"21.12","content":"फिर भी मैं तब भी दंग रह गया जब मैंने पहली बार येलोस्टोन नेशनल पार्क और कोलोराडो के ग्रैंड कैन्यन और अलास्का के चमत्कारों को देखा।\n\nयेलोस्टोन पार्क शायद एकमात्र ऐसा क्षेत्र है जहाँ कोई अनगिनत गीजरों को हवा में उड़ते हुए देख सकता है, जो हर साल घड़ी की कल की तरह नियमित रूप से काम करते हैं।\n\nइसके ओपल और नीलम के तालाब और गर्म सल्फर के झरने, इसके भालू और जंगली जीव, किसी को याद दिलाते हैं कि यहाँ प्रकृति ने अपनी सबसे पहली रचना का नमूना छोड़ा है।\n\nवायोमिंग की सड़कों पर गर्म बुदबुदाती मिट्टी के  \n> डेविल्स पेंट पॉट\n तक मोटरिंग करते हुए, कलकल करते झरने, वाष्पशील फव्वारे और सभी दिशाओं में फूटते गीजर के साथ, मैं यह कहने के लिए तैयार था कि येलोस्टोन अपनी विशिष्टता के लिए एक विशेष पुरस्कार का हकदार है।","type":"default","passage":"हम कश्मीर जाते हैं","commentary":"","meaning":""},{"id":"13","title":"21.13","content":"योसेमाइट के प्राचीन राजसी रेडवुड, अपने विशाल स्तंभों को अथाह आकाश में दूर तक फैलाते हुए, दिव्य कौशल के साथ डिजाइन किए गए हरे प्राकृतिक गिरजाघर हैं।\n\nहालाँकि ओरिएंट में अद्भुत झरने हैं, लेकिन कोई भी कनाडा की सीमा के पास नियाग्रा की मूसलाधार सुंदरता से मेल नहीं खाता।\n\nकेंटकी की मैमथ गुफाएँ और न्यू मैक्सिको में कार्ल्सबैड गुफाएँ, रंगीन हिमखंड जैसी संरचनाओं के साथ, आश्चर्यजनक परीलोक हैं।\n\nगुफा की छतों से लटकी हुई और भूमिगत जल में प्रतिबिम्बित उनकी लंबी सुइयाँ, मनुष्य द्वारा कल्पित अन्य दुनिया की झलक पेश करती हैं।\n\nकश्मीर के अधिकांश हिंदू, जो अपनी सुंदरता के लिए विश्व प्रसिद्ध हैं, यूरोपीय लोगों की तरह ही गोरे हैं और उनकी विशेषताएँ और हड्डी की संरचना भी वैसी ही है; कई की नीली आँखें और सुनहरे बाल हैं।\n\nपश्चिमी कपड़े पहने हुए, वे अमेरिकियों की तरह दिखते हैं।\n\nठंडा हिमालय कश्मीरियों को उमस भरे सूरज से बचाता है और उनके गोरे रंग को बनाए रखता है।\n\nजैसे-जैसे कोई भारत के दक्षिणी और उष्णकटिबंधीय अक्षांशों की यात्रा करता है, वह पाता है कि लोग धीरे-धीरे काले होते जा रहे हैं।","type":"default","passage":"हम कश्मीर जाते हैं","commentary":"","meaning":""},{"id":"14","title":"21.14","content":"कश्मीर में कई हफ़्तों तक खुशियों से भरे दिन बिताने के बाद, मुझे मजबूरन सेरामपुर कॉलेज की शरदकालीन अवधि के लिए बंगाल लौटना पड़ा।\n\nश्रीयुक्तेश्वर कनाई और ऑडी के साथ श्रीनगर में ही रहे।\n\nमेरे जाने से पहले, गुरु ने संकेत दिया कि कश्मीर में उनके शरीर को कष्ट सहना पड़ेगा।\n\n> सर, आप स्वस्थ दिखते हैं,  \n मैंने विरोध किया।\n\n> एक संभावना है कि मैं इस दुनिया को छोड़ भी सकता हूँ।\n\n  \n> गुरुजी!\n मैं उनके चरणों में गिर पड़ा और विनती की।\n\n> कृपया वादा करें कि आप अभी अपना शरीर नहीं छोड़ेंगे।\n\nमैं आपके बिना आगे बढ़ने के लिए बिल्कुल तैयार नहीं हूँ।\n\n श्रीयुक्तेश्वर चुप थे, लेकिन मुझ पर इतनी करुणा से मुस्कुराए कि मुझे तसल्ली हुई।\n\nअनिच्छा से मैंने उन्हें छोड़ दिया।","type":"default","passage":"हम कश्मीर जाते हैं","commentary":"","meaning":""},{"id":"15","title":"21.15","content":"> गुरु बहुत बीमार हैं।\n\n ऑडी का यह तार मुझे सेरामपुर लौटने के कुछ समय बाद ही मिला।\n\n> सर,  \n मैंने अपने गुरु को बेचैनी से तार भेजा,  \n> मैंने आपसे वादा मांगा था कि आप मुझे छोड़कर नहीं जाएंगे।\n\nकृपया अपना शरीर रखें; अन्यथा, मैं भी मर जाऊंगा।\n\n  \n> जैसा आप चाहें।\n\n यह कश्मीर से श्रीयुक्तेश्वर का उत्तर था।\n\nकुछ दिनों में ऑडी का एक पत्र आया, जिसमें मुझे बताया गया कि गुरु ठीक हो गए हैं।\n\nअगले पखवाड़े में सेरामपुर लौटने पर, मुझे अपने गुरु के शरीर का वजन आधा रह जाने पर बहुत दुख हुआ।\n\nसौभाग्य से उनके शिष्यों के लिए, श्रीयुक्तेश्वर ने कश्मीर में अपने भयंकर बुखार की आग में उनके कई पापों को जला दिया।\n\nरोग के भौतिक हस्तांतरण की आध्यात्मिक विधि अत्यधिक उन्नत योगियों को ज्ञात है।\n\nएक मजबूत व्यक्ति अपने भारी बोझ को उठाने में मदद करके एक कमजोर व्यक्ति की सहायता कर सकता है; एक आध्यात्मिक महापुरुष अपने शिष्यों के पिछले कर्मों के कर्मों को साझा करके उनके शारीरिक या मानसिक बोझ को कम करने में सक्षम होता है।\n\nजिस प्रकार एक धनी व्यक्ति अपने उड़ाऊ पुत्र के लिए एक बड़ा कर्ज चुकाने में कुछ धन खो देता है, और इस प्रकार वह अपनी मूर्खता के भयंकर परिणामों से बच जाता है, उसी प्रकार एक स्वामी अपने शिष्यों के दुःख को कम करने के लिए अपनी शारीरिक संपत्ति का एक हिस्सा स्वेच्छा से त्याग देता है।\n\n{FN21-3}","type":"default","passage":"हम कश्मीर जाते हैं","commentary":"","meaning":""},{"id":"16","title":"21.16","content":"एक गुप्त विधि द्वारा, योगी अपने मन और सूक्ष्म वाहन को पीड़ित व्यक्ति के साथ जोड़ता है; रोग पूरी तरह या आंशिक रूप से संत के शरीर में पहुँचाया जाता है।\n\nभौतिक क्षेत्र में भगवान को प्राप्त करने के बाद, एक गुरु को \n\nअब इस बात की परवाह नहीं रहती कि उस भौतिक रूप का क्या होता है।\n\nहालाँकि वह दूसरों को राहत देने के लिए इसे एक निश्चित बीमारी दर्ज करने की अनुमति दे सकता है, लेकिन उसका मन कभी प्रभावित नहीं होता; वह ऐसी सहायता करने में सक्षम होने के लिए खुद को भाग्यशाली मानता है।\n\nभगवान में अंतिम मोक्ष प्राप्त करने वाला भक्त पाता है कि उसके शरीर ने अपना उद्देश्य पूरी तरह से पूरा कर लिया है; वह तब इसका उपयोग किसी भी तरह से कर सकता है जिसे वह उचित समझे।\n\nदुनिया में उसका काम मानव जाति के दुखों को कम करना है, चाहे आध्यात्मिक साधनों के माध्यम से या बौद्धिक परामर्श से या इच्छा शक्ति के माध्यम से या रोग के भौतिक हस्तांतरण के माध्यम से।\n\nजब भी वह चाहे, अतिचेतन में भागकर, एक गुरु शारीरिक पीड़ा से बेखबर रह सकता है; कभी-कभी वह शिष्यों के लिए एक उदाहरण के रूप में, शारीरिक दर्द को सहन करना चुनता है।\n\nदूसरों की बीमारियों को अपने ऊपर लादकर, एक योगी उनके लिए कारण और प्रभाव के कर्म नियम को संतुष्ट कर सकता है।\n\nयह नियम यांत्रिक या गणितीय रूप से क्रियाशील है; इसके कामकाज को दिव्य ज्ञान वाले पुरुषों द्वारा वैज्ञानिक रूप से नियंत्रित किया जा सकता है।","type":"default","passage":"हम कश्मीर जाते हैं","commentary":"","meaning":""},{"id":"17","title":"21.17","content":"आध्यात्मिक नियम के अनुसार गुरु को किसी अन्य व्यक्ति को ठीक करते समय बीमार होने की आवश्यकता नहीं होती।\n\nउपचार आमतौर पर संत द्वारा तात्कालिक उपचार की विभिन्न विधियों के ज्ञान के माध्यम से होता है जिसमें आध्यात्मिक उपचारक को कोई नुकसान नहीं होता है।\n\nहालांकि, दुर्लभ अवसरों पर, एक गुरु जो अपने शिष्यों के विकास को बहुत तेजी से आगे बढ़ाना चाहता है, वह स्वेच्छा से अपने शरीर पर उनके अवांछनीय कर्मों का एक बड़ा हिस्सा काम कर सकता है।\n\nयीशु ने खुद को कई लोगों के पापों के लिए छुड़ौती के रूप में दर्शाया।\n\nअपनी दिव्य शक्तियों के साथ, {FN21-4} उसका शरीर कभी भी सूली पर चढ़कर मृत्यु के अधीन नहीं हो सकता था यदि उसने स्वेच्छा से कारण और प्रभाव के सूक्ष्म ब्रह्मांडीय नियम के साथ सहयोग नहीं किया होता।\n\nइस प्रकार उसने दूसरों के कर्मों के परिणामों को अपने ऊपर ले लिया, खासकर अपने शिष्यों के।\n\nइस तरह वे अत्यधिक शुद्ध हो गए और सर्वव्यापी चेतना को प्राप्त करने के योग्य बन गए जो बाद में उन पर उतरी।","type":"default","passage":"हम कश्मीर जाते हैं","commentary":"","meaning":""},{"id":"18","title":"21.18","content":"केवल एक आत्म-साक्षात्कार प्राप्त गुरु ही अपनी जीवन शक्ति को स्थानांतरित कर सकता है, या दूसरों के रोगों को अपने शरीर में पहुंचा सकता है।\n\nएक साधारण व्यक्ति इस योगिक उपचार पद्धति का उपयोग नहीं कर सकता, न ही यह वांछनीय है कि वह ऐसा करे; क्योंकि एक अस्वस्थ शारीरिक साधन ईश्वर-ध्यान में बाधा डालता है।\n\nहिंदू शास्त्र सिखाते हैं कि मनुष्य का पहला कर्तव्य अपने शरीर को अच्छी स्थिति में रखना है; अन्यथा उसका मन भक्ति एकाग्रता में स्थिर नहीं रह पाता।\n\nहालाँकि, एक बहुत मजबूत मन सभी शारीरिक कठिनाइयों को पार कर सकता है और ईश्वर-साक्षात्कार प्राप्त कर सकता है।\n\nकई संतों ने बीमारी को नजरअंदाज किया है और अपनी दिव्य खोज में सफल हुए हैं।\n\nसेंट फ्रांसिस ऑफ असीसी, जो गंभीर रूप से बीमारियों से पीड़ित थे, ने दूसरों को ठीक किया और मृतकों को भी जीवित किया।","type":"default","passage":"हम कश्मीर जाते हैं","commentary":"","meaning":""},{"id":"19","title":"21.19","content":"मैं एक भारतीय संत को जानता था, जिनके शरीर का आधा हिस्सा एक समय घावों से भरा हुआ था।\n\nउनकी मधुमेह की स्थिति इतनी गंभीर थी कि सामान्य परिस्थितियों में भी वे एक बार में पंद्रह मिनट से अधिक समय तक स्थिर नहीं बैठ पाते थे।\n\nलेकिन उनकी आध्यात्मिक आकांक्षा अडिग थी।\n\n> भगवान,  \n उन्होंने प्रार्थना की,  \n> क्या आप मेरे टूटे हुए मंदिर में आएंगे?\n दृढ़ इच्छाशक्ति के साथ, संत धीरे-धीरे अठारह घंटे तक लगातार कमल की मुद्रा में बैठकर आनंदित समाधि में लीन रहने में सक्षम हो गए।\n\n> और,  \n उन्होंने मुझे बताया,  \n> तीन साल के \n\nअंत में, मैंने पाया कि मेरे टूटे हुए शरीर के भीतर अनंत प्रकाश चमक रहा है।\n\nआनंदमय वैभव में आनंदित होकर, मैं शरीर को भूल गया।\n\nबाद में मैंने देखा कि यह दिव्य दया के माध्यम से पूरा हो गया था।","type":"default","passage":"हम कश्मीर जाते हैं","commentary":"","meaning":""},{"id":"20","title":"21.20","content":"भारत में मुगल साम्राज्य के संस्थापक राजा बाबर  \n***(1483-1530)***\n से जुड़ी एक ऐतिहासिक चिकित्सा घटना है।\n\nउनके बेटे, राजकुमार हुमायूँ, गंभीर रूप से बीमार थे।\n\nपिता ने व्यथित होकर प्रार्थना की कि उन्हें बीमारी हो जाए और उनके बेटे को बचा लिया जाए।\n\nजब सभी चिकित्सकों ने आशा छोड़ दी, तो हुमायूँ ठीक हो गए।\n\nबाबर तुरंत बीमार पड़ गए और उसी बीमारी से मर गए जो उनके बेटे को लगी थी।\n\nहुमायूँ ने बाबर के बाद हिंदुस्तान के सम्राट के रूप में पदभार संभाला।\n\nबहुत से लोग कल्पना करते हैं कि हर आध्यात्मिक गुरु के पास सैंडो जैसा स्वास्थ्य और शक्ति होती है, या होनी चाहिए।\n\nयह धारणा निराधार है।\n\nबीमार शरीर यह संकेत नहीं देता कि गुरु दैवीय शक्तियों के संपर्क में नहीं है, ठीक वैसे ही जैसे आजीवन स्वास्थ्य आवश्यक रूप से आंतरिक प्रकाश का संकेत नहीं देता।\n\nदूसरे शब्दों में, भौतिक शरीर की स्थिति को गुरु की परीक्षा नहीं बनाया जा सकता।\n\nउनकी विशिष्ट योग्यताएँ उनके अपने क्षेत्र, आध्यात्मिक क्षेत्र में ही खोजी जानी चाहिए।","type":"default","passage":"हम कश्मीर जाते हैं","commentary":"","meaning":""},{"id":"21","title":"21.21","content":"पश्चिम में अनेक भ्रमित साधक गलत तरीके से सोचते हैं कि तत्वमीमांसा पर एक सुवक्ता वक्ता या लेखक को गुरु होना चाहिए।\n\nहालाँकि, ऋषियों ने बताया है कि गुरु की अग्नि परीक्षा मनुष्य की इच्छा से श्वास-अवरोध अवस्था में प्रवेश करने और निर्विकल्प की अखंड समाधि को बनाए रखने की क्षमता है।\n\n{FN21-5} केवल इन उपलब्धियों से ही मनुष्य यह साबित कर सकता है कि उसने माया या द्वैतवादी ब्रह्मांडीय भ्रम पर “वशीकरण” कर लिया है।\n\nकेवल वही बोध की गहराई से कह सकता है: “एकम सत्, ” - “केवल एक ही मौजूद है।\n\n” महान अद्वैतवादी शंकर ने लिखा है, “वेदों में घोषणा की गई है कि अज्ञानी व्यक्ति जो व्यक्तिगत आत्मा और परमात्मा के बीच थोड़ा सा भी अंतर करने से संतुष्ट रहता है, वह खतरे में है।\n\n” “जहाँ अज्ञानता के कारण द्वैत है, वहाँ व्यक्ति सभी चीजों को आत्मा से अलग देखता है।\n\nजब सब कुछ आत्मा के रूप में देखा जाता है, तो आत्मा के अलावा एक अणु भी नहीं रहता।।\n।\n.","type":"default","passage":"हम कश्मीर जाते हैं","commentary":"","meaning":""},{"id":"22","title":"21.22","content":"> जैसे ही वास्तविकता का ज्ञान हो जाता है, शरीर की असत्यता के कारण पिछले कर्मों का कोई फल नहीं भोगना पड़ता, ठीक वैसे ही जैसे जागने के बाद कोई स्वप्न नहीं होता।\n\n केवल महान गुरु ही शिष्यों के कर्मों को ग्रहण करने में सक्षम होते हैं।\n\nश्रीयुक्तेश्वर को कश्मीर में कष्ट नहीं सहना पड़ता यदि उन्हें अपने भीतर की आत्मा से अपने शिष्यों की उस अजीब तरीके से मदद करने की अनुमति नहीं मिलती।\n\nमेरे ईश्वर-संकल्पित गुरु की तुलना में बहुत कम संत दिव्य आज्ञाओं को पूरा करने के लिए ज्ञान से अधिक संवेदनशील थे।\n\nजब मैंने उनकी क्षीण काया पर सहानुभूति के कुछ शब्द कहे, तो मेरे गुरु ने प्रसन्नतापूर्वक कहा:","type":"default","passage":"हम कश्मीर जाते हैं","commentary":"","meaning":""},{"id":"23","title":"21.23","content":"“इसके अपने अच्छे पहलू हैं; \n\nअब मैं कुछ छोटे गंजी  \n***(अंडरशर्ट)***\n पहन सकता हूँ जिन्हें मैंने सालों से नहीं पहना है!” मास्टर की हँसी सुनकर, मुझे सेंट फ्रांसिस डी सेल्स के शब्द याद आ गए: “एक संत जो दुखी है, वह एक दुखी संत है!” {FN21-1} भारत में, अपने बड़ों और वरिष्ठों की उपस्थिति में धूम्रपान करना अपमान का प्रतीक है।\n\n{FN21-2} ओरिएंटल प्लेन ट्री.. {FN21-3} थेरेसी न्यूमैन  \n***(अध्याय 39 देखें)***\n सहित कई ईसाई संत, बीमारी के आध्यात्मिक हस्तांतरण से परिचित हैं।\n\n{FN21-4} क्रूस पर चढ़ाए जाने से ठीक पहले मसीह ने कहा: “क्या तू नहीं समझता कि मैं अपने पिता से प्रार्थना कर सकता हूँ, और वह मुझे स्वर्गदूतों की बारह पलटन से अधिक तुरंत दे देगा? परन्तु फिर शास्त्रों की वे बातें कैसे पूरी होंगी कि ऐसा ही होना चाहिए?” - मत्ती 26:53-54.","type":"default","passage":"हम कश्मीर जाते हैं","commentary":"","meaning":""},{"id":"24","title":"21.24","content":"{FN21-5} देखें ../अध्याय 26, 43 नोट्स।","type":"default","passage":"हम कश्मीर जाते हैं","commentary":"","meaning":""}]}