{"id":22,"title":"पत्थर की मूर्ति का हृदय","description":"पत्थर की मूर्ति का हृदय","sectionCount":16,"tags":null,"contentId":"AoY02","sections":[{"id":"1","title":"22.1","content":"पत्थर का दिल छवि  \n> एक वफ़ादार हिंदू पत्नी के रूप में, मैं अपने पति से शिकायत नहीं करना चाहती।\n\nलेकिन मैं उसे अपने भौतिकवादी विचारों से दूर होते देखना चाहती हूँ।\n\nउसे मेरे ध्यान कक्ष में संतों की तस्वीरों का मज़ाक उड़ाने में मज़ा आता है।\n\nप्यारे भाई, मुझे पूरा भरोसा है कि तुम उसकी मदद कर सकते हो।\n\nक्या तुम करोगे?\n मेरी सबसे बड़ी बहन रोमा ने मेरी तरफ़ विनती भरी निगाहों से देखा।\n\nमैं गिरीश विद्यारत्न लेन पर स्थित उसके कलकत्ता स्थित घर पर कुछ समय के लिए गया था।\n\nउसकी विनती ने मुझे छू लिया, क्योंकि उसने मेरे शुरुआती जीवन पर गहरा आध्यात्मिक प्रभाव डाला था, और माँ की मृत्यु के बाद परिवार में खाली हुए खालीपन को प्यार से भरने की कोशिश की थी।\n\n> प्यारी बहन, बेशक मैं जो कुछ भी कर सकती हूँ, करूँगी।\n\n मैं मुस्कुराई, उसके चेहरे पर साफ़-साफ़ दिखाई देने वाली उदासी को दूर करने के लिए उत्सुक थी, जो उसके हमेशा शांत और खुशमिजाज़ चेहरे के भाव के विपरीत थी।","type":"default","passage":"पत्थर की मूर्ति का हृदय","commentary":"","meaning":""},{"id":"2","title":"22.2","content":"रोमा और मैं मार्गदर्शन के लिए मौन प्रार्थना में कुछ देर बैठे रहे।\n\nएक साल पहले, मेरी बहन ने मुझसे क्रिया योग में दीक्षा लेने के लिए कहा था, जिसमें वह उल्लेखनीय प्रगति कर रही थी।\n\nएक प्रेरणा ने मुझे जकड़ लिया।\n\n> कल,  \n मैंने कहा,  \n> मैं दक्षिणेश्वर मंदिर जा रहा हूँ।\n\nकृपया मेरे साथ चलो, और अपने पति को हमारे साथ चलने के लिए राजी करो।\n\nमुझे लगता है कि उस पवित्र स्थान के कंपन में, दिव्य माँ उनके दिल को छू लेंगी।\n\nलेकिन उन्हें जाने के लिए हमारी इच्छा का उद्देश्य प्रकट न करें।\n\n बहन ने उम्मीद से सहमति जताई।\n\nअगली सुबह बहुत जल्दी मुझे यह देखकर खुशी हुई कि रोमा और उनके पति यात्रा के लिए तैयार थे।\n\nजैसे ही हमारी हैकनी गाड़ी दक्षिणेश्वर की ओर अपर सर्कुलर रोड पर तेजी से आगे बढ़ी, मेरे बहनोई, सतीश चंद्र बोस, अतीत, वर्तमान और भविष्य के आध्यात्मिक गुरुओं का उपहास करके खुद को खुश कर रहे थे।\n\nमैंने देखा कि रोमा चुपचाप रो रही थी।","type":"default","passage":"पत्थर की मूर्ति का हृदय","commentary":"","meaning":""},{"id":"3","title":"22.3","content":"[चित्रण: सेल्फ-रियलाइज़ेशन चर्च ऑफ ऑल रिलीजन, सैन डिएगो, कैलिफोर्निया—देखें sandiego.jpg] [चित्रण: मैं अपनी दो बहनों, रोमा  \n***(बाईं ओर)***\n और नलिनी के साथ खड़ी हूं—देखें बहनों.jpg] [चित्रण: मेरी बहन उमा, एक छोटी लड़की के रूप में—देखें uma.jpg] “बहन, खुश हो जाओ!” मैंने फुसफुसाते हुए कहा।\n\n“अपने पति को यह विश्वास करने की संतुष्टि मत दो कि हम उनके उपहास को गंभीरता से लेते हैं।\n\n” “मुकुंद, तुम बेकार के पाखंडियों की प्रशंसा कैसे कर सकते हो?” सतीश कह रहा था।\n\n“एक साधु का रूप ही घृणित है।\n\nवह या तो कंकाल जितना पतला होता है, या हाथी जितना मोटा!” मैं हँसते हुए चिल्लाई।\n\nमेरी नेकदिल प्रतिक्रिया सतीश को परेशान कर रही थी","type":"default","passage":"पत्थर की मूर्ति का हृदय","commentary":"","meaning":""},{"id":"4","title":"22.4","content":"> मुझे लगता है कि यह भ्रमण मुझे सुधारने की एक योजना है?\n जब मैं बिना उत्तर दिए मुड़ा, तो उसने मेरा हाथ पकड़ लिया।\n\n> युवा श्री भिक्षु,  \n उसने कहा,  \n> हमारे दोपहर के भोजन की व्यवस्था करने के लिए मंदिर के अधिकारियों के साथ उचित व्यवस्था करना मत भूलना।\n\n  \n> मैं \n\nअब ध्यान करने जा रहा हूँ।\n\nअपने दोपहर के भोजन की चिंता मत करो,  \n मैंने तीखी प्रतिक्रिया दी।\n\n> दिव्य माँ इसका ध्यान रखेंगी।\n\n  \n> मुझे दिव्य माँ पर भरोसा नहीं है कि वह मेरे लिए एक भी काम करेंगी।\n\nलेकिन मैं अपने भोजन के लिए आपको ज़िम्मेदार मानता हूँ।\n\n सतीश के स्वर में धमकी थी।\n\nमैं अकेले ही काली या प्रकृति माँ के बड़े मंदिर के सामने स्थित स्तंभों वाले हॉल में चला गया।\n\nएक खंभे के पास एक छायादार स्थान चुनकर, मैंने अपने शरीर को कमल की मुद्रा में व्यवस्थित किया।\n\nहालाँकि अभी सात बजे ही थे, लेकिन सुबह का सूरज जल्द ही दमनकारी होने वाला था।","type":"default","passage":"पत्थर की मूर्ति का हृदय","commentary":"","meaning":""},{"id":"5","title":"22.5","content":"जैसे ही मैं भक्ति में लीन हुआ, संसार पीछे हट गया।\n\nमेरा मन देवी काली पर केन्द्रित था, जिनकी दक्षिणेश्वर स्थित प्रतिमा महान गुरु श्री रामकृष्ण परमहंस की विशेष आराधना की वस्तु थी।\n\nउनकी वेदनापूर्ण मांगों के उत्तर में इसी मंदिर की पत्थर की प्रतिमा ने कई बार जीवित रूप धारण कर उनसे बातचीत की थी।\n\nमैंने प्रार्थना की,  \n> पाषाण हृदय वाली मौन माता, आप अपने प्रिय भक्त रामकृष्ण की प्रार्थना पर जीवन से भर गईं; फिर आप अपने इस तड़पते पुत्र की विलाप पर भी ध्यान क्यों नहीं देतीं?\n मेरी आकांक्षापूर्ण उमंग असीम रूप से बढ़ गई, साथ ही एक दिव्य शांति भी आई।\n\nफिर भी, जब पाँच घंटे बीत गए, और जिस देवी का मैं मन ही मन दर्शन कर रहा था, उन्होंने कोई प्रतिक्रिया नहीं दी, तो मैं थोड़ा निराश हुआ।\n\nकभी-कभी प्रार्थनाओं के पूरा होने में देरी करना ईश्वर द्वारा एक परीक्षा होती है।\n\nयदि एक हिन्दू की उपासना अवैयक्तिक रूप ले लेती है, तो वह कृष्ण, या देवी काली, या एक विस्तारित प्रकाश को देखता है।","type":"default","passage":"पत्थर की मूर्ति का हृदय","commentary":"","meaning":""},{"id":"6","title":"22.6","content":"अनिच्छा से मैंने अपनी आँखें खोलीं, और देखा कि दोपहर के समय की परंपरा के अनुसार पुजारी मंदिर के दरवाज़े बंद कर रहे थे।\n\nमैं खुले, छत वाले हॉल के नीचे अपनी एकांत सीट से उठा, और आँगन में कदम रखा।\n\nदोपहर की धूप में इसका पत्थर का फर्श तप रहा था; मेरे नंगे पैर दर्दनाक रूप से जल रहे थे।\n\n> दिव्य माँ,  \n मैंने मन ही मन कहा,  \n> आप मेरे पास दर्शन में नहीं आईं, और \n\nअब आप बंद दरवाजों के पीछे मंदिर में छिपी हुई हैं।\n\nमैं आज अपने बहनोई की ओर से आपसे एक विशेष प्रार्थना करना चाहता था।\n\n मेरी आंतरिक प्रार्थना तुरंत स्वीकार कर ली गई।\n\nसबसे पहले, एक सुखद ठंडी लहर मेरी पीठ पर और मेरे पैरों के नीचे उतरी, जिसने सारी बेचैनी को दूर कर दिया।\n\nफिर, मेरे आश्चर्य के लिए, मंदिर बहुत बड़ा हो गया।\n\nइसका बड़ा दरवाजा धीरे-धीरे खुला, जिससे देवी काली की पत्थर की आकृति दिखाई दी।\n\nधीरे-धीरे यह एक जीवित रूप में बदल गया, जो मुस्कुराते हुए अभिवादन में सिर हिला रहा था, मुझे अवर्णनीय खुशी से रोमांचित कर रहा था।\n\nमानो किसी रहस्यमयी सिरिंज से मेरे फेफड़ों से सांस खींच ली गई हो; मेरा शरीर एकदम शांत हो गया, यद्यपि निष्क्रिय नहीं।","type":"default","passage":"पत्थर की मूर्ति का हृदय","commentary":"","meaning":""},{"id":"7","title":"22.7","content":"चेतना का एक उल्लासपूर्ण विस्तार हुआ।\n\nमैं अपनी बाईं ओर गंगा नदी के पार कई मील तक स्पष्ट रूप से देख सकता था, और मंदिर से परे पूरे दक्षिणेश्वर परिसर में।\n\nसभी इमारतों की दीवारें पारदर्शी रूप से चमक रही थीं; उनके माध्यम से मैंने लोगों को दूर-दूर तक एकड़ों में इधर-उधर चलते हुए देखा।\n\nहालाँकि मैं साँस फूलने और शरीर में अजीब तरह की शांति की स्थिति में था, फिर भी मैं अपने हाथ और पैर स्वतंत्र रूप से हिलाने में सक्षम था।\n\nकई मिनटों तक मैंने अपनी आँखें बंद करने और खोलने का प्रयोग किया; दोनों ही अवस्थाओं में मैंने पूरे दक्षिणेश्वर के दृश्य को स्पष्ट रूप से देखा।\n\nआध्यात्मिक दृष्टि, एक्स-रे की तरह, सभी पदार्थों में प्रवेश करती है; दिव्य आँख हर जगह केंद्र है, परिधि कहीं नहीं।\n\nमैंने वहाँ धूप से भरे प्रांगण में खड़े होकर, नए सिरे से महसूस किया कि जब मनुष्य ईश्वर का एक उड़ाऊ बच्चा नहीं रह जाता है, एक भौतिक दुनिया में डूब जाता है, वास्तव में एक सपने में, एक बुलबुले की तरह आधारहीन, वह अपने शाश्वत क्षेत्रों को फिर से प्राप्त करता है।\n\nयदि  \n> पलायनवाद\n मनुष्य की आवश्यकता है, जो उसके संकीर्ण व्यक्तित्व में सीमित है, तो क्या कोई पलायन सर्वव्यापीता की महिमा की तुलना कर सकता है?","type":"default","passage":"पत्थर की मूर्ति का हृदय","commentary":"","meaning":""},{"id":"8","title":"22.8","content":"दक्षिणेश्वर में मेरे पवित्र अनुभव में, केवल मंदिर और देवी का रूप ही असाधारण रूप से विस्तृत दिखाई दिया।\n\nबाकी सब कुछ अपने सामान्य आयामों में दिखाई दिया, \n\nहालांकि प्रत्येक मधुर हल्के-सफेद, नीले और हल्के इंद्रधनुषी रंगों के प्रभामंडल में संलग्न था।\n\nमेरा शरीर अलौकिक पदार्थ का प्रतीत हो रहा था, जो हवा में उड़ने के लिए तैयार था।\n\nअपने भौतिक परिवेश के बारे में पूरी तरह से सचेत, मैं अपने चारों ओर देख रहा था और आनंदमय दृष्टि की निरंतरता को बाधित किए बिना कुछ कदम उठा रहा था।\n\nमंदिर की दीवारों के पीछे मैंने अचानक अपने बहनोई को देखा, जो एक पवित्र बेल के पेड़ की कांटेदार शाखाओं के नीचे बैठे थे।\n\nमैं उनके विचारों की दिशा को सहजता से समझ सकता था।\n\nदक्षिणेश्वर के पवित्र प्रभाव से कुछ हद तक उत्साहित, उनके मन में अभी भी मेरे बारे में निर्दयी विचार थे।\n\nमैं सीधे देवी के दयालु रूप की ओर मुड़ा।","type":"default","passage":"पत्थर की मूर्ति का हृदय","commentary":"","meaning":""},{"id":"9","title":"22.9","content":"> दिव्य माँ,  \n मैंने प्रार्थना की,  \n> क्या आप मेरी बहन के पति को आध्यात्मिक रूप से नहीं बदलेंगी?\n \n\nअब तक चुप रहने वाली सुंदर आकृति ने आखिरकार कहा:  \n> आपकी इच्छा पूरी हुई!\n मैंने खुशी से सतीश की ओर देखा।\n\nजैसे कि सहज रूप से पता चल गया हो कि कोई आध्यात्मिक शक्ति काम कर रही है, वह जमीन पर अपनी सीट से नाराजगी से उठ खड़ा हुआ।\n\nमैंने उसे मंदिर के पीछे भागते देखा; वह अपनी मुट्ठी हिलाते हुए मेरे पास आया।\n\nसर्वव्यापी दृष्टि गायब हो गई।\n\nअब मैं गौरवशाली देवी को नहीं देख सकता था; विशाल मंदिर अपनी सामान्य आकार में सिमट गया था, उसकी पारदर्शिता समाप्त हो गई थी।\n\nफिर से मेरा शरीर सूरज की प्रचंड किरणों से तपने लगा।\n\nमैं खंभों वाले हॉल की शरण में कूद गया, जहाँ सतीश गुस्से से मेरा पीछा कर रहा था।\n\nमैंने अपनी घड़ी देखी।\n\nएक बज रहा था; दिव्य दृष्टि एक घंटे तक चली थी।","type":"default","passage":"पत्थर की मूर्ति का हृदय","commentary":"","meaning":""},{"id":"10","title":"22.10","content":"> तुम मूर्ख हो,  \n मेरे जीजाजी ने अचानक कहा,  \n> तुम छह घंटे से यहाँ पैर मोड़े और आँखें सिकोड़े बैठे हो।\n\nमैं तुम्हें देखता रहा हूँ।\n\nमेरा खाना कहाँ है? \n\nअब मंदिर बंद हो गया है; तुम अधिकारियों को सूचित करने में विफल रहे; हम दोपहर का भोजन किए बिना रह गए हैं!\n देवी की उपस्थिति पर मुझे जो उल्लास महसूस हुआ था, वह अभी भी मेरे दिल में जीवंत था।\n\nमैं यह कहने के लिए उत्साहित था,  \n> दिव्य माँ हमें खिलाएँगी!\n सतीश क्रोध से खुद को संभाल नहीं पाया।\n\n> एक बार और हमेशा के लिए,  \n उसने चिल्लाया,  \n> मैं तुम्हारी दिव्य माँ को बिना किसी पूर्व व्यवस्था के यहाँ हमें भोजन देते हुए देखना चाहता हूँ!\n उसके शब्द मुश्किल से बोले थे जब एक मंदिर का पुजारी प्रांगण पार करके हमारे पास आ गया।","type":"default","passage":"पत्थर की मूर्ति का हृदय","commentary":"","meaning":""},{"id":"11","title":"22.11","content":"> बेटा,  \n उन्होंने मुझसे कहा,  \n> मैं ध्यान के दौरान तुम्हारे चेहरे पर शांति से चमक देख रहा हूँ।\n\nमैंने आज सुबह तुम्हारे समूह को आते देखा, और तुम्हारे दोपहर के भोजन के लिए पर्याप्त भोजन अलग रखने की इच्छा हुई।\n\nमंदिर के नियमों के विरुद्ध है कि जो लोग पहले से अनुरोध नहीं करते हैं उन्हें भोजन कराया जाए, लेकिन मैंने तुम्हारे लिए एक अपवाद बनाया है।\n\n मैंने उन्हें धन्यवाद दिया, और सतीश की आँखों में सीधे देखा।\n\nवह भावनाओं से लाल हो गया, मौन पश्चाताप में अपनी नज़रें नीचे कर लीं।\n\nजब हमें बेमौसम आमों सहित एक शानदार भोजन परोसा गया, तो मैंने देखा कि मेरे बहनोई की भूख बहुत कम थी।\n\nवह भ्रमित था, विचारों के सागर में गोते लगा रहा था।\n\nकलकत्ता की वापसी यात्रा पर, सतीश, नरम भाव के साथ, कभी-कभी मेरी ओर विनती भरी नज़र से देखता था।\n\nलेकिन पुजारी द्वारा हमें दोपहर के भोजन के लिए आमंत्रित करने के बाद उसने एक भी शब्द नहीं बोला, मानो सतीश की चुनौती का सीधा जवाब दे रहा हो।","type":"default","passage":"पत्थर की मूर्ति का हृदय","commentary":"","meaning":""},{"id":"12","title":"22.12","content":"अगली दोपहर मैं अपनी बहन से मिलने उसके घर गया।\n\nउसने मुझे प्यार से अभिवादन किया।\n\n“प्रिय भाई, ” उसने कहा, “क्या चमत्कार है! कल शाम मेरे पति मेरे सामने खुलकर रोए।\n\n“‘प्रिय देवी, ’ {FN22-1} उन्होंने कहा, ‘मैं शब्दों में व्यक्त नहीं कर सकता कि आपके भाई की इस सुधार योजना ने एक परिवर्तन किया है।\n\nमैंने आपके साथ जो भी गलत किया है, उसे मैं ठीक कर दूंगा।\n\nआज रात से हम अपने बड़े शयन कक्ष का उपयोग केवल पूजा स्थल के रूप में करेंगे; आपका छोटा ध्यान कक्ष हमारे शयन कक्ष में बदल जाएगा।\n\nमुझे सच में खेद है कि मैंने आपके भाई का उपहास किया है।\n\nजिस शर्मनाक तरीके से मैं काम कर रहा हूँ, उसके लिए मैं मुकुंदा से बात न करके खुद को दंडित करूँगा जब तक कि मैं आध्यात्मिक पथ पर आगे नहीं बढ़ जाता।\n\nमैं \n\nअब से गहराई से दिव्य माँ की खोज करूँगा; किसी दिन मुझे वह अवश्य मिलेगी!’”","type":"default","passage":"पत्थर की मूर्ति का हृदय","commentary":"","meaning":""},{"id":"13","title":"22.13","content":"कई साल बाद, मैं अपने जीजाजी से मिलने दिल्ली गया।\n\nमुझे यह देखकर बहुत खुशी हुई कि उनमें आत्म-साक्षात्कार की तीव्र वृद्धि हुई है और उन्हें दिव्य माँ के दर्शन का आशीर्वाद मिला है।\n\nउनके साथ रहने के दौरान, मैंने देखा कि सतीश हर रात का ज़्यादातर समय गुप्त रूप से ईश्वरीय ध्यान में बिताते थे, हालाँकि वे एक गंभीर बीमारी से पीड़ित थे और दिन में अपने दफ़्तर में व्यस्त रहते थे।\n\nमेरे मन में यह विचार आया कि मेरे जीजाजी का जीवनकाल ज़्यादा लंबा नहीं होगा।\n\nरोमा ने शायद मेरे मन की बात पढ़ ली थी।\n\n“प्रिय भाई, ” उसने कहा, “मैं ठीक हूँ और मेरे पति बीमार हैं।\n\nफिर भी, मैं आपको यह बताना चाहती हूँ कि एक समर्पित हिंदू पत्नी के रूप में, मैं मरने वाली पहली व्यक्ति हूँ।\n\n{FN22-2} \n\nअब मुझे मरने में ज़्यादा समय नहीं लगेगा।\n\n”","type":"default","passage":"पत्थर की मूर्ति का हृदय","commentary":"","meaning":""},{"id":"14","title":"22.14","content":"उसके अशुभ शब्दों से अचंभित होकर, मुझे फिर भी उनके सत्य का दंश महसूस हुआ।\n\nमैं अमेरिका में था जब मेरी बहन की मृत्यु हुई, उसकी भविष्यवाणी के लगभग एक वर्ष बाद।\n\nमेरे सबसे छोटे भाई बिष्णु ने बाद में मुझे विवरण दिया।\n\nबिष्णु ने मुझे बताया, “रोमा और सतीश उसकी मृत्यु के समय कलकत्ता में थे।\n\n” “उस सुबह उसने अपने आप को दुल्हन के साज-सज्जा में सजाया।\n\n“‘यह विशेष पोशाक क्यों?’ सतीश ने पूछा।\n\n‘‘पृथ्वी पर आपकी सेवा का यह मेरा अंतिम दिन है, ’ रोमा ने उत्तर दिया।\n\nकुछ समय बाद उसे दिल का दौरा पड़ा।\n\nजब उसका बेटा सहायता के लिए बाहर भाग रहा था, उसने कहा: “‘बेटा, मुझे मत छोड़ो।\n\nइसका कोई फायदा नहीं है; डॉक्टर के आने से पहले मैं चली जाऊँगी।\n\n’ दस मिनट बाद, अपने पति के चरणों को श्रद्धा से पकड़ते हुए, रोमा ने सचेत रूप से अपना शरीर छोड़ दिया, खुशी-खुशी और बिना किसी पीड़ा के।","type":"default","passage":"पत्थर की मूर्ति का हृदय","commentary":"","meaning":""},{"id":"15","title":"22.15","content":"बिष्णु ने आगे कहा,  \n> अपनी पत्नी की मृत्यु के बाद सतीश बहुत ही एकांतप्रिय हो गया था।\n\n  \n> एक दिन वह और मैं रोमा की एक बड़ी मुस्कुराती हुई तस्वीर को देख रहे थे।\n\n**तुम क्यों मुस्कुरा रहे हो?** सतीश ने अचानक कहा, मानो उसकी पत्नी मौजूद हो।\n\n**तुम सोचते हो कि मुझसे पहले जाने का प्रबंध करके तुमने चतुराई दिखाई।\n\nमैं साबित कर दूँगा कि तुम मुझसे लंबे समय तक दूर नहीं रह सकते; जल्द ही मैं तुम्हारे साथ आऊँगा।\n\n**  \n> हालाँकि इस समय सतीश अपनी बीमारी से पूरी तरह से ठीक हो चुका था, और बहुत अच्छा स्वास्थ्य प्राप्त कर रहा था, लेकिन तस्वीर के सामने उसकी अजीब टिप्पणी के तुरंत बाद बिना किसी स्पष्ट कारण के उसकी मृत्यु हो गई।\n\n इस तरह मेरी सबसे प्यारी बहन रोमा और उसके पति सतीश की भविष्यवाणी सच हुई - जो दक्षिणेश्वर में एक साधारण सांसारिक व्यक्ति से एक मौन संत में बदल गए।","type":"default","passage":"पत्थर की मूर्ति का हृदय","commentary":"","meaning":""},{"id":"16","title":"22.16","content":"{FN22-1} देवी।\n\n{FN22-2} हिंदू पत्नी का मानना है कि अगर वह अपने पति से पहले मर जाती है, तो यह आध्यात्मिक उन्नति का संकेत है, यह उसके प्रति उसकी वफादार सेवा का प्रमाण है, या “काम करते हुए मरना” है।","type":"default","passage":"पत्थर की मूर्ति का हृदय","commentary":"","meaning":""}]}