{"id":23,"title":"मेरी विश्वविद्यालय की डिग्री","description":"मेरी विश्वविद्यालय की डिग्री","sectionCount":19,"tags":null,"contentId":"AoY02","sections":[{"id":"1","title":"23.1","content":"मुझे अपनी यूनिवर्सिटी की डिग्री मिली  \n> आप दर्शनशास्त्र में अपनी पाठ्यपुस्तक के असाइनमेंट को अनदेखा करते हैं।\n\nइसमें कोई संदेह नहीं है कि आप परीक्षाओं में सफल होने के लिए एक अत्याधिक **अंतर्ज्ञान** पर निर्भर हैं।\n\nलेकिन जब तक आप खुद को अधिक विद्वत्तापूर्ण तरीके से लागू नहीं करते, मैं यह सुनिश्चित करूँगा कि आप इस कोर्स को पास न करें।\n\n सेरामपुर कॉलेज के प्रोफेसर डी. सी. घोषाल मुझे सख्ती से संबोधित कर रहे थे।\n\nअगर मैं उनकी अंतिम लिखित कक्षा परीक्षा में असफल रहा, तो मैं निर्णायक परीक्षा देने के लिए अयोग्य हो जाऊँगा।\n\nये कलकत्ता विश्वविद्यालय के संकाय द्वारा तैयार किए जाते हैं, जिसमें सेरामपुर कॉलेज इसकी संबद्ध शाखाओं में से एक है।\n\nभारतीय विश्वविद्यालयों में एक छात्र जो ए.बी. फाइनल में एक विषय में असफल होता है, उसे अगले वर्ष अपने सभी विषयों में नए सिरे से परीक्षा देनी होगी।","type":"default","passage":"मेरी विश्वविद्यालय की डिग्री","commentary":"","meaning":""},{"id":"2","title":"23.2","content":"सेरामपुर कॉलेज में मेरे प्रशिक्षक आमतौर पर मेरे साथ दयालुता से पेश आते थे, जिसमें एक मनोरंजक सहिष्णुता भी शामिल थी।\n\n> मुकुंद धर्म के नशे में कुछ ज़्यादा ही चूर है।\n\n इस तरह से मेरा सारांश देते हुए, उन्होंने चतुराई से मुझे कक्षा के सवालों के जवाब देने की शर्मिंदगी से बचाया; उन्हें भरोसा था कि अंतिम लिखित परीक्षा मुझे ए.बी. उम्मीदवारों की सूची से हटा देगी।\n\nमेरे साथी छात्रों द्वारा पारित निर्णय उनके उपनाम में व्यक्त किया गया था-  \n> मैड मॉन्क।\n\n मैंने प्रोफेसर घोषाल की मुझे दर्शनशास्त्र में फेल होने की धमकी को नकारने के लिए एक चतुर कदम उठाया।\n\nजब अंतिम परीक्षा के परिणाम सार्वजनिक रूप से घोषित होने वाले थे, तो मैंने एक सहपाठी से प्रोफेसर के अध्ययन कक्ष में मेरे साथ चलने के लिए कहा।","type":"default","passage":"मेरी विश्वविद्यालय की डिग्री","commentary":"","meaning":""},{"id":"3","title":"23.3","content":"> आओ, मुझे एक गवाह चाहिए,  \n मैंने अपने साथी से कहा।\n\n> अगर मैं प्रशिक्षक को चकमा देने में सफल नहीं हुआ तो मैं बहुत निराश हो जाऊंगा।\n\n जब मैंने पूछा कि उन्होंने मेरे पेपर को क्या रेटिंग दी है, तो प्रोफेसर घोषाल ने अपना सिर हिलाया।\n\n> आप उन लोगों में से नहीं हैं जो पास हुए हैं,  \n उन्होंने जीत के भाव से कहा।\n\nउन्होंने अपनी मेज़ पर रखे बड़े ढेर में से खोजबीन की।\n\n> आपका पेपर यहाँ बिल्कुल नहीं है; वैसे भी, आप परीक्षा में उपस्थित न होने के कारण फेल हो गए हैं।\n\n मैंने ठहाका लगाया।\n\n> सर, मैं वहाँ था।\n\nक्या मैं खुद ढेर में से देख सकता हूँ?\n प्रोफेसर ने, हैरान होकर, अपनी अनुमति दे दी; मैंने जल्दी से अपना पेपर ढूँढ़ा, जहाँ मैंने अपने रोल कॉल नंबर को छोड़कर किसी भी पहचान चिह्न को सावधानी से छोड़ दिया था।\n\nमेरे नाम के  \n> लाल झंडे\n से अनजान, प्रशिक्षक ने मेरे उत्तरों को उच्च रेटिंग दी थी, भले ही वे पाठ्यपुस्तक के उद्धरणों से अलंकृत न हों।\n\n{FN23-1}","type":"default","passage":"मेरी विश्वविद्यालय की डिग्री","commentary":"","meaning":""},{"id":"4","title":"23.4","content":"मेरी चाल को समझते हुए, \n\nअब वह गरजकर बोला, “सरासर बेशर्म किस्मत!” उसने उम्मीद से कहा, “तुम निश्चित रूप से ए.बी. फाइनल में फेल हो जाओगे।\n\n” मेरे अन्य विषयों की परीक्षाओं के लिए, मैंने कुछ कोचिंग ली, खास तौर पर मेरे प्यारे दोस्त और चचेरे भाई, प्रभास चंद्र घोष, {FN23-2} से, जो मेरे चाचा शारदा के बेटे हैं।\n\nमैं अपनी सभी अंतिम परीक्षाओं में दर्दनाक रूप से लड़खड़ाता रहा, लेकिन सफलतापूर्वक - सबसे कम संभव पासिंग मार्क्स के साथ।\n\nअब, कॉलेज के चार साल बाद, मैं ए.बी. परीक्षाओं में बैठने के योग्य था।\n\nफिर भी, मुझे शायद ही उम्मीद थी कि मैं इस विशेषाधिकार का लाभ उठा पाऊंगा।\n\nए.बी. डिग्री के लिए कलकत्ता विश्वविद्यालय द्वारा निर्धारित कठोर परीक्षाओं की तुलना में सेरामपुर कॉलेज की अंतिम परीक्षाएँ बच्चों का खेल थीं।\n\nश्रीयुक्तेश्वर की मेरी लगभग दैनिक यात्राओं ने मुझे कॉलेज के हॉल में प्रवेश करने के लिए बहुत कम समय दिया था।\n\nवहाँ मेरी अनुपस्थिति के बजाय मेरी उपस्थिति ने मेरे सहपाठियों को आश्चर्य से भर दिया!","type":"default","passage":"मेरी विश्वविद्यालय की डिग्री","commentary":"","meaning":""},{"id":"5","title":"23.5","content":"मेरी आदत थी कि सुबह साढ़े नौ बजे साइकिल से निकल जाता था।\n\nएक हाथ में मैं अपने गुरु के लिए भेंट लेकर जाता था- अपने पंथी बोर्डिंग हाउस के बगीचे से कुछ फूल।\n\nगुरु मुझे विनम्रतापूर्वक नमस्कार करते हुए दोपहर के भोजन के लिए आमंत्रित करते थे।\n\nमैं हमेशा तत्परता से स्वीकार करता था, कॉलेज के बारे में सोचना भूल जाता था।\n\nश्रीयुक्तेश्वर के साथ घंटों बिताने, उनके अतुलनीय ज्ञान को सुनने या आश्रम के कामों में मदद करने के बाद, मैं अनिच्छा से आधी रात के आसपास पंथी के लिए निकल जाता था।\n\nकभी-कभी मैं अपने गुरु के साथ पूरी रात बिताता था, उनकी बातचीत में इतना मग्न रहता था कि मुझे पता ही नहीं चलता था कि कब अंधेरा भोर में बदल गया।","type":"default","passage":"मेरी विश्वविद्यालय की डिग्री","commentary":"","meaning":""},{"id":"6","title":"23.6","content":"एक रात करीब ग्यारह बजे, जब मैं बोर्डिंग हाउस जाने की तैयारी में अपने जूते पहन रहा था, गुरु ने मुझसे गंभीरता से पूछा।\n\n“तुम्हारी ए.बी. परीक्षाएँ कब शुरू होंगी?” “पाँच दिन बाद, श्रीमान।\n\n” “मुझे उम्मीद है कि तुम उनके लिए तैयार हो।\n\n” घबराहट में मैंने अपना एक जूता हवा में उठाया।\n\n“श्रीमान, ” मैंने विरोध किया, “आप जानते हैं कि मेरे दिन प्रोफेसरों के बजाय आपके साथ कैसे बीते हैं।\n\nमैं उन कठिन फाइनल परीक्षाओं में शामिल होकर कैसे तमाशा कर सकता हूँ?” श्रीयुक्तेश्वर की आँखें मेरी ओर घूर रही थीं।\n\n“तुम्हें अवश्य उपस्थित होना चाहिए।\n\n” उनका स्वर ठंडा और सख्त था।\n\n“हमें तुम्हारे पिता और अन्य रिश्तेदारों को आश्रम जीवन के प्रति तुम्हारी पसंद की आलोचना करने का कारण नहीं देना चाहिए।\n\nबस मुझसे वादा करो कि तुम परीक्षाओं में उपस्थित रहोगे; उनका उत्तर तुम सर्वोत्तम तरीके से दोगे।\n\n”","type":"default","passage":"मेरी विश्वविद्यालय की डिग्री","commentary":"","meaning":""},{"id":"7","title":"23.7","content":"मेरे चेहरे पर बेकाबू आँसू बह रहे थे।\n\nमुझे लगा कि गुरु का आदेश अनुचित था, और उनकी दिलचस्पी, कम से कम, देर से थी।\n\n> अगर आप चाहें तो मैं उपस्थित हो सकता हूँ,  \n मैंने सिसकते हुए कहा।\n\n> लेकिन उचित तैयारी के लिए समय नहीं बचा है।\n\n मैंने मन ही मन बुदबुदाया,  \n> मैं प्रश्नों के उत्तर में आपकी शिक्षाओं से पन्ने भर दूँगा!\n जब मैं अगले दिन अपने सामान्य समय पर आश्रम में दाखिल हुआ, तो मैंने एक खास शोकपूर्ण गंभीरता के साथ अपना गुलदस्ता पेश किया।\n\nश्रीयुक्तेश्वर मेरी उदास मुद्रा पर हँसे।\n\n> मुकुंद, क्या भगवान ने कभी आपको किसी परीक्षा में या कहीं और असफल किया है?\n  \n> नहीं, सर,  \n मैंने गर्मजोशी से जवाब दिया।\n\nकृतज्ञता की यादें एक पुनर्जीवित बाढ़ की तरह बह गईं।","type":"default","passage":"मेरी विश्वविद्यालय की डिग्री","commentary":"","meaning":""},{"id":"8","title":"23.8","content":"मेरे गुरु ने विनम्रतापूर्वक कहा,  \n> आलस्य नहीं, बल्कि ईश्वर के प्रति तीव्र उत्साह ने तुम्हें कॉलेज में सम्मान पाने से रोका है।\n\n कुछ देर चुप रहने के बाद उन्होंने कहा,  \n> पहले ईश्वर के राज्य और उसकी धार्मिकता की खोज करो; और ये सभी चीजें तुम्हें मिल जाएंगी।\n\n  \n***(FN23-4)***\n हज़ारवीं बार, मुझे लगा कि गुरु की उपस्थिति में मेरा बोझ हल्का हो गया है।\n\nजब हमने अपना दोपहर का भोजन समाप्त कर लिया, तो उन्होंने सुझाव दिया कि मैं पंथी में वापस लौट जाऊं।\n\n> क्या आपके मित्र रोमेश चंद्र दत्त अभी भी आपके बोर्डिंगहाउस में रहते हैं?\n  \n> हाँ, सर।\n\n  \n> उनसे संपर्क करें; भगवान उन्हें परीक्षाओं में आपकी मदद करने के लिए प्रेरित करेंगे।\n\n  \n> बहुत अच्छा, सर; लेकिन रोमेश असामान्य रूप से व्यस्त हैं।\n\nवह हमारी कक्षा में सम्मानित व्यक्ति हैं, और दूसरों की तुलना में उनका कोर्स अधिक कठिन है।","type":"default","passage":"मेरी विश्वविद्यालय की डिग्री","commentary":"","meaning":""},{"id":"9","title":"23.9","content":"मास्टर ने मेरी आपत्तियों को दरकिनार कर दिया।\n\n“रोमेश तुम्हारे लिए समय निकाल लेंगे।\n\nअब जाओ।\n\n” मैं साइकिल से पंथी वापस आ गया।\n\nबोर्डिंग हाउस परिसर में मेरी पहली मुलाकात विद्वान रोमेश से हुई।\n\nमानो उसके दिन बिलकुल खाली हों, उसने मेरी संकोच भरी विनती को सहर्ष स्वीकार कर लिया।\n\n“बेशक; मैं तुम्हारी सेवा में हूँ।\n\n” उसने उस दोपहर और उसके बाद के दिनों के कई घंटे मुझे मेरे विभिन्न विषयों में कोचिंग देने में बिताए।\n\n“मुझे लगता है कि अंग्रेजी साहित्य में कई प्रश्न चाइल्ड हेरोल्ड के मार्ग पर केंद्रित होंगे, ” उसने मुझसे कहा।\n\n“हमें तुरंत एक एटलस लेना चाहिए।\n\n” मैं जल्दी से अपने चाचा सारदा के घर गया और एक एटलस उधार लिया।\n\nरोमेश ने यूरोपीय मानचित्र पर उन स्थानों को चिह्नित किया जहाँ बायरन के रोमांटिक यात्री ने दौरा किया था।","type":"default","passage":"मेरी विश्वविद्यालय की डिग्री","commentary":"","meaning":""},{"id":"10","title":"23.10","content":"कुछ सहपाठी ट्यूशन सुनने के लिए इकट्ठे हुए थे।\n\n“रोमेश तुम्हें गलत सलाह दे रहा है, ” उनमें से एक ने सत्र के \n\nअंत में मुझसे कहा।\n\n“आमतौर पर केवल पचास प्रतिशत प्रश्न किताबों के बारे में होते हैं; बाकी आधे लेखकों के जीवन से जुड़े होंगे।\n\n” जब मैं अगले दिन अंग्रेजी साहित्य की परीक्षा देने बैठा, तो प्रश्नों पर मेरी पहली नज़र पड़ते ही कृतज्ञता के आँसू बहने लगे, जिससे मेरा पेपर गीला हो गया।\n\nकक्षा का मॉनिटर मेरी डेस्क पर आया और सहानुभूतिपूर्वक पूछताछ की।\n\n“मेरे गुरु ने भविष्यवाणी की थी कि रोमेश मेरी मदद करेगा, ” मैंने समझाया।\n\n“देखो; रोमेश द्वारा मुझे बताए गए वही प्रश्न यहाँ परीक्षा शीट पर हैं! मेरे लिए सौभाग्य की बात है कि इस साल अंग्रेजी लेखकों पर बहुत कम प्रश्न हैं, जहाँ तक मेरा सवाल है, उनके जीवन गहरे रहस्य में लिपटे हुए हैं!”","type":"default","passage":"मेरी विश्वविद्यालय की डिग्री","commentary":"","meaning":""},{"id":"11","title":"23.11","content":"जब मैं लौटा तो मेरे बोर्डिंग हाउस में कोलाहल मच गया था।\n\nजो लड़के रोमेश के कोचिंग के तरीके का मज़ाक उड़ा रहे थे, वे मुझे आश्चर्य से देख रहे थे, और बधाई देते हुए लगभग बहरा कर रहे थे।\n\nपरीक्षा के सप्ताह के दौरान, मैंने रोमेश के साथ कई घंटे बिताए, जिसने ऐसे प्रश्न तैयार किए जो उसे लगा कि प्रोफेसरों द्वारा पूछे जाने की संभावना है।\n\nदिन-ब-दिन, रोमेश के प्रश्न परीक्षा की शीट पर लगभग एक ही रूप में दिखाई दिए।\n\nकॉलेज में यह खबर व्यापक रूप से प्रसारित हुई कि चमत्कार जैसा कुछ हो रहा था, और यह कि अनुपस्थित दिमाग वाले  \n> पागल साधु\n के लिए सफलता संभावित थी।\n\nमैंने मामले के तथ्यों को छिपाने का कोई प्रयास नहीं किया।\n\nस्थानीय प्रोफेसर उन प्रश्नों को बदलने में असमर्थ थे, जिन्हें कलकत्ता विश्वविद्यालय द्वारा व्यवस्थित किया गया था।","type":"default","passage":"मेरी विश्वविद्यालय की डिग्री","commentary":"","meaning":""},{"id":"12","title":"23.12","content":"अंग्रेजी साहित्य की परीक्षा के बारे में सोचते हुए, मुझे एक सुबह एहसास हुआ कि मैंने एक गंभीर गलती की है।\n\nप्रश्नों के एक भाग को ए या बी और सी या डी के दो भागों में विभाजित किया गया था।\n\nप्रत्येक भाग से एक प्रश्न का उत्तर देने के बजाय, मैंने समूह I में दोनों प्रश्नों के उत्तर लापरवाही से दिए थे, और समूह II में कुछ भी विचार करने में विफल रहा था।\n\nउस पेपर में मैं अधिकतम 33 अंक प्राप्त कर सकता था, जो उत्तीर्ण होने के लिए आवश्यक 36 अंकों से तीन कम था।\n\nमैं भागकर मास्टर के पास गया और अपनी परेशानी बताई।\n\n> सर, मैंने एक अक्षम्य भूल की है।\n\nमैं रोमेश के माध्यम से दिव्य आशीर्वाद का हकदार नहीं हूँ; मैं बिल्कुल अयोग्य हूँ।","type":"default","passage":"मेरी विश्वविद्यालय की डिग्री","commentary":"","meaning":""},{"id":"13","title":"23.13","content":"> खुश रहो, मुकुंद।\n\n श्रीयुक्तेश्वर का स्वर हल्का और बेफिक्र था।\n\nउन्होंने आकाश की नीली छतरी की ओर इशारा किया।\n\n> सूर्य और चंद्रमा का अंतरिक्ष में अपनी स्थिति बदलना आपके लिए अपनी डिग्री प्राप्त करने में असफल होने से कहीं अधिक संभव है!\n मैं आश्रम से अधिक शांत मनोदशा में निकला, \n\nहालांकि यह गणितीय रूप से अकल्पनीय लग रहा था कि मैं पास हो सकता हूं।\n\nमैंने एक या दो बार आशंका से आकाश की ओर देखा; दिन के देवता अपनी सामान्य कक्षा में सुरक्षित रूप से लंगर डाले हुए दिखाई दिए! जैसे ही मैं पंथी के पास पहुंचा, मैंने एक सहपाठी की टिप्पणी सुनी:  \n> मुझे अभी पता चला है कि इस साल, पहली बार, अंग्रेजी साहित्य में आवश्यक उत्तीर्ण अंक कम कर दिए गए हैं।","type":"default","passage":"मेरी विश्वविद्यालय की डिग्री","commentary":"","meaning":""},{"id":"14","title":"23.14","content":"मैं इतनी तेजी से उस लड़के के कमरे में दाखिल हुआ कि वह घबराकर ऊपर देखने लगा।\n\nमैंने उत्सुकता से उससे पूछा।\n\n> लंबे बालों वाले साधु,  \n उसने हंसते हुए कहा,  \n> अचानक शैक्षणिक मामलों में इतनी दिलचस्पी क्यों? आखिरी समय में रोना क्यों? लेकिन यह सच है कि पासिंग मार्क को घटाकर 33 पॉइंट कर दिया गया है।\n\n कुछ खुशी भरी छलांगें लगाने के बाद मैं अपने कमरे में पहुंचा, जहां मैं घुटनों के बल बैठ गया और अपने दिव्य पिता की गणितीय पूर्णता की प्रशंसा की।\n\nहर दिन मैं एक आध्यात्मिक उपस्थिति की चेतना से रोमांचित होता था जिसे मैं स्पष्ट रूप से रोमेश के माध्यम से मेरा मार्गदर्शन करते हुए महसूस करता था।\n\nबंगाली में परीक्षा के संबंध में एक महत्वपूर्ण घटना घटी।\n\nरोमेश, जिसने उस विषय पर बहुत कम बात की थी, ने एक सुबह मुझे वापस बुलाया जब मैं बोर्डिंग हाउस से परीक्षा हॉल के लिए निकल रहा था।","type":"default","passage":"मेरी विश्वविद्यालय की डिग्री","commentary":"","meaning":""},{"id":"15","title":"23.15","content":"> रोमेश तुम्हें पुकार रहा है,  \n एक सहपाठी ने अधीरता से मुझसे कहा।\n\n> वापस मत आना; हम हॉल में देर से पहुँचेंगे।\n\n सलाह को नज़रअंदाज़ करते हुए मैं घर की ओर भागा।\n\n> बंगाली परीक्षा में हमारे बंगाली लड़के आमतौर पर आसानी से पास हो जाते हैं,  \n रोमेश ने मुझसे कहा।\n\n> लेकिन मुझे अभी-अभी यह अंदेशा हुआ है कि इस साल प्रोफेसरों ने हमारे प्राचीन साहित्य से सवाल पूछकर छात्रों का नरसंहार करने की योजना बनाई है।\n\n फिर मेरे दोस्त ने प्रसिद्ध परोपकारी विद्यासागर के जीवन की दो कहानियाँ संक्षेप में बताईं।\n\nमैंने रोमेश को धन्यवाद दिया और जल्दी से साइकिल से कॉलेज हॉल की ओर चल दिया।\n\nबंगाली में परीक्षा पत्र में दो भाग थे।\n\nपहला निर्देश था:  \n> विद्यासागर के दान के दो उदाहरण लिखो।\n\n जैसे ही मैंने हाल ही में प्राप्त ज्ञान को कागज़ पर डाला, मैंने रोमेश के अंतिम समय के आह्वान पर ध्यान देने के लिए धन्यवाद के कुछ शब्द फुसफुसाए।\n\nअगर मैं विद्यासागर द्वारा मानव जाति  \n***(अंततः खुद पर भी)***\n के लिए किए गए उपकारों से अनभिज्ञ होता, तो मैं बंगाली परीक्षा में पास नहीं हो पाता।\n\nएक विषय में फेल होने पर मुझे अगले साल सभी विषयों की परीक्षा देनी पड़ती।\n\nयह संभावना जाहिर तौर पर घृणित थी।","type":"default","passage":"मेरी विश्वविद्यालय की डिग्री","commentary":"","meaning":""},{"id":"16","title":"23.16","content":"शीट पर दूसरा निर्देश था:  \n> बंगाली में उस व्यक्ति के जीवन पर निबंध लिखें जिसने आपको सबसे अधिक प्रेरित किया है।\n\n प्रिय पाठक, मुझे आपको यह बताने की आवश्यकता नहीं है कि मैंने अपने विषय के लिए किस व्यक्ति को चुना।\n\nजैसे-जैसे मैं अपने गुरु की प्रशंसा से एक के बाद एक पृष्ठ भरता गया, मुझे यह महसूस करके मुस्कुराहट आई कि मेरी बुदबुदाती भविष्यवाणी सच हो रही थी:  \n> मैं आपकी शिक्षाओं से शीट भर दूँगा!\n मुझे रोमेश से दर्शनशास्त्र में अपने पाठ्यक्रम के बारे में सवाल करने का मन नहीं हुआ।\n\nश्री युक्तेश्वर के अधीन अपने लंबे प्रशिक्षण पर भरोसा करते हुए, मैंने सुरक्षित रूप से पाठ्यपुस्तक की व्याख्याओं की अवहेलना की।\n\nमेरे किसी भी पेपर में सबसे अधिक अंक दर्शनशास्त्र में दिए गए थे।\n\nअन्य सभी विषयों में मेरे अंक केवल उत्तीर्ण अंकों के भीतर ही थे।","type":"default","passage":"मेरी विश्वविद्यालय की डिग्री","commentary":"","meaning":""},{"id":"17","title":"23.17","content":"यह दर्ज करते हुए मुझे खुशी हो रही है कि मेरे निःस्वार्थ मित्र रोमेश को अपनी डिग्री कम लाउड के साथ मिली है।\n\nमेरे स्नातक होने पर पिताजी मुस्कुरा रहे थे।\n\nउन्होंने कबूल किया,  \n> मैंने शायद ही सोचा था कि तुम पास हो जाओगे, मुकुंद।\n\n  \n> तुम अपने गुरु के साथ इतना समय बिताते हो।\n\n गुरु ने वास्तव में मेरे पिता की अनकही आलोचना को सही ढंग से पहचाना था।\n\nवर्षों से मैं अनिश्चित था कि मैं कभी वह दिन देख पाऊंगा जब मेरे नाम के साथ ए.बी. होगा।\n\nमैं शायद ही कभी इस उपाधि का उपयोग इस बात पर विचार किए बिना करता हूँ कि यह एक ईश्वरीय उपहार है, जो मुझे कुछ अस्पष्ट कारणों से प्रदान किया गया है।\n\nकभी-कभी मैं कॉलेज के छात्रों को यह कहते हुए सुनता हूँ कि स्नातक होने के बाद उनके पास बहुत कम ज्ञान बचा है।\n\nयह स्वीकारोक्ति मुझे मेरी निस्संदेह शैक्षणिक कमियों के लिए थोड़ा सा सांत्वना देती है।","type":"default","passage":"मेरी विश्वविद्यालय की डिग्री","commentary":"","meaning":""},{"id":"18","title":"23.18","content":"जिस दिन मुझे कलकत्ता विश्वविद्यालय से डिग्री मिली, मैंने अपने गुरु के चरणों में घुटने टेके और उनके जीवन से मेरे जीवन में आने वाले सभी आशीर्वादों के लिए उन्हें धन्यवाद दिया।\n\n“उठो मुकुंद, ” उन्होंने कृपालुता से कहा।\n\n“भगवान ने तुम्हें स्नातक बनाना सूर्य और चंद्रमा को फिर से व्यवस्थित करने से अधिक सुविधाजनक पाया!” {FN23-1} मुझे प्रोफेसर घोषाल के साथ न्याय करना चाहिए और यह स्वीकार करना चाहिए कि हमारे बीच तनावपूर्ण संबंध उनकी किसी गलती के कारण नहीं थे, बल्कि केवल मेरी कक्षाओं से अनुपस्थिति और उनमें ध्यान न देने के कारण थे।\n\nप्रोफेसर घोषाल एक असाधारण वक्ता थे और हैं, जिनके पास विशाल दार्शनिक ज्ञान है।\n\nबाद के वर्षों में हम एक सौहार्दपूर्ण समझ में आ गए।","type":"default","passage":"मेरी विश्वविद्यालय की डिग्री","commentary":"","meaning":""},{"id":"19","title":"23.19","content":"{FN23-2} हालाँकि मेरे चचेरे भाई और मेरा एक ही पारिवारिक नाम है घोष, प्रभास ने अपने नाम का अंग्रेजी में लिप्यंतरण घोष के रूप में करने की आदत डाल ली है; \n\nइसलिए मैं यहाँ उनकी अपनी वर्तनी का अनुसरण करता हूँ।\n\nFN23-3} एक शिष्य हमेशा भारतीय आश्रम में अपने जूते उतारता है।\n\nFN23-4} मैथ्यू 6:33.","type":"default","passage":"मेरी विश्वविद्यालय की डिग्री","commentary":"","meaning":""}]}