{"id":24,"title":"मैं स्वामी संन्यास का सदस्य बना","description":"मैं स्वामी संन्यास का सदस्य बना","sectionCount":21,"tags":null,"contentId":"AoY02","sections":[{"id":"1","title":"24.1","content":"मैं स्वामी संप्रदाय का भिक्षु बन गया “गुरुजी, मेरे पिता चाहते थे कि मैं बंगाल-नागपुर रेलवे में कार्यकारी पद स्वीकार कर लूं।\n\nलेकिन मैंने निश्चित रूप से इसे अस्वीकार कर दिया है।\n\n” मैंने आशापूर्वक कहा, “श्रीमान्, क्या आप मुझे स्वामी संप्रदाय का भिक्षु नहीं बनाएंगे?” मैंने अपने गुरु की ओर विनती भरी दृष्टि से देखा।\n\nपिछले वर्षों में, मेरे दृढ़ निश्चय की गहराई को परखने के लिए, उन्होंने इसी अनुरोध को अस्वीकार कर दिया था।\n\nहालाँकि, आज वे शालीनता से मुस्कुराए।\n\n“बहुत अच्छा; कल मैं तुम्हें स्वामीपद की दीक्षा दूंगा।\n\n” वे चुपचाप बोले, “मुझे खुशी है कि तुमने भिक्षु बनने की अपनी इच्छा पर कायम रहे।\n\nलाहिड़ी महाशय अक्सर कहा करते थे: ‘यदि तुम भगवान को अपने गर्मियों के अतिथि के रूप में आमंत्रित नहीं करते, तो वे तुम्हारे जीवन की सर्दियों में नहीं आएंगे।\n\n’”","type":"default","passage":"मैं स्वामी संन्यास का सदस्य बना","commentary":"","meaning":""},{"id":"2","title":"24.2","content":"> प्रिय गुरुदेव, मैं आपके पूज्य गुरुदेव की तरह स्वामी संघ से जुड़ने के अपने लक्ष्य में कभी पीछे नहीं हट सकता।\n\n मैंने असीम स्नेह से उनकी ओर मुस्कराया।\n\n> जो अविवाहित है, वह भगवान की बातों की चिंता करता है, कि कैसे वह भगवान को प्रसन्न कर सके; लेकिन जो विवाहित है, वह सांसारिक बातों की चिंता करता है, कि कैसे वह अपनी पत्नी को प्रसन्न कर सके।\n\n {FN24-1} मैंने अपने कई मित्रों के जीवन का विश्लेषण किया था, जिन्होंने कुछ आध्यात्मिक अनुशासन से गुजरने के बाद विवाह किया था।\n\nसांसारिक जिम्मेदारियों के समुद्र में डूबे हुए, वे गहन ध्यान करने के अपने संकल्पों को भूल गए थे।\n\nजीवन में ईश्वर को एक गौण स्थान देना, मेरे लिए, अकल्पनीय था।\n\nयद्यपि वे ब्रह्मांड के एकमात्र स्वामी हैं, जो चुपचाप हमें जीवन-दर-जीवन उपहारों की वर्षा कर रहे हैं, फिर भी एक चीज बची हुई है जो उनके पास नहीं है, और जिसे रोकने या देने का अधिकार प्रत्येक मानव हृदय को है - मनुष्य का प्रेम।\n\nसृष्टि के प्रत्येक अणु में अपनी उपस्थिति को रहस्य से ढकने के लिए अनंत कष्ट उठाने वाले सृष्टिकर्ता का एक ही उद्देश्य हो सकता था-एक संवेदनशील इच्छा कि मनुष्य उसे केवल स्वतंत्र इच्छा के माध्यम से ही खोजें।\n\nउसने सर्वशक्तिमानता के लौह हाथ को हर विनम्रता के मखमली दस्ताने से क्यों नहीं ढका है!","type":"default","passage":"मैं स्वामी संन्यास का सदस्य बना","commentary":"","meaning":""},{"id":"3","title":"24.3","content":"अगला दिन मेरे जीवन का सबसे यादगार दिन था।\n\nमुझे याद है कि जुलाई 1914 में, कॉलेज से स्नातक होने के कुछ सप्ताह बाद, गुरुवार को धूप खिली हुई थी।\n\nअपने सेरामपुर आश्रम की भीतरी बालकनी में, गुरु ने सफ़ेद रेशम के एक नए टुकड़े को गेरू के रंग में डुबोया, जो स्वामी संप्रदाय का पारंपरिक रंग है।\n\nकपड़ा सूख जाने के बाद, मेरे गुरु ने इसे एक संन्यासी के वस्त्र की तरह मेरे शरीर पर लपेट दिया।\n\nउन्होंने कहा,  \n> किसी दिन तुम पश्चिम जाओगे, जहाँ रेशम को प्राथमिकता दी जाती है।\n\n  \n> एक प्रतीक के रूप में, मैंने तुम्हारे लिए पारंपरिक कपास के बजाय इस रेशमी कपड़े को चुना है।\n\n भारत में, जहाँ भिक्षु गरीबी के आदर्श को अपनाते हैं, रेशमी वस्त्र पहने स्वामी एक असामान्य दृश्य है।\n\nहालाँकि, कई योगी रेशम के वस्त्र पहनते हैं, जो कपास की तुलना में कुछ सूक्ष्म शारीरिक धाराओं को बेहतर तरीके से संरक्षित करते हैं।","type":"default","passage":"मैं स्वामी संन्यास का सदस्य बना","commentary":"","meaning":""},{"id":"4","title":"24.4","content":"श्रीयुक्तेश्वर ने कहा,  \n> मैं समारोहों से विमुख हूँ।\n\n  \n> मैं तुम्हें बिदवत  \n***(गैर-समारोह)***\n तरीके से स्वामी बनाऊँगा।\n\n स्वामी बनने की बिबिदिसा या विस्तृत दीक्षा में अग्नि संस्कार शामिल होता है, जिसके दौरान प्रतीकात्मक अंतिम संस्कार किए जाते हैं।\n\nशिष्य के भौतिक शरीर को मृत के रूप में दर्शाया जाता है, जिसे ज्ञान की ज्वाला में जलाया जाता है।\n\nउसके बाद नव-निर्मित स्वामी को एक मंत्र दिया जाता है, जैसे:  \n> यह आत्मा ब्रह्म है\n {FN24-2} या  \n> तुम वही हो\n या  \n> मैं वही हूँ।\n\n हालाँकि, श्रीयुक्तेश्वर ने अपनी सादगी के कारण सभी औपचारिक अनुष्ठानों को छोड़ दिया और मुझसे केवल एक नया नाम चुनने के लिए कहा।\n\n> मैं तुम्हें इसे स्वयं चुनने का विशेषाधिकार देता हूँ,  \n उन्होंने मुस्कुराते हुए कहा।","type":"default","passage":"मैं स्वामी संन्यास का सदस्य बना","commentary":"","meaning":""},{"id":"5","title":"24.5","content":"> योगानंद,  \n मैंने एक क्षण सोचने के बाद उत्तर दिया।\n\nनाम का शाब्दिक अर्थ है  \n> ईश्वरीय मिलन  \n***(योग)***\n के माध्यम से आनंद।\n\n  \n> ऐसा ही हो।\n\nअपने पारिवारिक नाम मुकुंद लाल घोष को त्यागकर, \n\nअब से आप स्वामी संप्रदाय की गिरि शाखा के योगानंद कहलाएंगे।\n\n जैसे ही मैंने श्री युक्तेश्वर के सामने घुटने टेके, और पहली बार उन्हें मेरा नया नाम बोलते सुना, मेरा हृदय कृतज्ञता से भर गया।\n\nउन्होंने कितने प्रेम और अथक परिश्रम से काम किया था, कि बालक मुकुंद किसी दिन भिक्षु योगानंद में परिवर्तित हो जाए! मैंने भगवान शंकर के लंबे संस्कृत मंत्र से कुछ छंद खुशी से गाए: \"मन, न बुद्धि, न अहंकार, न भावना; आकाश, न पृथ्वी, न धातु।\n\nमैं वही हूँ, मैं वही हूँ, धन्य आत्मा, मैं वही हूँ! मेरा न कोई जन्म है, न मृत्यु, न जाति; पिता, माता, कोई नहीं है।\n\nमैं वही हूँ, मैं वही हूँ, धन्य आत्मा, मैं वही हूँ! कल्पना की उड़ानों से परे, मैं निराकार हूँ, समस्त जीवन के अंगों में व्याप्त हूँ; बंधन से मैं नहीं डरता; मैं स्वतंत्र हूँ, सदा स्वतंत्र, मैं वही हूँ, मैं वही हूँ, धन्य आत्मा, मैं वही हूँ!”","type":"default","passage":"मैं स्वामी संन्यास का सदस्य बना","commentary":"","meaning":""},{"id":"6","title":"24.6","content":"प्रत्येक स्वामी प्राचीन मठवासी संप्रदाय से संबंधित है, जिसे शंकराचार्य ने अपने वर्तमान स्वरूप में संगठित किया था।\n\n{FN24-3} क्योंकि यह एक औपचारिक संप्रदाय है, जिसमें संतों के प्रतिनिधियों की एक अखंड पंक्ति सक्रिय नेताओं के रूप में कार्य करती है, \n\nइसलिए कोई भी व्यक्ति स्वयं को स्वामी की उपाधि नहीं दे सकता।\n\nउसे यह उपाधि केवल दूसरे स्वामी से ही प्राप्त होती है; इस प्रकार सभी भिक्षु अपने आध्यात्मिक वंश को एक ही गुरु, भगवान शंकर से जोड़ते हैं।\n\nआध्यात्मिक गुरु के प्रति निर्धनता, शुद्धता और आज्ञाकारिता की शपथ लेकर, कई कैथोलिक ईसाई मठवासी संप्रदाय स्वामियों के संप्रदाय से मिलते जुलते हैं।\n\nअपने नए नाम के अलावा, जो आमतौर पर आनंद में समाप्त होता है, स्वामी एक उपाधि लेता है जो स्वामी संप्रदाय के दस उपविभागों में से एक के साथ उसके औपचारिक संबंध को इंगित करता है।\n\nइन दसनामों या दस नामों में गिरि  \n***(पर्वत)***\n शामिल है, जिससे श्री युक्तेश्वर और \n\nइसलिए मैं संबंधित हूं।\n\nअन्य शाखाओं में सागर  \n***(समुद्र)***\n, भारती  \n***(भूमि)***\n, अरण्य  \n***(वन)***\n, पुरी  \n***(क्षेत्र)***\n, तीर्थ  \n***(तीर्थस्थल)***\n और सरस्वती  \n***(प्रकृति का ज्ञान)***\n शामिल हैं।","type":"default","passage":"मैं स्वामी संन्यास का सदस्य बना","commentary":"","meaning":""},{"id":"7","title":"24.7","content":"इस प्रकार स्वामी को प्राप्त होने वाला नया नाम दोहरा महत्व रखता है, और यह किसी दिव्य गुण या अवस्था-प्रेम, ज्ञान, भक्ति, सेवा, योग-के माध्यम से परम आनंद  \n***(आनंद)***\n की प्राप्ति को दर्शाता है और प्रकृति के साथ सामंजस्य के माध्यम से, जैसा कि उसके महासागरों, पहाड़ों, आसमानों की अनंत विशालता में व्यक्त होता है।\n\nसभी मानव जाति के लिए निस्वार्थ सेवा का आदर्श, और व्यक्तिगत संबंधों और महत्वाकांक्षाओं का त्याग, अधिकांश स्वामियों को भारत में या कभी-कभी विदेशी भूमि में मानवीय और शैक्षिक कार्यों में सक्रिय रूप से संलग्न होने के लिए प्रेरित करता है।\n\nजाति, पंथ, वर्ग, रंग, लिंग या नस्ल के सभी पूर्वाग्रहों को अनदेखा करते हुए, एक स्वामी मानव भाईचारे के उपदेशों का पालन करता है।\n\nउनका लक्ष्य आत्मा के साथ पूर्ण एकता है।\n\nअपनी जागती और सोती हुई चेतना को इस विचार से भरते हुए कि,  \n> मैं वह हूँ,  \n वह दुनिया में संतुष्ट होकर घूमता है, लेकिन इसका हिस्सा नहीं है।\n\nइस प्रकार ही वह स्वामी के अपने खिताब को सही ठहरा सकता है-वह जो SWA या स्व के साथ एकता प्राप्त करना चाहता है।\n\nयह कहना अनावश्यक है कि सभी औपचारिक उपाधि प्राप्त स्वामी अपने उच्च लक्ष्य तक पहुंचने में समान रूप से सफल नहीं होते।","type":"default","passage":"मैं स्वामी संन्यास का सदस्य बना","commentary":"","meaning":""},{"id":"8","title":"24.8","content":"श्रीयुक्तेश्वर स्वामी और योगी दोनों थे।\n\nएक स्वामी, जो प्राचीन संप्रदाय से अपने संबंध के कारण औपचारिक रूप से भिक्षु होता है, हमेशा योगी नहीं होता।\n\nजो कोई भी ईश्वर-संपर्क की वैज्ञानिक तकनीक का अभ्यास करता है, वह योगी है; वह विवाहित या अविवाहित हो सकता है, या तो सांसारिक व्यक्ति हो सकता है या औपचारिक धार्मिक बंधनों वाला व्यक्ति हो सकता है।\n\nएक स्वामी शायद केवल शुष्क तर्क, ठंडे त्याग के मार्ग का अनुसरण कर सकता है; लेकिन एक योगी खुद को एक निश्चित, चरण-दर-चरण प्रक्रिया में लगाता है जिसके द्वारा शरीर और मन अनुशासित होते हैं, और आत्मा मुक्त होती है।\n\nभावनात्मक आधार पर या विश्वास के आधार पर कुछ भी निश्चित न मानते हुए, एक योगी अभ्यासों की एक पूरी तरह से परखी हुई श्रृंखला का अभ्यास करता है जिसे सबसे पहले शुरुआती ऋषियों ने तैयार किया था।\n\nयोग ने भारत के हर युग में ऐसे लोगों को जन्म दिया है जो वास्तव में मुक्त, सच्चे योगी-मसीह बन गए।","type":"default","passage":"मैं स्वामी संन्यास का सदस्य बना","commentary":"","meaning":""},{"id":"9","title":"24.9","content":"किसी भी अन्य विज्ञान की तरह, योग हर मौसम और हर समय के लोगों के लिए उपयोगी है।\n\nकुछ अज्ञानी लेखकों द्वारा प्रस्तुत यह सिद्धांत कि योग  \n> पश्चिमी लोगों के लिए अनुपयुक्त\n है, पूरी तरह से झूठ है, और इसने कई ईमानदार छात्रों को इसके कई लाभों की तलाश करने से रोक दिया है।\n\nयोग विचारों की स्वाभाविक अशांति को नियंत्रित करने की एक विधि है, जो अन्यथा निष्पक्ष रूप से सभी लोगों, सभी देशों के लोगों को उनकी आत्मा की वास्तविक प्रकृति को देखने से रोकती है।\n\nयोग पूर्व और पश्चिम की बाधा को उतना ही नहीं जान सकता जितना कि सूर्य का उपचारात्मक और समतापूर्ण प्रकाश।\n\nजब तक मनुष्य के पास अपने बेचैन विचारों वाला मन है, तब तक योग या नियंत्रण की सार्वभौमिक आवश्यकता बनी रहेगी।","type":"default","passage":"मैं स्वामी संन्यास का सदस्य बना","commentary":"","meaning":""},{"id":"10","title":"24.10","content":"[चित्रण: भगवान शिव के रूप में, कृष्ण जैसे ऐतिहासिक व्यक्ति नहीं, शिव भगवान को उनके त्रिगुणात्मक स्वरूप  \n***(सृजक-पालक-विध्वंसक)***\n के अंतिम रूप में दिया गया नाम है।\n\nशिव, माया या भ्रम के संहारक, शास्त्रों में त्यागियों के भगवान, योगियों के राजा के रूप में प्रतीकात्मक रूप से दर्शाए गए हैं।\n\nहिंदू कला में उन्हें हमेशा अपने बालों में नया चाँद और फन वाले साँपों की माला पहने हुए दिखाया जाता है, जो बुराई पर विजय और पूर्ण ज्ञान का प्राचीन प्रतीक है।\n\nउनके माथे पर सर्वज्ञता की “एकमात्र” आँख खुली हुई है।\n\n—शिव.jpg देखें] प्राचीन ऋषि पतंजलि ने “योग” को “मन के उतार-चढ़ाव पर नियंत्रण” के रूप में परिभाषित किया है।\n\n{FN24-4} उनकी बहुत ही संक्षिप्त और उत्कृष्ट व्याख्याएँ, योग सूत्र, हिंदू दर्शन की छह प्रणालियों में से एक हैं।\n\n{FN24-5} पश्चिमी दर्शन के विपरीत, सभी छह हिंदू प्रणालियाँ न केवल सैद्धांतिक बल्कि व्यावहारिक शिक्षाओं को भी मूर्त रूप देती हैं।\n\nप्रत्येक कल्पनीय ऑन्टोलॉजिकल जांच के अलावा, छह प्रणालियाँ दुख के स्थायी निवारण और कालातीत आनंद की प्राप्ति के उद्देश्य से छह निश्चित अनुशासन तैयार करती हैं।","type":"default","passage":"मैं स्वामी संन्यास का सदस्य बना","commentary":"","meaning":""},{"id":"11","title":"24.11","content":"सभी छह प्रणालियों को जोड़ने वाला सामान्य सूत्र यह घोषणा है कि परम सत्य के ज्ञान के बिना मनुष्य के लिए कोई सच्ची स्वतंत्रता संभव नहीं है।\n\nबाद के उपनिषदों ने छह प्रणालियों में से योग सूत्रों को सत्य की प्रत्यक्ष अनुभूति प्राप्त करने के लिए सबसे प्रभावी तरीकों के रूप में स्थापित किया है।\n\nयोग की व्यावहारिक तकनीकों के माध्यम से, मनुष्य अटकलों के बंजर क्षेत्रों को हमेशा के लिए पीछे छोड़ देता है और वास्तविक सार को अनुभव में पहचानता है।\n\nपतंजलि द्वारा बताई गई योग प्रणाली को अष्टांगिक मार्ग के रूप में जाना जाता है।\n\nपहले चरण,  \n***(1)***\n यम और  \n***(2)***\n नियम, में दस नकारात्मक और सकारात्मक नैतिकताओं का पालन करने की आवश्यकता होती है-दूसरों को चोट पहुँचाने से बचना, असत्य बोलना, चोरी करना, असंयमित रहना, उपहार लेना  \n***(जो दायित्व लाता है)***\n; और शरीर और मन की शुद्धता, संतोष, आत्म-अनुशासन, अध्ययन और ईश्वर के प्रति समर्पण।","type":"default","passage":"मैं स्वामी संन्यास का सदस्य बना","commentary":"","meaning":""},{"id":"12","title":"24.12","content":"अगले चरण हैं  \n***(3)***\n आसन  \n***(सही मुद्रा)***\n; रीढ़ की हड्डी को सीधा रखना चाहिए, और शरीर को ध्यान के लिए आरामदायक स्थिति में स्थिर रखना चाहिए;  \n***(4)***\n प्राणायाम  \n***(प्राण, सूक्ष्म जीवन धाराओं का नियंत्रण)***\n; और  \n***(5)***\n प्रत्याहार  \n***(बाहरी वस्तुओं से इंद्रियों को वापस लेना)***।\nअंतिम चरण योग के वास्तविक रूप हैं:  \n***(6)***\n धारणा  \n***(एकाग्रता)***\n; मन को एक विचार पर टिकाए रखना;  \n***(7)***\n ध्यान  \n***(ध्यान)***\n, और  \n***(8)***\n समाधि  \n***(अतिचेतन धारणा)***।\nयह योग का अष्टांगिक मार्ग है {FN24-6} जो व्यक्ति को कैवल्य  \n***(पूर्णता)***\n के अंतिम लक्ष्य की ओर ले जाता है, एक शब्द जिसे अधिक समझदारी से “सभी बौद्धिक समझ से परे सत्य की प्राप्ति” के रूप में रखा जा सकता है।","type":"default","passage":"मैं स्वामी संन्यास का सदस्य बना","commentary":"","meaning":""},{"id":"13","title":"24.13","content":"कोई पूछ सकता है,  \n> कौन बड़ा है, स्वामी या योगी?\n जब भगवान के साथ अंतिम एकता प्राप्त हो जाती है, तो विभिन्न मार्गों के भेद मिट जाते हैं।\n\nहालाँकि, भगवद गीता बताती है कि योग की विधियाँ सर्वव्यापी हैं।\n\nइसकी तकनीकें केवल कुछ खास प्रकार और स्वभाव के लोगों के लिए नहीं हैं, जैसे कि वे कुछ लोग जो मठवासी जीवन की ओर झुकाव रखते हैं; योग के लिए किसी औपचारिक निष्ठा की आवश्यकता नहीं है।\n\nचूँकि योग विज्ञान एक सार्वभौमिक आवश्यकता को पूरा करता है, \n\nइसलिए इसकी स्वाभाविक सार्वभौमिक प्रयोज्यता है।\n\nएक सच्चा योगी कर्तव्यनिष्ठ होकर संसार में रह सकता है; वहाँ वह पानी पर मक्खन की तरह होता है, न कि बिना मथे और अनुशासनहीन मानवता के आसानी से घुलने वाले दूध की तरह।\n\nअपनी सांसारिक जिम्मेदारियों को पूरा करना वास्तव में उच्चतर मार्ग है, बशर्ते कि योगी अहंकारी इच्छाओं के साथ मानसिक रूप से असंबद्ध रहते हुए, भगवान के एक इच्छुक साधन के रूप में अपनी भूमिका निभाए।","type":"default","passage":"मैं स्वामी संन्यास का सदस्य बना","commentary":"","meaning":""},{"id":"14","title":"24.14","content":"आज अमेरिका, यूरोप या अन्य गैर-हिंदू देशों में रहने वाले कई महान आत्माएं हैं, जिन्होंने भले ही कभी योगी और स्वामी शब्द न सुने हों, फिर भी वे इन शब्दों के सच्चे उदाहरण हैं।\n\nमानवता के प्रति अपनी निस्वार्थ सेवा के माध्यम से, या भावनाओं और विचारों पर अपनी महारत के माध्यम से, या ईश्वर के प्रति अपने एकनिष्ठ प्रेम के माध्यम से, या अपनी एकाग्रता की महान शक्तियों के माध्यम से, वे एक तरह से योगी हैं; उन्होंने योग-आत्म-नियंत्रण का लक्ष्य निर्धारित किया है।\n\nये लोग और भी अधिक ऊंचाइयों तक पहुंच सकते हैं यदि उन्हें योग का निश्चित विज्ञान सिखाया जाए, जो व्यक्ति के मन और जीवन को अधिक सचेत दिशा में ले जाना संभव बनाता है।","type":"default","passage":"मैं स्वामी संन्यास का सदस्य बना","commentary":"","meaning":""},{"id":"15","title":"24.15","content":"योग को कुछ पश्चिमी लेखकों ने सतही तौर पर गलत समझा है, लेकिन इसके आलोचक कभी इसके अभ्यासी नहीं रहे।\n\nयोग के प्रति अनेक विचारशील श्रद्धांजलियों में से एक का उल्लेख प्रसिद्ध स्विस मनोवैज्ञानिक डॉ. सी. जी. जंग द्वारा किया गया है।\n\nडॉ. जंग लिखते हैं, “जब कोई धार्मिक पद्धति स्वयं को ‘वैज्ञानिक’ बताती है, तो पश्चिम में इसके बारे में लोगों को निश्चित रूप से पता चल सकता है।\n\nयोग इस अपेक्षा को पूरा करता है।\n\n” {FN24-7} “नएपन के आकर्षण और आधे-अधूरे समझे जाने के आकर्षण से बिलकुल अलग, योग के कई अनुयायी होने के अच्छे कारण हैं।\n\nयह नियंत्रणीय अनुभव की संभावना प्रदान करता है और इस प्रकार ‘तथ्यों’ की वैज्ञानिक आवश्यकता को पूरा करता है, और इसके अलावा, इसकी व्यापकता और गहराई, इसके आदरणीय युग, इसके सिद्धांत और पद्धति, जिसमें जीवन का हर चरण शामिल है, के कारण यह अकल्पनीय संभावनाओं का वादा करता है।","type":"default","passage":"मैं स्वामी संन्यास का सदस्य बना","commentary":"","meaning":""},{"id":"16","title":"24.16","content":"“हर धार्मिक या दार्शनिक अभ्यास का अर्थ मनोवैज्ञानिक अनुशासन है, अर्थात मानसिक स्वच्छता की एक विधि।\n\nयोग की विविध, विशुद्ध शारीरिक प्रक्रियाओं {FN24-8} का अर्थ शारीरिक स्वच्छता भी है जो सामान्य जिम्नास्टिक और श्वास अभ्यासों से बेहतर है, क्योंकि यह केवल यंत्रवत और वैज्ञानिक ही नहीं है, बल्कि दार्शनिक भी है; शरीर के अंगों के प्रशिक्षण में, यह उन्हें पूरी आत्मा के साथ जोड़ता है, जैसा कि स्पष्ट है, \n\nउदाहरण के लिए, प्राणायाम अभ्यासों में जहां प्राण सांस और ब्रह्मांड की सार्वभौमिक गतिशीलता दोनों है।\n\n“जब व्यक्ति जो कुछ कर रहा है वह भी एक ब्रह्मांडीय घटना है, तो शरीर में अनुभव किया जाने वाला प्रभाव  \n***(आंतरिक प्रेरणा)***\n, आत्मा की भावना  \n***(सार्वभौमिक विचार)***\n के साथ जुड़ जाता है, और इससे एक जीवंत एकता विकसित होती है जिसे कोई भी तकनीक, चाहे कितनी भी वैज्ञानिक क्यों न हो, उत्पन्न नहीं कर सकती।\n\nयोग अभ्यास अकल्पनीय है, और उन अवधारणाओं के बिना अप्रभावी भी होगा जिन पर योग आधारित है।\n\nयह शारीरिक और आध्यात्मिक को एक दूसरे के साथ असाधारण रूप से पूर्ण तरीके से जोड़ता है।","type":"default","passage":"मैं स्वामी संन्यास का सदस्य बना","commentary":"","meaning":""},{"id":"17","title":"24.17","content":"> पूर्व में, जहाँ ये विचार और अभ्यास विकसित हुए हैं, और जहाँ कई हज़ार वर्षों से एक अखंड परंपरा ने आवश्यक आध्यात्मिक आधार तैयार किए हैं, योग, जैसा कि मैं आसानी से मान सकता हूँ, शरीर और मन को एक साथ जोड़ने का सही और उचित तरीका है ताकि वे एक ऐसी एकता बना सकें जिस पर शायद ही कोई सवाल उठा सके।\n\nयह एकता एक मनोवैज्ञानिक स्वभाव बनाती है जो चेतना से परे अंतर्ज्ञान को संभव बनाती है।\n\n पश्चिमी दिन वास्तव में निकट है जब आत्म-नियंत्रण का आंतरिक विज्ञान प्रकृति पर बाहरी विजय के समान ही आवश्यक पाया जाएगा।\n\nयह नया परमाणु युग \n\nअब वैज्ञानिक रूप से निर्विवाद सत्य द्वारा मनुष्यों के दिमाग को शांत और व्यापक होते हुए देखेगा कि पदार्थ वास्तव में ऊर्जा का एक केंद्र है।\n\nमानव मन की सूक्ष्म शक्तियाँ पत्थरों और धातुओं के भीतर की तुलना में अधिक ऊर्जा को मुक्त कर सकती हैं और उन्हें मुक्त करना चाहिए, ताकि भौतिक परमाणु विशालकाय, जो अभी-अभी मुक्त हुआ है, बिना सोचे-समझे दुनिया को नष्ट न कर दे।\n\n{FN24-9}","type":"default","passage":"मैं स्वामी संन्यास का सदस्य बना","commentary":"","meaning":""},{"id":"18","title":"24.18","content":"{FN24-1} 1 कुरिन्थियों 7:32-33. {FN24-2} शाब्दिक रूप से, “यह आत्मा ही आत्मा है।\n\n” सर्वोच्च आत्मा, अजन्मा, पूरी तरह से बिना किसी शर्त के है  \n***(नेति, नेति, यह नहीं, वह नहीं)***\n लेकिन अक्सर वेदांत में इसे सत्-चित-आनंद के रूप में संदर्भित किया जाता है, अर्थात, अस्तित्व-बुद्धि-आनंद।\n\n{FN24-3} कभी-कभी शंकराचार्य भी कहा जाता है।\n\nआचार्य का अर्थ है “धार्मिक शिक्षक।\n\n” शंकर की तिथि सामान्य शैक्षणिक विवाद का केंद्र है।\n\nकुछ अभिलेख संकेत देते हैं कि अद्वितीय अद्वैतवादी 510 से 478 ईसा पूर्व तक रहते थे; पश्चिमी इतिहासकार उन्हें आठवीं शताब्दी के उत्तरार्ध में मानते हैं।\n\nजो पाठक शंकराचार्य के ब्रह्म सूत्रों की प्रसिद्ध व्याख्या में रुचि रखते हैं, उन्हें डॉ. पॉल ड्यूसेन की वेदांत की प्रणाली  \n***(शिकागो: ओपन कोर्ट पब्लिशिंग कंपनी, 1912)***\n में सावधानीपूर्वक अंग्रेजी अनुवाद मिलेगा।\n\nउनके लेखन के संक्षिप्त अंश श्री शंकराचार्य के चयनित कार्यों  \n***(नटेसन एंड कंपनी, मद्रास)***\n में मिलेंगे।","type":"default","passage":"मैं स्वामी संन्यास का सदस्य बना","commentary":"","meaning":""},{"id":"19","title":"24.19","content":"{FN24-4} “चित्त वृत्ति निरोध”-योग सूत्र I:2. पतंजलि की तिथि अज्ञात है, \n\nहालांकि कई विद्वान उन्हें ईसा पूर्व दूसरी शताब्दी में मानते हैं।\n\nऋषियों ने सभी विषयों पर इतनी अंतर्दृष्टि के साथ ग्रंथ लिखे कि युग उन्हें अप्रचलित करने में असमर्थ रहे; फिर भी, इतिहासकारों के बाद के आश्चर्य के लिए, ऋषियों ने अपने साहित्यिक कार्यों में अपनी तिथियों और व्यक्तित्वों को जोड़ने का कोई प्रयास नहीं किया।\n\nवे जानते थे कि उनका जीवन केवल महान अनंत जीवन की झलक के रूप में अस्थायी रूप से महत्वपूर्ण था; और यह सत्य कालातीत है, ट्रेडमार्क करना असंभव है, और उनका अपना कोई निजी अधिकार नहीं है।\n\n{FN24-5} छह रूढ़िवादी प्रणालियाँ  \n***(सददर्शन)***\n सांख्य, योग, वेदांत, मीमांसा, न्याय और वैशेषिक हैं।\n\nविद्वान पाठकों को इन प्राचीन सूत्रों की सूक्ष्मता और व्यापक दायरे से आनंद मिलेगा, जैसा कि अंग्रेजी में प्रोफेसर सुरेन्द्रनाथ दासगुप्ता  \n***(कैम्ब्रिज यूनिवर्सिटी प्रेस, 1922)***\n द्वारा लिखित भारतीय दर्शन का इतिहास, खंड 1 में संक्षेपित किया गया है।","type":"default","passage":"मैं स्वामी संन्यास का सदस्य बना","commentary":"","meaning":""},{"id":"20","title":"24.20","content":"{FN24-6} बौद्ध धर्म के  \n> आर्य अष्टांगिक मार्ग\n से भ्रमित न हों, जो मनुष्य के जीवन के आचरण के लिए एक मार्गदर्शक है, जो इस प्रकार है  \n***(1)***\n सही आदर्श,  \n***(2)***\n सही उद्देश्य,  \n***(3)***\n सही भाषण,  \n***(4)***\n सही कार्य,  \n***(5)***\n आजीविका के सही साधन,  \n***(6)***\n सही प्रयास,  \n***(7)***\n सही स्मरण  \n***(स्वयं का)***\n,  \n***(8)***\n सही बोध  \n***(समाधि)***।\n{FN24-7} डॉ. जंग ने 1937 में भारतीय विज्ञान कांग्रेस में भाग लिया और कलकत्ता विश्वविद्यालय से मानद उपाधि प्राप्त की।\n\n{FN24-8} डॉ. जंग यहाँ हठ योग का उल्लेख कर रहे हैं, जो स्वास्थ्य और दीर्घायु के लिए शारीरिक आसन और तकनीकों की एक विशेष शाखा है।\n\nहठ उपयोगी है, और शानदार शारीरिक परिणाम उत्पन्न करता है, लेकिन योग की इस शाखा का उपयोग आध्यात्मिक मुक्ति के लिए इच्छुक योगियों द्वारा बहुत कम किया जाता है।","type":"default","passage":"मैं स्वामी संन्यास का सदस्य बना","commentary":"","meaning":""},{"id":"21","title":"24.21","content":"{FN24-9} प्लेटो की अटलांटिस की टाइमियस कहानी में, वह निवासियों के वैज्ञानिक ज्ञान की उन्नत अवस्था के बारे में बताता है।\n\nमाना जाता है कि खोया हुआ महाद्वीप प्रकृति के प्रलय के कारण लगभग 9500 ईसा पूर्व गायब हो गया था; हालाँकि, कुछ तत्वमीमांसा लेखक कहते हैं कि परमाणु शक्ति के दुरुपयोग के परिणामस्वरूप अटलांटिस नष्ट हो गए थे।\n\nदो फ्रांसीसी लेखकों ने हाल ही में अटलांटिस की एक ग्रंथ सूची संकलित की है, जिसमें 1700 से अधिक ऐतिहासिक और अन्य संदर्भ सूचीबद्ध हैं।","type":"default","passage":"मैं स्वामी संन्यास का सदस्य बना","commentary":"","meaning":""}]}