{"id":25,"title":"भाई अनंता और बहन नलिनी","description":"भाई अनंता और बहन नलिनी","sectionCount":14,"tags":null,"contentId":"AoY02","sections":[{"id":"1","title":"25.1","content":"भाई अनंत और बहन नलिनी  \n> अनंत जीवित नहीं रह सकता; इस जीवन के उसके कर्मों की रेत समाप्त हो गई है।\n\n ये अटल शब्द मेरी अंतरात्मा तक पहुंचे जब मैं एक सुबह गहन ध्यान में बैठा था।\n\nस्वामी संघ में प्रवेश करने के कुछ ही समय बाद, मैं अपने बड़े भाई अनंत के अतिथि के रूप में अपने जन्मस्थान गोरखपुर गया।\n\nअचानक बीमारी ने उन्हें बिस्तर पर सीमित कर दिया; मैंने उन्हें प्यार से दूध पिलाया।\n\nगंभीर आंतरिक घोषणा ने मुझे शोक से भर दिया।\n\nमुझे लगा कि मैं गोरखपुर में अधिक समय तक नहीं रह सकता, केवल यह देखने के लिए कि मेरे भाई को मेरी असहाय निगाहों के सामने से हटा दिया गया।\n\nअपने रिश्तेदारों की समझ से परे आलोचना के बीच, मैंने पहली उपलब्ध नाव पर भारत छोड़ दिया","type":"default","passage":"भाई अनंता और बहन नलिनी","commentary":"","meaning":""},{"id":"2","title":"25.2","content":"भारत लौटते समय, नाव शंघाई पहुँची।\n\nवहाँ जहाज के चिकित्सक डॉ. मिश्रा ने मुझे कई क्यूरिओ दुकानों में ले जाया, जहाँ मैंने श्री युक्तेश्वर और अपने परिवार और दोस्तों के लिए कई तरह के उपहार चुने।\n\nअनंत के लिए मैंने एक बड़ा नक्काशीदार बांस का टुकड़ा खरीदा।\n\nजैसे ही चीनी विक्रेता ने मुझे बांस की स्मारिका दी, मैंने उसे फर्श पर गिरा दिया और चिल्लाया,  \n> मैंने इसे अपने प्यारे मृत भाई के लिए खरीदा है!\n मुझे एक स्पष्ट अहसास हुआ कि उसकी आत्मा अभी अनंत में मुक्त हो रही थी।\n\nस्मारिका गिरने से तेजी से और प्रतीकात्मक रूप से टूट गई थी; सिसकते हुए, मैंने बांस की सतह पर लिखा:  \n> मेरे प्यारे अनंत के लिए, जो \n\nअब चले गए हैं।","type":"default","passage":"भाई अनंता और बहन नलिनी","commentary":"","meaning":""},{"id":"3","title":"25.3","content":"मेरे साथी, डॉक्टर, व्यंग्यात्मक मुस्कान के साथ इन प्रक्रियाओं को देख रहे थे।\n\n> अपने आँसू बचाओ,  \n उन्होंने टिप्पणी की।\n\n> जब तक तुम्हें यकीन न हो जाए कि वह मर चुका है, तब तक उन्हें क्यों बहाओ?\n जब हमारी नाव कलकत्ता पहुँची, तो डॉ. मिसरा फिर मेरे साथ चले।\n\nमेरा सबसे छोटा भाई बिष्णु मुझे गोदी में स्वागत करने के लिए इंतज़ार कर रहा था।\n\n> मुझे पता है कि अनंत इस जीवन से चला गया है,  \n मैंने बिष्णु से कहा, इससे पहले कि वह कुछ बोल पाता।\n\n> कृपया मुझे और यहाँ के डॉक्टर को बताएँ कि अनंत की मृत्यु कब हुई।\n\n बिष्णु ने तारीख बताई, जो कि वही दिन था जिस दिन मैंने शंघाई में स्मृति चिन्ह खरीदे थे।\n\n> यहाँ देखो!\n डॉ. मिसरा ने कहा।\n\n> इस बारे में किसी को कुछ न बताना! प्रोफेसर मेडिकल कोर्स में मानसिक टेलीपैथी का एक साल का अध्ययन जोड़ देंगे, जो पहले से ही काफी लंबा है!","type":"default","passage":"भाई अनंता और बहन नलिनी","commentary":"","meaning":""},{"id":"4","title":"25.4","content":"जब मैं गुरपार रोड स्थित अपने घर में दाखिल हुआ तो पिताजी ने मुझे गर्मजोशी से गले लगा लिया।\n\nउन्होंने प्यार से कहा,  \n> तुम आ गए।\n\n उनकी आंखों से दो बड़े आंसू बह निकले।\n\nआमतौर पर बिना किसी दिखावे के, उन्होंने मुझे पहले कभी इस तरह का स्नेह नहीं दिखाया था।\n\nबाहर से वे गंभीर पिता थे, लेकिन अंदर से वे एक मां के पिघलते दिल के मालिक थे।\n\nपरिवार के साथ उनके सभी व्यवहारों में, उनकी दोहरी अभिभावकीय भूमिका स्पष्ट रूप से प्रकट होती थी।\n\nअनंत के निधन के तुरंत बाद, मेरी छोटी बहन नलिनी को एक दिव्य उपचार द्वारा मृत्यु के द्वार से वापस लाया गया।\n\nकहानी सुनाने से पहले, मैं उसके पिछले जीवन के कुछ चरणों का उल्लेख करूँगा।\n\nनलिनी और मेरे बीच बचपन का रिश्ता बहुत खुशहाल नहीं था।\n\nमैं बहुत दुबला था; वह और भी दुबली थी।\n\nएक अचेतन मकसद या  \n> जटिलता\n के माध्यम से, जिसे मनोचिकित्सकों को पहचानने में कोई कठिनाई नहीं होगी, मैं अक्सर अपनी बहन को उसके शव जैसे दिखने के बारे में चिढ़ाता था।\n\nउसके जवाबों में भी चरम युवावस्था की बेरुखी भरी स्पष्टता थी।\n\nकभी-कभी माँ बीच में आकर बड़े कान की तरह मेरे कान पर हल्की थपकी देकर, अस्थायी रूप से बचकाना झगड़ों को समाप्त कर देती थीं।","type":"default","passage":"भाई अनंता और बहन नलिनी","commentary":"","meaning":""},{"id":"5","title":"25.5","content":"समय बीतता गया; नलिनी की सगाई कलकत्ता के एक युवा चिकित्सक पंचानन बोस से तय हुई।\n\nउन्हें पिता से बहुत सारा दहेज मिला, संभवतः  \n***(जैसा कि मैंने बहन से कहा)***\n कि यह दूल्हे के भाग्य का बदला है, क्योंकि उसने एक मानव से विवाह किया था।\n\nसमय पर विस्तृत विवाह संस्कार मनाए गए।\n\nशादी की रात, मैं अपने कलकत्ता स्थित घर के लिविंग रूम में रिश्तेदारों के बड़े और खुशमिजाज समूह में शामिल हो गया।\n\nदूल्हा एक विशाल सोने की जरी वाली तकिया पर झुका हुआ था, और नलिनी उसके बगल में थी।\n\nएक खूबसूरत बैंगनी रेशमी साड़ी {FN25-1}, अफसोस, उसकी चंचलता को पूरी तरह से छिपा नहीं सकी।\n\nमैंने अपने नए जीजा के तकिए के पीछे खुद को छिपा लिया और दोस्ताना अंदाज में उसे देखकर मुस्कुराई।\n\nउसने नलिनी को विवाह समारोह के दिन तक कभी नहीं देखा था, जब उसे आखिरकार पता चला कि उसे वैवाहिक लॉटरी में क्या मिल रहा है।","type":"default","passage":"भाई अनंता और बहन नलिनी","commentary":"","meaning":""},{"id":"6","title":"25.6","content":"मेरी सहानुभूति महसूस करते हुए, डॉ. बोस ने नलिनी की ओर इशारा करते हुए मेरे कान में फुसफुसाया,  \n> कहो, यह क्या है?\n  \n> क्यों, डॉक्टर,  \n मैंने जवाब दिया,  \n> यह आपके निरीक्षण के लिए एक कंकाल है!\n हंसी से कांपते हुए, मेरे जीजा और मुझे हमारे इकट्ठे रिश्तेदारों के सामने उचित शिष्टाचार बनाए रखने में कठिनाई हो रही थी।\n\nजैसे-जैसे साल बीतते गए, डॉ. बोस हमारे परिवार के प्रिय होते गए, जो बीमारी होने पर उन्हें बुलाते थे।\n\nवह और मैं बहुत अच्छे दोस्त बन गए, अक्सर साथ में मज़ाक करते, आमतौर पर नलिनी हमारा लक्ष्य होती।\n\n> यह एक चिकित्सा जिज्ञासा है,  \n मेरे जीजा ने एक दिन मुझसे कहा।\n\n> मैंने आपकी दुबली बहन पर सब कुछ आज़माया है- कॉड लिवर ऑयल, मक्खन, माल्ट, शहद, मछली, मांस, अंडे, टॉनिक।\n\nफिर भी वह एक इंच के सौवें हिस्से के बराबर भी नहीं उभरी।\n\n हम दोनों हंस पड़े।","type":"default","passage":"भाई अनंता और बहन नलिनी","commentary":"","meaning":""},{"id":"7","title":"25.7","content":"कुछ दिनों बाद मैं बोस के घर गया।\n\nवहाँ मेरा काम कुछ ही मिनटों में पूरा हो गया; मैं नलिनी की नज़रों से बचकर निकल रहा था।\n\nजैसे ही मैं सामने के दरवाज़े पर पहुँचा, मैंने उसकी आवाज़ सुनी, जो सौहार्दपूर्ण लेकिन आज्ञाकारी थी।\n\n“भाई, यहाँ आओ।\n\nइस बार तुम मुझे चकमा नहीं दोगे।\n\nमैं तुमसे बात करना चाहती हूँ।\n\n” मैं उसके कमरे की सीढ़ियाँ चढ़ गया।\n\nमुझे आश्चर्य हुआ कि वह रो रही थी।\n\n“प्रिय भाई, ” उसने कहा, “चलिए पुरानी दुश्मनी को भूल जाते हैं।\n\nमैं देख रही हूँ कि \n\nअब तुम्हारे पैर आध्यात्मिक मार्ग पर मजबूती से टिके हुए हैं।\n\nमैं हर तरह से तुम्हारी तरह बनना चाहती हूँ।\n\n” उसने उम्मीद से कहा, “\n\nअब तुम दिखने में मजबूत हो; क्या तुम मेरी मदद कर सकते हो? मेरे पति मेरे पास नहीं आते, और मैं उनसे बहुत प्यार करती हूँ! लेकिन मैं ईश्वर-प्राप्ति में और भी आगे बढ़ना चाहती हूँ, भले ही मुझे दुबली-पतली और बदसूरत ही क्यों न रहना पड़े।\n\n”","type":"default","passage":"भाई अनंता और बहन नलिनी","commentary":"","meaning":""},{"id":"8","title":"25.8","content":"उसकी विनती सुनकर मेरा दिल बहुत द्रवित हो गया।\n\nहमारी नई दोस्ती धीरे-धीरे आगे बढ़ी; एक दिन उसने मेरी शिष्या बनने के लिए कहा।\n\n“मुझे जिस तरह से चाहो प्रशिक्षित करो।\n\nमैं टॉनिक के बजाय भगवान पर भरोसा करती हूँ।\n\n” उसने एक मुट्ठी दवाइयाँ इकट्ठी कीं और उन्हें छत के नाले में डाल दिया।\n\nउसके विश्वास की परीक्षा के तौर पर, मैंने उसे अपने आहार से मछली, मांस और अंडे सभी को हटाने के लिए कहा।\n\nकई महीनों के बाद, जिसके दौरान नलिनी ने मेरे द्वारा बताए गए विभिन्न नियमों का सख्ती से पालन किया था, और कई कठिनाइयों के बावजूद अपने शाकाहारी भोजन पर कायम रही थी, मैं उससे मिलने गई।\n\n“बहन, तुम आध्यात्मिक आदेशों का ईमानदारी से पालन कर रही हो; तुम्हारा पुरस्कार निकट है।\n\n” मैं शरारती ढंग से मुस्कुराई।\n\n“तुम कितनी मोटी होना चाहती हो-हमारी चाची जितनी मोटी जिसने सालों से अपने पैर नहीं देखे हैं?”","type":"default","passage":"भाई अनंता और बहन नलिनी","commentary":"","meaning":""},{"id":"9","title":"25.9","content":"> नहीं! लेकिन मैं भी आपकी तरह मोटा होना चाहता हूँ।\n\n मैंने गंभीरता से उत्तर दिया।\n\n> भगवान की कृपा से, जैसा कि मैंने हमेशा सच कहा है, मैं आज भी सच बोल रहा हूँ।\n\n{FN25-3} ईश्वर की कृपा से, आज से तुम्हारा शरीर सचमुच बदल जाएगा; एक महीने में उसका वजन मेरे जितना हो जाएगा।\n\n मेरे दिल से निकले ये शब्द सच हो गए।\n\nतीस दिन में, नलिनी का वजन मेरे बराबर हो गया।\n\nनई गोलाई ने उसे सुंदरता दी; उसका पति उससे बहुत प्यार करने लगा।\n\nउनकी शादी, जो इतनी अशुभ रूप से शुरू हुई थी, आदर्श रूप से खुशहाल निकली।\n\nजापान से लौटने पर, मुझे पता चला कि मेरी अनुपस्थिति के दौरान नलिनी को टाइफाइड बुखार हो गया था।\n\nमैं उसके घर गया, और उसे केवल हड्डियों का ढांचा बना हुआ देखकर हैरान रह गया।\n\nवह कोमा में थी।","type":"default","passage":"भाई अनंता और बहन नलिनी","commentary":"","meaning":""},{"id":"10","title":"25.10","content":"मेरे जीजा ने मुझे बताया,  \n> बीमारी से भ्रमित होने से पहले, वह अक्सर कहा करती थी: **अगर भाई मुकुंद यहाँ होते, तो मेरी यह हालत नहीं होती।\n\n**\n उन्होंने निराशा से कहा,  \n> दूसरे डॉक्टरों और मुझे कोई उम्मीद नहीं दिख रही है।\n\nटाइफाइड से लंबे समय तक जूझने के बाद उसे खूनी पेचिश हो गई है।\n\n मैंने अपनी प्रार्थनाओं से आसमान और धरती हिलाना शुरू कर दिया।\n\nएक एंग्लो-इंडियन नर्स को नियुक्त किया, जिसने मुझे पूरा सहयोग दिया, मैंने अपनी बहन को उपचार की विभिन्न योग तकनीकों का प्रयोग किया।\n\nखूनी पेचिश गायब हो गई।\n\nलेकिन डॉ. बोस ने दुख से अपना सिर हिलाया।\n\n> उसके पास \n\nअब और खून बहने के लिए नहीं बचा है।\n\n  \n> वह ठीक हो जाएगी,  \n मैंने दृढ़ता से उत्तर दिया।\n\n> सात दिनों में उसका बुखार उतर जाएगा।","type":"default","passage":"भाई अनंता और बहन नलिनी","commentary":"","meaning":""},{"id":"11","title":"25.11","content":"एक हफ़्ते बाद मैं नलिनी को अपनी आँखें खोलते और मुझे प्यार से पहचानते हुए देखकर रोमांचित हो गया।\n\nउस दिन से उसकी रिकवरी तेज़ी से हुई।\n\nहालाँकि उसने अपना सामान्य वज़न वापस पा लिया था, लेकिन उसके शरीर पर अपनी लगभग घातक बीमारी का एक दुखद निशान था: उसके पैर लकवाग्रस्त हो गए थे।\n\nभारतीय और अंग्रेज़ विशेषज्ञों ने उसे एक निराशाजनक अपंग घोषित कर दिया था।\n\nउसके जीवन के लिए मैंने जो निरंतर युद्ध प्रार्थना के ज़रिए लड़ा था, उससे मैं थक गया था।\n\nमैं श्रीयुक्तेश्वर से मदद माँगने के लिए सेरामपुर गया।\n\nजब मैंने उन्हें नलिनी की दुर्दशा के बारे में बताया तो उनकी आँखों में गहरी सहानुभूति थी।\n\n> एक महीने के \n\nअंत में आपकी बहन के पैर सामान्य हो जाएँगे।\n\n उन्होंने आगे कहा,  \n> उसे अपनी त्वचा के पास एक बिना छिद्र वाला दो कैरेट का मोती पहना दो, जिसे एक क्लैस्प से बांधा गया हो।","type":"default","passage":"भाई अनंता और बहन नलिनी","commentary":"","meaning":""},{"id":"12","title":"25.12","content":"मैंने खुशी से उनके चरणों में सिर झुकाया।\n\n> सर, आप गुरु हैं; उसके ठीक होने के बारे में आपका कहना ही काफी है।\n\nलेकिन अगर आप जोर देते हैं तो मैं तुरंत उसके लिए मोती लाकर दूंगा।\n\n मेरे गुरु ने सिर हिलाया।\n\n> हाँ, ऐसा ही करो।\n\n उन्होंने नलिनी की शारीरिक और मानसिक विशेषताओं का सही वर्णन किया, जिसे उन्होंने कभी नहीं देखा था।\n\n> सर,  \n मैंने पूछा,  \n> क्या यह ज्योतिषीय विश्लेषण है? आप उसका जन्म दिन या घंटा नहीं जानते।\n\n श्रीयुक्तेश्वर मुस्कुराए।\n\n> एक गहरा ज्योतिष है, जो कैलेंडर और घड़ियों की गवाही पर निर्भर नहीं है।\n\nप्रत्येक व्यक्ति सृष्टिकर्ता, या ब्रह्मांडीय मनुष्य का एक हिस्सा है; उसके पास एक स्वर्गीय शरीर के साथ-साथ एक पृथ्वी का भी शरीर है।\n\nमानव आँख भौतिक रूप को देखती है, लेकिन आंतरिक आँख अधिक गहराई से प्रवेश करती है, यहाँ तक कि उस सार्वभौमिक पैटर्न तक भी जिसका प्रत्येक व्यक्ति एक अभिन्न और व्यक्तिगत हिस्सा है।","type":"default","passage":"भाई अनंता और बहन नलिनी","commentary":"","meaning":""},{"id":"13","title":"25.13","content":"मैं कलकत्ता वापस आया और नलिनी के लिए एक मोती खरीदा।\n\nएक महीने बाद, उसके लकवाग्रस्त पैर पूरी तरह से ठीक हो गए।\n\nबहन ने मुझसे मेरे गुरु के प्रति अपनी हार्दिक कृतज्ञता व्यक्त करने को कहा।\n\nउन्होंने चुपचाप उसका संदेश सुना।\n\nलेकिन जब मैं विदा ले रहा था, तो उन्होंने एक गर्भवती टिप्पणी की।\n\n> आपकी बहन को कई डॉक्टरों ने बताया है कि वह कभी बच्चे पैदा नहीं कर सकती।\n\nउसे विश्वास दिलाइए कि कुछ सालों में वह दो बेटियों को जन्म देगी।\n\n कुछ साल बाद, नलिनी की खुशी के लिए उसने एक लड़की को जन्म दिया, उसके कुछ सालों बाद एक और बेटी हुई।\n\n> आपके गुरु ने हमारे घर, हमारे पूरे परिवार को आशीर्वाद दिया है,  \n मेरी बहन ने कहा।\n\n> ऐसे व्यक्ति की उपस्थिति पूरे भारत को पवित्र करती है।\n\nप्रिय भाई, कृपया श्री युक्तेश्वरजी से कहें कि, आपके माध्यम से, मैं विनम्रतापूर्वक खुद को उनके क्रिया योग शिष्यों में से एक मानता हूँ।","type":"default","passage":"भाई अनंता और बहन नलिनी","commentary":"","meaning":""},{"id":"14","title":"25.14","content":"{FN25-1} भारतीय महिलाओं की सुंदर ढंग से लिपटी हुई पोशाक।\n\n{FN25-2} चूँकि भारत में अधिकांश लोग दुबले-पतले होते हैं, \n\nइसलिए उचित मोटापा बहुत वांछनीय माना जाता है।\n\n{FN25-3} हिंदू धर्मग्रंथों में कहा गया है कि जो लोग आदतन सत्य बोलते हैं, उनमें अपने शब्दों को मूर्त रूप देने की शक्ति विकसित होगी।\n\nवे जो आदेश दिल से देते हैं, वे जीवन में सच साबित होते हैं।","type":"default","passage":"भाई अनंता और बहन नलिनी","commentary":"","meaning":""}]}