{"id":26,"title":"क्रिया योग का विज्ञान","description":"क्रिया योग का विज्ञान","sectionCount":24,"tags":null,"contentId":"AoY02","sections":[{"id":"1","title":"26.1","content":"क्रिया योग का विज्ञान, जिसका इन पृष्ठों में अक्सर उल्लेख किया गया है, मेरे गुरु के गुरु लाहिड़ी महाशय की सहायता से आधुनिक भारत में व्यापक रूप से जाना गया।\n\nक्रिया का संस्कृत मूल है कृ, जिसका अर्थ है करना, कार्य करना और प्रतिक्रिया करना; वही मूल शब्द कर्म में पाया जाता है, जो कारण और प्रभाव का प्राकृतिक सिद्धांत है।\n\nइस प्रकार क्रिया योग  \n> एक निश्चित क्रिया या अनुष्ठान के माध्यम से अनंत के साथ मिलन  \n***(योग)***\n है।\n\n एक योगी जो ईमानदारी से इसकी तकनीक का पालन करता है, वह धीरे-धीरे कर्म या कार्य-कारण की सार्वभौमिक श्रृंखला से मुक्त हो जाता है।\n\nकुछ प्राचीन योगिक आदेशों के कारण, मैं सामान्य जनता के लिए बनाई गई पुस्तक के पन्नों में क्रिया योग की पूरी व्याख्या नहीं दे सकता।","type":"default","passage":"क्रिया योग का विज्ञान","commentary":"","meaning":""},{"id":"2","title":"26.2","content":"क्रिया योग एक सरल, मनोवैज्ञानिक विधि है जिसके द्वारा मानव रक्त को कार्बन मुक्त किया जाता है और ऑक्सीजन से रिचार्ज किया जाता है।\n\nइस अतिरिक्त ऑक्सीजन के परमाणुओं को मस्तिष्क और रीढ़ की हड्डी के केंद्रों को फिर से जीवंत करने के लिए जीवन धारा में परिवर्तित किया जाता है।\n\n{FN26-1} शिरापरक रक्त के संचय को रोककर, योगी ऊतकों के क्षय को कम करने या रोकने में सक्षम होता है; उन्नत योगी अपनी कोशिकाओं को शुद्ध ऊर्जा में परिवर्तित करता है।\n\nएलिजा, जीसस, कबीर और अन्य पैगंबर क्रिया या इसी तरह की तकनीक के उपयोग में पहले से ही माहिर थे, जिसके द्वारा उन्होंने अपनी इच्छानुसार अपने शरीर को भौतिक रूप से मुक्त कर दिया था।\n\nक्रिया एक प्राचीन विज्ञान है।\n\nलाहिड़ी महाशय ने इसे अपने गुरु, बाबाजी से प्राप्त किया, जिन्होंने अंधकार युग में खो जाने के बाद इस तकनीक को फिर से खोजा और स्पष्ट किया।","type":"default","passage":"क्रिया योग का विज्ञान","commentary":"","meaning":""},{"id":"3","title":"26.3","content":"“क्रिया योग जो मैं इस उन्नीसवीं सदी में तुम्हारे माध्यम से दुनिया को दे रहा हूँ, ” बाबाजी ने लाहिड़ी महाशय से कहा, “वह उसी विज्ञान का पुनरुद्धार है जिसे कृष्ण ने सहस्राब्दियों पहले अर्जुन को दिया था, और जिसे बाद में पतंजलि और क्राइस्ट, सेंट जॉन, सेंट पॉल और अन्य शिष्यों ने जाना।\n\n” क्रिया योग का उल्लेख भारत के सबसे महान पैगम्बर कृष्ण ने भगवद गीता के एक श्लोक में किया है: “अंदर आती हुई साँस को बाहर जाती हुई साँस में और बाहर जाती हुई साँस को अंदर आती हुई साँस में समर्पित करके, योगी इन दोनों साँसों को बेअसर कर देता है; इस प्रकार वह हृदय से प्राण शक्ति को मुक्त करता है और उसे अपने नियंत्रण में लाता है।\n\n” {FN26-2} व्याख्या यह है: “योगी प्राण शक्ति के योग द्वारा शरीर में क्षय को रोकता है, और अपान  \n***(निष्कासन धारा)***\n द्वारा शरीर में वृद्धि के उत्परिवर्तन को रोकता है।\n\nइस प्रकार क्षय और वृद्धि को निष्क्रिय करके, हृदय को शांत करके, योगी जीवन पर नियंत्रण सीखता है।\n\n”","type":"default","passage":"क्रिया योग का विज्ञान","commentary":"","meaning":""},{"id":"4","title":"26.4","content":"कृष्ण यह भी बताते हैं {FN26-3} कि यह वे ही थे, जिन्होंने अपने पूर्व अवतार में, अविनाशी योग को प्राचीन प्रकाशक विवस्वत को बताया, जिन्होंने इसे महान विधायक मनु को दिया।\n\n{FN26-4} उन्होंने, बदले में, भारत के सौर योद्धा वंश के पिता इक्ष्वाकु को शिक्षा दी।\n\nइस प्रकार एक से दूसरे तक पहुँचते हुए, राजसी योग की रक्षा भौतिकवादी युगों के आने तक ऋषियों द्वारा की गई।\n\n{FN26-5} फिर, पुरोहिती गोपनीयता और मनुष्य की उदासीनता के कारण, पवित्र ज्ञान धीरे-धीरे दुर्गम हो गया।\n\nक्रिया योग का उल्लेख प्राचीन ऋषि पतंजलि द्वारा दो बार किया गया है, जो योग के सबसे बड़े प्रतिपादक हैं, जिन्होंने लिखा:  \n> क्रिया योग में शरीर अनुशासन, मानसिक नियंत्रण और ओम पर ध्यान लगाना शामिल है।\n\n {FN26-6} पतंजलि ईश्वर को ध्यान में सुनी जाने वाली ओम की वास्तविक ब्रह्मांडीय ध्वनि के रूप में बोलते हैं।\n\n{FN26-7} ओम सृजनात्मक शब्द है, {FN26-8} कंपन मोटर की ध्वनि है।\n\nयोग की शुरुआत करने वाला भी जल्द ही आंतरिक रूप से ओम की अद्भुत ध्वनि सुनता है।\n\nइस आनंदमय आध्यात्मिक प्रोत्साहन को प्राप्त करके, भक्त आश्वस्त हो जाता है कि वह वास्तव में दिव्य क्षेत्रों के संपर्क में है।","type":"default","passage":"क्रिया योग का विज्ञान","commentary":"","meaning":""},{"id":"5","title":"26.5","content":"पतंजलि दूसरी बार जीवन-नियंत्रण या क्रिया तकनीक का उल्लेख इस प्रकार करते हैं:  \n> मुक्ति उस प्राणायाम द्वारा प्राप्त की जा सकती है जो प्रेरणा और निःश्वसन के मार्ग को अलग करके प्राप्त की जाती है।\n\n {FN26-9} सेंट पॉल क्रिया योग या उससे मिलती-जुलती एक तकनीक जानते थे, जिसके द्वारा वे जीवन धाराओं को इंद्रियों से और इंद्रियों से बदल सकते थे।\n\nइसलिए वे यह कहने में सक्षम थे:  \n> वास्तव में, मैं मसीह में हमारे आनंद से जो मुझे है, उसका दावा करता हूँ, मैं प्रतिदिन मरता हूँ।\n\n {FN26-10} प्रतिदिन अपनी शारीरिक जीवन शक्ति को वापस खींचकर, उन्होंने इसे योग संघ द्वारा मसीह चेतना के आनंद  \n***(शाश्वत आनंद)***\n के साथ जोड़ दिया।\n\nउस सुखद अवस्था में, वे माया की भ्रामक संवेदी दुनिया के लिए मृत होने के बारे में सचेत रूप से जानते थे।","type":"default","passage":"क्रिया योग का विज्ञान","commentary":"","meaning":""},{"id":"6","title":"26.6","content":"ईश्वर-संपर्क की प्रारंभिक अवस्था  \n***(सबिकल्प समाधि)***\n में भक्त की चेतना ब्रह्मांडीय आत्मा के साथ विलीन हो जाती है; उसकी जीवन शक्ति शरीर से वापस ले ली जाती है, जो “मृत” या गतिहीन और कठोर दिखाई देती है।\n\nयोगी को अपने शरीर की निलम्बित अवस्था का पूरा अहसास होता है।\n\nहालाँकि, जैसे-जैसे वह उच्च आध्यात्मिक अवस्थाओं  \n***(निर्बिकल्प समाधि)***\n की ओर बढ़ता है, वह शारीरिक स्थिरता के बिना, और अपनी सामान्य जागृत चेतना में, यहाँ तक कि सांसारिक कर्तव्यों के बीच भी, ईश्वर से संवाद करता है।\n\n{FN26-11} “क्रिया योग एक ऐसा साधन है जिसके माध्यम से मानव विकास को तीव्र किया जा सकता है, ” श्री युक्तेश्वर ने अपने शिष्यों को समझाया।\n\n“प्राचीन योगियों ने पाया कि ब्रह्मांडीय चेतना का रहस्य श्वास पर नियंत्रण के साथ घनिष्ठ रूप से जुड़ा हुआ है।\n\nयह दुनिया के ज्ञान के खजाने में भारत का अद्वितीय और अमर योगदान है।\n\nजीवन शक्ति, जो सामान्यतः हृदय-पंप को बनाए रखने में लीन रहती है, उसे सांस की निरंतर मांग को शांत और स्थिर करने की विधि द्वारा उच्चतर गतिविधियों के लिए मुक्त किया जाना चाहिए।\n\n”","type":"default","passage":"क्रिया योग का विज्ञान","commentary":"","meaning":""},{"id":"7","title":"26.7","content":"क्रिया योगी मानसिक रूप से अपनी जीवन ऊर्जा को छह मेरुदंड केंद्रों  \n***(मज्जा, ग्रीवा, पृष्ठीय, काठ, त्रिकास्थि और अनुमस्तिष्क जाल)***\n के चारों ओर ऊपर और नीचे घूमने के लिए निर्देशित करता है, जो राशि चक्र के बारह सूक्ष्म चिह्नों, प्रतीकात्मक ब्रह्मांडीय मनुष्य के अनुरूप हैं।\n\nमनुष्य की संवेदनशील रीढ़ की हड्डी के चारों ओर ऊर्जा का आधा मिनट का चक्कर उसके विकास में सूक्ष्म प्रगति को प्रभावित करता है; क्रिया का वह आधा मिनट प्राकृतिक आध्यात्मिक विकास के एक वर्ष के बराबर होता है।\n\nमनुष्य की सूक्ष्म प्रणाली, जिसमें छह  \n***(ध्रुवीयता के अनुसार बारह)***\n आंतरिक नक्षत्र सर्वज्ञ आध्यात्मिक आँख के सूर्य के चारों ओर घूमते हैं, भौतिक सूर्य और बारह राशियों के साथ परस्पर संबंधित है।\n\nइस प्रकार सभी मनुष्य एक आंतरिक और एक बाहरी ब्रह्मांड से प्रभावित होते हैं।\n\nप्राचीन ऋषियों ने पाया कि मनुष्य का सांसारिक और स्वर्गीय वातावरण, बारह-वर्षीय चक्रों में, उसे उसके प्राकृतिक मार्ग पर आगे बढ़ाता है।\n\nशास्त्रों में कहा गया है कि मनुष्य को अपने मानव मस्तिष्क को ब्रह्मांडीय चेतना को व्यक्त करने के लिए पर्याप्त रूप से परिपूर्ण करने के लिए दस लाख वर्षों के सामान्य, रोगरहित विकास की आवश्यकता होती है।","type":"default","passage":"क्रिया योग का विज्ञान","commentary":"","meaning":""},{"id":"8","title":"26.8","content":"आठ घंटों में एक हजार क्रियाओं का अभ्यास करने से योगी को एक दिन में एक हजार वर्षों के प्राकृतिक विकास के बराबर लाभ मिलता है: एक वर्ष में ३६५००० वर्षों का विकास।\n\nइस प्रकार एक क्रिया योगी तीन वर्षों में बुद्धिमानीपूर्ण आत्म-प्रयास से वही परिणाम प्राप्त कर सकता है जो प्रकृति दस लाख वर्षों में लाती है।\n\nक्रिया का छोटा रास्ता, निस्सन्देह, केवल गहन रूप से विकसित योगी ही अपना सकते हैं।\n\nएक गुरु के मार्गदर्शन में ऐसे योगियों ने गहन अभ्यास से उत्पन्न शक्ति को प्राप्त करने के लिए अपने शरीर और मस्तिष्क को सावधानीपूर्वक तैयार किया है।\n\nक्रिया का आरंभ करने वाला व्यक्ति अपने यौगिक अभ्यास को केवल चौदह से अट्ठाईस बार, दिन में दो बार करता है।\n\nकई योगी छह या बारह या चौबीस या अड़तालीस वर्षों में मुक्ति प्राप्त करते हैं।\n\nएक योगी जो पूर्ण बोध प्राप्त करने से पहले मर जाता है, वह अपने पिछले क्रिया प्रयास के अच्छे कर्मों को अपने साथ ले जाता है; अपने नए जीवन में वह सामंजस्यपूर्ण रूप से अपने अनंत लक्ष्य की ओर प्रेरित होता है।","type":"default","passage":"क्रिया योग का विज्ञान","commentary":"","meaning":""},{"id":"9","title":"26.9","content":"औसत मनुष्य का शरीर पचास वाट के दीपक की तरह होता है, जो क्रिया के अत्यधिक अभ्यास से उत्पन्न होने वाली अरबों वाट की शक्ति को समाहित नहीं कर सकता।\n\nक्रिया के सरल और “पूर्ण” तरीकों की क्रमिक और नियमित वृद्धि के माध्यम से, मनुष्य का शरीर दिन-प्रतिदिन सूक्ष्म रूप से रूपांतरित होता जाता है, और अंततः ब्रह्मांडीय ऊर्जा की अनंत संभावनाओं को व्यक्त करने के लिए तैयार हो जाता है- आत्मा की पहली भौतिक रूप से सक्रिय अभिव्यक्ति।\n\nक्रिया योग का कई गुमराह कट्टरपंथियों द्वारा सिखाए गए अवैज्ञानिक श्वास अभ्यासों से कोई लेना-देना नहीं है।\n\nफेफड़ों में जबरदस्ती सांस रोकने का उनका प्रयास न केवल अप्राकृतिक है, बल्कि निश्चित रूप से अप्रिय भी है।\n\nदूसरी ओर, क्रिया के साथ शुरू से ही शांति का आगमन होता है, और रीढ़ की हड्डी में पुनर्योजी प्रभाव की सुखदायक संवेदनाएँ होती हैं।","type":"default","passage":"क्रिया योग का विज्ञान","commentary":"","meaning":""},{"id":"10","title":"26.10","content":"प्राचीन योग तकनीक सांस को मन में बदल देती है।\n\nआध्यात्मिक उन्नति से, व्यक्ति सांस को मन की क्रिया-स्वप्न-श्वास के रूप में पहचान सकता है।\n\nमनुष्य की श्वसन दर और उसकी चेतना की अवस्थाओं में भिन्नता के बीच गणितीय संबंध के कई उदाहरण दिए जा सकते हैं।\n\nएक व्यक्ति जिसका ध्यान पूरी तरह से तल्लीन है, जैसे कि किसी घनिष्ठ बौद्धिक तर्क का अनुसरण करते हुए, या किसी नाजुक या कठिन शारीरिक करतब का प्रयास करते हुए, स्वचालित रूप से बहुत धीमी गति से सांस लेता है।\n\nध्यान की स्थिरता धीमी सांस लेने पर निर्भर करती है; तेज या असमान सांसें हानिकारक भावनात्मक स्थितियों का एक अनिवार्य साथी हैं: भय, वासना, क्रोध।\n\nबेचैन बंदर एक मिनट में 32 बार सांस लेता है, जबकि मनुष्य औसतन 18 बार सांस लेता है।\n\nहाथी, कछुआ, सांप और अन्य जानवर जो अपनी लंबी उम्र के लिए जाने जाते हैं, उनकी श्वसन दर मनुष्य से कम होती है।\n\nउदाहरण के लिए, कछुआ, जो 300 वर्ष की आयु प्राप्त कर सकता है, {FN26-12} एक मिनट में केवल 4 बार सांस लेता है।","type":"default","passage":"क्रिया योग का विज्ञान","commentary":"","meaning":""},{"id":"11","title":"26.11","content":"नींद के कायाकल्प प्रभाव शरीर और श्वास के प्रति मनुष्य की अस्थायी अचेतनता के कारण होते हैं।\n\nसोता हुआ व्यक्ति योगी बन जाता है; हर रात वह अनजाने में खुद को शारीरिक पहचान से मुक्त करने और जीवन शक्ति को मुख्य मस्तिष्क क्षेत्र और अपने रीढ़ की हड्डी के केंद्रों के छह उप-डायनेमो में उपचार धाराओं के साथ विलय करने का योगिक अनुष्ठान करता है।\n\nइस प्रकार सोने वाला व्यक्ति अनजाने में ब्रह्मांडीय ऊर्जा के भंडार में डुबकी लगाता है जो सभी जीवन को बनाए रखता है।\n\nस्वैच्छिक योगी एक सरल, प्राकृतिक प्रक्रिया को सचेत रूप से करता है, न कि धीमी गति से सोने वाले व्यक्ति की तरह अनजाने में।\n\nक्रिया योगी अपनी तकनीक का उपयोग अपने सभी भौतिक कोशिकाओं को अखंडित प्रकाश से संतृप्त और पोषित करने और उन्हें चुंबकीय अवस्था में रखने के लिए करता है।\n\nवह अवचेतन नींद या बेहोशी की स्थिति पैदा किए बिना, वैज्ञानिक रूप से सांस को अनावश्यक बना देता है।","type":"default","passage":"क्रिया योग का विज्ञान","commentary":"","meaning":""},{"id":"12","title":"26.12","content":"क्रिया द्वारा, बाहर जाने वाली जीवन शक्ति इंद्रियों में बर्बाद और दुरुपयोग नहीं होती, बल्कि सूक्ष्म रीढ़ की हड्डी की ऊर्जाओं के साथ फिर से जुड़ने के लिए बाध्य होती है।\n\nजीवन के ऐसे सुदृढ़ीकरण से, योगी के शरीर और मस्तिष्क की कोशिकाओं को आध्यात्मिक अमृत से विद्युतीकृत किया जाता है।\n\nइस प्रकार वह खुद को प्राकृतिक नियमों के अध्ययनपूर्ण पालन से दूर कर लेता है, जो उसे केवल उचित भोजन, सूर्य के प्रकाश और सामंजस्यपूर्ण विचारों द्वारा दिए गए घुमावदार तरीकों से एक लाख साल के लक्ष्य तक ले जा सकते हैं।\n\nमस्तिष्क की संरचना में थोड़ा सा भी प्रत्यक्ष परिवर्तन करने के लिए बारह साल के सामान्य स्वस्थ जीवन की आवश्यकता होती है, और ब्रह्मांडीय चेतना की अभिव्यक्ति के लिए मस्तिष्क के निवास को पर्याप्त रूप से परिष्कृत करने के लिए एक लाख सौर रिटर्न की आवश्यकता होती है।","type":"default","passage":"क्रिया योग का विज्ञान","commentary":"","meaning":""},{"id":"13","title":"26.13","content":"आत्मा को शरीर से बांधने वाली सांस की डोरी को खोलकर क्रिया जीवन को लम्बा करने और चेतना को अनंत तक बढ़ाने का काम करती है।\n\nयोग पद्धति मन और पदार्थ-बद्ध इंद्रियों के बीच की रस्साकशी को दूर करती है और भक्त को उसके शाश्वत साम्राज्य को पुनः प्राप्त करने के लिए मुक्त करती है।\n\nवह जानता है कि उसका वास्तविक स्वरूप न तो भौतिक आवरण से बंधा है और न ही सांस से, जो हवा के प्रति नश्वर दासता का प्रतीक है, प्रकृति की तात्विक बाध्यताओं से।\n\nआत्मनिरीक्षण, या  \n> चुपचाप बैठना\n, मन और इंद्रियों को बलपूर्वक अलग करने का एक अवैज्ञानिक तरीका है, जो जीवन शक्ति द्वारा एक साथ बंधे हैं।\n\nचिंतनशील मन, दिव्यता की ओर लौटने का प्रयास करते हुए, जीवन धाराओं द्वारा लगातार इंद्रियों की ओर खींचा जाता है।\n\nक्रिया, मन को सीधे जीवन शक्ति के माध्यम से नियंत्रित करना, अनंत तक पहुँचने का सबसे आसान, सबसे प्रभावी और सबसे वैज्ञानिक तरीका है।\n\nईश्वर तक पहुंचने के धीमे, अनिश्चित “बैलगाड़ी” वाले धार्मिक मार्ग के विपरीत, क्रिया को उचित रूप से “हवाई जहाज” मार्ग कहा जा सकता है।","type":"default","passage":"क्रिया योग का विज्ञान","commentary":"","meaning":""},{"id":"14","title":"26.14","content":"योग विज्ञान सभी प्रकार की एकाग्रता और ध्यान अभ्यासों के अनुभवजन्य विचार पर आधारित है।\n\nयोग साधक को दृष्टि, ध्वनि, गंध, स्वाद और स्पर्श की पाँच इंद्रियों से जीवन धारा को इच्छानुसार बंद या चालू करने में सक्षम बनाता है।\n\nइंद्रिय-विच्छेद की इस शक्ति को प्राप्त करके, योगी को अपनी इच्छानुसार अपने मन को दिव्य क्षेत्रों या पदार्थ की दुनिया के साथ जोड़ना आसान लगता है।\n\nअब वह अनिच्छा से जीवन शक्ति द्वारा उपद्रवी संवेदनाओं और बेचैन विचारों के सांसारिक क्षेत्र में वापस नहीं लाया जाता है।\n\nअपने शरीर और मन का स्वामी, क्रिया योगी अंततः  \n> अंतिम शत्रु\n मृत्यु पर विजय प्राप्त करता है।","type":"default","passage":"क्रिया योग का विज्ञान","commentary":"","meaning":""},{"id":"15","title":"26.15","content":"इस प्रकार तू उस मृत्यु को खाएगा, जो मनुष्यों को खाती है: और मृत्यु के मर जाने पर फिर कोई मृत्यु नहीं होती।\n\n{FN26-13} एक उन्नत क्रिया योगी का जीवन पिछले कर्मों के प्रभाव से नहीं, बल्कि केवल आत्मा के निर्देशों से प्रभावित होता है।\n\nइस प्रकार भक्त अहंकारी कर्मों, अच्छे और बुरे, सामान्य जीवन के धीमे, विकासवादी मॉनीटरों से बचता है, जो बोझिल और घोंघे के समान होते हैं।\n\nआत्मा के जीवन की श्रेष्ठ विधि उस योगी को मुक्त करती है, जो अपने अहंकार की कैद से मुक्त होकर सर्वव्यापीता की गहरी हवा का स्वाद लेता है।\n\nइसके विपरीत, प्राकृतिक जीवन की दासता अपमानजनक गति से निर्धारित होती है।\n\nअपने जीवन को विकासवादी क्रम के अनुरूप बनाकर, एक व्यक्ति प्रकृति से कोई रियायती जल्दबाजी नहीं मांग सकता है, लेकिन अपने शारीरिक और मानसिक उपहार के नियमों के विरुद्ध त्रुटि रहित जीवन जीने के लिए, अंतिम मुक्ति को जानने के लिए अभी भी लगभग दस लाख वर्षों तक अवतार लेने की आवश्यकता है।","type":"default","passage":"क्रिया योग का विज्ञान","commentary":"","meaning":""},{"id":"16","title":"26.16","content":"योगियों की दूरबीन विधियाँ, जो आत्मा-व्यक्तित्व के पक्ष में शारीरिक और मानसिक पहचान से खुद को अलग कर लेती हैं, इस प्रकार उन लोगों के लिए खुद को अनुकूल बनाती हैं जो हज़ारों हज़ार वर्षों तक विद्रोह की दृष्टि से देखते हैं।\n\nयह संख्यात्मक परिधि साधारण मनुष्य के लिए विस्तृत है, जो प्रकृति के साथ भी सामंजस्य में नहीं रहता, अपनी आत्मा की तो बात ही छोड़िए, बल्कि अप्राकृतिक जटिलताओं का पीछा करता है, इस प्रकार अपने शरीर और विचारों में प्रकृति की मधुर विवेकशीलता का अपमान करता है।\n\nउसके लिए, मुक्ति के लिए दो लाख वर्ष शायद ही पर्याप्त हों।\n\nस्थूल मनुष्य शायद ही कभी या कभी यह महसूस करता है कि उसका शरीर एक साम्राज्य है, जो कपाल के सिंहासन पर सम्राट आत्मा द्वारा शासित है, जिसके छह रीढ़ की हड्डी के केंद्रों या चेतना के क्षेत्रों में सहायक शासक हैं।\n\nयह धर्मतंत्र आज्ञाकारी विषयों की भीड़ पर फैला हुआ है: सत्ताईस हज़ार अरब कोशिकाएँ-जो एक निश्चित स्वचालित बुद्धि से संपन्न हैं जिसके द्वारा वे शारीरिक वृद्धि, परिवर्तन और विघटन के सभी कर्तव्यों का पालन करती हैं-और पचास मिलियन उपस्तरीय विचार, भावनाएँ और साठ साल के औसत जीवन में मनुष्य की चेतना में वैकल्पिक चरणों की विविधताएँ।\n\nसम्राट आत्मा के प्रति शारीरिक या मस्तिष्क कोशिकाओं का कोई भी स्पष्ट विद्रोह, जो बीमारी या अवसाद के रूप में प्रकट होता है, विनम्र नागरिकों के बीच किसी भी तरह की बेवफ़ाई के कारण नहीं है, बल्कि मनुष्य द्वारा अपनी व्यक्तिगतता या स्वतंत्र इच्छा का अतीत या वर्तमान में दुरुपयोग है, जो उसे आत्मा के साथ-साथ दी गई है, और जिसे कभी भी रद्द नहीं किया जा सकता है।","type":"default","passage":"क्रिया योग का विज्ञान","commentary":"","meaning":""},{"id":"17","title":"26.17","content":"अपने आपको उथले अहंकार से जोड़कर, मनुष्य यह मान लेता है कि वह ही सोचता है, इच्छा करता है, अनुभव करता है, भोजन पचाता है और अपने आपको जीवित रखता है, लेकिन वह कभी भी आत्मचिंतन के माध्यम से यह स्वीकार नहीं करता  \n***(केवल थोड़ा-सा ही पर्याप्त होगा!)***\n कि अपने साधारण जीवन में वह पिछले कर्मों और प्रकृति या वातावरण की कठपुतली के अलावा और कुछ नहीं है।\n\nप्रत्येक मनुष्य की बौद्धिक प्रतिक्रियाएँ, भावनाएँ, मनोदशाएँ और आदतें पिछले कारणों के प्रभावों से घिरी होती हैं, चाहे वे इस जीवन के हों या पिछले जीवन के।\n\nहालाँकि, ऐसे प्रभावों से बहुत ऊपर उसकी शाही आत्मा है।\n\nक्षणभंगुर सत्यों और स्वतंत्रताओं को ठुकराकर, क्रिया योगी सभी मोहभंग से परे अपनी उन्मुक्त सत्ता में चला जाता है।\n\nसभी शास्त्र मनुष्य को एक भ्रष्ट शरीर नहीं, बल्कि एक जीवित आत्मा घोषित करते हैं; क्रिया द्वारा उसे शास्त्रों के सत्य को सिद्ध करने का एक तरीका दिया जाता है।","type":"default","passage":"क्रिया योग का विज्ञान","commentary":"","meaning":""},{"id":"18","title":"26.18","content":"शंकराचार्य ने अपने प्रसिद्ध श्लोक शताब्दी में लिखा है,  \n> बाहरी अनुष्ठान अज्ञान को नष्ट नहीं कर सकते, क्योंकि वे परस्पर विरोधी नहीं हैं।\n\n  \n> केवल प्राप्त ज्ञान ही अज्ञान को नष्ट करता है।\n\n. . . ज्ञान किसी अन्य माध्यम से नहीं आ सकता, सिवाय जांच के।\n\n**मैं कौन हूँ? इस ब्रह्मांड की उत्पत्ति कैसे हुई? इसका निर्माता कौन है? इसका भौतिक कारण क्या है?** इस तरह की जांच का उल्लेख किया गया है।\n\n बुद्धि के पास इन सवालों का कोई जवाब नहीं है; \n\nइसलिए ऋषियों ने आध्यात्मिक जांच की तकनीक के रूप में योग विकसित किया।\n\nक्रिया योग वास्तविक  \n> अग्नि अनुष्ठान\n है, जिसकी अक्सर भगवद गीता में प्रशंसा की जाती है।\n\nयोग की शुद्ध करने वाली अग्नि शाश्वत प्रकाश लाती है, और इस प्रकार बाहरी और कम प्रभावी धार्मिक अग्नि अनुष्ठानों से बहुत भिन्न होती है, जहाँ अक्सर सत्य की धारणा को जलाया जाता है, धूप के साथ गंभीर मंत्रोच्चार के साथ!","type":"default","passage":"क्रिया योग का विज्ञान","commentary":"","meaning":""},{"id":"19","title":"26.19","content":"उन्नत योगी, अपने मन, इच्छा और भावनाओं को शारीरिक इच्छाओं के साथ झूठी पहचान से दूर रखते हुए, अपने मन को मेरुदंड के मंदिरों में स्थित अतिचेतन शक्तियों के साथ जोड़ते हुए, इस प्रकार इस दुनिया में भगवान की योजना के अनुसार रहता है, न कि अतीत के आवेगों से प्रेरित होकर और न ही नए मानवीय प्रेरणाओं की नई मूर्खता से।\n\nऐसा योगी अपनी सर्वोच्च इच्छा की पूर्ति प्राप्त करता है, जो अनंत आनंदमय आत्मा के अंतिम आश्रय में सुरक्षित है।\n\nयोगी अपनी भूलभुलैया वाली मानवीय लालसाओं को अद्वितीय ईश्वर को समर्पित एकेश्वरवादी अलाव में अर्पित करता है।\n\nयह वास्तव में सच्चा योगिक अग्नि समारोह है, जिसमें सभी अतीत और वर्तमान इच्छाएँ दिव्य प्रेम द्वारा भस्म हो जाती हैं।\n\nपरम ज्वाला सभी मानवीय पागलपन की बलि लेती है, और मनुष्य मैल से शुद्ध हो जाता है।\n\nउसकी हड्डियाँ सभी वासनापूर्ण मांस से मुक्त हो जाती हैं, उसका कर्म कंकाल ज्ञान के एंटीसेप्टिक सूर्यों में प्रक्षालित हो जाता है, वह अंततः शुद्ध हो जाता है, मनुष्य और निर्माता के सामने अपमानजनक नहीं होता।","type":"default","passage":"क्रिया योग का विज्ञान","commentary":"","meaning":""},{"id":"20","title":"26.20","content":"योग की सुनिश्चित और विधिवत् प्रभावकारिता का उल्लेख करते हुए, भगवान कृष्ण तकनीकी योगी की इन शब्दों में प्रशंसा करते हैं:  \n> योगी शरीर को अनुशासित करने वाले तपस्वियों से भी महान है, यहाँ तक कि ज्ञान के मार्ग  \n***(ज्ञान योग)***\n या कर्म के मार्ग  \n***(कर्म योग)***\n के अनुयायियों से भी महान है; हे शिष्य अर्जुन, तू एक योगी बन जा!\n {FN26-14} {FN26-1} क्लीवलैंड के विख्यात वैज्ञानिक, डॉ. जॉर्ज डब्ल्यू. क्राइल ने 1940 में अमेरिकन एसोसिएशन फॉर द एडवांसमेंट ऑफ साइंस की बैठक के समक्ष उन प्रयोगों के बारे में बताया जिनके द्वारा उन्होंने सिद्ध किया था कि शरीर के सभी ऊतक विद्युत रूप से नकारात्मक होते हैं, केवल मस्तिष्क और तंत्रिका तंत्र के ऊतक ही विद्युत रूप से सकारात्मक रहते हैं, क्योंकि वे अधिक तीव्र गति से पुनर्जीवित करने वाली ऑक्सीजन ग्रहण करते हैं।","type":"default","passage":"क्रिया योग का विज्ञान","commentary":"","meaning":""},{"id":"21","title":"26.21","content":"{FN26-2} भगवद गीता, IV:29. {FN26-3} भगवद गीता IV:1-2. {FN26-4} मानव धर्म शास्त्रों के लेखक।\n\nविहित सामान्य कानून की ये संस्थाएँ आज भी भारत में प्रभावी हैं।\n\nफ्रांसीसी विद्वान, लुइस जैकोलियट लिखते हैं कि मनु की तिथि “भारत के पूर्व-ऐतिहासिक काल की रात में खो गई है; और किसी भी विद्वान ने उन्हें दुनिया के सबसे प्राचीन विधिवेत्ता की उपाधि देने से इनकार करने का साहस नहीं किया है।\n\n” ला बाइबल डान्स लिंडे, पृष्ठ 33-37 में, जैकोलियट समानांतर पाठ्य संदर्भों को यह साबित करने के लिए पुन: प्रस्तुत करता है कि रोमन कोड ऑफ़ जस्टिनियन मनु के नियमों का बारीकी से पालन करता है।\n\n{FN26-5} हिंदू शास्त्रीय गणनाओं के अनुसार, भौतिकवादी युगों की शुरुआत 3102 ईसा पूर्व हुई थी।\n\nयह अवरोही द्वापर युग की शुरुआत थी  \n***(देखें पृष्ठ 174)***।\nआधुनिक विद्वान, यह मानते हुए कि 10, 000 साल पहले सभी लोग बर्बर पाषाण युग में डूबे हुए थे, भारत, चीन, मिस्र और अन्य देशों में बहुत प्राचीन सभ्यताओं के सभी अभिलेखों और परंपराओं को “मिथक” के रूप में खारिज कर देते हैं।","type":"default","passage":"क्रिया योग का विज्ञान","commentary":"","meaning":""},{"id":"22","title":"26.22","content":"{FN26-6} पतंजलि के सूत्र, II:1. क्रिया योग शब्द का उपयोग करते हुए, पतंजलि या तो बाबाजी द्वारा सिखाई गई सटीक तकनीक का उल्लेख कर रहे थे, या उससे बहुत मिलती-जुलती तकनीक का।\n\nयह जीवन नियंत्रण की एक निश्चित तकनीक थी, यह पतंजलि के सूत्र II:49 से साबित होता है।\n\n{FN26-7} पतंजलि के सूत्र, I:27. {FN26-8}  \n> आदि में वचन था, और वचन परमेश्वर के साथ था, और वचन परमेश्वर था।\n\n. . . सभी चीज़ें उसके द्वारा बनाई गई थीं; और उसके बिना कोई भी चीज़ नहीं बनाई गई थी जो बनाई गई थी।\n\n - यूहन्ना 1:1-3।\n\nवेदों का ओम्  \n***(ओम)***\n मुसलमानों का पवित्र शब्द अमीन, तिब्बतियों का हम और ईसाइयों का आमीन बन गया  \n***(हिब्रू में इसका अर्थ निश्चित, विश्वासयोग्य है)***।\n“ये बातें वही कहता है जो आमीन, और विश्‍वासयोग्य, और सच्चा गवाह है, और परमेश्‍वर की सृष्टि का मूल कारण है।\n\n”-प्रकाशितवाक्य 3:14.","type":"default","passage":"क्रिया योग का विज्ञान","commentary":"","meaning":""},{"id":"23","title":"26.23","content":"{FN26-9} सूत्र II:49.. {FN26-10} I कुरिन्थियों 15:31.  \n> हमारा आनन्द\n सही अनुवाद है; न कि, जैसा कि आमतौर पर कहा जाता है,  \n> तुम्हारा आनन्द।\nसेंट पॉल मसीह चेतना की सर्वव्यापकता का उल्लेख कर रहे थे.. {FN26-11} कल्प का अर्थ है समय या युग।\n\nसबीकल्प का अर्थ है समय या परिवर्तन के अधीन; प्रकृति या पदार्थ के साथ कुछ संबंध बना रहता है।\n\nनिर्विकल्प का अर्थ है कालातीत, परिवर्तनहीन; यह समाधि की सर्वोच्च अवस्था है।\n\n{FN26-12} लिंकन लाइब्रेरी ऑफ़ एसेंशियल इन्फॉर्मेशन, पृष्ठ 1030 के अनुसार, विशालकाय कछुआ 200 से 300 वर्षों तक जीवित रहता है।\n\n{FN26-13} शेक्सपियर: सॉनेट #146।\n\n{एफएन26-14} भगवद गीता, VI:46।","type":"default","passage":"क्रिया योग का विज्ञान","commentary":"","meaning":""},{"id":"24","title":"26.24","content":"","type":"default","passage":"क्रिया योग का विज्ञान","commentary":"","meaning":""}]}