{"id":28,"title":"काशी, पुनर्जन्म और पुनः खोजा गया","description":"काशी, पुनर्जन्म और पुनः खोजा गया","sectionCount":12,"tags":null,"contentId":"AoY02","sections":[{"id":"1","title":"28.1","content":"काशी, पुनर्जन्म और पुनः खोज  \n> कृपया पानी में न जाएं।\n\nहमें अपनी बाल्टियाँ डुबोकर नहाना चाहिए।\n\n मैं रांची के युवा छात्रों को संबोधित कर रहा था जो मेरे साथ आठ मील की पैदल यात्रा पर एक पड़ोसी पहाड़ी पर जा रहे थे।\n\nहमारे सामने का तालाब आकर्षक था, लेकिन मेरे मन में इसके प्रति अरुचि पैदा हो गई थी।\n\nमेरे आस-पास के समूह ने बाल्टी डुबाने के मेरे उदाहरण का अनुसरण किया, लेकिन कुछ लड़के ठंडे पानी के प्रलोभन के आगे झुक गए।\n\nजैसे ही उन्होंने गोता लगाया, बड़े पानी के सांप उनके चारों ओर मँडरा रहे थे।\n\nलड़के हास्यास्पद तत्परता के साथ तालाब से बाहर आ गए।\n\nअपने गंतव्य पर पहुँचने के बाद हमने पिकनिक लंच का आनंद लिया।\n\nमैं एक पेड़ के नीचे छात्रों के एक समूह से घिरा हुआ बैठा था","type":"default","passage":"काशी, पुनर्जन्म और पुनः खोजा गया","commentary":"","meaning":""},{"id":"2","title":"28.2","content":"एक युवक ने पूछा, “कृपया मुझे बताइए, श्रीमान, क्या मैं त्याग के मार्ग पर हमेशा आपके साथ रहूँगा।\n\n” “नहीं, ” मैंने उत्तर दिया, “तुम्हें जबरन तुम्हारे घर ले जाया जाएगा, और बाद में तुम विवाह कर लोगे।\n\n” अविश्वास में उसने जोरदार विरोध किया।\n\n“केवल अगर मैं मर जाऊँ तो ही मुझे घर ले जाया जा सकता है।\n\n” लेकिन कुछ महीनों में, उसके माता-पिता उसके आंसू भरे प्रतिरोध के बावजूद उसे ले जाने के लिए आ गए; कुछ साल बाद, उसने विवाह कर लिया।\n\nकई सवालों के जवाब देने के बाद, काशी नाम के एक लड़के ने मुझसे बात की।\n\nवह लगभग बारह साल का था, एक मेधावी छात्र था, और सभी का प्रिय था।\n\n“श्रीमान, ” उसने कहा, “मेरा क्या भाग्य होगा?” “तुम जल्द ही मर जाओगे।\n\n” मेरे होठों से जवाब एक अदम्य शक्ति के साथ निकला।","type":"default","passage":"काशी, पुनर्जन्म और पुनः खोजा गया","commentary":"","meaning":""},{"id":"3","title":"28.3","content":"इस अप्रत्याशित खुलासे ने मुझे और साथ ही मौजूद सभी लोगों को चौंका दिया और दुखी कर दिया।\n\nखुद को एक भयानक शिशु कहकर मन ही मन फटकारते हुए मैंने आगे के सवालों का जवाब देने से इनकार कर दिया।\n\nस्कूल लौटने पर, काशी मेरे कमरे में आया।\n\n> अगर मैं मर गया, तो क्या तुम मुझे पुनर्जन्म में ढूंढोगे और मुझे फिर से आध्यात्मिक मार्ग पर ले जाओगे?\n उसने रोते हुए कहा।\n\nमुझे इस कठिन रहस्यमय जिम्मेदारी को अस्वीकार करने के लिए बाध्य महसूस हुआ।\n\nलेकिन उसके बाद कई हफ़्तों तक काशी ने मुझ पर लगातार दबाव डाला।\n\nउसे टूटते हुए बिंदु तक बेचैन देखकर, मैंने आखिरकार उसे सांत्वना दी।\n\n> हाँ,  \n मैंने वादा किया।\n\n> अगर स्वर्गीय पिता अपनी सहायता देते हैं, तो मैं तुम्हें खोजने की कोशिश करूँगा।\n\n गर्मियों की छुट्टियों के दौरान, मैं एक छोटी यात्रा पर निकल पड़ा।\n\nइस बात का अफसोस करते हुए कि मैं काशी को अपने साथ नहीं ले जा सका, मैंने जाने से पहले उसे अपने कमरे में बुलाया और उसे सावधानीपूर्वक निर्देश दिया कि वह, किसी भी अनुनय के विपरीत, स्कूल के आध्यात्मिक कंपन में बना रहे।\n\nकिसी तरह मुझे लगा कि अगर वह घर नहीं गया, तो वह आसन्न आपदा से बच सकता है।","type":"default","passage":"काशी, पुनर्जन्म और पुनः खोजा गया","commentary":"","meaning":""},{"id":"4","title":"28.4","content":"मैं जैसे ही वहां से निकला, काशी के पिता रांची पहुंच गए।\n\nपंद्रह दिनों तक उन्होंने अपने बेटे की इच्छा को तोड़ने की कोशिश की, यह समझाते हुए कि अगर काशी अपनी मां से मिलने के लिए सिर्फ चार दिनों के लिए कलकत्ता चला जाए, तो वह वापस आ सकता है।\n\nकाशी ने लगातार मना किया।\n\nपिता ने आखिरकार कहा कि वह पुलिस की मदद से लड़के को ले जाएगा।\n\nइस धमकी से काशी परेशान हो गया, वह स्कूल के लिए किसी भी तरह के प्रतिकूल प्रचार का कारण नहीं बनना चाहता था।\n\nउसे जाने के अलावा कोई विकल्प नहीं दिख रहा था।\n\nमैं कुछ दिनों बाद रांची लौट आया।\n\nजब मैंने सुना कि काशी को हटा दिया गया है, तो मैं तुरंत कलकत्ता के लिए ट्रेन में सवार हो गया।\n\nवहां मैंने एक घोड़ागाड़ी पकड़ी।\n\nबहुत ही अजीब बात यह थी कि जैसे ही गाड़ी गंगा पर बने हावड़ा ब्रिज से आगे बढ़ी, मैंने काशी के पिता और अन्य रिश्तेदारों को शोक वस्त्र पहने देखा।\n\nअपने ड्राइवर को रुकने के लिए चिल्लाते हुए, मैं बाहर भागा और उस बदकिस्मत पिता को घूरने लगा।","type":"default","passage":"काशी, पुनर्जन्म और पुनः खोजा गया","commentary":"","meaning":""},{"id":"5","title":"28.5","content":"> मिस्टर मर्डरर,  \n मैंने कुछ हद तक बेवजह चिल्लाते हुए कहा,  \n> तुमने मेरे बेटे को मार डाला है!\n पिता को पहले ही एहसास हो चुका था कि काशी को जबरन कलकत्ता लाकर उन्होंने कितनी बड़ी गलती की है।\n\nकुछ दिनों तक जब बेटा वहाँ रहा, तो उसने दूषित भोजन खाया, हैजा से पीड़ित हुआ और मर गया।\n\nकाशी के प्रति मेरा प्रेम और मृत्यु के बाद उसे खोजने की प्रतिज्ञा, रात-दिन मुझे सताती रही।\n\nमैं जहाँ भी गया, उसका चेहरा मेरे सामने आ गया।\n\nमैंने उसकी यादगार खोज शुरू की, ठीक वैसे ही जैसे मैंने बहुत पहले अपनी खोई हुई माँ की खोज की थी।\n\n[चित्रण: काशी, खोया और फिर से खोजा गया—देखें काशी.jpg] [चित्रण: मेरे भाई बिष्णु; श्री युक्तेश्वर के एक बहुत ही उन्नत शिष्य, श्रीरामपुर के मोतीलाल मुखर्जी; मेरे पिता; श्री राइट; मैं; तुलसी नारायण बोस; रांची के स्वामी सत्यानंद—देखें बिष्णु.jpg]","type":"default","passage":"काशी, पुनर्जन्म और पुनः खोजा गया","commentary":"","meaning":""},{"id":"6","title":"28.6","content":"[चित्रण: बोस्टन में 1920 के अंतर्राष्ट्रीय धार्मिक उदारवादियों के सम्मेलन में प्रतिनिधियों का एक समूह, जहाँ मैंने अमेरिका में अपना पहला भाषण दिया था।\n\n***(बाएं से दाएं)***\n रेवरेंड क्ले मैककॉली, रेवरेंड टी. रोंडा विलियम्स, प्रो. एस. उशीगासाकी, रेवरेंड जाबेज़ टी. सुंदरलैंड, मैं, रेवरेंड चास. डब्ल्यू. वेंडटे, रेवरेंड सैमुअल ए. इलियट, रेवरेंड बेसिल मार्टिन, रेवरेंड क्रिस्टोफर जे. स्ट्रीट, रेवरेंड सैमुअल एम. क्रॉथर्स.—कांग्रेस.jpg देखें] मुझे लगा कि चूँकि भगवान ने मुझे तर्क करने की क्षमता दी है, \n\nइसलिए मुझे इसका उपयोग करना चाहिए और अपनी शक्तियों का अधिकतम उपयोग करना चाहिए ताकि मैं उन सूक्ष्म नियमों की खोज कर सकूँ जिनके द्वारा मैं उस लड़के के सूक्ष्म ठिकाने को जान सकूँ।\n\nमुझे एहसास हुआ कि वह अधूरी इच्छाओं से काँपती हुई एक आत्मा थी - सूक्ष्म क्षेत्रों में लाखों चमकदार आत्माओं के बीच कहीं तैरती हुई एक प्रकाश की किरण।\n\nमैं अन्य आत्माओं की इतनी सारी काँपती हुई रोशनी के बीच उसके साथ कैसे तालमेल बिठा सकता था?","type":"default","passage":"काशी, पुनर्जन्म और पुनः खोजा गया","commentary":"","meaning":""},{"id":"7","title":"28.7","content":"एक गुप्त योग तकनीक का उपयोग करते हुए, मैंने आध्यात्मिक आँख के माइक्रोफोन के माध्यम से, भौंहों के बीच के आंतरिक बिंदु के माध्यम से काशी की आत्मा तक अपना प्यार प्रसारित किया।\n\nऊपर उठे हुए हाथों और उंगलियों के एंटीना के साथ, मैं अक्सर खुद को गोल-गोल घुमाता था, यह पता लगाने की कोशिश करता था कि वह भ्रूण के रूप में किस दिशा में पुनर्जन्म लेता है।\n\nमुझे उम्मीद थी कि मेरे दिल के एकाग्रता-युक्त रेडियो में उससे प्रतिक्रिया मिलेगी।\n\n{FN28-1} मुझे सहज रूप से महसूस हुआ कि काशी जल्द ही धरती पर वापस आ जाएगा, और अगर मैं लगातार उसे अपना आह्वान प्रसारित करता रहा, तो उसकी आत्मा जवाब देगी।\n\nमुझे पता था कि काशी द्वारा भेजा गया हल्का सा आवेग मेरी उंगलियों, हाथों, बाहों, रीढ़ और नसों में महसूस किया जाएगा।","type":"default","passage":"काशी, पुनर्जन्म और पुनः खोजा गया","commentary":"","meaning":""},{"id":"8","title":"28.8","content":"काशी की मृत्यु के बाद लगभग छह महीने तक मैंने बिना किसी उत्साह के योग विधि का निरंतर अभ्यास किया।\n\nएक सुबह कलकत्ता के भीड़ भरे बोबाजार इलाके में कुछ दोस्तों के साथ टहलते हुए मैंने हमेशा की तरह अपने हाथ ऊपर उठाए।\n\nपहली बार, कोई प्रतिक्रिया हुई।\n\nमैं अपनी उंगलियों और हथेलियों से टपकती विद्युतीय तरंगों को महसूस करके रोमांचित हो गया।\n\nये धाराएँ मेरी चेतना के एक गहरे कोने से एक प्रबल विचार में बदल गईं:  \n> मैं काशी हूँ; मैं काशी हूँ; मेरे पास आओ!\n जैसे ही मैंने अपने हृदय रेडियो पर ध्यान केंद्रित किया, यह विचार लगभग सुनाई देने लगा।\n\nकाशी की विशिष्ट, थोड़ी कर्कश फुसफुसाहट में, {FN28-2} मैंने बार-बार उसका आह्वान सुना।\n\nमैंने अपने एक साथी, प्रकाश दास, {FN28-3} का हाथ पकड़ लिया और उसे देखकर खुशी से मुस्कुराया।","type":"default","passage":"काशी, पुनर्जन्म और पुनः खोजा गया","commentary":"","meaning":""},{"id":"9","title":"28.9","content":"> लगता है मैंने काशी को ढूँढ लिया है!\n मैं इधर-उधर घूमने लगा, मेरे दोस्तों और आने-जाने वाले लोगों की खुली हंसी के लिए।\n\nमेरी उंगलियों में बिजली की झनझनाहट तभी हुई जब मैंने पास के एक रास्ते की ओर मुंह किया, जिसे  \n> सर्पेन्टाइन लेन\n नाम दिया गया था।\n\nजब मैं दूसरी दिशाओं में मुड़ा तो सूक्ष्म धाराएँ गायब हो गईं।\n\n> आह,  \n मैंने कहा,  \n> काशी की आत्मा किसी माँ के गर्भ में रह रही होगी जिसका घर इस गली में है।\n\n मेरे साथी और मैं सर्पेन्टाइन लेन के करीब पहुँच गए; मेरे ऊपर उठे हाथों में कंपन और भी मजबूत, और भी स्पष्ट हो गया।\n\nमानो किसी चुंबक द्वारा मुझे सड़क के दाईं ओर खींचा जा रहा हो।\n\nएक खास घर के प्रवेश द्वार पर पहुँचकर, मैं खुद को स्तब्ध पाकर चकित रह गया।\n\nमैंने तीव्र उत्तेजना की स्थिति में, अपनी साँस रोककर, दरवाज़ा खटखटाया।\n\nमुझे लगा कि मेरी लंबी, कठिन और निश्चित रूप से असामान्य खोज का सफल अंत आ गया है!","type":"default","passage":"काशी, पुनर्जन्म और पुनः खोजा गया","commentary":"","meaning":""},{"id":"10","title":"28.10","content":"दरवाज़ा एक नौकर ने खोला, जिसने मुझे बताया कि उसका मालिक घर पर है।\n\nवह दूसरी मंजिल से सीढ़ी से नीचे उतरा और मेरी ओर देखकर मुस्कुराया।\n\nमैं मुश्किल से समझ पाया कि अपने सवाल को कैसे पेश करूँ, जो एक साथ प्रासंगिक और अशिष्ट था।\n\n> कृपया मुझे बताएँ, सर, क्या आप और आपकी पत्नी लगभग छह महीने से बच्चे की उम्मीद कर रहे हैं?\n  \n> हाँ, ऐसा ही है।\n\n यह देखते हुए कि मैं एक स्वामी था, पारंपरिक नारंगी वस्त्र पहने एक त्यागी, उसने विनम्रता से कहा,  \n> कृपया मुझे बताएं कि आप मेरे मामलों के बारे में कैसे जानते हैं।\n\n जब उसने काशी और मेरे द्वारा दिए गए वादे के बारे में सुना, तो आश्चर्यचकित व्यक्ति ने मेरी कहानी पर विश्वास किया।\n\n> आपके यहाँ एक गोरे रंग का लड़का पैदा होगा,  \n मैंने उससे कहा।\n\n> उसका चेहरा चौड़ा होगा, उसके माथे पर एक गुदगुदी होगी।\n\nउसका स्वभाव विशेष रूप से आध्यात्मिक होगा।\n\n मुझे यकीन था कि आने वाला बच्चा काशी से मिलता-जुलता होगा।","type":"default","passage":"काशी, पुनर्जन्म और पुनः खोजा गया","commentary":"","meaning":""},{"id":"11","title":"28.11","content":"बाद में मैं उस बालक से मिलने गया, जिसके माता-पिता ने उसे उसका पुराना नाम काशी रखा था।\n\nबचपन में भी वह मेरे प्रिय रांची के विद्यार्थी के समान ही दिखता था।\n\nबालक ने मुझ पर तुरन्त स्नेह दिखाया; अतीत का आकर्षण दुगुनी तीव्रता के साथ जाग उठा।\n\nवर्षों बाद, जब मैं अमेरिका में था, उस किशोर बालक ने मुझे पत्र लिखा।\n\nउसने संन्यासी के मार्ग पर चलने की अपनी गहरी अभिलाषा बताई।\n\nमैंने उसे हिमालय के एक गुरु के पास भेजा, जो आज भी पुनर्जन्म लेने वाले काशी का मार्गदर्शन करते हैं।\n\n{FN28-1} भौहों के बीच के बिन्दु से प्रक्षेपित इच्छा को योगी लोग विचारों के प्रसारण यंत्र के रूप में जानते हैं।\n\nजब भावना को हृदय पर शान्त रूप से केन्द्रित किया जाता है, तो यह मानसिक रेडियो के रूप में कार्य करता है, और दूर या निकट से दूसरों के संदेश प्राप्त कर सकता है।\n\nटेलीपैथी में एक व्यक्ति के मन में विचारों के सूक्ष्म स्पंदन सूक्ष्म ईथर के सूक्ष्म स्पंदनों के माध्यम से और फिर स्थूल सांसारिक ईथर के माध्यम से प्रसारित होते हैं, जिससे विद्युत तरंगें उत्पन्न होती हैं, जो बदले में, दूसरे व्यक्ति के मन में विचार तरंगों में परिवर्तित हो जाती हैं।","type":"default","passage":"काशी, पुनर्जन्म और पुनः खोजा गया","commentary":"","meaning":""},{"id":"12","title":"28.12","content":"{FN28-2} प्रत्येक आत्मा अपनी शुद्ध अवस्था में सर्वज्ञ होती है।\n\nकाशी की आत्मा ने काशी नामक बालक की सभी विशेषताओं को याद किया और \n\nइसलिए उसने मेरी पहचान जगाने के लिए उसकी कर्कश आवाज की नकल की।\n\n{FN28-3} प्रकाश दास बंगाल के दक्षिणेश्वर में हमारे योगदा मठ  \n***(आश्रम)***\n के वर्तमान निदेशक हैं।","type":"default","passage":"काशी, पुनर्जन्म और पुनः खोजा गया","commentary":"","meaning":""}]}