{"id":29,"title":"रवींद्रनाथ टैगोर और मैं स्कूलों की तुलना करते हैं","description":"रवींद्रनाथ टैगोर और मैं स्कूलों की तुलना करते हैं","sectionCount":12,"tags":null,"contentId":"AoY02","sections":[{"id":"1","title":"29.1","content":"रवींद्रनाथ टैगोर और मैं स्कूलों की तुलना करते हैं  \n> रवींद्रनाथ टैगोर ने हमें पक्षियों की तरह, आत्म-अभिव्यक्ति के एक स्वाभाविक रूप के रूप में गाना सिखाया।\n\n मेरे रांची स्कूल में पढ़ने वाले एक होशियार चौदह वर्षीय लड़के भोला नाथ ने मुझे यह स्पष्टीकरण दिया, जब मैंने एक सुबह उसकी मधुर आवाज़ की तारीफ़ की थी।\n\nउकसावे के साथ या बिना उकसावे के, लड़के ने एक सुरीली धारा बहा दी।\n\nवह पहले बोलपुर में  \n> शांतिनिकेतन\n  \n***(शांति का स्वर्ग)***\n के प्रसिद्ध टैगोर स्कूल में पढ़ चुका था।\n\n> रवींद्रनाथ के गीत बचपन से ही मेरे होठों पर हैं,  \n मैंने अपने साथी से कहा।\n\n> पूरा बंगाल, यहाँ तक कि अशिक्षित किसान भी उनकी उदात्त कविता से प्रसन्न होते हैं।","type":"default","passage":"रवींद्रनाथ टैगोर और मैं स्कूलों की तुलना करते हैं","commentary":"","meaning":""},{"id":"2","title":"29.2","content":"भोला और मैंने टैगोर के कुछ अंश साथ में गाए, जिन्होंने हजारों भारतीय कविताओं को संगीत में ढाला है, जिनमें से कुछ मौलिक और कुछ प्राचीन हैं।\n\n> मैं रवींद्रनाथ से साहित्य के लिए नोबेल पुरस्कार प्राप्त करने के तुरंत बाद मिला था,  \n मैंने हमारे गायन के बाद टिप्पणी की।\n\n> मैं उनसे मिलने के लिए आकर्षित हुआ क्योंकि मैं अपने साहित्यिक आलोचकों को निपटाने में उनके गैर-कूटनीतिक साहस की प्रशंसा करता था।\n\n मैं हंस पड़ा।\n\nभोला ने उत्सुकता से कहानी पूछी।\n\n> विद्वानों ने बंगाली कविता में एक नई शैली शुरू करने के लिए टैगोर की कड़ी आलोचना की,  \n मैंने शुरू किया।\n\n\"उन्होंने बोलचाल और शास्त्रीय अभिव्यक्तियों को मिलाया, पंडितों के दिलों को प्रिय सभी निर्धारित सीमाओं को अनदेखा किया।\n\nउनके गीत भावनात्मक रूप से आकर्षक शब्दों में गहरे दार्शनिक सत्य को मूर्त रूप देते हैं, स्वीकृत साहित्यिक रूपों के लिए बहुत कम सम्मान देते हैं।","type":"default","passage":"रवींद्रनाथ टैगोर और मैं स्कूलों की तुलना करते हैं","commentary":"","meaning":""},{"id":"3","title":"29.3","content":"“एक प्रभावशाली आलोचक ने रवींद्रनाथ को ‘कबूतर-कवि’ कहा था, जो अपनी कविताएँ एक रुपये में छापकर बेचते थे।\n\n’ लेकिन टैगोर का बदला करीब था; उनके गीतांजलि  \n***(‘गीतों की भेंट’)***\n का अंग्रेजी में अनुवाद करने के तुरंत बाद ही पूरे पश्चिमी जगत ने उन्हें श्रद्धांजलि अर्पित की।\n\nपंडितों की एक ट्रेन, जिसमें उनके एक समय के आलोचक भी शामिल थे, बधाई देने के लिए शांतिनिकेतन गए।\n\n“रवींद्रनाथ ने जानबूझकर बहुत देर से अपने मेहमानों का स्वागत किया और फिर उनकी प्रशंसा को शांत भाव से सुना।\n\nअंत में उन्होंने आलोचना के अपने ही अभ्यस्त हथियारों का इस्तेमाल उनके खिलाफ कर दिया।\n\n“‘सज्जनों, ’ उन्होंने कहा, ‘आप यहाँ जो सुगंधित सम्मान दे रहे हैं, वह आपके पिछले तिरस्कार की दुर्गंध के साथ असंगत रूप से घुलमिल गया है।\n\nक्या नोबेल पुरस्कार मिलने और आपकी अचानक बढ़ी हुई प्रशंसा की शक्तियों के बीच कोई संबंध है? मैं अभी भी वही कवि हूँ जिसने आपको तब नाराज किया था जब मैंने पहली बार बंगाल के मंदिर में अपने विनम्र फूल चढ़ाए थे।\n\n’","type":"default","passage":"रवींद्रनाथ टैगोर और मैं स्कूलों की तुलना करते हैं","commentary":"","meaning":""},{"id":"4","title":"29.4","content":"> अख़बारों ने टैगोर द्वारा दी गई कठोर फटकार का विवरण प्रकाशित किया।\n\nमैं चापलूसी से सम्मोहित न होने वाले व्यक्ति के स्पष्ट शब्दों की प्रशंसा करता हूँ,  \n मैंने आगे कहा।\n\n> कलकत्ता में रवींद्रनाथ से मेरा परिचय उनके सचिव श्री सी.एफ. एंड्रयूज ने करवाया था, {FN29-1} जो साधारण बंगाली धोती पहने हुए थे।\n\nउन्होंने टैगोर को प्यार से अपना गुरुदेव कहा।\n\nरवींद्रनाथ ने मेरा स्वागत विनम्रता से किया।\n\nउनके चेहरे से आकर्षण, संस्कृति और शिष्टाचार की एक सुखद आभा निकलती थी।\n\nअपनी साहित्यिक पृष्ठभूमि के बारे में मेरे सवाल का जवाब देते हुए टैगोर ने मुझे बताया कि हमारे धार्मिक महाकाव्यों के अलावा उनकी प्रेरणा का एक प्राचीन स्रोत शास्त्रीय कवि बिद्यापति थे।\n\n\"","type":"default","passage":"रवींद्रनाथ टैगोर और मैं स्कूलों की तुलना करते हैं","commentary":"","meaning":""},{"id":"5","title":"29.5","content":"इन यादों से प्रेरित होकर, मैंने टैगोर के एक पुराने बंगाली गीत,  \n> लाइट द लैम्प ऑफ़ थि लव\n का संस्करण गाना शुरू किया।\n\nभोला और मैं विद्यालय के मैदान में टहलते हुए खुशी से गा रहे थे।\n\nरांची स्कूल की स्थापना के लगभग दो साल बाद, मुझे रवींद्रनाथ से शांतिनिकेतन में अपने शैक्षिक आदर्शों पर चर्चा करने के लिए मिलने का निमंत्रण मिला।\n\nमैं खुशी-खुशी गया।\n\nजब मैं अंदर गया तो कवि अपने अध्ययन कक्ष में बैठे थे; मैंने तब सोचा, जैसा कि हमारी पहली मुलाकात में था, कि वे शानदार मर्दानगी का एक ऐसा नमूना थे जिसकी कोई भी चित्रकार कल्पना कर सकता है।\n\nउनका खूबसूरती से तराशा हुआ चेहरा, कुलीन कुलीन, लंबे बालों और लहराती दाढ़ी से घिरा हुआ था।\n\nबड़ी, पिघलती हुई आँखें; एक दिव्य मुस्कान; और बांसुरी जैसी गुणवत्ता वाली आवाज़ जो सचमुच मंत्रमुग्ध कर देने वाली थी।\n\nदृढ़, लंबे और गंभीर, उन्होंने एक बच्चे की आनंददायक सहजता के साथ लगभग एक महिला जैसी कोमलता को जोड़ा।\n\nकवि की कोई आदर्श अवधारणा इस सौम्य गायक से अधिक उपयुक्त अवतार नहीं पा सकती थी।","type":"default","passage":"रवींद्रनाथ टैगोर और मैं स्कूलों की तुलना करते हैं","commentary":"","meaning":""},{"id":"6","title":"29.6","content":"टैगोर और मैं जल्द ही अपने स्कूलों के तुलनात्मक अध्ययन में लग गए, दोनों ही अपरंपरागत आधार पर स्थापित थे।\n\nहमने कई समान विशेषताएं पाईं- आउटडोर शिक्षा, सादगी, बच्चे की रचनात्मक भावना के लिए पर्याप्त गुंजाइश।\n\nहालाँकि, रवींद्रनाथ ने साहित्य और कविता के अध्ययन और संगीत और गीत के माध्यम से आत्म-अभिव्यक्ति पर काफी जोर दिया, जिसे मैंने भोला के मामले में पहले ही नोट कर लिया था।\n\nशांतिनिकेतन के बच्चों ने मौन की अवधि का पालन किया, लेकिन उन्हें कोई विशेष योग प्रशिक्षण नहीं दिया गया।\n\nकवि ने ऊर्जावान “योगदा” अभ्यासों और योग एकाग्रता तकनीकों के मेरे वर्णन को चापलूसी भरे ध्यान से सुना, जो रांची में सभी छात्रों को सिखाए जाते हैं।","type":"default","passage":"रवींद्रनाथ टैगोर और मैं स्कूलों की तुलना करते हैं","commentary":"","meaning":""},{"id":"7","title":"29.7","content":"टैगोर ने मुझे अपने शुरुआती शैक्षणिक संघर्षों के बारे में बताया।\n\nउन्होंने हंसते हुए कहा,  \n> मैं पांचवीं कक्षा के बाद स्कूल से भाग गया था।\n\n मैं आसानी से समझ सकता था कि कैसे उनकी सहज काव्यात्मक कोमलता एक स्कूल के नीरस, अनुशासनात्मक माहौल से आहत हुई थी।\n\n> \n\nइसलिए मैंने छायादार पेड़ों और आसमान की चमक के नीचे शांतिनिकेतन खोला।\n\n उन्होंने सुंदर बगीचे में अध्ययन कर रहे एक छोटे समूह की ओर भावपूर्ण ढंग से इशारा किया।\n\n> एक बच्चा फूलों और गीत पक्षियों के बीच अपने प्राकृतिक परिवेश में होता है।\n\nकेवल इस तरह से वह अपने व्यक्तिगत उपहार की छिपी हुई संपत्ति को पूरी तरह से व्यक्त कर सकता है।\n\nसच्ची शिक्षा कभी भी बाहर से नहीं भरी जा सकती और न ही दी जा सकती; बल्कि इसे अपने भीतर के ज्ञान के अनंत भंडार को सहज रूप से सतह पर लाने में सहायता करनी चाहिए।\n\n {FN29-2}","type":"default","passage":"रवींद्रनाथ टैगोर और मैं स्कूलों की तुलना करते हैं","commentary":"","meaning":""},{"id":"8","title":"29.8","content":"मैं सहमत था।\n\n> युवाओं की आदर्शवादी और नायक-पूजा की प्रवृत्ति सांख्यिकी और कालानुक्रमिक युगों के विशेष आहार से भूखी रह जाती है।\n\n कवि ने अपने पिता देवेंद्रनाथ के बारे में प्यार से बात की, जिन्होंने शांतिनिकेतन की शुरुआत की प्रेरणा दी थी।\n\n> पिता ने मुझे यह उपजाऊ भूमि भेंट की, जहाँ उन्होंने पहले से ही एक गेस्ट हाउस और मंदिर बनवा रखा था,  \n रवींद्रनाथ ने मुझे बताया।\n\n> मैंने 1901 में यहाँ केवल दस लड़कों के साथ अपना शैक्षिक प्रयोग शुरू किया।\n\nनोबेल पुरस्कार के साथ मिले आठ हजार पाउंड सभी स्कूल के रखरखाव के लिए गए।\n\n बड़े टैगोर, देवेंद्रनाथ, जिन्हें दूर-दूर तक  \n> महर्षि\n के रूप में जाना जाता था, एक बहुत ही उल्लेखनीय व्यक्ति थे, जैसा कि कोई उनकी आत्मकथा से जान सकता है।\n\nउनके वयस्क जीवन के दो साल हिमालय में ध्यान में बीते।\n\nबदले में, उनके पिता, द्वारकानाथ टैगोर, अपने उदार सार्वजनिक उपकार के लिए पूरे बंगाल में प्रसिद्ध थे।\n\nइस शानदार वृक्ष से प्रतिभाओं का एक परिवार निकला है।\n\nअकेले रवींद्रनाथ ही नहीं; उनके सभी रिश्तेदारों ने रचनात्मक अभिव्यक्ति में खुद को प्रतिष्ठित किया है।\n\nउनके भाई गोगोनेन्द्र और अवनिन्द्र भारत के अग्रणी कलाकारों में से हैं; उनके एक अन्य भाई द्विजेन्द्र एक गहन दार्शनिक हैं, जिनकी कोमल पुकार पर पक्षी और वन्य प्राणी प्रतिक्रिया करते हैं।","type":"default","passage":"रवींद्रनाथ टैगोर और मैं स्कूलों की तुलना करते हैं","commentary":"","meaning":""},{"id":"9","title":"29.9","content":"रवींद्रनाथ ने मुझे अतिथिगृह में रात्रि विश्राम के लिए आमंत्रित किया।\n\nशाम को, आँगन में एक समूह के साथ बैठे कवि को देखना वास्तव में एक आकर्षक दृश्य था।\n\nसमय पीछे की ओर घूम गया: मेरे सामने का दृश्य एक प्राचीन आश्रम जैसा था-आनंदित गायक अपने भक्तों से घिरा हुआ, सभी दिव्य प्रेम में लीन।\n\nटैगोर ने प्रत्येक बंधन को सद्भाव की डोरियों से बुना था।\n\nकभी भी मुखर नहीं, उन्होंने एक अप्रतिरोध्य चुंबकत्व द्वारा दिल को आकर्षित किया और उस पर कब्ज़ा कर लिया।\n\nभगवान के बगीचे में खिलने वाला काव्य का दुर्लभ फूल, एक प्राकृतिक सुगंध से दूसरों को आकर्षित करता है! अपनी मधुर आवाज़ में, रवींद्रनाथ ने हमें अपनी कुछ नई रचित उत्कृष्ट कविताएँ सुनाईं।\n\nउनके अधिकांश गीत और नाटक, जो उनके छात्रों के मनोरंजन के लिए लिखे गए हैं, शांतिनिकेतन में रचे गए हैं।\n\nमेरे लिए, उनकी पंक्तियों की सुंदरता लगभग हर छंद में भगवान का उल्लेख करने की उनकी कला में निहित है, फिर भी शायद ही कभी पवित्र नाम का उल्लेख करते हैं।\n\nउन्होंने लिखा,  \n> गायन के आनंद में मदमस्त होकर मैं स्वयं को भूल जाता हूं और तुझे अपना मित्र कहता हूं, जो मेरा स्वामी है।","type":"default","passage":"रवींद्रनाथ टैगोर और मैं स्कूलों की तुलना करते हैं","commentary":"","meaning":""},{"id":"10","title":"29.10","content":"अगले दिन, दोपहर के भोजन के बाद, मैंने कवि को अनिच्छा से विदा किया।\n\nमुझे खुशी है कि उनका छोटा सा स्कूल \n\nअब एक अंतरराष्ट्रीय विश्वविद्यालय, “विश्वभारती” में विकसित हो गया है, जहाँ सभी देशों के विद्वानों को एक आदर्श स्थान मिला है।\n\n“जहाँ मन भयमुक्त है और सिर ऊँचा है; जहाँ ज्ञान मुक्त है; जहाँ दुनिया संकीर्ण घरेलू दीवारों द्वारा टुकड़ों में नहीं बँटी हुई है; जहाँ शब्द सत्य की गहराई से निकलते हैं; जहाँ अथक प्रयास पूर्णता की ओर अपनी भुजाएँ फैलाता है; जहाँ तर्क की स्पष्ट धारा मृत आदत के उदास रेगिस्तान की रेत में अपना रास्ता नहीं खोती है; जहाँ मन को आप निरंतर व्यापक विचार और क्रिया में आगे बढ़ाते हैं; स्वतंत्रता के उस स्वर्ग में, मेरे पिता, मेरे देश को जागृत करो!”  \n***(FN29-4)***\n रवींद्रनाथ टैगोर","type":"default","passage":"रवींद्रनाथ टैगोर और मैं स्कूलों की तुलना करते हैं","commentary":"","meaning":""},{"id":"11","title":"29.11","content":"{FN29-1} महात्मा गांधी के घनिष्ठ मित्र, अंग्रेज लेखक और प्रचारक।\n\nश्री एंड्रयूज को भारत में उनकी गोद ली हुई भूमि के लिए की गई अनेक सेवाओं के लिए सम्मानित किया जाता है।\n\n{FN29-2}  \n> आत्मा बार-बार जन्म लेती है, या, जैसा कि हिंदू कहते हैं, **हजारों जन्मों से अस्तित्व के मार्ग पर यात्रा करती है** . . . ऐसा कुछ भी नहीं है जिसके बारे में उसने ज्ञान प्राप्त न किया हो; इसमें कोई आश्चर्य नहीं कि वह याद करने में सक्षम है . . . जो पहले वह जानती थी . . . . क्योंकि जांच और सीखना ही सब कुछ है।\n\n - इमर्सन।\n\n{FN29-3} रवींद्रनाथ भी, अपने साठ के दशक में, चित्रकला के एक गंभीर अध्ययन में लगे हुए थे।\n\nकुछ साल पहले यूरोपीय राजधानियों और न्यूयॉर्क में उनके  \n> भविष्यवादी\n काम की प्रदर्शनियाँ दी गई थीं।","type":"default","passage":"रवींद्रनाथ टैगोर और मैं स्कूलों की तुलना करते हैं","commentary":"","meaning":""},{"id":"12","title":"29.12","content":"{FN29-4} गीतांजलि  \n***(न्यूयॉर्क: मैकमिलन कंपनी)***।\nकवि का एक विचारशील अध्ययन प्रसिद्ध विद्वान सर एस राधाकृष्णन  \n***(मैकमिलन, 1918)***\n द्वारा रचित द फिलॉसफी ऑफ रवींद्रनाथ टैगोर में पाया जा सकता है।\n\nएक अन्य व्याख्यात्मक खंड बी. के. रॉय का रवींद्रनाथ टैगोर: द मैन एंड हिज पोएट्री  \n***(न्यूयॉर्क: डोड, मीड, 1915)***\n है।\n\nप्रख्यात ओरिएंटल कला विशेषज्ञ आनंद के. कुमारस्वामी द्वारा रचित बुद्ध एंड द गॉस्पेल ऑफ बुद्धिज्म  \n***(न्यूयॉर्क: पुटनाम, 1916)***\n में कवि के भाई अवनींद्र नाथ टैगोर द्वारा रंगीन कई चित्र शामिल हैं।","type":"default","passage":"रवींद्रनाथ टैगोर और मैं स्कूलों की तुलना करते हैं","commentary":"","meaning":""}]}