{"id":3,"title":"दो शरीर वाले संत (स्वामी प्रणबानंद)","description":"दो शरीर वाले संत (स्वामी प्रणबानंद)","sectionCount":17,"tags":null,"contentId":"AoY02","sections":[{"id":"1","title":"3.1","content":"दो शरीरों वाला संत  \n> पिताजी, अगर मैं बिना किसी दबाव के घर वापस आने का वादा करता हूँ, तो क्या मैं बनारस की सैर कर सकता हूँ?\n मेरे यात्रा के शौक में पिता ने कभी बाधा नहीं डाली।\n\nउन्होंने मुझे, एक छोटे से बालक के रूप में भी, कई शहरों और तीर्थ स्थलों की यात्रा करने की अनुमति दी।\n\nआम तौर पर मेरे एक या एक से अधिक दोस्त मेरे साथ होते थे; हम पिता द्वारा दिए गए प्रथम श्रेणी के पास पर आराम से यात्रा करते थे।\n\nरेलवे अधिकारी के रूप में उनका पद परिवार के खानाबदोशों के लिए पूरी तरह से संतोषजनक था।\n\nपिता ने मेरे अनुरोध पर उचित विचार करने का वादा किया।\n\nअगले दिन उन्होंने मुझे बुलाया और बरेली से बनारस तक का एक आने-जाने का पास, कुछ रुपये के नोट और दो पत्र दिए।","type":"default","passage":"दो शरीर वाले संत (स्वामी प्रणबानंद)","commentary":"","meaning":""},{"id":"2","title":"3.2","content":"> मुझे बनारस के मित्र केदार नाथ बाबू को एक व्यावसायिक मामला प्रस्तुत करना है।\n\nदुर्भाग्य से मैंने उनका पता खो दिया है।\n\nलेकिन मुझे विश्वास है कि आप हमारे सामान्य मित्र स्वामी प्रणबानंद के माध्यम से उन्हें यह पत्र पहुँचा सकेंगे।\n\nस्वामी, मेरे भाई शिष्य, ने एक उच्च आध्यात्मिक कद प्राप्त किया है।\n\nउनकी संगति से आपको लाभ होगा; यह दूसरा पत्र आपके परिचय के रूप में काम करेगा।\n\n पिताजी की आँखें चमक उठीं और उन्होंने कहा,  \n> ध्यान रहे, \n\nअब घर से भागना नहीं है!\n मैं अपने बारह वर्षों के उत्साह के साथ चल पड़ा  \n***(हालाँकि समय ने कभी भी नए दृश्यों और अपरिचित चेहरों को देखने के मेरे आनंद को कम नहीं किया है)***।\nबनारस पहुँचकर, मैं तुरंत स्वामी के निवास पर गया।\n\nसामने का दरवाज़ा खुला था; मैं दूसरी मंजिल पर एक लंबे, हॉल जैसे कमरे में पहुँचा।\n\nएक मोटा आदमी, केवल एक लंगोटी पहने हुए, थोड़ा ऊँचे मंच पर पद्मासन में बैठा था।\n\nउसका सिर और बिना झुर्रियों वाला चेहरा साफ-सुथरा था; उसके होठों पर एक दिव्य मुस्कान खेल रही थी।\n\nमेरे इस विचार को दूर करने के लिए कि मैंने कोई दखलंदाजी की है, उन्होंने मुझे एक पुराने मित्र की तरह अभिवादन किया।","type":"default","passage":"दो शरीर वाले संत (स्वामी प्रणबानंद)","commentary":"","meaning":""},{"id":"3","title":"3.3","content":"“बाबा आनंद  \n***(मेरे प्रियतम को परमानंद)***।\n” उनका स्वागत बच्चों जैसी आवाज़ में दिल से किया गया।\n\nमैंने घुटनों के बल बैठकर उनके पैर छुए।\n\n“क्या आप स्वामी प्रणबानंद हैं?” उन्होंने सिर हिलाया।\n\n“क्या आप भगवती के बेटे हैं?” मेरे पास जेब से पिताजी का पत्र निकालने का समय ही नहीं था कि उनके शब्द निकल गए।\n\nविस्मय में, मैंने उन्हें परिचय पत्र दिया, जो \n\nअब अनावश्यक लग रहा था।\n\n“बेशक मैं आपके लिए केदार नाथ बाबू को ढूँढ़ लूँगा।\n\n” संत ने अपनी दिव्यदृष्टि से मुझे फिर से आश्चर्यचकित कर दिया।\n\nउन्होंने पत्र पर नज़र डाली, और मेरे माता-पिता के बारे में कुछ स्नेहपूर्ण उल्लेख किए।\n\n“आप जानते हैं, मैं दो पेंशन का आनंद ले रहा हूँ।\n\nएक आपके पिताजी की सिफारिश पर है, जिनके लिए मैंने कभी रेलवे कार्यालय में काम किया था।\n\nदूसरी मेरे स्वर्गीय पिता की सिफारिश पर है, जिनके लिए मैंने जीवन में अपने सांसारिक कर्तव्यों को ईमानदारी से पूरा किया है।\n\n”","type":"default","passage":"दो शरीर वाले संत (स्वामी प्रणबानंद)","commentary":"","meaning":""},{"id":"4","title":"3.4","content":"मुझे यह टिप्पणी बहुत अस्पष्ट लगी।\n\n> सर, आपको स्वर्गीय पिता से किस तरह की पेंशन मिलती है? क्या वे आपकी गोद में पैसे डालते हैं?\n वे हँसे।\n\n> मेरा मतलब है अथाह शांति की पेंशन - कई वर्षों के गहन ध्यान का पुरस्कार।\n\nअब मुझे कभी पैसे की लालसा नहीं होती।\n\nमेरी कुछ भौतिक ज़रूरतें पूरी हो जाती हैं।\n\nबाद में आप दूसरी पेंशन का महत्व समझ जाएँगे।\n\n अचानक हमारी बातचीत को समाप्त करते हुए, संत गंभीर रूप से निश्चल हो गए।\n\nएक स्फिंक्स जैसी हवा ने उन्हें घेर लिया।\n\nपहले तो उनकी आँखें चमक उठीं, मानो किसी दिलचस्प चीज़ को देख रहे हों, फिर वे फीकी पड़ गईं।\n\nमैं उनकी संक्षिप्त बातचीत से शर्मिंदा हुआ; उन्होंने मुझे अभी तक यह नहीं बताया था कि मैं पिता के मित्र से कैसे मिल सकता हूँ।\n\nथोड़ी बेचैनी से, मैंने खाली कमरे में अपने चारों ओर देखा, हम दोनों को छोड़कर खाली।\n\nमेरी निष्क्रिय निगाहें प्लेटफ़ॉर्म सीट के नीचे पड़े उनके लकड़ी के सैंडल पर टिकी थीं।","type":"default","passage":"दो शरीर वाले संत (स्वामी प्रणबानंद)","commentary":"","meaning":""},{"id":"5","title":"3.5","content":"> छोटे साहब, {FN3-1} चिंता मत करो।\n\nजिस आदमी से तुम मिलना चाहते हो, वह आधे घंटे में तुम्हारे पास होगा।\n\n योगी मेरे मन की बात पढ़ रहा था-जो इस समय बहुत कठिन नहीं था! फिर से वह रहस्यमयी चुप्पी में डूब गया।\n\nमेरी घड़ी ने मुझे बताया कि तीस मिनट बीत चुके थे।\n\nस्वामी ने खुद को जगाया।\n\n> मुझे लगता है केदार नाथ बाबू दरवाजे के पास हैं।\n\n मैंने किसी को सीढ़ियों से ऊपर आते सुना।\n\nएकाएक विस्मयकारी असमंजस पैदा हुआ; मेरे विचार उलझन में दौड़ पड़े:  \n> यह कैसे संभव है कि पिताजी के मित्र को बिना किसी दूत की मदद के यहाँ बुलाया गया है? मेरे आने के बाद से स्वामी ने मुझसे ही बात की है!","type":"default","passage":"दो शरीर वाले संत (स्वामी प्रणबानंद)","commentary":"","meaning":""},{"id":"6","title":"3.6","content":"अचानक मैं कमरे से बाहर निकल गया और सीढ़ियाँ उतर गया।\n\nआधे रास्ते में मेरी मुलाकात एक दुबले-पतले, गोरे, मध्यम कद के आदमी से हुई।\n\nवह जल्दी में लग रहा था।\n\n> क्या आप केदार नाथ बाबू हैं?\n मेरी आवाज़ में उत्साह भर गया।\n\n> हाँ।\n\nक्या आप भगवती के बेटे नहीं हैं जो मुझसे मिलने के लिए यहाँ इंतज़ार कर रहे थे?\n वह दोस्ताना अंदाज़ में मुस्कुराया।\n\n> सर, आप यहाँ कैसे आए?\n मुझे उसकी रहस्यमयी उपस्थिति पर हैरानी और नाराजगी महसूस हुई।\n\n> आज सब कुछ रहस्यमय है! एक घंटे से भी कम समय पहले मैंने गंगा में स्नान किया था जब स्वामी प्रणबानंद मेरे पास आए।\n\nमुझे नहीं पता कि उन्हें कैसे पता चला कि मैं उस समय वहाँ था।\n\n**भगवती का बेटा मेरे अपार्टमेंट में आपका इंतज़ार कर रहा है, ** उन्होंने कहा।\n\n**क्या आप मेरे साथ चलेंगे?** मैंने खुशी-खुशी हामी भर दी।\n\nजब हम हाथ में हाथ डाले आगे बढ़े, तो लकड़ी के चप्पल पहने स्वामी अजीब तरह से मुझसे आगे निकल गए, हालाँकि मैंने ये मोटे चलने वाले जूते पहने थे।","type":"default","passage":"दो शरीर वाले संत (स्वामी प्रणबानंद)","commentary":"","meaning":""},{"id":"7","title":"3.7","content":"“‘मेरे घर तक पहुँचने में तुम्हें कितना समय लगेगा?’ प्रणबानंदजी अचानक रुके और मुझसे यह सवाल पूछा।\n\n“‘लगभग आधा घंटा।\n\n’ “‘मुझे अभी कुछ और काम करना है।\n\n’ उन्होंने मेरी ओर एक रहस्यमयी नज़र से देखा।\n\n‘मुझे तुम्हें पीछे छोड़ना होगा।\n\nतुम मेरे घर में मेरे साथ मिल सकते हो, जहाँ भगवती का बेटा और मैं तुम्हारा इंतज़ार कर रहे होंगे।\n\n’ “इससे पहले कि मैं कुछ कह पाता, वह तेज़ी से मेरे पास से निकल गया और भीड़ में गायब हो गया।\n\nमैं जितनी तेज़ी से चल सकता था, यहाँ तक चला आया।\n\n” इस स्पष्टीकरण ने मेरी घबराहट को और बढ़ा दिया।\n\nमैंने पूछा कि वह स्वामी को कितने समय से जानता है।\n\n“हम पिछले साल कुछ बार मिले थे, लेकिन हाल ही में नहीं।\n\nआज स्नान घाट पर उन्हें फिर से देखकर मुझे बहुत खुशी हुई।\n\n”","type":"default","passage":"दो शरीर वाले संत (स्वामी प्रणबानंद)","commentary":"","meaning":""},{"id":"8","title":"3.8","content":"> मुझे अपने कानों पर विश्वास नहीं हो रहा है! क्या मैं अपना दिमाग खो रहा हूँ? क्या तुम उसे किसी दृश्य में मिले थे, या तुमने उसे वास्तव में देखा था, उसका हाथ छुआ था, और उसके पैरों की आवाज़ सुनी थी?\n  \n> मुझे नहीं पता कि तुम क्या कहना चाह रहे हो!\n वह गुस्से से लाल हो गया।\n\n> मैं तुमसे झूठ नहीं बोल रहा हूँ।\n\nक्या तुम नहीं समझ सकते कि केवल स्वामी के माध्यम से ही मैं जान सकता था कि तुम इस स्थान पर मेरा इंतज़ार कर रहे थे?\n  \n> क्यों, वह आदमी, स्वामी प्रणबानंद, एक घंटे पहले जब से मैं पहली बार आया हूँ, तब से मेरी नज़रों से ओझल नहीं हुआ है।\n\n मैंने पूरी कहानी उगल दी।\n\nउसकी आँखें चौड़ी हो गईं।\n\n> क्या हम इस भौतिक युग में रह रहे हैं, या हम सपना देख रहे हैं? मैंने अपने जीवन में ऐसा चमत्कार देखने की कभी उम्मीद नहीं की थी! मैंने सोचा था कि यह स्वामी बस एक साधारण आदमी है, और \n\nअब मैं पाता हूँ कि वह एक अतिरिक्त शरीर को भौतिक रूप दे सकता है और उसके माध्यम से काम कर सकता है!\n हम दोनों एक साथ संत के कमरे में दाखिल हुए।","type":"default","passage":"दो शरीर वाले संत (स्वामी प्रणबानंद)","commentary":"","meaning":""},{"id":"9","title":"3.9","content":"> देखो, ये वही चप्पलें हैं जो उन्होंने घाट पर पहनी थीं,  \n केदार नाथ बाबू ने फुसफुसाते हुए कहा।\n\n> वे केवल एक लंगोटी पहने हुए थे, जैसा कि मैं उन्हें अभी देख रहा हूँ।\n\n जैसे ही आगंतुक ने उनके सामने सिर झुकाया, संत ने एक प्रश्नवाचक मुस्कान के साथ मेरी ओर रुख किया।\n\n> आप यह सब देखकर क्यों अचंभित हैं? भौतिक जगत की सूक्ष्म एकता सच्चे योगियों से छिपी नहीं है।\n\nमैं दूर कलकत्ता में अपने शिष्यों को तुरन्त देख लेता हूँ और उनसे बातचीत करता हूँ।\n\nवे भी इसी तरह स्थूल पदार्थ की प्रत्येक बाधा को अपनी इच्छा से पार कर सकते हैं।\n\n संभवतः मेरे युवा हृदय में आध्यात्मिक उत्साह जगाने के प्रयास में ही स्वामी ने मुझे अपनी सूक्ष्म रेडियो और टेलीविजन की शक्तियों के बारे में बताने की कृपा की थी।\n\n{FN3-2} लेकिन उत्साह के बजाय, मुझे केवल एक विस्मय-ग्रस्त भय का अनुभव हुआ।\n\nचूँकि मुझे अपनी दिव्य खोज एक विशेष गुरु-श्री युक्तेश्वर के माध्यम से करनी थी, जिनसे मैं अभी तक नहीं मिला था-\n\nइसलिए मुझे प्रणबानंद को अपना गुरु मानने की कोई इच्छा नहीं हुई।\n\nमैंने संदेह भरी नजरों से उसकी ओर देखा, यह सोचते हुए कि क्या यह वही है या मेरे सामने बैठा उसका समकक्ष।","type":"default","passage":"दो शरीर वाले संत (स्वामी प्रणबानंद)","commentary":"","meaning":""},{"id":"10","title":"3.10","content":"[चित्रण: स्वामी प्रणबानंद,  \n> दो शरीर वाले संत\n, लाहिड़ी महाशय के एक महान शिष्य - pranabananda.jpg देखें] गुरु ने एक आत्मा-जागृत दृष्टि प्रदान करके, और अपने गुरु के बारे में कुछ प्रेरणादायक शब्दों के द्वारा मेरी बेचैनी को दूर करने का प्रयास किया।\n\n> लाहिड़ी महाशय सबसे महान योगी थे जिन्हें मैंने कभी जाना।\n\nवे शरीर के रूप में स्वयं दिव्यता थे।\n\n मैंने सोचा, यदि एक शिष्य अपनी इच्छा से एक अतिरिक्त शारीरिक रूप धारण कर सकता है, तो उसके गुरु के लिए वास्तव में कौन से चमत्कार वर्जित हो सकते हैं? \"मैं आपको बताऊंगा कि गुरु की सहायता कितनी अमूल्य है।\n\nमैं हर रात आठ घंटे एक अन्य शिष्य के साथ ध्यान करता था।\n\nहमें दिन में रेलवे कार्यालय में काम करना पड़ता था।\n\nअपने लिपिकीय कर्तव्यों को पूरा करने में कठिनाई महसूस करते हुए, मैंने अपना पूरा समय भगवान को समर्पित करने की इच्छा की।\n\nआठ साल तक मैंने दृढ़ता से काम किया, आधी रात तक ध्यान किया।\n\nमुझे अद्भुत परिणाम मिले; जबरदस्त आध्यात्मिक अनुभूतियों ने मेरे मन को प्रकाशित किया।\n\nलेकिन मेरे और अनंत के बीच हमेशा एक छोटा सा पर्दा बना रहा।\n\nअतिमानवीय ईमानदारी के बावजूद, मैंने पाया कि अंतिम अटल मिलन मुझे नहीं मिल पाया।\n\nएक शाम मैं लाहिड़ी महाशय के पास गया और उनसे दिव्य हस्तक्षेप की प्रार्थना की।\n\nपूरी रात मेरी विनती जारी रही।","type":"default","passage":"दो शरीर वाले संत (स्वामी प्रणबानंद)","commentary":"","meaning":""},{"id":"11","title":"3.11","content":"> **देवी गुरु, मेरी आध्यात्मिक व्यथा ऐसी है कि मैं \n\nअब उस महान प्रियतम से आमने-सामने मिले बिना अपना जीवन नहीं जी सकता!**  \n**मैं क्या कर सकता हूँ? आपको और अधिक गहन ध्यान करना चाहिए।\n\n**  \n> **मैं आपसे प्रार्थना कर रहा हूँ, हे ईश्वर मेरे स्वामी! मैं आपको भौतिक शरीर में अपने सामने साकार रूप में देख रहा हूँ; मुझे आशीर्वाद दें कि मैं आपको आपके अनंत रूप में देख सकूँ!**  \nलाहिड़ी महाशय ने सौम्य भाव से अपना हाथ बढ़ाया।\n\n**\n\nअब आप जाकर ध्यान कर सकते हैं।\n\nमैंने ब्रह्मा से आपके लिए प्रार्थना की है।\n\n** {FN3-3}  \n> अत्यंत उत्साहित होकर मैं अपने घर लौट आया।\n\nउस रात ध्यान में, मेरे जीवन का ज्वलंत लक्ष्य प्राप्त हुआ।\n\nअब मैं निरंतर आध्यात्मिक पेंशन का आनंद लेता हूँ।\n\nउस दिन से कभी भी आनंदित सृष्टिकर्ता किसी भी भ्रम के पर्दे के पीछे मेरी आँखों से छिपा नहीं रहा।","type":"default","passage":"दो शरीर वाले संत (स्वामी प्रणबानंद)","commentary":"","meaning":""},{"id":"12","title":"3.12","content":"प्रणबानंद का चेहरा दिव्य प्रकाश से भर गया था।\n\nमेरे हृदय में दूसरे लोक की शांति छा गई; सारा भय भाग गया था।\n\nसंत ने एक और विश्वास व्यक्त किया।\n\n“कुछ महीने बाद मैं लाहिड़ी महाशय के पास लौटा और उनके द्वारा दिए गए अनंत उपहार के लिए उन्हें धन्यवाद देने की कोशिश की।\n\nफिर मैंने एक और बात बताई।\n\n“‘दिव्य गुरु, मैं \n\nअब कार्यालय में काम नहीं कर सकता।\n\nकृपया मुझे मुक्त करें।\n\nब्रह्मा मुझे लगातार नशे में रखते हैं।\n\n’ “‘अपनी कंपनी से पेंशन के लिए आवेदन करें।\n\n’ “‘अपनी सेवा की इतनी जल्दी में मैं क्या कारण बताऊं?’ “‘आप जो महसूस करते हैं, कहिए।\n\n’ “अगले दिन मैंने अपना आवेदन किया।\n\nडॉक्टर ने मेरे समय से पहले अनुरोध के कारणों के बारे में पूछा।","type":"default","passage":"दो शरीर वाले संत (स्वामी प्रणबानंद)","commentary":"","meaning":""},{"id":"13","title":"3.13","content":"“‘काम पर, मुझे अपनी रीढ़ की हड्डी में एक बहुत ही तीव्र सनसनी महसूस होती है।\n\n{FN3-4} यह मेरे पूरे शरीर में व्याप्त हो जाती है, जिससे मैं अपने कर्तव्यों के निष्पादन के लिए अयोग्य हो जाता हूँ।\n\n’ “बिना किसी और प्रश्न के चिकित्सक ने मुझे पेंशन के लिए अत्यधिक अनुशंसा की, जो मुझे जल्द ही मिल गई।\n\nमैं जानता हूँ कि लाहिड़ी महाशय की दिव्य इच्छा ने डॉक्टर और आपके पिता सहित रेल अधिकारियों के माध्यम से काम किया।\n\nस्वचालित रूप से उन्होंने महान गुरु के आध्यात्मिक निर्देश का पालन किया, और मुझे प्रियतम के साथ अखंड संवाद के जीवन के लिए मुक्त कर दिया।\n\n” {FN3-5} इस असाधारण रहस्योद्घाटन के बाद, स्वामी प्रणबानंद ने अपने लंबे मौन में से एक में प्रवेश किया।\n\nजब मैं विदा ले रहा था, तो उनके चरणों को श्रद्धापूर्वक छूते हुए, उन्होंने मुझे अपना आशीर्वाद दिया:","type":"default","passage":"दो शरीर वाले संत (स्वामी प्रणबानंद)","commentary":"","meaning":""},{"id":"14","title":"3.14","content":"> तुम्हारा जीवन त्याग और योग के मार्ग पर है।\n\nमैं बाद में तुम्हारे पिता के साथ फिर से तुमसे मिलूँगा।\n\n वर्षों ने इन दोनों भविष्यवाणियों को पूरा किया।\n\n{FN3-6} केदार नाथ बाबू बढ़ते अंधेरे में मेरे बगल में चले गए।\n\nमैंने पिताजी का पत्र दिया, जिसे मेरे साथी ने स्ट्रीट लैंप के नीचे पढ़ा।\n\n> तुम्हारे पिता ने सुझाव दिया है कि मैं उनकी रेल कंपनी के कलकत्ता कार्यालय में एक पद ले लूं।\n\nस्वामी प्रणबानंद को मिलने वाली पेंशन में से कम से कम एक पेंशन की उम्मीद करना कितना सुखद है! लेकिन यह असंभव है; मैं बनारस नहीं छोड़ सकता।\n\nअफसोस, दो शरीर अभी मेरे लिए नहीं हैं!\n {FN3-1} छोतो महाशय वह शब्द है जिससे कई भारतीय संत मुझे संबोधित करते थे।\n\nइसका अनुवाद  \n> छोटा साहब\n होता है।","type":"default","passage":"दो शरीर वाले संत (स्वामी प्रणबानंद)","commentary":"","meaning":""},{"id":"15","title":"3.15","content":"{FN3-2} अपने तरीके से, भौतिक विज्ञान मानसिक विज्ञान के माध्यम से योगियों द्वारा खोजे गए नियमों की वैधता की पुष्टि कर रहा है।\n\nउदाहरण के लिए, 26 नवंबर, 1934 को रोम के रॉयल विश्वविद्यालय में एक प्रदर्शन दिया गया था कि मनुष्य में टेलीविजन की शक्तियाँ हैं।\n\n> डॉ. ग्यूसेप कैलिगारिस, न्यूरो-मनोविज्ञान के प्रोफेसर ने एक विषय के शरीर के कुछ बिंदुओं को दबाया और विषय ने दीवार के दूसरी तरफ अन्य व्यक्तियों और वस्तुओं के सूक्ष्म विवरणों के साथ प्रतिक्रिया की।\n\nडॉ. कैलिगारिस ने अन्य प्रोफेसरों को बताया कि यदि त्वचा के कुछ क्षेत्रों को उत्तेजित किया जाता है, तो विषय को सुपर-सेंसोरियल इंप्रेशन दिए जाते हैं, जिससे वह उन वस्तुओं को देख सकता है जिन्हें वह अन्यथा नहीं देख सकता था।\n\nअपने विषय को दीवार के दूसरी तरफ की चीजों को समझने में सक्षम बनाने के लिए, प्रोफेसर कैलिगारिस ने पंद्रह मिनट तक वक्ष के दाईं ओर एक स्थान पर दबाव डाला।\n\nडॉ. कैलिगारिस ने कहा कि यदि शरीर के अन्य स्थानों को उत्तेजित किया जाता है, तो विषय किसी भी दूरी पर वस्तुओं को देख सकते हैं, भले ही उन्होंने उन वस्तुओं को पहले कभी देखा हो या नहीं।","type":"default","passage":"दो शरीर वाले संत (स्वामी प्रणबानंद)","commentary":"","meaning":""},{"id":"16","title":"3.16","content":"{FN3-3} सृष्टिकर्ता के रूप में ईश्वर; संस्कृत मूल शब्द BRIH से, जिसका अर्थ है विस्तार।\n\nजब 1857 में अटलांटिक मंथली में एमर्सन की कविता BRAHMA छपी, तो अधिकांश पाठक चकित रह गए।\n\nएमर्सन ने ठहाका लगाया।\n\nउन्होंने कहा,  \n> उनसे कहो,  \n  \n> ब्रह्मा के बजाय **यहोवा** कहें और उन्हें कोई उलझन महसूस नहीं होगी।\n\n {FN3-4} गहन ध्यान में, आत्मा का पहला अनुभव रीढ़ की वेदी पर होता है, और फिर मस्तिष्क में।\n\nप्रचंड आनंद अभिभूत करने वाला होता है, लेकिन योगी इसके बाहरी प्रकटीकरण को नियंत्रित करना सीख जाता है।\n\n{FN3-5} अपनी सेवानिवृत्ति के बाद, प्रणबानंद ने भगवद गीता पर सबसे गहन टीकाएँ लिखीं, जो बंगाली और हिंदी में उपलब्ध हैं।","type":"default","passage":"दो शरीर वाले संत (स्वामी प्रणबानंद)","commentary":"","meaning":""},{"id":"17","title":"3.17","content":"{FN3-6} अध्याय 27 देखें.","type":"default","passage":"दो शरीर वाले संत (स्वामी प्रणबानंद)","commentary":"","meaning":""}]}