{"id":30,"title":"चमत्कार का नियम","description":"चमत्कार का नियम","sectionCount":29,"tags":null,"contentId":"AoY02","sections":[{"id":"1","title":"30.1","content":"चमत्कारों का नियम महान उपन्यासकार लियो टॉल्स्टॉय ने एक मनोरंजक कहानी लिखी, तीन तपस्वी।\n\nउनके मित्र निकोलस रोरिक {FN30-1} ने कहानी का सारांश इस प्रकार दिया है: “एक द्वीप पर तीन वृद्ध तपस्वी रहते थे।\n\nवे इतने सरल थे कि वे केवल यही प्रार्थना करते थे: ‘हम तीन हैं; तू तीन है-हम पर दया कर!’ इस भोली प्रार्थना के दौरान महान चमत्कार प्रकट हुए।\n\n“स्थानीय बिशप {FN30-2} तीन तपस्वियों और उनकी अस्वीकार्य प्रार्थना के बारे में सुनने आया और उन्हें विहित आह्वान सिखाने के लिए उनसे मिलने का फैसला किया।\n\nवह द्वीप पर पहुंचा, तपस्वियों से कहा कि उनकी स्वर्गीय याचिका अशोभनीय है और उन्हें कई पारंपरिक प्रार्थनाएं सिखाईं।\n\nफिर बिशप एक नाव पर चला गया।\n\nउसने जहाज के पीछे एक चमकदार रोशनी देखी।\n\nजैसे ही वह पास आई, उसने तीन तपस्वियों को पहचान लिया, जो हाथ पकड़कर जहाज से आगे निकलने के प्रयास में लहरों पर दौड़ रहे थे।","type":"default","passage":"चमत्कार का नियम","commentary":"","meaning":""},{"id":"2","title":"30.2","content":"> **आपने हमें जो प्रार्थनाएँ सिखाई थीं, हम भूल गए हैं, ** वे बिशप के पास पहुँचकर चिल्लाए, **और जल्दी से आपसे उन्हें दोहराने के लिए कह रहे हैं।\n\n** विस्मित बिशप ने अपना सिर हिलाया।\n\n**प्रियजनों, ** उन्होंने विनम्रतापूर्वक उत्तर दिया, **अपनी पुरानी प्रार्थना के साथ जीना जारी रखो!**\n>  तीनों संत पानी पर कैसे चले? ईसा मसीह ने अपने क्रूस पर चढ़े शरीर को कैसे पुनर्जीवित किया? लाहिड़ी महाशय और श्रीयुक्तेश्वर ने अपने चमत्कार कैसे किए? आधुनिक विज्ञान के पास अभी तक इसका कोई उत्तर नहीं है; हालाँकि परमाणु बम और रडार के चमत्कारों के आगमन के साथ, विश्व-मन का दायरा अचानक बढ़ गया है।\n\nवैज्ञानिक शब्दावली में  \nअसंभव\" शब्द कम महत्वपूर्ण होता जा रहा है।","type":"default","passage":"चमत्कार का नियम","commentary":"","meaning":""},{"id":"3","title":"30.3","content":"प्राचीन वैदिक शास्त्रों में कहा गया है कि भौतिक जगत माया के एक मूलभूत नियम के तहत संचालित होता है, जो सापेक्षता और द्वैत का सिद्धांत है।\n\nईश्वर, एकमात्र जीवन, एक पूर्ण एकता है; वह किसी झूठे या अवास्तविक आवरण के बिना किसी रचना की अलग और विविध अभिव्यक्तियों के रूप में प्रकट नहीं हो सकता।\n\nवह ब्रह्मांडीय भ्रम माया है।\n\nआधुनिक समय की हर महान वैज्ञानिक खोज ने ऋषियों के इस सरल कथन की पुष्टि की है।\n\nन्यूटन का गति का नियम माया का एक नियम है:  \n> प्रत्येक क्रिया के लिए हमेशा एक समान और विपरीत प्रतिक्रिया होती है; किसी भी दो निकायों की पारस्परिक क्रिया हमेशा समान और विपरीत दिशा में होती है।\n\n इस प्रकार क्रिया और प्रतिक्रिया बिल्कुल समान हैं।\n\n> एक ही बल होना असंभव है।\n\nसमान और विपरीत बलों की एक जोड़ी होनी चाहिए, और हमेशा होती है।","type":"default","passage":"चमत्कार का नियम","commentary":"","meaning":""},{"id":"4","title":"30.4","content":"मौलिक प्राकृतिक गतिविधियाँ सभी अपनी मायावी उत्पत्ति को प्रकट करती हैं।\n\nउदाहरण के लिए, बिजली प्रतिकर्षण और आकर्षण की एक घटना है; इसके इलेक्ट्रॉन और प्रोटॉन विद्युतीय विपरीत हैं।\n\nएक और उदाहरण: पदार्थ का परमाणु या अंतिम कण, पृथ्वी की तरह ही, सकारात्मक और नकारात्मक ध्रुवों वाला एक चुंबक है।\n\nसंपूर्ण भौतिक जगत ध्रुवता के अपरिहार्य प्रभाव में है; भौतिकी, रसायन विज्ञान या किसी अन्य विज्ञान का कोई भी नियम अंतर्निहित विपरीत या विषम सिद्धांतों से मुक्त नहीं पाया जाता है।\n\nतो, भौतिक विज्ञान माया, सृष्टि की बनावट और संरचना के बाहर नियमों का निर्माण नहीं कर सकता।\n\nप्रकृति स्वयं माया है; प्राकृतिक विज्ञान को अनिवार्य रूप से उसकी अपरिहार्य प्रकृति से निपटना होगा।\n\nअपने क्षेत्र में, वह शाश्वत और अक्षय है; भविष्य के वैज्ञानिक उसकी विविध अनंतता के एक के बाद एक पहलू की जांच करने से अधिक कुछ नहीं कर सकते।\n\nइस प्रकार विज्ञान निरंतर प्रवाह में रहता है, अंतिमता तक पहुँचने में असमर्थ; पहले से मौजूद और कार्यशील ब्रह्मांड के नियमों को बनाने के लिए वास्तव में योग्य है, लेकिन कानून निर्माता और एकमात्र संचालक का पता लगाने में शक्तिहीन है।\n\nगुरुत्वाकर्षण और विद्युत की भव्य अभिव्यक्तियाँ ज्ञात हो चुकी हैं, किन्तु गुरुत्वाकर्षण और विद्युत क्या हैं, यह कोई मनुष्य नहीं जानता।\n\n{FN३०-३}","type":"default","passage":"चमत्कार का नियम","commentary":"","meaning":""},{"id":"5","title":"30.5","content":"[चित्रण: एक गुरु और शिष्य, भारत के युवाओं के लिए प्राचीन समय में वन आश्रम, धर्मनिरपेक्ष और दिव्य शिक्षा के केंद्र थे।\n\nयहाँ एक आदरणीय गुरु, लकड़ी के ध्यान के सहारे पर झुके हुए, अपने शिष्य को आत्मा के महान रहस्यों से परिचित करा रहे हैं।\n\n—देखें गुरु.jpg] माया पर विजय पाना मानव जाति को सहस्राब्दि पैगम्बरों द्वारा सौंपा गया कार्य था।\n\nसृष्टि के द्वंद्व से ऊपर उठना और सृष्टिकर्ता की एकता को समझना मनुष्य का सर्वोच्च लक्ष्य माना गया।\n\nजो लोग ब्रह्मांडीय भ्रम से चिपके रहते हैं, उन्हें इसके ध्रुवता के आवश्यक नियम को स्वीकार करना चाहिए: प्रवाह और उतार, उत्थान और पतन, दिन और रात, सुख और दुख, अच्छाई और बुराई, जन्म और मृत्यु।\n\nयह चक्रीय पैटर्न एक निश्चित पीड़ादायक नीरसता को ग्रहण करता है, जब मनुष्य कुछ हज़ार मानव जन्मों से गुज़र जाता है; वह माया की बाध्यताओं से परे एक आशा भरी नज़र डालना शुरू कर देता है।","type":"default","passage":"चमत्कार का नियम","commentary":"","meaning":""},{"id":"6","title":"30.6","content":"माया के पर्दे को फाड़ना सृष्टि के रहस्य को भेदना है।\n\nजो योगी इस प्रकार ब्रह्मांड को नष्ट कर देता है, वही सच्चा एकेश्वरवादी है।\n\nबाकी सभी मूर्तिपूजक प्रतिमाओं की पूजा करते हैं।\n\nजब तक मनुष्य प्रकृति के द्वैतवादी भ्रमों के अधीन रहता है, तब तक दोहरे चेहरे वाली माया उसकी देवी है; वह एकमात्र सच्चे ईश्वर को नहीं जान सकता।\n\nसंसार के भ्रम, माया को व्यक्तिगत रूप से अविद्या कहा जाता है, जिसका शाब्दिक अर्थ है,  \n> अज्ञान\n, अज्ञान, भ्रम।\n\nमाया या अविद्या को बौद्धिक विश्वास या विश्लेषण के माध्यम से कभी भी नष्ट नहीं किया जा सकता है, बल्कि केवल निर्विकल्प समाधि की आंतरिक अवस्था को प्राप्त करने के माध्यम से ही नष्ट किया जा सकता है।\n\nपुराने नियम के भविष्यद्वक्ता और सभी देशों और युगों के द्रष्टाओं ने चेतना की उस अवस्था से बात की।\n\nयहेजकेल कहता है  \n***(43:1-2)***\n:  \n> इसके बाद वह मुझे फाटक के पास ले आया, अर्थात् उस फाटक के पास जो पूर्व की ओर देखता है: और देखो, इस्राएल के परमेश्वर की महिमा पूर्व के मार्ग से आ रही थी: और उसकी आवाज़ बहुत सारे जल के शोर की तरह थी: और पृथ्वी उसकी महिमा से चमक उठी।\n\n माथे  \n***(पूर्व)***\n में स्थित दिव्य नेत्र के माध्यम से, योगी अपनी चेतना को सर्वव्यापकता में ले जाता है, तथा शब्द या ॐ को सुनता है, जो अनेक जल या कम्पनों की दिव्य ध्वनि है, जो सृष्टि की एकमात्र वास्तविकता है।","type":"default","passage":"चमत्कार का नियम","commentary":"","meaning":""},{"id":"7","title":"30.7","content":"ब्रह्मांड के खरबों रहस्यों में से सबसे असाधारण रहस्य प्रकाश है।\n\nध्वनि तरंगों के विपरीत, जिनके संचरण के लिए हवा या अन्य भौतिक माध्यमों की आवश्यकता होती है, प्रकाश तरंगें अंतरतारकीय अंतरिक्ष के निर्वात से स्वतंत्र रूप से गुजरती हैं।\n\nयहां तक कि काल्पनिक ईथर, जिसे तरंग सिद्धांत में प्रकाश के अंतरग्रहीय माध्यम के रूप में माना जाता है, को आइंस्टीन के आधार पर खारिज किया जा सकता है क्योंकि अंतरिक्ष के ज्यामितीय गुण ईथर के सिद्धांत को अनावश्यक बनाते हैं।\n\nकिसी भी परिकल्पना के तहत, प्रकाश किसी भी प्राकृतिक अभिव्यक्ति की तुलना में सबसे सूक्ष्म, भौतिक निर्भरता से सबसे मुक्त रहता है।\n\nआइंस्टीन की विशाल अवधारणाओं में, प्रकाश की गति-186, 000 मील प्रति सेकंड-सापेक्षता के पूरे सिद्धांत पर हावी है।\n\nवह गणितीय रूप से साबित करता है कि प्रकाश की गति, जहां तक मनुष्य के सीमित दिमाग का सवाल है, अस्थिर प्रवाह के ब्रह्मांड में एकमात्र स्थिरांक है।\n\nप्रकाश-वेग के एकमात्र निरपेक्ष पर समय और स्थान के सभी मानवीय मानक निर्भर करते हैं।\n\nजैसा कि \n\nअब तक माना जाता रहा है, समय और स्थान अमूर्त रूप से शाश्वत नहीं हैं, बल्कि सापेक्ष और सीमित कारक हैं, जो केवल प्रकाश-वेग के मानदंड के संदर्भ में अपनी माप वैधता प्राप्त करते हैं।\n\nअंतरिक्ष को एक आयामी सापेक्षता के रूप में जोड़ने में, समय ने एक अपरिवर्तनीय मूल्य के लिए सदियों पुराने दावों को आत्मसमर्पण कर दिया है।\n\nसमय \n\nअब अपनी सही प्रकृति से वंचित है- अस्पष्टता का एक सरल सार! अपनी कलम के कुछ समीकरणों के साथ, आइंस्टीन ने प्रकाश के अलावा हर निश्चित वास्तविकता को ब्रह्मांड से निर्वासित कर दिया है।","type":"default","passage":"चमत्कार का नियम","commentary":"","meaning":""},{"id":"8","title":"30.8","content":"बाद के विकास में, उनके एकीकृत क्षेत्र सिद्धांत में, महान भौतिक विज्ञानी ने गुरुत्वाकर्षण और विद्युत चुंबकत्व के नियमों को एक गणितीय सूत्र में समाहित किया।\n\nब्रह्मांडीय संरचना को एक ही नियम पर भिन्नताओं में कम करते हुए, आइंस्टीन {FN30-4} युगों से उन ऋषियों तक पहुँचते हैं जिन्होंने सृष्टि की एकमात्र बनावट की घोषणा की- एक परिवर्तनशील माया।\n\nयुगांतरकारी सापेक्षता के सिद्धांत पर अंतिम परमाणु की खोज की गणितीय संभावनाएँ उभरी हैं।\n\nमहान वैज्ञानिक \n\nअब न केवल साहसपूर्वक यह दावा कर रहे हैं कि परमाणु पदार्थ के बजाय ऊर्जा है, बल्कि यह भी कि परमाणु ऊर्जा अनिवार्य रूप से मन-सामग्री है।\n\nसर आर्थर स्टेनली एडिंगटन ने द नेचर ऑफ़ द फ़िज़िकल वर्ल्ड में लिखा है,  \n> यह स्पष्ट अहसास कि भौतिक विज्ञान छाया की दुनिया से संबंधित है, सबसे महत्वपूर्ण प्रगति में से एक है।\n\n \"भौतिकी की दुनिया में हम परिचित जीवन के नाटक का एक छायाचित्र प्रदर्शन देखते हैं।\n\nमेरी कोहनी की छाया छाया की मेज पर टिकी हुई है, जबकि छाया स्याही छाया कागज़ पर बह रही है।\n\nयह सब प्रतीकात्मक है, और भौतिकशास्त्री इसे प्रतीक के रूप में छोड़ देते हैं।\n\nफिर कीमियागर मन आता है जो प्रतीकों को रूपांतरित करता है।\n\n. . . निष्कर्ष को मोटे तौर पर कहें तो, दुनिया का पदार्थ मन का पदार्थ है।\n\n. . . पूर्व भौतिक सिद्धांत के यथार्थवादी पदार्थ और बल के क्षेत्र पूरी तरह से अप्रासंगिक हैं, सिवाय इसके कि मन के पदार्थ ने खुद ही इन कल्पनाओं को बुना है।\n\n. . . इस प्रकार बाहरी दुनिया छायाओं की दुनिया बन गई है।\n\nअपने भ्रमों को दूर करने में हमने पदार्थ को हटा दिया है, क्योंकि वास्तव में हमने देखा है कि पदार्थ हमारे सबसे बड़े भ्रमों में से एक है।","type":"default","passage":"चमत्कार का नियम","commentary":"","meaning":""},{"id":"9","title":"30.9","content":"इलेक्ट्रॉन माइक्रोस्कोप की हाल ही में हुई खोज के साथ परमाणुओं के प्रकाश-सार और प्रकृति के अपरिहार्य द्वैत का स्पष्ट प्रमाण सामने आया।\n\nन्यूयॉर्क टाइम्स ने अमेरिकन एसोसिएशन फॉर द एडवांसमेंट ऑफ साइंस की एक बैठक के समक्ष इलेक्ट्रॉन माइक्रोस्कोप के 1937 के प्रदर्शन की निम्नलिखित रिपोर्ट दी: \"टंगस्टन की क्रिस्टलीय संरचना, जिसे \n\nअब तक केवल एक्स-रे के माध्यम से अप्रत्यक्ष रूप से जाना जाता था, एक फ्लोरोसेंट स्क्रीन पर स्पष्ट रूप से रेखांकित थी, जो अंतरिक्ष जाली में अपने सही स्थान पर नौ परमाणुओं को दिखाती थी, एक घन, जिसमें प्रत्येक कोने में एक परमाणु और केंद्र में एक परमाणु था।\n\nटंगस्टन के क्रिस्टल जाली में परमाणु फ्लोरोसेंट स्क्रीन पर ज्यामितीय पैटर्न में व्यवस्थित प्रकाश के बिंदुओं के रूप में दिखाई दिए।\n\nप्रकाश के इस क्रिस्टल क्यूब के सामने हवा के बमबारी करने वाले अणुओं को प्रकाश के नाचते हुए बिंदुओं के रूप में देखा जा सकता था, जो बहते पानी पर चमकते सूरज की रोशनी के बिंदुओं के समान थे।।\n।।","type":"default","passage":"चमत्कार का नियम","commentary":"","meaning":""},{"id":"10","title":"30.10","content":"“इलेक्ट्रॉन माइक्रोस्कोप के सिद्धांत की खोज सबसे पहले 1927 में न्यूयॉर्क शहर के बेल टेलीफोन प्रयोगशालाओं के डॉ. क्लिंटन जे. डेविसन और लेस्टर एच. जर्मर ने की थी, जिन्होंने पाया कि इलेक्ट्रॉन में एक दोहरा व्यक्तित्व होता है, जिसमें कण और तरंग दोनों की विशेषताएँ होती हैं।\n\nतरंग की गुणवत्ता इलेक्ट्रॉन को प्रकाश की विशेषता देती है, और लेंस के माध्यम से प्रकाश को केन्द्रित करने के समान तरीके से इलेक्ट्रॉनों को ‘केन्द्रित’ करने के लिए एक खोज शुरू की गई।\n\n“इलेक्ट्रॉन की जेकिल-हाइड गुणवत्ता की अपनी खोज के लिए, जिसने 1924 में फ्रांसीसी नोबेल पुरस्कार विजेता भौतिक विज्ञानी डी ब्रोगली द्वारा की गई भविष्यवाणी की पुष्टि की, और दिखाया कि भौतिक प्रकृति के पूरे क्षेत्र में एक दोहरा व्यक्तित्व है, डॉ. डेविसन को भौतिकी में नोबेल पुरस्कार भी मिला।\n\n”","type":"default","passage":"चमत्कार का नियम","commentary":"","meaning":""},{"id":"11","title":"30.11","content":"सर जेम्स जीन्स ने द मिस्टीरियस यूनिवर्स में लिखा है,  \n> ज्ञान की धारा एक गैर-यांत्रिक वास्तविकता की ओर बढ़ रही है; ब्रह्मांड एक महान मशीन की तुलना में एक महान विचार की तरह अधिक दिखने लगा है।\n\n इस प्रकार बीसवीं सदी का विज्ञान पुराने वेदों के एक पृष्ठ की तरह लग रहा है।\n\nइसलिए, यदि ऐसा होना ही है, तो विज्ञान से मनुष्य को यह दार्शनिक सत्य सीखना चाहिए कि कोई भौतिक ब्रह्मांड नहीं है; इसका ताना-बाना माया है।\n\nवास्तविकता की इसकी मृगतृष्णाएँ विश्लेषण के तहत टूट जाती हैं।\n\nजैसे-जैसे एक-एक करके भौतिक ब्रह्मांड के आश्वस्त करने वाले सहारे उसके नीचे गिरते हैं, मनुष्य को अपनी मूर्तिपूजक निर्भरता, ईश्वरीय आज्ञा के अपने पिछले उल्लंघन का धुंधला सा आभास होता है:  \n> मेरे अलावा तुम्हारा कोई अन्य देवता नहीं होगा।","type":"default","passage":"चमत्कार का नियम","commentary":"","meaning":""},{"id":"12","title":"30.12","content":"द्रव्यमान और ऊर्जा की समानता को रेखांकित करने वाले अपने प्रसिद्ध समीकरण में, आइंस्टीन ने साबित किया कि पदार्थ के किसी भी कण में ऊर्जा उसके द्रव्यमान या भार के बराबर होती है जिसे प्रकाश के वेग के वर्ग से गुणा किया जाता है।\n\nपरमाणु ऊर्जा की रिहाई भौतिक कणों के विनाश के माध्यम से होती है।\n\nपदार्थ की  \n> मृत्यु\n एक परमाणु युग का  \n> जन्म\n रही है।\n\nप्रकाश-वेग एक गणितीय मानक या स्थिरांक है, \n\nइसलिए नहीं कि 186, 000 मील प्रति सेकंड में कोई निरपेक्ष मान है, बल्कि \n\nइसलिए कि कोई भी भौतिक पिंड, जिसका द्रव्यमान उसके वेग के साथ बढ़ता है, कभी भी प्रकाश के वेग को प्राप्त नहीं कर सकता है।\n\nदूसरे तरीके से कहा जाए तो: केवल एक भौतिक पिंड जिसका द्रव्यमान अनंत है, प्रकाश के वेग के बराबर हो सकता है।","type":"default","passage":"चमत्कार का नियम","commentary":"","meaning":""},{"id":"13","title":"30.13","content":"यह अवधारणा हमें चमत्कारों के नियम तक ले जाती है।\n\nजो गुरु अपने शरीर या किसी अन्य वस्तु को भौतिक और अभौतिक बनाने में सक्षम हैं, और प्रकाश की गति से आगे बढ़ सकते हैं, और किसी भी भौतिक अभिव्यक्ति को तुरंत दृश्यता में लाने के लिए रचनात्मक प्रकाश-किरणों का उपयोग कर सकते हैं, उन्होंने आवश्यक आइंस्टीन की शर्त को पूरा किया है: उनका द्रव्यमान अनंत है।\n\nएक सिद्ध योगी की चेतना सहज रूप से एक संकीर्ण शरीर के साथ नहीं, बल्कि सार्वभौमिक संरचना के साथ पहचानी जाती है।\n\nगुरुत्वाकर्षण, चाहे न्यूटन का  \n> बल\n हो या आइंस्टीन का  \n> जड़त्व का प्रकटीकरण\n, किसी गुरु को  \n> भार\n की संपत्ति प्रदर्शित करने के लिए मजबूर करने में शक्तिहीन है जो सभी भौतिक वस्तुओं की विशिष्ट गुरुत्वाकर्षण स्थिति है।\n\nजो खुद को सर्वव्यापी आत्मा के रूप में जानता है, वह समय और स्थान में शरीर की कठोरता के अधीन नहीं है।\n\nउनके कैद करने वाले  \n> रिंग-पास-नॉट\n विलायक के सामने झुक गए हैं:  \n> मैं वह हूँ।","type":"default","passage":"चमत्कार का नियम","commentary":"","meaning":""},{"id":"14","title":"30.14","content":"> फिएट लक्स! और प्रकाश हुआ।\n\n ईश्वर ने अपनी व्यवस्थित सृष्टि को जो पहला आदेश दिया  \n***(उत्पत्ति 1:3)***\n उसने एकमात्र आणविक वास्तविकता को जन्म दिया: प्रकाश।\n\nइस अमूर्त माध्यम की किरणों पर सभी दिव्य अभिव्यक्तियाँ घटित होती हैं।\n\nहर युग के भक्त ईश्वर के ज्वाला और प्रकाश के रूप में प्रकट होने की गवाही देते हैं।\n\n> राजाओं का राजा, और प्रभुओं का प्रभु; केवल उसी के पास अमरता है, वह उस प्रकाश में रहता है जिसे कोई मनुष्य प्राप्त नहीं कर सकता।\n\n {FN30-5} एक योगी जिसने पूर्ण ध्यान के माध्यम से अपनी चेतना को सृष्टिकर्ता के साथ मिला दिया है, वह ब्रह्मांडीय सार को प्रकाश के रूप में देखता है; उसके लिए जल को बनाने वाली प्रकाश किरणों और भूमि को बनाने वाली प्रकाश किरणों के बीच कोई अंतर नहीं है।\n\nपदार्थ-चेतना से मुक्त, अंतरिक्ष के तीन आयामों और समय के चौथे आयाम से मुक्त, एक गुरु अपने प्रकाश शरीर को पृथ्वी, जल, अग्नि या वायु की प्रकाश किरणों पर समान सहजता से स्थानांतरित करता है।\n\nमुक्तिदायक आध्यात्मिक नेत्र पर लंबे समय तक एकाग्रता ने योगी को पदार्थ और उसके गुरुत्वाकर्षण भार से संबंधित सभी भ्रमों को नष्ट करने में सक्षम बनाया है; इसके बाद वह ब्रह्माण्ड को प्रकाश के एक अविभेदित पिंड के रूप में देखता है।","type":"default","passage":"चमत्कार का नियम","commentary":"","meaning":""},{"id":"15","title":"30.15","content":"हार्वर्ड के डॉ. एल. टी. ट्रोलैंड हमें बताते हैं,  \n> ऑप्टिकल इमेज, सामान्य **हाफ-टोन** उत्कीर्णन के समान सिद्धांत पर बनाई जाती हैं; यानी, वे सूक्ष्म बिंदुओं या पट्टियों से बनी होती हैं जो आंखों द्वारा पहचाने जाने के लिए बहुत छोटी होती हैं।\n\n. . . रेटिना की संवेदनशीलता इतनी अधिक होती है कि सही तरह के प्रकाश के अपेक्षाकृत कुछ क्वांटा द्वारा दृश्य संवेदना उत्पन्न की जा सकती है।\n\n प्रकाश की घटनाओं के बारे में एक गुरु के दिव्य ज्ञान के माध्यम से, वह सर्वव्यापी प्रकाश परमाणुओं को तुरंत प्रत्यक्ष अभिव्यक्ति में प्रक्षेपित कर सकता है।\n\nप्रक्षेपण का वास्तविक रूप - चाहे वह पेड़ हो, दवा हो, मानव शरीर हो - एक योगी की इच्छाशक्ति और दृश्य-दर्शन की शक्तियों के अनुरूप होता है।","type":"default","passage":"चमत्कार का नियम","commentary":"","meaning":""},{"id":"16","title":"30.16","content":"मनुष्य की स्वप्न-चेतना में, जहाँ वह प्रतिदिन उसे घेरे रहने वाली अहंकारी सीमाओं पर अपनी पकड़ ढीली कर लेता है, उसके मन की सर्वशक्तिमत्ता हर रात प्रदर्शित होती है।\n\nदेखो! स्वप्न में बहुत समय से मृत मित्र, सुदूर महाद्वीप, उसके बचपन के पुनर्जीवित दृश्य खड़े हैं।\n\nउस मुक्त और बिना शर्त चेतना के साथ, जो स्वप्नों की घटनाओं में सभी मनुष्यों को ज्ञात है, ईश्वर-संचालित गुरु ने कभी न टूटने वाला संबंध स्थापित किया है।\n\nसभी व्यक्तिगत उद्देश्यों से मुक्त, और सृष्टिकर्ता द्वारा उसे दी गई रचनात्मक इच्छा का उपयोग करते हुए, एक योगी भक्त की किसी भी सच्ची प्रार्थना को संतुष्ट करने के लिए ब्रह्मांड के प्रकाश परमाणुओं को पुनर्व्यवस्थित करता है।\n\nइस उद्देश्य के लिए मनुष्य और सृष्टि बनाई गई थी: कि वह माया का स्वामी बनकर उठे, ब्रह्मांड पर अपने प्रभुत्व को जाने।","type":"default","passage":"चमत्कार का नियम","commentary":"","meaning":""},{"id":"17","title":"30.17","content":"> और भगवान ने कहा, हम मनुष्य को अपनी छवि में, अपनी समानता में बनाएँ: और उन्हें समुद्र की मछलियों, और आकाश के पक्षियों, और मवेशियों, और सारी पृथ्वी, और पृथ्वी पर रेंगने वाले हर जीव पर अधिकार दें।\n\n {FN30-6} 1915 में, स्वामी संघ में प्रवेश करने के कुछ ही समय बाद, मैंने हिंसक विरोधाभासों का एक दृश्य देखा।\n\nइसमें मानवीय चेतना की सापेक्षता स्पष्ट रूप से स्थापित थी; मैंने माया के दर्दनाक द्वंद्वों के पीछे शाश्वत प्रकाश की एकता को स्पष्ट रूप से देखा।\n\nयह दृश्य मेरे सामने तब आया जब मैं एक सुबह अपने पिता के गुरपार रोड स्थित घर में अपने छोटे से अटारी कमरे में बैठा था।\n\nमहीनों से यूरोप में प्रथम विश्व युद्ध चल रहा था; मैं मृत्यु के विशाल नुकसान पर दुखी होकर विचार कर रहा था।","type":"default","passage":"चमत्कार का नियम","commentary":"","meaning":""},{"id":"18","title":"30.18","content":"जैसे ही मैंने ध्यान में अपनी आँखें बंद कीं, मेरी चेतना अचानक एक युद्धपोत की कमान संभाल रहे कप्तान के शरीर में स्थानांतरित हो गई।\n\nबंदूकों की गड़गड़ाहट हवा में गूंज रही थी क्योंकि किनारे की बैटरियों और जहाज की तोपों के बीच गोलियाँ चल रही थीं।\n\nएक बड़ा गोला बारूद के मैगजीन से टकराया और मेरे जहाज को चीर कर रख दिया।\n\nमैं पानी में कूद गया, साथ में कुछ नाविक जो विस्फोट से बच गए थे।\n\nदिल की धड़कन तेज होने के बावजूद मैं सुरक्षित रूप से किनारे पर पहुँच गया।\n\nलेकिन अफसोस! एक आवारा गोली ने मेरी छाती में अपनी भयंकर उड़ान समाप्त कर दी।\n\nमैं कराहते हुए ज़मीन पर गिर पड़ा।\n\nमेरा पूरा शरीर लकवाग्रस्त हो गया था, फिर भी मैं इसे अपने कब्जे में होने का एहसास कर रहा था जैसे कोई अपने पैर के सुन्न हो जाने का एहसास करता है।","type":"default","passage":"चमत्कार का नियम","commentary":"","meaning":""},{"id":"19","title":"30.19","content":"> आखिरकार मौत के रहस्यमयी पदचिह्न ने मुझे पकड़ ही लिया,  \n मैंने सोचा।\n\nआखिरी साँस लेकर मैं बेहोशी की हालत में डूबने ही वाला था कि अचानक! मैंने खुद को अपने गुरपार रोड के कमरे में कमल की मुद्रा में बैठा पाया।\n\nजब मैंने खुशी से अपने शरीर को सहलाया और चुटकी ली, तो मेरी आँखों से आँसू बहने लगे।\n\nमैं अपने आपको यह भरोसा दिलाने के लिए इधर-उधर हिल रहा था कि मैं ज़िंदा हूँ।\n\nइन आत्म-प्रशंसाओं के बीच, मैंने फिर से पाया कि मेरी चेतना खूनी किनारे पर कैप्टन के मृत शरीर में स्थानांतरित हो गई है।\n\nमेरे मन में बहुत भ्रम की स्थिति पैदा हो गई।\n\n> भगवान,  \n मैंने प्रार्थना की,  \n> क्या मैं मर गया हूँ या ज़िंदा हूँ?","type":"default","passage":"चमत्कार का नियम","commentary":"","meaning":""},{"id":"20","title":"30.20","content":"प्रकाश की एक चमकदार क्रीड़ा ने पूरे क्षितिज को भर दिया।\n\nएक नरम गड़गड़ाहट कंपन ने खुद को शब्दों में बदल दिया:  \n> जीवन या मृत्यु का प्रकाश से क्या लेना-देना है? मैंने तुम्हें अपने प्रकाश की छवि में बनाया है।\n\nजीवन और मृत्यु की सापेक्षता ब्रह्मांडीय स्वप्न से संबंधित है।\n\nअपने स्वप्नहीन अस्तित्व को देखो! जागो, मेरे बच्चे, जागो!\n मनुष्य की जागृति के चरणों के रूप में, भगवान वैज्ञानिकों को सही समय और स्थान पर, उनकी रचना के रहस्यों की खोज करने के लिए प्रेरित करते हैं।\n\nकई आधुनिक खोजें मनुष्यों को ब्रह्मांड को एक शक्ति-प्रकाश की विविध अभिव्यक्ति के रूप में समझने में मदद करती हैं, जो दिव्य बुद्धि द्वारा निर्देशित होती है।\n\nचलचित्र, रेडियो, टेलीविजन, रडार, फोटो-इलेक्ट्रिक सेल-सब कुछ देखने वाली  \n> इलेक्ट्रिक आंख\n, परमाणु ऊर्जा के चमत्कार, सभी प्रकाश की विद्युत चुम्बकीय घटना पर आधारित हैं।","type":"default","passage":"चमत्कार का नियम","commentary":"","meaning":""},{"id":"21","title":"30.21","content":"चलचित्र कला किसी भी चमत्कार को चित्रित कर सकती है।\n\nप्रभावशाली दृश्य दृष्टिकोण से, कोई भी चमत्कार फोटोग्राफी को धोखा देने से नहीं रोका जा सकता है।\n\nएक आदमी के पारदर्शी सूक्ष्म शरीर को उसके स्थूल भौतिक रूप से उठते हुए देखा जा सकता है, वह पानी पर चल सकता है, मृतकों को पुनर्जीवित कर सकता है, विकास के प्राकृतिक क्रम को उलट सकता है, और समय और स्थान के साथ खिलवाड़ कर सकता है।\n\nअपनी इच्छानुसार प्रकाश छवियों को इकट्ठा करके, फोटोग्राफर ऑप्टिकल चमत्कार प्राप्त करता है जिसे एक सच्चा गुरु वास्तविक प्रकाश किरणों के साथ उत्पन्न करता है।\n\nचलचित्र की सजीव छवियां सृष्टि से संबंधित कई सत्यों को दर्शाती हैं।\n\nब्रह्मांडीय निर्देशक ने अपने स्वयं के नाटक लिखे हैं, और सदियों के तमाशे के लिए जबरदस्त कलाकारों को इकट्ठा किया है।\n\nअनंत काल के अंधेरे बूथ से, वह लगातार युगों की फिल्मों के माध्यम से अपनी रचनात्मक किरण डालता है, और चित्र अंतरिक्ष की स्क्रीन पर फेंक दिए जाते हैं।\n\nजिस तरह चलचित्र छवियां वास्तविक प्रतीत होती हैं, लेकिन केवल प्रकाश और छाया का संयोजन हैं, उसी तरह सार्वभौमिक विविधता एक भ्रामक प्रतीत होती है।\n\nग्रह-मंडल, अपने असंख्य जीवन रूपों के साथ, एक ब्रह्मांडीय गति-चित्र के आकृतियों के अलावा और कुछ नहीं हैं, जो अस्थायी रूप से पांच इंद्रिय बोधों के अनुरूप हैं, क्योंकि ये दृश्य अनंत सृजनात्मक किरण द्वारा मनुष्य की चेतना के पर्दे पर डाले जाते हैं।","type":"default","passage":"चमत्कार का नियम","commentary":"","meaning":""},{"id":"22","title":"30.22","content":"सिनेमा का दर्शक ऊपर देख सकता है और देख सकता है कि सभी स्क्रीन छवियाँ प्रकाश की एक छविहीन किरण के माध्यम से दिखाई दे रही हैं।\n\nरंगीन सार्वभौमिक नाटक इसी तरह एक ब्रह्मांडीय स्रोत के एकल सफेद प्रकाश से निकल रहा है।\n\nअकल्पनीय सरलता के साथ भगवान अपने मानव बच्चों के लिए एक मनोरंजन का मंचन कर रहे हैं, उन्हें अपने ग्रहीय रंगमंच में अभिनेता और दर्शक दोनों बना रहे हैं।\n\nएक दिन मैं यूरोपीय युद्ध के मैदानों की एक न्यूज़रील देखने के लिए एक मोशन पिक्चर हाउस में गया।\n\nप्रथम विश्व युद्ध अभी भी पश्चिम में लड़ा जा रहा था; न्यूज़रील ने नरसंहार को इतनी वास्तविकता के साथ रिकॉर्ड किया कि मैं परेशान दिल के साथ थिएटर से बाहर निकल गया।","type":"default","passage":"चमत्कार का नियम","commentary":"","meaning":""},{"id":"23","title":"30.23","content":"> भगवान,  \n मैंने प्रार्थना की,  \n> आप ऐसी पीड़ा की अनुमति क्यों देते हैं?\n मेरे गहन आश्चर्य के लिए, वास्तविक यूरोपीय युद्धक्षेत्रों के एक दृश्य के रूप में एक त्वरित उत्तर आया।\n\nमृतकों और मरने वालों से भरा संघर्ष का खौफ, न्यूज़रील के किसी भी चित्रण की क्रूरता से कहीं अधिक है।\n\n> ध्यान से देखो!\n एक कोमल आवाज़ ने मेरी आंतरिक चेतना से बात की।\n\n> आप देखेंगे कि फ्रांस में \n\nअब जो दृश्य दिखाए जा रहे हैं, वे कुछ और नहीं बल्कि चिरोस्कोरो का एक नाटक है।\n\nवे ब्रह्मांडीय गति चित्र हैं, उतने ही वास्तविक और अवास्तविक जितने कि आपने अभी-अभी थिएटर न्यूज़रील देखी है-एक नाटक के भीतर एक नाटक।\n\n मेरा दिल अभी भी शांत नहीं हुआ था।\n\nदिव्य आवाज़ आगे बढ़ी: \"सृजन प्रकाश और छाया दोनों है, अन्यथा कोई चित्र संभव नहीं है।\n\nमाया की अच्छाई और बुराई हमेशा वर्चस्व में बारी-बारी से होनी चाहिए।\n\nअगर इस दुनिया में आनंद निरंतर होता, तो क्या मनुष्य कभी दूसरे की तलाश करता? बिना दुख के वह शायद ही याद करता कि उसने अपने शाश्वत घर को त्याग दिया है।\n\nदर्द याद दिलाने के लिए एक प्रेरणा है।\n\nबचने का रास्ता ज्ञान के माध्यम से है! मृत्यु की त्रासदी अवास्तविक है; जो लोग इससे काँप उठते हैं, वे उस अज्ञानी अभिनेता की तरह हैं जो मंच पर डर के मारे मर जाता है, जब उस पर खाली कारतूस के अलावा और कुछ नहीं दागा जाता।\n\nमेरे बेटे प्रकाश के बच्चे हैं; वे हमेशा भ्रम में नहीं सोएँगे।\n\n”","type":"default","passage":"चमत्कार का नियम","commentary":"","meaning":""},{"id":"24","title":"30.24","content":"हालाँकि मैंने माया के बारे में धर्मग्रंथों में लिखा था, लेकिन उनसे मुझे वह गहरी अंतर्दृष्टि नहीं मिली जो व्यक्तिगत दर्शन और उनके साथ सांत्वना के शब्दों से मिलती है।\n\nजब कोई व्यक्ति अंततः यह मान लेता है कि सृष्टि केवल एक विशाल चलचित्र है, और उसमें नहीं, बल्कि उससे परे, उसकी अपनी वास्तविकता है, तो उसके मूल्य बहुत बदल जाते हैं।\n\nजैसे ही मैंने यह अध्याय लिखना समाप्त किया, मैं कमल की मुद्रा में अपने बिस्तर पर बैठ गया।\n\nमेरे कमरे में दो छायादार लैंप की मंद रोशनी थी।\n\nअपनी नज़र उठाकर मैंने देखा कि छत पर सरसों के रंग की छोटी-छोटी रोशनियाँ थीं, जो चमक रही थीं और रेडियम जैसी चमक से काँप रही थीं।\n\nपेंसिल से बनी असंख्य किरणें, बारिश की चादरों की तरह, एक पारदर्शी शाफ्ट में इकट्ठी हुईं और चुपचाप मुझ पर बरस पड़ीं।","type":"default","passage":"चमत्कार का नियम","commentary":"","meaning":""},{"id":"25","title":"30.25","content":"एक बार मेरे भौतिक शरीर ने अपनी स्थूलता खो दी और सूक्ष्म बनावट में रूपांतरित हो गया।\n\nमुझे तैरने जैसा अहसास हुआ, जैसे कि बिस्तर को छूते ही, भारहीन शरीर थोड़ा सा और बारी-बारी से बाएं और दाएं खिसक गया।\n\nमैंने कमरे के चारों ओर देखा; फर्नीचर और दीवारें हमेशा की तरह थीं, लेकिन प्रकाश का छोटा द्रव्यमान इतना बढ़ गया था कि छत अदृश्य हो गई थी।\n\nमैं आश्चर्यचकित था।\n\n> यह ब्रह्मांडीय गति चित्र तंत्र है।\n\n एक आवाज़ बोली जैसे कि प्रकाश के भीतर से।\n\n> अपनी किरण को आपकी चादर की सफेद स्क्रीन पर डालते हुए, यह आपके शरीर की तस्वीर बना रहा है।\n\nदेखो, तुम्हारा रूप प्रकाश के अलावा और कुछ नहीं है!","type":"default","passage":"चमत्कार का नियम","commentary":"","meaning":""},{"id":"26","title":"30.26","content":"मैंने अपनी भुजाओं को देखा और उन्हें आगे-पीछे हिलाया, फिर भी उनका वजन महसूस नहीं कर सका।\n\nएक परमानंदपूर्ण आनंद ने मुझे अभिभूत कर दिया।\n\nप्रकाश का यह ब्रह्मांडीय तना, मेरे शरीर के रूप में खिलता हुआ, सिनेमा घर में प्रक्षेपण बूथ से बाहर निकलने वाली प्रकाश किरणों की एक दिव्य प्रतिकृति लग रहा था और स्क्रीन पर चित्रों के रूप में प्रकट हो रहा था।\n\nलंबे समय तक मैंने अपने शरीर के इस गति चित्र को अपने स्वयं के बेडरूम के मंद प्रकाश वाले थिएटर में अनुभव किया।\n\nमेरे द्वारा देखे गए कई दृश्यों के बावजूद, कोई भी कभी भी अधिक विलक्षण नहीं था।\n\nजैसे ही एक ठोस शरीर का मेरा भ्रम पूरी तरह से दूर हो गया, और मेरा अहसास गहरा हो गया कि सभी वस्तुओं का सार प्रकाश है, मैंने जीवनदानों की धड़कती धारा को देखा और विनती करते हुए बोला।","type":"default","passage":"चमत्कार का नियम","commentary":"","meaning":""},{"id":"27","title":"30.27","content":"> दिव्य प्रकाश, कृपया इस, मेरे विनम्र शारीरिक चित्र को, अपने में समाहित कर लें, जैसे एलिय्याह को एक ज्वाला द्वारा स्वर्ग में खींच लिया गया था।\n\n यह प्रार्थना स्पष्ट रूप से चौंकाने वाली थी; किरण गायब हो गई।\n\nमेरा शरीर अपने सामान्य वजन पर आ गया और बिस्तर पर गिर गया; छत पर लगी चमकदार रोशनी का झुंड टिमटिमा कर गायब हो गया।\n\nजाहिर है कि इस धरती को छोड़ने का मेरा समय नहीं आया था।\n\n> इसके अलावा,  \n मैंने दार्शनिक रूप से सोचा,  \n> भविष्यवक्ता एलिय्याह मेरी इस गुस्ताखी से नाराज़ हो सकते हैं!\n {FN30-1} यह प्रसिद्ध रूसी कलाकार और दार्शनिक कई वर्षों से भारत में हिमालय के पास रह रहे हैं।\n\n> शिखरों से रहस्योद्घाटन होता है,  \n उन्होंने लिखा है।\n\n> गुफाओं और शिखरों पर ऋषि रहते थे।\n\nहिमालय की बर्फीली चोटियों पर एक चमकदार चमक जलती है, जो सितारों और बिजली की शानदार चमक से भी अधिक चमकदार है।","type":"default","passage":"चमत्कार का नियम","commentary":"","meaning":""},{"id":"28","title":"30.28","content":"{FN30-2} कहानी का ऐतिहासिक आधार हो सकता है; एक संपादकीय नोट हमें सूचित करता है कि बिशप ने तीन भिक्षुओं से मुलाकात की जब वह आर्कान्जेल से स्लोवेत्स्की मठ की ओर जा रहा था, जो कि द्विना नदी के मुहाने पर है।\n\n{FN30-3} महान आविष्कारक, मारकोनी ने अंतिम निर्णय से पहले वैज्ञानिक अपर्याप्तता की निम्नलिखित स्वीकारोक्ति की:  \n> जीवन को हल करने में विज्ञान की अक्षमता पूर्ण है।\n\nयह तथ्य वास्तव में भयावह होता अगर इसमें विश्वास न होता।\n\nजीवन का रहस्य निश्चित रूप से मनुष्य के विचार के सामने रखी गई सबसे लगातार समस्या है।\n\n {FN30-4} आइंस्टीन की प्रतिभा द्वारा ली गई दिशा का एक संकेत इस तथ्य से मिलता है कि वह महान दार्शनिक स्पिनोज़ा के आजीवन शिष्य हैं, जिनका सबसे प्रसिद्ध कार्य ETHICS DEMONSTRATED IN GEOMETRICAL ORDER है।","type":"default","passage":"चमत्कार का नियम","commentary":"","meaning":""},{"id":"29","title":"30.29","content":"{FN30-5} 1 तीमुथियुस 6:15-16. {FN30-6} उत्पत्ति 1:26.","type":"default","passage":"चमत्कार का नियम","commentary":"","meaning":""}]}