{"id":31,"title":"पवित्र माँ के साथ एक साक्षात्कार (काशी मणि लाहिड़ी)","description":"पवित्र माँ के साथ एक साक्षात्कार (काशी मणि लाहिड़ी)","sectionCount":28,"tags":null,"contentId":"AoY02","sections":[{"id":"1","title":"31.1","content":"पवित्र माता के साथ एक साक्षात्कार “पूज्य माता, मुझे आपके पैगम्बर-पति ने बचपन में ही बपतिस्मा दिया था।\n\nवे मेरे माता-पिता और मेरे अपने गुरु श्रीयुक्तेश्वरजी के गुरु थे।\n\nइसलिए क्या आप मुझे अपने पवित्र जीवन की कुछ घटनाओं को सुनने का सौभाग्य देंगी?” मैं लाहिड़ी महाशय की जीवन-संगिनी श्रीमती काशी मोनी को संबोधित कर रहा था।\n\nकुछ समय के लिए बनारस में होने के कारण, मैं उस आदरणीय महिला से मिलने की अपनी लंबे समय से चली आ रही इच्छा को पूरा कर रहा था।\n\nउन्होंने बनारस के गरुड़ेश्वर मोहल्ला खंड में पुराने लाहिड़ी निवास पर मेरा स्वागत किया।\n\nयद्यपि वे वृद्ध थीं, फिर भी वे कमल की तरह खिली हुई थीं, और चुपचाप आध्यात्मिक सुगंध बिखेर रही थीं।\n\nवे मध्यम कद की थीं, पतली गर्दन और गोरी त्वचा वाली।\n\nबड़ी, चमकदार आँखें उनके मातृवत चेहरे को कोमल बना रही थीं।","type":"default","passage":"पवित्र माँ के साथ एक साक्षात्कार (काशी मणि लाहिड़ी)","commentary":"","meaning":""},{"id":"2","title":"31.2","content":"> बेटा, तुम्हारा यहाँ स्वागत है।\n\nऊपर आओ।\n\n काशी मोनी ने मुझे एक बहुत छोटे से कमरे में ले जाया, जहाँ कुछ समय के लिए, वह अपने पति के साथ रहती थी।\n\nमुझे उस मंदिर को देखने का सौभाग्य मिला, जहाँ अद्वितीय गुरु ने विवाह के मानवीय नाटक को निभाने के लिए खुद को समर्पित किया था।\n\nउस सौम्य महिला ने मुझे अपने बगल में एक तकिया सीट पर बैठने का इशारा किया।\n\n> मुझे अपने पति की दिव्यता का एहसास होने में कई साल लग गए,  \n उसने शुरू किया।\n\n\"एक रात, इसी कमरे में, मैंने एक ज्वलंत सपना देखा।\n\nशानदार स्वर्गदूत मेरे ऊपर अकल्पनीय अनुग्रह में तैर रहे थे।\n\nयह दृश्य इतना वास्तविक था कि मैं तुरंत जाग गई; कमरा अजीब तरह से चमकदार रोशनी में लिपटा हुआ था।","type":"default","passage":"पवित्र माँ के साथ एक साक्षात्कार (काशी मणि लाहिड़ी)","commentary":"","meaning":""},{"id":"3","title":"31.3","content":"> कमल मुद्रा में मेरे पति कमरे के बीच में लेटे हुए थे, उनके चारों ओर देवदूत थे जो हाथ जोड़कर प्रार्थनापूर्ण गरिमा के साथ उनकी पूजा कर रहे थे।\n\nमैं अत्यन्त आश्चर्यचकित थी, मुझे विश्वास हो गया कि मैं अभी भी स्वप्न देख रही हूँ।\n\n**हे स्त्री, ** लाहिड़ी महाशय ने कहा, **तुम स्वप्न नहीं देख रही हो।\n\nअपनी नींद को सदा के लिए त्याग दो।\n\n** जब वे धीरे-धीरे फर्श पर उतरे, तो मैंने उनके चरणों में प्रणाम किया।\n\n\"**गुरुदेव, ** मैंने पुकारा, **मैं बार-बार आपके सामने झुकती हूँ! क्या आप मुझे क्षमा करेंगे कि मैंने आपको अपना पति माना है? मैं यह जानकर लज्जित हो रही हूँ कि मैं उस व्यक्ति के पास अज्ञानता में सोई रही हूँ जो दिव्य रूप से जागृत है।\n\nइस रात से, आप मेरे पति नहीं, बल्कि मेरे गुरु हैं।\n\nक्या आप मेरे तुच्छ स्वरूप को अपना शिष्य स्वीकार करेंगे?** {FN31-1}","type":"default","passage":"पवित्र माँ के साथ एक साक्षात्कार (काशी मणि लाहिड़ी)","commentary":"","meaning":""},{"id":"4","title":"31.4","content":"“गुरु ने मुझे धीरे से छुआ।\n\n‘पवित्र आत्मा, उठो।\n\nतुम स्वीकार किए जाते हो।\n\n’ उन्होंने देवदूतों की ओर इशारा किया।\n\n‘कृपया इन पवित्र संतों में से प्रत्येक को बारी-बारी से प्रणाम करें।\n\n’ “जब मैंने अपना विनम्र नमन समाप्त किया, तो देवदूतों की आवाज़ एक साथ गूंज उठी, जैसे किसी प्राचीन शास्त्र का कोरस हो।\n\n“‘दिव्य की पत्नी, तुम धन्य हो।\n\nहम तुम्हें प्रणाम करते हैं।\n\n’ उन्होंने मेरे चरणों में सिर झुकाया और देखो! उनके तेजस्वी रूप गायब हो गए।\n\nकमरे में अंधेरा छा गया।\n\n“मेरे गुरु ने मुझे क्रिया योग में दीक्षा लेने के लिए कहा।\n\n“‘बेशक, ’ मैंने जवाब दिया।\n\n‘मुझे खेद है कि मुझे अपने जीवन में पहले इसका आशीर्वाद नहीं मिला।\n\n’ “‘समय अभी सही नहीं था।\n\n’ लाहिड़ी महाशय ने सांत्वना देते हुए मुस्कुराया।\n\n‘तुम्हारे बहुत से कर्मों को मैंने चुपचाप पूरा करने में तुम्हारी मदद की है।\n\nअब तुम इच्छुक और तैयार हो।\n\n’","type":"default","passage":"पवित्र माँ के साथ एक साक्षात्कार (काशी मणि लाहिड़ी)","commentary":"","meaning":""},{"id":"5","title":"31.5","content":"> उन्होंने मेरे माथे को छुआ।\n\nचक्करदार रोशनी के ढेर दिखाई दिए; चमक ने धीरे-धीरे खुद को ओपल-नीले आध्यात्मिक नेत्र में बदल लिया, जो सोने से घिरा हुआ था और एक सफेद पंचकोणीय तारे के साथ केंद्रित था।\n\n**अपनी चेतना को तारे के माध्यम से अनंत के साम्राज्य में प्रवेश करें।\n\n** मेरे गुरु की आवाज़ में एक नया स्वर था, दूर के संगीत की तरह कोमल।\n\n\"एक के बाद एक दृश्य मेरी आत्मा के किनारों पर समुद्री लहरों की तरह टूट पड़े।\n\nमनोरम क्षेत्र अंततः आनंद के सागर में पिघल गए।\n\nमैं हमेशा बढ़ते हुए आनंद में खो गया।\n\nजब मैं घंटों बाद इस दुनिया के प्रति जागरूकता में लौटा, तो गुरु ने मुझे क्रिया योग की तकनीक दी।","type":"default","passage":"पवित्र माँ के साथ एक साक्षात्कार (काशी मणि लाहिड़ी)","commentary":"","meaning":""},{"id":"6","title":"31.6","content":"> उस रात के बाद से लाहिड़ी महाशय फिर कभी मेरे कमरे में नहीं सोए।\n\nन ही उसके बाद कभी सोए।\n\nवे नीचे के सामने वाले कमरे में ही रहते थे, दिन और रात दोनों समय अपने शिष्यों के साथ।\n\n प्रख्यात महिला चुप हो गई।\n\nमहान योगी के साथ उनके रिश्ते की विशिष्टता को समझते हुए, मैंने आखिरकार उनसे और यादें साझा करने का साहस किया।\n\n> बेटा, तुम लालची हो।\n\nफिर भी तुम्हें एक और कहानी मिलनी चाहिए।\n\n वह शर्म से मुस्कुराई।\n\n\"मैं अपने गुरु-पति के खिलाफ किए गए एक पाप को स्वीकार करूंगी।\n\nदीक्षा लेने के कुछ महीने बाद, मैं खुद को अकेला और उपेक्षित महसूस करने लगी।\n\nएक सुबह लाहिड़ी महाशय एक सामान लाने के लिए इस छोटे से कमरे में आए; मैं जल्दी से उनके पीछे चली गई।\n\nहिंसक भ्रम से अभिभूत होकर, मैंने उन्हें तीखे शब्दों में संबोधित किया।","type":"default","passage":"पवित्र माँ के साथ एक साक्षात्कार (काशी मणि लाहिड़ी)","commentary":"","meaning":""},{"id":"7","title":"31.7","content":"**आप अपना सारा समय शिष्यों के साथ बिताते हैं।\n\nअपनी पत्नी और बच्चों के प्रति आपकी जिम्मेदारियों का क्या? मुझे खेद है कि आप परिवार के लिए अधिक धन जुटाने में रुचि नहीं लेते।\n\n** **गुरु ने एक पल के लिए मेरी ओर देखा, फिर देखो! वे चले गए।\n\nभयभीत और डरे हुए, मैंने कमरे के हर हिस्से से एक आवाज गूंजती सुनी: **यह सब कुछ नहीं है, क्या आप नहीं देखते? मेरे जैसा कुछ भी आपके लिए धन कैसे पैदा कर सकता है?** **गुरुजी, ** मैंने पुकारा, **मैं आपसे लाखों बार क्षमा मांगता हूं! मेरी पापी आंखें \n\nअब आपको नहीं देख सकतीं; कृपया अपने पवित्र रूप में प्रकट हों।\n\n** **मैं यहाँ हूँ।\n\n' यह उत्तर मेरे ऊपर से आया।\n\nमैंने ऊपर देखा और गुरु को हवा में मूर्त रूप लेते देखा, उनका सिर छत को छू रहा था।\n\nउनकी आंखें अंधी लपटों के समान थीं","type":"default","passage":"पवित्र माँ के साथ एक साक्षात्कार (काशी मणि लाहिड़ी)","commentary":"","meaning":""},{"id":"8","title":"31.8","content":"उन्होंने कहा, **स्त्री, दैवी संपदा की खोज करो, न कि धरती के तुच्छ रत्नों की।\n\nआंतरिक संपदा प्राप्त करने के बाद, तुम पाओगे कि बाहरी आपूर्ति हमेशा आगे आती रहती है।\n\n** उन्होंने आगे कहा, **मेरे आध्यात्मिक पुत्रों में से एक तुम्हारे लिए प्रावधान करेगा।\n\n**  \n> मेरे गुरु के शब्द स्वाभाविक रूप से सच हुए; एक शिष्य ने हमारे परिवार के लिए एक बड़ी राशि छोड़ी।\n\n मैंने काशी मोनी को उनके अद्भुत अनुभव मेरे साथ साझा करने के लिए धन्यवाद दिया।\n\n{FN31-2} अगले दिन मैं उनके घर वापस आया और टिंकौरी और डुकौरी लाहिड़ी के साथ कई घंटों तक दार्शनिक चर्चा का आनंद लिया।\n\nभारत के महान योगी के इन दो संत पुत्रों ने उनके आदर्श पदचिह्नों का बारीकी से अनुसरण किया।\n\nदोनों पुरुष गोरे, लंबे, मजबूत और घनी दाढ़ी वाले थे, मधुर आवाज और पुराने जमाने के आकर्षक व्यवहार वाले थे।","type":"default","passage":"पवित्र माँ के साथ एक साक्षात्कार (काशी मणि लाहिड़ी)","commentary":"","meaning":""},{"id":"9","title":"31.9","content":"लाहिड़ी महाशय की केवल उनकी पत्नी ही महिला शिष्या नहीं थीं; मेरी माँ सहित सैकड़ों अन्य लोग भी थे।\n\nएक बार एक महिला शिष्या ने गुरु से उनकी तस्वीर माँगी।\n\nउन्होंने उसे एक प्रिंट देते हुए कहा,  \n> यदि आप इसे सुरक्षा मानते हैं, तो ऐसा ही है; अन्यथा यह केवल एक तस्वीर है।\n\n कुछ दिनों बाद यह महिला और लाहिड़ी महाशय की बहू एक मेज पर भगवद गीता का अध्ययन कर रही थीं, जिसके पीछे गुरु की तस्वीर टंगी थी।\n\nबहुत तेज़ बिजली का तूफ़ान आया।\n\n> लाहिड़ी महाशय, हमारी रक्षा करें!\n महिलाओं ने तस्वीर के आगे सिर झुकाया।\n\nजिस पुस्तक को वे पढ़ रही थीं, उस पर बिजली गिरी, लेकिन दोनों भक्त सुरक्षित रहीं।","type":"default","passage":"पवित्र माँ के साथ एक साक्षात्कार (काशी मणि लाहिड़ी)","commentary":"","meaning":""},{"id":"10","title":"31.10","content":"चेले ने बताया,  \n> मुझे ऐसा लगा जैसे मेरे चारों ओर बर्फ की एक चादर बिछा दी गई हो ताकि चिलचिलाती गर्मी से बचा जा सके।\n\n लाहिड़ी महाशय ने एक महिला शिष्या अभया के संबंध में दो चमत्कार किए।\n\nवह और उनके पति, जो कलकत्ता के एक वकील थे, गुरु से मिलने के लिए एक दिन बनारस के लिए निकले।\n\nभारी ट्रैफिक के कारण उनकी गाड़ी में देरी हो गई; वे हावड़ा मुख्य स्टेशन पर पहुँचे तो उन्हें बनारस की ट्रेन के प्रस्थान की सीटी सुनाई दी।\n\nटिकट कार्यालय के पास अभया चुपचाप खड़ी थी।\n\n> लाहिड़ी महाशय, मैं आपसे ट्रेन रोकने की विनती करती हूँ!\n उसने मन ही मन प्रार्थना की।\n\n> मैं आपसे मिलने के लिए एक और दिन प्रतीक्षा करने में होने वाली देरी की पीड़ा को सहन नहीं कर सकती।","type":"default","passage":"पवित्र माँ के साथ एक साक्षात्कार (काशी मणि लाहिड़ी)","commentary":"","meaning":""},{"id":"11","title":"31.11","content":"ट्रेन के पहिए लगातार गोल-गोल घूम रहे थे, लेकिन आगे कोई प्रगति नहीं हो रही थी।\n\nइंजीनियर और यात्री यह नजारा देखने के लिए प्लेटफॉर्म पर उतरे।\n\nएक अंग्रेज रेल गार्ड अभया और उसके पति के पास पहुंचा।\n\nसभी मिसालों के विपरीत, उसने अपनी सेवाएं देने की पेशकश की।\n\nउसने कहा,  \n> बाबू, मुझे पैसे दे दो।\n\nजब तक तुम चढ़ोगे मैं तुम्हारे टिकट खरीद लूंगा।\n\n जैसे ही दंपति बैठे और उन्हें टिकट मिले, ट्रेन धीरे-धीरे आगे बढ़ गई।\n\nघबराए हुए इंजीनियर और यात्री फिर से अपनी सीटों पर चढ़ गए, उन्हें न तो यह पता था कि ट्रेन कैसे शुरू हुई, न ही यह पहले क्यों रुकी थी।","type":"default","passage":"पवित्र माँ के साथ एक साक्षात्कार (काशी मणि लाहिड़ी)","commentary":"","meaning":""},{"id":"12","title":"31.12","content":"बनारस में लाहिड़ी महाशय के घर पहुँचकर, अभया ने गुरु के सामने चुपचाप दंडवत किया और उनके पैर छूने की कोशिश की।\n\n“अपने आप को शांत करो, अभया, ” उन्होंने टिप्पणी की।\n\n“तुम्हें मुझे परेशान करना कितना पसंद है! मानो तुम अगली ट्रेन से यहाँ नहीं आ सकते थे!” अभया ने एक और यादगार अवसर पर लाहिड़ी महाशय से मुलाकात की।\n\nइस बार वह ट्रेन से नहीं, बल्कि सारस से उनकी मध्यस्थता चाहती थी।\n\n“मैं आपसे प्रार्थना करती हूँ कि आप मुझे आशीर्वाद दें कि मेरा नौवाँ बच्चा जीवित रहे, ” उसने कहा।\n\n“मेरे आठ बच्चे पैदा हुए हैं; सभी जन्म के तुरंत बाद मर गए।\n\n” गुरु ने सहानुभूतिपूर्वक मुस्कुराया।\n\n“तुम्हारा आने वाला बच्चा जीवित रहेगा।\n\nकृपया मेरे निर्देशों का ध्यानपूर्वक पालन करें।\n\nबच्ची, एक लड़की, रात में पैदा होगी।\n\nध्यान रखना कि तेल का दीपक भोर तक जलता रहे।\n\nसो मत जाना और इस तरह प्रकाश को बुझने मत देना।\n\n”","type":"default","passage":"पवित्र माँ के साथ एक साक्षात्कार (काशी मणि लाहिड़ी)","commentary":"","meaning":""},{"id":"13","title":"31.13","content":"अभय की संतान एक बेटी थी, जो रात में पैदा हुई, ठीक वैसे ही जैसा कि सर्वज्ञ गुरु ने भविष्यवाणी की थी।\n\nमाँ ने अपनी नर्स को दीपक में तेल भरकर रखने का निर्देश दिया।\n\nदोनों महिलाओं ने सुबह तक अत्यावश्यक जागरण किया, लेकिन अंततः सो गईं।\n\nदीपक का तेल लगभग खत्म हो चुका था; प्रकाश कमज़ोर रूप से टिमटिमा रहा था।\n\nशयन कक्ष का दरवाज़ा खुला और तेज़ आवाज़ के साथ खुला।\n\nचौंकी हुई महिलाएँ जाग उठीं।\n\nउनकी चकित आँखों ने लाहिड़ी महाशय के रूप को देखा।\n\n> अभय, देखो, प्रकाश लगभग खत्म हो गया है!\n उन्होंने दीपक की ओर इशारा किया, जिसे नर्स ने जल्दी से फिर से भर दिया।\n\nजैसे ही यह फिर से चमकने लगा, गुरु गायब हो गए।\n\nदरवाज़ा बंद हो गया; कुंडी बिना किसी स्पष्ट एजेंसी के लगी हुई थी।","type":"default","passage":"पवित्र माँ के साथ एक साक्षात्कार (काशी मणि लाहिड़ी)","commentary":"","meaning":""},{"id":"14","title":"31.14","content":"अभय की नौवीं संतान जीवित रही; 1935 में, जब मैंने पूछताछ की, तब वह अभी भी जीवित थी।\n\nलाहिड़ी महाशय के शिष्यों में से एक, आदरणीय काली कुमार रॉय ने मुझे गुरु के साथ अपने जीवन के कई रोचक विवरण बताए।\n\nरॉय ने मुझे बताया,  \n> मैं अक्सर कई हफ़्तों तक उनके बनारस स्थित घर पर मेहमान बनकर रहता था।\n\n \"मैंने देखा कि कई संत, दंड स्वामी, रात के सन्नाटे में गुरु के चरणों में बैठने के लिए आते थे।\n\nकभी-कभी वे ध्यान और दार्शनिक बिंदुओं पर चर्चा करते थे।\n\nभोर होते ही महान अतिथि चले जाते थे।\n\nमैंने अपनी यात्राओं के दौरान पाया कि लाहिड़ी महाशय एक बार भी सोने के लिए नहीं लेटते थे।","type":"default","passage":"पवित्र माँ के साथ एक साक्षात्कार (काशी मणि लाहिड़ी)","commentary":"","meaning":""},{"id":"15","title":"31.15","content":"रॉय ने आगे कहा,  \n> गुरु के साथ अपने शुरुआती जुड़ाव के दौरान मुझे अपने नियोक्ता के विरोध का सामना करना पड़ा।\n\n  \n> वे भौतिकवाद में डूबे हुए थे।\n\n**मैं अपने कर्मचारियों में धार्मिक कट्टरपंथियों को नहीं चाहता, ** वे व्यंग्य करते थे।\n\n**अगर मैं कभी आपके पाखंडी गुरु से मिलूंगा, तो मैं उन्हें याद रखने के लिए कुछ शब्द दूंगा।\n\n** \"यह खतरनाक धमकी मेरे नियमित कार्यक्रम को बाधित करने में विफल रही; मैंने लगभग हर शाम अपने गुरु की उपस्थिति में बिताई।\n\nएक रात मेरे नियोक्ता ने मेरा पीछा किया और बेरहमी से बैठक में घुस गए।\n\nनिस्संदेह वह अपने वादे के अनुसार अपमानजनक टिप्पणी करने पर पूरी तरह से आमादा थे।\n\nजैसे ही वह व्यक्ति बैठा, लाहिड़ी महाशय ने लगभग बारह शिष्यों के छोटे समूह को संबोधित किया।","type":"default","passage":"पवित्र माँ के साथ एक साक्षात्कार (काशी मणि लाहिड़ी)","commentary":"","meaning":""},{"id":"16","title":"31.16","content":"“क्या आप सभी एक तस्वीर देखना चाहेंगे?” “जब हमने सिर हिलाया, तो उन्होंने हमें कमरे में अंधेरा करने को कहा।\n\n‘एक दूसरे के पीछे एक घेरा बनाकर बैठो, ’ उन्होंने कहा, ‘और अपने हाथों को अपने सामने खड़े व्यक्ति की आँखों पर रखो।\n\n’ “मुझे यह देखकर आश्चर्य नहीं हुआ कि मेरे नियोक्ता भी, अनिच्छा से ही सही, गुरु के निर्देशों का पालन कर रहे थे।\n\nकुछ ही मिनटों में लाहिड़ी महाशय ने हमसे पूछा कि हम क्या देख रहे हैं।\n\n“‘सर, ’ मैंने उत्तर दिया, ‘एक सुंदर महिला प्रकट हुई।\n\nउसने लाल किनारे वाली साड़ी पहनी हुई है, और हाथी के कान के पौधे के पास खड़ी है।\n\n’ बाकी सभी शिष्यों ने भी यही वर्णन किया।\n\nगुरु मेरे नियोक्ता की ओर मुड़े।\n\n‘क्या आप उस महिला को पहचानते हैं?’","type":"default","passage":"पवित्र माँ के साथ एक साक्षात्कार (काशी मणि लाहिड़ी)","commentary":"","meaning":""},{"id":"17","title":"31.17","content":"> **हाँ।\n\n** वह व्यक्ति स्पष्ट रूप से अपने स्वभाव के लिए नई भावनाओं से जूझ रहा था।\n\n**मैं मूर्खतापूर्वक अपना पैसा उस पर खर्च कर रहा हूँ, हालाँकि मेरी एक अच्छी पत्नी है।\n\nमुझे उन उद्देश्यों पर शर्म आती है जो मुझे यहाँ लाए हैं।\n\nक्या आप मुझे माफ़ कर देंगे, और मुझे अपना शिष्य बना लेंगे?**  \n**यदि आप छह महीने तक एक अच्छा नैतिक जीवन जीते हैं, तो मैं आपको स्वीकार करूँगा।\n\n** गुरु ने रहस्यपूर्ण ढंग से कहा, **अन्यथा मुझे आपको दीक्षा देने की आवश्यकता नहीं होगी।\n\n**  \n> तीन महीने तक मेरे नियोक्ता ने प्रलोभन से खुद को दूर रखा; फिर उसने उस महिला के साथ अपने पुराने संबंध फिर से शुरू कर दिए।\n\nदो महीने बाद उसकी मृत्यु हो गई।\n\nइस प्रकार मुझे उस व्यक्ति की दीक्षा की असंभावना के बारे में अपने गुरु की छिपी हुई भविष्यवाणी समझ में आई।","type":"default","passage":"पवित्र माँ के साथ एक साक्षात्कार (काशी मणि लाहिड़ी)","commentary":"","meaning":""},{"id":"18","title":"31.18","content":"लाहिड़ी महाशय के एक बहुत प्रसिद्ध मित्र थे, स्वामी त्रैलंग, जिनकी आयु तीन सौ वर्ष से अधिक मानी जाती थी।\n\nदोनों योगी अक्सर एक साथ बैठकर ध्यान किया करते थे।\n\nत्रैलंग की प्रसिद्धि इतनी व्यापक है कि बहुत कम हिंदू उनके अद्भुत चमत्कारों की किसी भी कहानी में सत्य की संभावना से इनकार करेंगे।\n\nयदि ईसा मसीह पृथ्वी पर वापस लौट आए और अपनी दिव्य शक्तियों का प्रदर्शन करते हुए न्यूयॉर्क की सड़कों पर चले, तो यह वही उत्साह पैदा करेगा जो दशकों पहले त्रैलंग द्वारा बनारस की भीड़ भरी गलियों से गुजरते समय पैदा किया गया था।\n\nकई अवसरों पर स्वामी को बिना किसी बुरे प्रभाव के सबसे घातक जहर पीते हुए देखा गया था।\n\nहजारों लोगों ने, जिनमें कुछ अभी भी जीवित हैं, त्रैलंग को गंगा में तैरते हुए देखा है।\n\nकई दिनों तक वे पानी के ऊपर बैठे रहते थे, या बहुत लंबे समय तक लहरों के नीचे छिपे रहते थे।\n\nबनारस के स्नान घाटों पर एक आम दृश्य था स्वामी का निश्चल शरीर तपते हुए पत्थर की शिलाओं पर, पूरी तरह से निर्दयी भारतीय सूर्य के प्रकाश के संपर्क में।\n\nइन करतबों से त्रैलंग ने लोगों को यह सिखाने की कोशिश की कि एक योगी का जीवन ऑक्सीजन या सामान्य परिस्थितियों और सावधानियों पर निर्भर नहीं करता।\n\nचाहे वह पानी के ऊपर हो या पानी के नीचे, और चाहे उसका शरीर भयंकर सूर्य किरणों के संपर्क में हो या नहीं, गुरु ने साबित कर दिया कि वह दिव्य चेतना से जीता है: मृत्यु उसे छू नहीं सकती।","type":"default","passage":"पवित्र माँ के साथ एक साक्षात्कार (काशी मणि लाहिड़ी)","commentary":"","meaning":""},{"id":"19","title":"31.19","content":"योगी न केवल आध्यात्मिक रूप से, बल्कि शारीरिक रूप से भी महान थे।\n\nउनका वजन तीन सौ पाउंड से अधिक था: उनके जीवन के प्रत्येक वर्ष के लिए एक पाउंड! चूँकि वे बहुत कम खाते थे, \n\nइसलिए रहस्य और भी बढ़ गया।\n\nहालाँकि, एक गुरु आसानी से स्वास्थ्य के सभी सामान्य नियमों की अनदेखी कर देता है, जब वह किसी विशेष कारण से ऐसा करना चाहता है, अक्सर एक सूक्ष्म कारण जो केवल उसे ही पता होता है।\n\nमहान संत जो ब्रह्मांडीय मायावी सपने से जाग गए हैं और इस दुनिया को दिव्य मन में एक विचार के रूप में महसूस किया है, वे शरीर के साथ अपनी इच्छानुसार कर सकते हैं, यह जानते हुए कि यह केवल संघनित या जमी हुई ऊर्जा का एक हेरफेर करने योग्य रूप है।\n\nहालाँकि भौतिक वैज्ञानिक \n\nअब समझते हैं कि पदार्थ जमी हुई ऊर्जा के अलावा और कुछ नहीं है, लेकिन पूरी तरह से प्रबुद्ध गुरु पदार्थ-नियंत्रण के क्षेत्र में सिद्धांत से अभ्यास तक बहुत पहले ही पहुँच चुके हैं।","type":"default","passage":"पवित्र माँ के साथ एक साक्षात्कार (काशी मणि लाहिड़ी)","commentary":"","meaning":""},{"id":"20","title":"31.20","content":"त्रैलंगा हमेशा पूरी तरह से नग्न रहता था।\n\nबनारस की परेशान पुलिस उसे एक हैरान करने वाला समस्याग्रस्त बच्चा मानने लगी थी।\n\nस्वाभाविक स्वामी, ईडन के बगीचे में प्रारंभिक आदम की तरह, अपनी नग्नता से पूरी तरह से अनजान था।\n\nहालाँकि, पुलिस को इसका पूरा अहसास था, और उसने उसे बेवजह जेल में डाल दिया।\n\nआम शर्मिंदगी हुई; त्रैलंगा का विशाल शरीर जल्द ही, अपनी सामान्य संपूर्णता में, जेल की छत पर देखा गया।\n\nउसकी कोठरी, अभी भी सुरक्षित रूप से बंद थी, उसके भागने के तरीके का कोई सुराग नहीं दे रही थी।\n\nकानून के हतोत्साहित अधिकारियों ने एक बार फिर अपना कर्तव्य निभाया।\n\nइस बार स्वामी की कोठरी के सामने एक गार्ड तैनात किया गया था।\n\nफिर से ताकत ने अधिकार से पहले ही पीछे हट गए।\n\nत्रैलंगा को जल्द ही छत पर उसकी बेपरवाह चहलकदमी करते हुए देखा गया।\n\nन्याय अंधा होता है; पराजित पुलिस ने उसका अनुसरण करने का फैसला किया।","type":"default","passage":"पवित्र माँ के साथ एक साक्षात्कार (काशी मणि लाहिड़ी)","commentary":"","meaning":""},{"id":"21","title":"31.21","content":"महान योगी ने आदतन मौन रखा।\n\n{FN31-4} अपने गोल चेहरे और विशाल, बैरल जैसे पेट के बावजूद, त्रैलंग कभी-कभार ही खाते थे।\n\nकई सप्ताह तक बिना भोजन के रहने के बाद, वे भक्तों द्वारा दिए गए प्याले में भरकर दही से अपना उपवास तोड़ते थे।\n\nएक बार एक संशयवादी ने त्रैलंग को ढोंगी के रूप में उजागर करने का निश्चय किया।\n\nदीवारों की सफेदी में इस्तेमाल होने वाले कैल्शियम-चूने के मिश्रण की एक बड़ी बाल्टी स्वामी के सामने रखी गई।\n\nभौतिकवादी ने नकली श्रद्धा में कहा,  \n> गुरु, मैं आपके लिए दही लाया हूँ।\n\nकृपया इसे पी लें।\n\n त्रैलंग ने बिना किसी हिचकिचाहट के जलते हुए चूने से भरे बर्तन को आखिरी बूंद तक पी लिया।\n\nकुछ ही मिनटों में दुष्ट व्यक्ति पीड़ा में जमीन पर गिर पड़ा।","type":"default","passage":"पवित्र माँ के साथ एक साक्षात्कार (काशी मणि लाहिड़ी)","commentary":"","meaning":""},{"id":"22","title":"31.22","content":"“मदद करो, स्वामी, मदद करो!” वह चिल्लाया।\n\n“मैं जल रहा हूँ! मेरी दुष्ट परीक्षा को क्षमा करो!” महान योगी ने अपनी आदतन चुप्पी तोड़ी।\n\n“मजाक करने वाले, ” उन्होंने कहा, “जब तुमने मुझे जहर दिया तो तुम्हें एहसास नहीं हुआ कि मेरा जीवन तुम्हारे जीवन के साथ एक है।\n\nअगर मुझे यह पता न होता कि ईश्वर मेरे पेट में मौजूद है, जैसे कि सृष्टि के हर परमाणु में, तो चूना मुझे मार देता।\n\nअब जब तुम्हें बूमरैंग का दिव्य अर्थ पता चल गया है, तो फिर कभी किसी के साथ छल मत करना।\n\n” त्रैलंगा के शब्दों से ठीक हो चुका पापी, कमज़ोर होकर चुपचाप चला गया।\n\nदर्द का उलटना गुरु की किसी इच्छा के कारण नहीं था, बल्कि न्याय के नियम के अचूक अनुप्रयोग के कारण हुआ था जो सृष्टि के सबसे दूर के झूलते हुए गोले को बनाए रखता है।\n\nत्रैलंगा जैसे ईश्वर-साक्षात्कार वाले लोग ईश्वरीय नियम को तुरंत काम करने देते हैं; उन्होंने अहंकार के सभी अवरोधक अंतर्धाराओं को हमेशा के लिए भगा दिया है।","type":"default","passage":"पवित्र माँ के साथ एक साक्षात्कार (काशी मणि लाहिड़ी)","commentary":"","meaning":""},{"id":"23","title":"31.23","content":"धार्मिकता के स्वतः समायोजन, जो अक्सर अप्रत्याशित सिक्के में चुकाए जाते हैं, जैसे कि ट्रैलंगा और उसके संभावित हत्यारे के मामले में, मानवीय अन्याय पर हमारे जल्दबाजी के आक्रोश को कम करते हैं।\n\n“बदला लेना मेरा काम है; मैं ही बदला लूंगा, प्रभु कहते हैं।\n\n” {FN31-5} मनुष्य के अल्प संसाधनों की क्या आवश्यकता है? ब्रह्मांड उचित रूप से प्रतिशोध के लिए षड्यंत्र रचता है।\n\nमंद बुद्धि ईश्वरीय न्याय, प्रेम, सर्वज्ञता, अमरता की संभावना को बदनाम करती है।\n\n“हवादार शास्त्रीय अनुमान!” यह असंवेदनशील दृष्टिकोण, ब्रह्मांडीय तमाशे के सामने निश्चल, घटनाओं की एक श्रृंखला को जगाता है जो अपने आप जागृति लाता है।\n\nआध्यात्मिक कानून की सर्वशक्तिमत्ता का उल्लेख मसीह ने यरूशलेम में अपने विजयी प्रवेश के अवसर पर किया था।\n\nजब शिष्य और भीड़ खुशी से चिल्ला रहे थे, और चिल्ला रहे थे, “स्वर्ग में शांति और सर्वोच्च में महिमा, ” कुछ फरीसी इस अशोभनीय तमाशे की शिकायत कर रहे थे।\n\n“गुरु, ” उन्होंने विरोध किया, “अपने शिष्यों को डांटें।\n\n”","type":"default","passage":"पवित्र माँ के साथ एक साक्षात्कार (काशी मणि लाहिड़ी)","commentary":"","meaning":""},{"id":"24","title":"31.24","content":"यीशु ने उत्तर दिया, “मैं तुमसे कहता हूँ, कि यदि ये चुप रहें, तो पत्थर तुरन्त चिल्ला उठेंगे।\n\n” {FN31-6} फरीसियों को इस फटकार में, मसीह यह बता रहे थे कि ईश्वरीय न्याय कोई आलंकारिक अमूर्तता नहीं है, और शांतिप्रिय व्यक्ति, भले ही उसकी जीभ अपनी जड़ों से उखड़ गई हो, फिर भी सृष्टि के आधार, सार्वभौमिक व्यवस्था में अपनी वाणी और अपना बचाव पा लेगा।\n\nयीशु कह रहे थे, “क्या तुम शांतिप्रिय लोगों को चुप कराना चाहते हो? क्या तुम परमेश्वर की आवाज़ को दबाना चाहते हो, जिसके पत्थर ही उसकी महिमा और उसकी सर्वव्यापकता का गान करते हैं।\n\nक्या तुम यह माँग करोगे कि मनुष्य स्वर्ग में शांति के सम्मान में उत्सव न मनाएँ, बल्कि केवल पृथ्वी पर युद्ध के लिए चिल्लाने के लिए भीड़ में इकट्ठा हों? तो हे फरीसियों, संसार की नींव को उखाड़ फेंकने के लिए अपनी तैयारी करो; क्योंकि केवल सज्जन लोग ही नहीं, बल्कि पत्थर या धरती, और पानी और आग और हवा भी तुम्हारे विरुद्ध उठेंगे, ताकि वे उसकी व्यवस्थित सद्भावना की गवाही दें।\n\n”","type":"default","passage":"पवित्र माँ के साथ एक साक्षात्कार (काशी मणि लाहिड़ी)","commentary":"","meaning":""},{"id":"25","title":"31.25","content":"ईसा मसीह जैसे योगी त्रैलंग की कृपा एक बार मेरे साजो मामा पर हुई थी।\n\nएक सुबह मामा ने देखा कि गुरु भक्तों की भीड़ से घिरे हुए हैं।\n\nवह किसी तरह त्रैलंग के पास पहुंचे और विनम्रतापूर्वक उनके पैर छुए।\n\nमामा यह देखकर हैरान रह गए कि उन्हें एक दर्दनाक पुरानी बीमारी से तुरंत मुक्ति मिल गई।\n\n{FN31-7} महान योगी की एकमात्र ज्ञात जीवित शिष्या शंकरी माई जीऊ नामक महिला हैं।\n\nत्रैलंग के एक शिष्य की पुत्री होने के कारण उन्हें बचपन से ही स्वामी का प्रशिक्षण प्राप्त था।\n\nवह बद्रीनाथ, केदारनाथ, अमरनाथ और पशुपतिनाथ के पास हिमालय की एकांत गुफाओं में चालीस साल तक रहीं।\n\n1826 में जन्मी ब्रह्मचारिणी  \n***(महिला तपस्वी)***\n \n\nअब सौ वर्ष से अधिक की हो चुकी हैं।\n\nहालांकि दिखने में वह बूढ़ी नहीं हुई हैं, लेकिन उनके काले बाल, चमकते दांत और अद्भुत ऊर्जा बरकरार है।\n\nवह समय-समय पर आयोजित होने वाले मेलों या धार्मिक मेलों में भाग लेने के लिए हर कुछ वर्षों में अपने एकांतवास से बाहर आती हैं।","type":"default","passage":"पवित्र माँ के साथ एक साक्षात्कार (काशी मणि लाहिड़ी)","commentary":"","meaning":""},{"id":"26","title":"31.26","content":"यह महिला संत अक्सर लाहिड़ी महाशय से मिलने जाती थी।\n\nउसने बताया है कि एक दिन, कलकत्ता के पास बराकपुर खंड में, जब वह लाहिड़ी महाशय के पास बैठी थी, उनके महान गुरु बाबाजी चुपचाप कमरे में आए और उन दोनों से बातचीत की।\n\nएक अवसर पर, उनके गुरु त्रैलंग ने अपनी सामान्य चुप्पी को त्यागते हुए, लाहिड़ी महाशय का सार्वजनिक रूप से बहुत ही स्पष्ट रूप से सम्मान किया।\n\nबनारस के एक शिष्य ने आपत्ति की।\n\nउन्होंने कहा,  \n> श्रीमान, आप एक स्वामी और एक संन्यासी होते हुए भी एक गृहस्थ के प्रति इतना सम्मान क्यों दिखाते हैं?\n  \n> मेरे बेटे,  \n त्रैलंग ने उत्तर दिया,  \n> लाहिड़ी महाशय एक दिव्य बिल्ली के बच्चे की तरह हैं, जहाँ भी ब्रह्मांडीय माँ ने उन्हें रखा है, वे वहीं रहते हैं।\n\nएक सांसारिक व्यक्ति की भूमिका निभाते हुए, उन्होंने वह पूर्ण आत्म-साक्षात्कार प्राप्त किया है जिसके लिए मैंने अपनी लंगोटी तक त्याग दी है!","type":"default","passage":"पवित्र माँ के साथ एक साक्षात्कार (काशी मणि लाहिड़ी)","commentary":"","meaning":""},{"id":"27","title":"31.27","content":"{FN31-1} यहाँ पर मिल्टन की पंक्ति याद आती है:  \n> वह केवल ईश्वर के लिए, वह उसमें ईश्वर के लिए।\n\n {FN31-2} आदरणीय मां का देहांत 1930 में बनारस में हुआ।\n\n{FN31-3} छड़ी, जो रीढ़ की हड्डी का प्रतीक है, जिसे भिक्षुओं के कुछ निश्चित संप्रदायों द्वारा अनुष्ठान के रूप में धारण किया जाता है।\n\n{FN31-4} वह एक मुनि थे, एक भिक्षु जो मौन, आध्यात्मिक मौन का पालन करता था।\n\nसंस्कृत मूल मुनि ग्रीक मोनोस,  \n> अकेला, एकल\n के समान है, जिससे अंग्रेजी शब्द MONK, MONISM, आदि व्युत्पन्न हुए हैं।\n\n{FN31-5} रोमियों 12:19।\n\n{FN31-6} लूका 19:37-40।\n\n{FN31-7} त्रैलंगा और अन्य महान गुरुओं का जीवन हमें यीशु के शब्दों की याद दिलाता है: \" वे नई-नई भाषा बोलेंगे, वे सांपों को उठा लेंगे, और यदि वे नाशक वस्तु भी पी जाएं तौभी उन की कुछ हानि न होगी; वे बीमारों पर हाथ रखेंगे, और वे चंगे हो जाएंगे।\n\n”—मरकुस 16:17-18.","type":"default","passage":"पवित्र माँ के साथ एक साक्षात्कार (काशी मणि लाहिड़ी)","commentary":"","meaning":""},{"id":"28","title":"31.28","content":"","type":"default","passage":"पवित्र माँ के साथ एक साक्षात्कार (काशी मणि लाहिड़ी)","commentary":"","meaning":""}]}