{"id":32,"title":"राम पुनः जीवित और पुनः खोजे गए","description":"राम पुनः जीवित और पुनः खोजे गए","sectionCount":21,"tags":null,"contentId":"AoY02","sections":[{"id":"1","title":"32.1","content":"राम को मृतकों में से उठाया गया “\n\nअब लाज़र नाम का एक मनुष्य बीमार था।\n\n.. जब यीशु ने यह सुना, तो उसने कहा, यह बीमारी मृत्यु के लिए नहीं, बल्कि परमेश्वर की महिमा के लिए है, कि उसके द्वारा परमेश्वर के पुत्र की महिमा हो।\n\n’ {FN32-1} श्री युक्तेश्वर एक सुबह अपने सेरामपुर आश्रम की बालकनी में ईसाई धर्मग्रंथों की व्याख्या कर रहे थे।\n\nमास्टर के कुछ अन्य शिष्यों के अलावा, मैं अपने रांची के छात्रों के एक छोटे समूह के साथ मौजूद था।\n\n“इस अंश में यीशु ने खुद को ईश्वर का पुत्र कहा है।\n\nहालाँकि वह वास्तव में ईश्वर के साथ एक था, यहाँ उसके संदर्भ का एक गहरा अवैयक्तिक महत्व है, ” मेरे गुरु ने समझाया।\n\n“ईश्वर का पुत्र मनुष्य में मसीह या दिव्य चेतना है।\n\nकोई भी नश्वर ईश्वर की महिमा नहीं कर सकता।\n\nसंतों के सिर के चारों ओर की ‘महिमा’ या निम्बस उनकी दिव्य श्रद्धांजलि देने की क्षमता का प्रतीकात्मक साक्ष्य है।\n\n”","type":"default","passage":"राम पुनः जीवित और पुनः खोजे गए","commentary":"","meaning":""},{"id":"2","title":"32.2","content":"श्रीयुक्तेश्वर ने लाजरस के पुनरुत्थान की अद्भुत कहानी पढ़ी।\n\nइसके समापन पर गुरु ने एक लंबी चुप्पी साध ली, पवित्र पुस्तक को अपने घुटनों पर खोल लिया।\n\n> मुझे भी ऐसा ही चमत्कार देखने का सौभाग्य मिला।\n\n मेरे गुरु ने \n\nअंत में गंभीर भाव से कहा।\n\n> लाहिड़ी महाशय ने मेरे एक मित्र को मृतकों में से पुनर्जीवित किया।\n\n मेरे बगल में बैठे युवा लड़के गहरी दिलचस्पी से मुस्कुराए।\n\nमेरे अंदर भी इतना लड़का था कि मैं न केवल दर्शन का आनंद लेता था, बल्कि विशेष रूप से, श्रीयुक्तेश्वर को उनके गुरु के साथ उनके अद्भुत अनुभवों के बारे में बताने वाली किसी भी कहानी का आनंद लेता था।\n\n> मेरे मित्र राम और मैं अविभाज्य थे,  \n गुरु ने शुरू किया।\n\n> क्योंकि वह शर्मीले और एकांतप्रिय थे, \n\nइसलिए उन्होंने हमारे गुरु लाहिड़ी महाशय से केवल आधी रात और भोर के समय ही मिलना पसंद किया, जब दिन के समय शिष्यों की भीड़ अनुपस्थित थी।\n\nराम के सबसे करीबी दोस्त के रूप में, मैंने उनके लिए आध्यात्मिक माध्यम के रूप में काम किया, जिसके माध्यम से उन्होंने अपनी आध्यात्मिक धारणाओं की संपत्ति को बाहर निकाला।\n\nमुझे उनके आदर्श साथी में प्रेरणा मिली।\n\n मेरे गुरु का चेहरा यादों से नरम पड़ गया।","type":"default","passage":"राम पुनः जीवित और पुनः खोजे गए","commentary":"","meaning":""},{"id":"3","title":"32.3","content":"श्रीयुक्तेश्वर ने आगे कहा,  \n> राम को अचानक एक कठिन परीक्षा से गुजरना पड़ा।\n\n  \n> उन्हें एशियाई हैजा की बीमारी हो गई।\n\nचूँकि हमारे गुरु ने गंभीर बीमारी के समय चिकित्सकों की सेवाओं पर कभी आपत्ति नहीं की, \n\nइसलिए दो विशेषज्ञों को बुलाया गया।\n\nबीमार व्यक्ति की सेवा करने की उन्मत्त भीड़ के बीच, मैं मदद के लिए लाहिड़ी महाशय से गहन प्रार्थना कर रहा था।\n\nमैं जल्दी से उनके घर गया और रोते हुए कहानी सुनाई।\n\n**डॉक्टर राम को देख रहे हैं।\n\nवह ठीक हो जाएगा।\n\n** मेरे गुरु ने प्रसन्नतापूर्वक मुस्कुराया।\n\n> मैं हल्के मन से अपने मित्र के बिस्तर के पास लौटा, केवल उसे मरणासन्न अवस्था में पाया।\n\n**वह एक या दो घंटे से अधिक जीवित नहीं रह सकता, ** एक चिकित्सक ने निराशा के भाव से मुझसे कहा।\n\nएक बार फिर मैं लाहिड़ी महाशय के पास गया।","type":"default","passage":"राम पुनः जीवित और पुनः खोजे गए","commentary":"","meaning":""},{"id":"4","title":"32.4","content":"“‘डॉक्टर ईमानदार लोग हैं।\n\nमुझे यकीन है कि राम ठीक हो जाएगा।\n\n’ गुरु ने मुझे खुशी से विदा किया।\n\n“राम के घर पर मैंने पाया कि दोनों डॉक्टर चले गए हैं।\n\nएक ने मेरे लिए एक नोट छोड़ा था: ‘हमने अपनी तरफ से पूरी कोशिश की है, लेकिन उसका मामला निराशाजनक है।\n\n’ “मेरा मित्र वास्तव में एक मरते हुए आदमी की तस्वीर था।\n\nमैं समझ नहीं पाया कि लाहिड़ी महाशय के शब्द कैसे सच नहीं हो सकते, फिर भी राम के तेजी से घटते जीवन को देखकर मेरे मन में यह विचार आता रहा: ‘\n\nअब सब खत्म हो गया है।\n\n’ इस तरह विश्वास और आशंका के समुद्र में उछलते हुए, मैंने अपने मित्र की यथासंभव सेवा की।\n\nवह चिल्लाने के लिए उठा: “‘युक्तेश्वर, गुरु के पास जाओ और उन्हें बताओ कि मैं चला गया हूँ।\n\nउनसे कहो कि वे मेरे शरीर को अंतिम संस्कार से पहले आशीर्वाद दें।\n\n’ इन शब्दों के साथ राम ने गहरी साँस ली और प्राण त्याग दिए।\n\n{FN32-2}","type":"default","passage":"राम पुनः जीवित और पुनः खोजे गए","commentary":"","meaning":""},{"id":"5","title":"32.5","content":"“मैं उनके प्रिय रूप के पास एक घंटे तक रोता रहा।\n\nहमेशा शांति पसंद करने वाले, \n\nअब उन्होंने मृत्यु की पूर्ण शांति प्राप्त कर ली थी।\n\nएक और शिष्य आया; मैंने उसे मेरे लौटने तक घर में रहने के लिए कहा।\n\nआधा हतप्रभ, मैं अपने गुरु के पास वापस चला गया।\n\n“‘राम \n\nअब कैसे हैं?’ लाहिड़ी महाशय के चेहरे पर मुस्कान थी।\n\n“‘श्रीमान, आप जल्द ही देखेंगे कि वह कैसे हैं, ’ मैंने भावुक होकर कहा।\n\n‘कुछ घंटों में आप उनके शरीर को देखेंगे, इससे पहले कि उसे श्मशान घाट ले जाया जाए।\n\n’ मैं टूट गया और खुलकर विलाप करने लगा।\n\n“‘युक्तेश्वर, अपने आप पर नियंत्रण रखें।\n\nशांति से बैठें और ध्यान करें।\n\n’ मेरे गुरु समाधि में चले गए।\n\nदोपहर और रात अखंड मौन में गुजरी","type":"default","passage":"राम पुनः जीवित और पुनः खोजे गए","commentary":"","meaning":""},{"id":"6","title":"32.6","content":"“भोर होते ही लाहिड़ी महाशय ने मुझे सांत्वना देते हुए देखा।\n\n‘मैं देख रहा हूँ कि तुम अभी भी परेशान हो।\n\nतुमने कल क्यों नहीं बताया कि तुम मुझसे राम को कोई औषधि देने की अपेक्षा कर रहे थे?’ गुरु ने कच्चे अरंडी के तेल से भरे एक प्याले के आकार के दीपक की ओर इशारा किया।\n\n‘दीपक से एक छोटी बोतल भरो; राम के मुँह में सात बूँदें डालो।\n\n’ “‘महाशय, ’ मैंने झिड़कते हुए कहा, ‘वह कल दोपहर से ही मर चुका है।\n\nअब तेल किस काम का?’ “‘कोई बात नहीं; बस जैसा मैं कहूँ वैसा करो।\n\n’ लाहिड़ी महाशय का प्रसन्नचित्त भाव समझ से परे था; मैं अभी भी शोक की असहनीय पीड़ा में था।\n\nथोड़ा सा तेल उंडेलते हुए, मैं राम के घर के लिए निकल पड़ा।","type":"default","passage":"राम पुनः जीवित और पुनः खोजे गए","commentary":"","meaning":""},{"id":"7","title":"32.7","content":"> मैंने अपने मित्र के शरीर को मृत्यु-शिकंजे में जकड़ा हुआ पाया।\n\nउसकी वीभत्स स्थिति पर ध्यान न देते हुए, मैंने अपनी दाहिनी उंगली से उसके होंठ खोले और अपने बाएं हाथ और कॉर्क की मदद से, उसके भीगे हुए दांतों पर बूंद-बूंद तेल डालने में कामयाब रहा।\n\nजैसे ही सातवीं बूंद उसके ठंडे होठों को छू गई, राम हिंसक रूप से कांप उठा।\n\nउसकी मांसपेशियां सिर से पैर तक कंपन करने लगीं और वह आश्चर्य से उठ बैठा।\n\n> **मैंने लाहिड़ी महाशय को प्रकाश की ज्वाला में देखा, ** वह चिल्लाया।\n\nवह सूर्य की तरह चमक रहा था।\n\n**उठो; अपनी नींद त्याग दो, ** उसने मुझे आदेश दिया।\n\n**युक्तेश्वर के साथ मुझसे मिलने आओ।\n\n**\n \"मुझे अपनी आँखों पर यकीन ही नहीं हुआ जब राम ने अपने कपड़े पहने और उस घातक बीमारी के बाद इतने मजबूत हो गए कि हमारे गुरु के घर तक चल सके","type":"default","passage":"राम पुनः जीवित और पुनः खोजे गए","commentary":"","meaning":""},{"id":"8","title":"32.8","content":"> गुरुजी प्रसन्नता से पागल हो गए।\n\nउनकी आँखें शरारत से मेरी ओर चमक उठीं।\n\n**युक्तेश्वर, ** उन्होंने कहा, **\n\nअब से तुम अपने साथ अरंडी के तेल की एक बोतल अवश्य रखोगे! जब भी तुम कोई शव देखो, उस पर तेल चढ़ा देना! क्यों, दीपक के तेल की सात बूँदें अवश्य ही यम की शक्ति को नष्ट कर देंगी!** {FN32-3}  \n> **गुरुजी, आप मेरा उपहास कर रहे हैं।\n\nमैं कुछ नहीं समझता; कृपया मेरी गलती की प्रकृति बताएं।\n\n**  \n**मैंने आपसे दो बार कहा था कि राम ठीक हो जाएगा; फिर भी आप मेरी बात पर पूरी तरह विश्वास नहीं कर सके, ** लाहिड़ी महाशय ने समझाया।\n\n'मेरा यह मतलब नहीं था कि डॉक्टर उसे ठीक कर देंगे; मैंने केवल यह कहा था कि वे उपस्थित थे।\n\nमेरे दोनों कथनों के बीच कोई कारण-कार्य संबंध नहीं था।\n\nमैं डॉक्टरों के काम में हस्तक्षेप नहीं करना चाहता था; उन्हें भी जीना है।\n\n’ खुशी से गूंजती आवाज़ में मेरे गुरु ने आगे कहा, ‘हमेशा याद रखो कि अक्षय परमात्मा किसी को भी ठीक कर सकता है, चाहे वह डॉक्टर हो या न हो।\n\n’","type":"default","passage":"राम पुनः जीवित और पुनः खोजे गए","commentary":"","meaning":""},{"id":"9","title":"32.9","content":"> **मुझे अपनी गलती दिख रही है, ** मैंने पश्चातापपूर्वक स्वीकार किया।\n\n**\n\nअब मैं जानता हूँ कि आपका सरल वचन पूरे ब्रह्मांड पर बाध्यकारी है।\n\n**\n जैसे ही श्रीयुक्तेश्वर ने विस्मयकारी कहानी समाप्त की, मंत्रमुग्ध श्रोताओं में से एक ने एक ऐसा प्रश्न पूछा, जो एक बच्चे की तरह, दोगुना समझने योग्य था।\n\n> सर,  \n उसने कहा,  \n> आपके गुरु ने अरंडी के तेल का उपयोग क्यों किया?\n  \n> बच्चे, तेल देने का कोई मतलब नहीं था, सिवाय इसके कि मैं कुछ भौतिक चीज़ की उम्मीद कर रहा था और लाहिड़ी महाशय ने मेरे महान विश्वास को जगाने के लिए एक वस्तुनिष्ठ प्रतीक के रूप में पास के तेल को चुना।\n\nगुरु ने राम को मरने दिया, क्योंकि मुझे आंशिक रूप से संदेह था।\n\nलेकिन दिव्य गुरु जानते थे कि चूँकि उन्होंने कहा था कि शिष्य ठीक हो जाएगा, \n\nइसलिए उपचार अवश्य होना चाहिए, भले ही उन्हें राम को मृत्यु से ठीक करना था, एक बीमारी जो आमतौर पर अंतिम होती है!","type":"default","passage":"राम पुनः जीवित और पुनः खोजे गए","commentary":"","meaning":""},{"id":"10","title":"32.10","content":"श्रीयुक्तेश्वर ने छोटे समूह को विदा किया, और मुझे अपने पैरों के पास एक कंबल वाली सीट पर बैठने का इशारा किया।\n\n“योगानंद, ” उन्होंने असाधारण गंभीरता के साथ कहा, “तुम जन्म से ही लाहिड़ी महाशय के प्रत्यक्ष शिष्यों से घिरे रहे हो।\n\nमहान गुरु ने अपना उत्कृष्ट जीवन आंशिक एकांत में बिताया, और अपने अनुयायियों को उनकी शिक्षाओं के इर्द-गिर्द कोई संगठन बनाने की अनुमति देने से दृढ़ता से इनकार कर दिया।\n\nफिर भी, उन्होंने एक महत्वपूर्ण भविष्यवाणी की।\n\n“‘मेरे निधन के लगभग पचास साल बाद, ’ उन्होंने कहा, ‘मेरा जीवन योग में गहरी रुचि के कारण लिखा जाएगा जिसे पश्चिम प्रकट करेगा।\n\nयोगिक संदेश दुनिया भर में फैल जाएगा, और मानव के उस भाईचारे को स्थापित करने में सहायता करेगा जो एक पिता की प्रत्यक्ष अनुभूति से उत्पन्न होता है।\n\n’","type":"default","passage":"राम पुनः जीवित और पुनः खोजे गए","commentary":"","meaning":""},{"id":"11","title":"32.11","content":"श्रीयुक्तेश्वर ने कहा,  \n> मेरे बेटे योगानंद, तुम्हें उस संदेश को फैलाने और उस पवित्र जीवन को लिखने में अपना योगदान देना चाहिए।\n\n 1895 में लाहिड़ी महाशय के निधन के पचास वर्ष बाद 1945 में यह पुस्तक पूरी हुई।\n\nमैं इस संयोग से आश्चर्यचकित हूं कि 1945 में एक नए युग की शुरुआत हुई- क्रांतिकारी परमाणु ऊर्जा का युग।\n\nसभी विचारशील दिमाग शांति और भाईचारे की जरूरी समस्याओं की ओर पहले से कहीं अधिक मुड़ते हैं, ताकि शारीरिक बल का निरंतर उपयोग समस्याओं के साथ-साथ सभी मनुष्यों को भी खत्म न कर दे।\n\nयद्यपि मानव जाति और उसके कार्य समय या बम द्वारा बिना किसी निशान के गायब हो जाते हैं, लेकिन सूर्य अपने मार्ग में डगमगाता नहीं है; तारे अपनी अचूक निगरानी रखते हैं।\n\nब्रह्मांडीय नियम को रोका या बदला नहीं जा सकता है, और मनुष्य को खुद को इसके साथ सामंजस्य में रखना चाहिए।\n\nयदि ब्रह्मांड शक्ति के विरुद्ध है, यदि सूर्य ग्रहों से युद्ध नहीं करता है, बल्कि तारों को उनका थोड़ा सा प्रभाव देने के लिए उचित समय पर पीछे हट जाता है, तो हमारी मुट्ठी का क्या उपयोग है? क्या इससे सचमुच कोई शांति आएगी? क्रूरता नहीं, बल्कि सद्भावना ही सार्वभौमिक शक्तियों को सशक्त बनाती है; शांति से रहने वाली मानवता विजय के अनंत फलों को महसूस करेगी, जो रक्त की धरती पर पले-बढ़े फलों से कहीं अधिक मीठे होते हैं।","type":"default","passage":"राम पुनः जीवित और पुनः खोजे गए","commentary":"","meaning":""},{"id":"12","title":"32.12","content":"राष्ट्र संघ का प्रभावकारी स्वरूप मानव हृदयों का स्वाभाविक, नामहीन संघ होगा।\n\nसांसारिक विपत्तियों के उपचार के लिए आवश्यक व्यापक सहानुभूति और विवेकपूर्ण अंतर्दृष्टि मनुष्य की विविधताओं के मात्र बौद्धिक विचार से नहीं, बल्कि मनुष्य की एकमात्र एकता-ईश्वर के साथ उसके सम्बन्ध के ज्ञान से प्रवाहित होती है।\n\nसंसार के सर्वोच्च आदर्श-भ्रातृत्व के माध्यम से शांति-की प्राप्ति के लिए योग, ईश्वर के साथ व्यक्तिगत सम्पर्क का विज्ञान, समय के साथ सभी देशों के सभी मनुष्यों तक फैल सकता है।\n\nयद्यपि भारत की सभ्यता किसी भी अन्य सभ्यता से अधिक प्राचीन है, फिर भी कुछ इतिहासकारों ने इस बात पर ध्यान दिया है कि राष्ट्रीय अस्तित्व की उसकी उपलब्धि किसी भी तरह से एक दुर्घटना नहीं है, बल्कि शाश्वत सत्यों के प्रति समर्पण में एक तार्किक घटना है, जिसे भारत ने हर पीढ़ी में अपने सर्वश्रेष्ठ पुरुषों के माध्यम से प्रस्तुत किया है।\n\nअस्तित्व की विशुद्ध निरंतरता से, युगों से पहले अकर्मण्यता से-क्या धूल भरे विद्वान हमें वास्तव में बता सकते हैं कि कितने?-भारत ने समय की चुनौती का किसी भी राष्ट्र की तुलना में सबसे योग्य उत्तर दिया है।","type":"default","passage":"राम पुनः जीवित और पुनः खोजे गए","commentary":"","meaning":""},{"id":"13","title":"32.13","content":"बाइबिल की कहानी {FN32-5} जिसमें \n\nअब्राहम ने भगवान से प्रार्थना की कि यदि सदोम शहर में दस धर्मी पुरुष मिल जाएं तो उसे बख्श दिया जाए, और दिव्य उत्तर: “मैं दस के खातिर इसे नष्ट नहीं करूंगा, ” बेबीलोन, मिस्र और अन्य शक्तिशाली राष्ट्रों की विस्मृति से भारत के बच निकलने के प्रकाश में नया अर्थ प्राप्त करता है जो कभी उसके समकालीन थे।\n\nभगवान का उत्तर स्पष्ट रूप से दिखाता है कि एक देश अपनी भौतिक उपलब्धियों से नहीं, बल्कि मनुष्य की उत्कृष्ट कृतियों से जीवित रहता है।\n\nइस बीसवीं सदी में, जो आधी खत्म होने से पहले दो बार खून से रंगी हुई है, दिव्य शब्द फिर से सुने जाएं: कोई भी राष्ट्र जो दस पुरुषों को पैदा नहीं कर सकता, जो कि अदम्य न्यायाधीश की नजर में महान है, विलुप्ति को नहीं जान पाएगा।\n\nऐसी धारणाओं पर ध्यान देकर, भारत ने समय की हजारों चालाकियों के सामने खुद को मूर्ख नहीं साबित किया है लाहिड़ी महाशय और उनके शिष्य श्रीयुक्तेश्वर जैसे आधुनिक ईसा-समान ऋषि यह घोषणा करने के लिए उठ खड़े हुए कि योग विज्ञान मनुष्य की खुशी और राष्ट्र की दीर्घायु के लिए किसी भी भौतिक प्रगति से अधिक महत्वपूर्ण है।","type":"default","passage":"राम पुनः जीवित और पुनः खोजे गए","commentary":"","meaning":""},{"id":"14","title":"32.14","content":"लाहिड़ी महाशय के जीवन और उनके सार्वभौमिक सिद्धांत के बारे में बहुत कम जानकारी कभी भी छपी है।\n\nभारत, अमेरिका और यूरोप में तीन दशकों से, मैंने उनके मुक्तिदायी योग के संदेश में गहरी और सच्ची दिलचस्पी देखी है; गुरु के जीवन का एक लिखित विवरण, जैसा कि उन्होंने भविष्यवाणी की थी, \n\nअब पश्चिम में आवश्यक है, जहाँ महान आधुनिक योगियों के जीवन के बारे में बहुत कम जानकारी है।\n\nगुरु के जीवन पर अंग्रेजी में एक या दो छोटे पैम्फलेट के अलावा कुछ भी नहीं लिखा गया है।\n\nबंगाली में एक जीवनी, श्री श्री {FN32-6} श्यामा चरण लाहिड़ी महाशय, 1941 में प्रकाशित हुई।\n\nइसे मेरे शिष्य, स्वामी सत्यानंद ने लिखा था, जो कई वर्षों से रांची में हमारे विद्यालय में आचार्य  \n***(आध्यात्मिक उपदेशक)***\n हैं।\n\nमैंने उनकी पुस्तक से कुछ अंशों का अनुवाद किया है और उन्हें लाहिड़ी महाशय को समर्पित इस खंड में शामिल किया है।","type":"default","passage":"राम पुनः जीवित और पुनः खोजे गए","commentary":"","meaning":""},{"id":"15","title":"32.15","content":"लाहिड़ी महाशय का जन्म 30 सितंबर, 1828 को प्राचीन वंश के एक पवित्र ब्राह्मण परिवार में हुआ था।\n\nउनका जन्मस्थान बंगाल के कृष्णानगर के पास नदिया जिले के घुरनी गाँव था।\n\nवे प्रतिष्ठित गौर मोहन लाहिड़ी की दूसरी पत्नी मुक्ताकाशी के सबसे छोटे पुत्र थे।\n\n***(उनकी पहली पत्नी, तीन पुत्रों के जन्म के बाद, तीर्थयात्रा के दौरान मर गई थी।\n\n)***\n बालक की माँ का निधन उसके बचपन में ही हो गया था; उसके बारे में बहुत कम जानकारी है, सिवाय इस तथ्य के कि वह भगवान शिव की एक उत्साही भक्त थीं, जिन्हें शास्त्रीय रूप से  \n> योगियों के राजा\n के रूप में नामित किया गया है।\n\nबालक लाहिड़ी, जिनका दिया गया नाम श्यामा चरण था, ने अपने प्रारंभिक वर्ष नदिया में पैतृक घर में बिताए।\n\nतीन या चार साल की उम्र में उन्हें अक्सर रेत के नीचे योगी की मुद्रा में बैठे देखा गया था","type":"default","passage":"राम पुनः जीवित और पुनः खोजे गए","commentary":"","meaning":""},{"id":"16","title":"32.16","content":"1833 की सर्दियों में लाहिड़ी एस्टेट तब नष्ट हो गया, जब पास की जलंगी नदी ने अपना मार्ग बदल दिया और गंगा की गहराई में समा गई।\n\nलाहिड़ी द्वारा स्थापित शिव मंदिरों में से एक परिवार के घर के साथ नदी में समा गया।\n\nएक भक्त ने भगवान शिव की पत्थर की मूर्ति को पानी के भंवर से बचाया और उसे एक नए मंदिर में स्थापित किया, जो \n\nअब घुरनी शिव स्थल के रूप में प्रसिद्ध है।\n\nगौर मोहन लाहिड़ी और उनका परिवार नादिया छोड़कर बनारस में रहने लगे, जहाँ उनके पिता ने तुरंत एक शिव मंदिर बनवाया।\n\nउन्होंने अपने घर को वैदिक अनुशासन के अनुसार चलाया, जिसमें नियमित रूप से औपचारिक पूजा, दान-पुण्य और शास्त्रों का अध्ययन शामिल था।\n\nहालाँकि, न्यायप्रिय और खुले विचारों वाले, उन्होंने आधुनिक विचारों की लाभकारी धारा को नज़रअंदाज़ नहीं किया।","type":"default","passage":"राम पुनः जीवित और पुनः खोजे गए","commentary":"","meaning":""},{"id":"17","title":"32.17","content":"बालक लाहिड़ी ने बनारस के अध्ययन-समूहों में हिंदी और उर्दू की शिक्षा ली।\n\nउन्होंने जय नारायण घोषाल द्वारा संचालित एक विद्यालय में शिक्षा प्राप्त की, जहाँ उन्हें संस्कृत, बंगाली, फ्रेंच और अंग्रेजी की शिक्षा मिली।\n\nवेदों का गहन अध्ययन करने वाले युवा योगी ने विद्वान ब्राह्मणों द्वारा शास्त्रों पर की जाने वाली चर्चाओं को उत्सुकता से सुना, जिसमें नाग-भट्ट नामक एक मराठा पंडित भी शामिल था।\n\nश्यामा चरण एक दयालु, सौम्य और साहसी युवक थे, जो अपने सभी साथियों के प्रिय थे।\n\nएक सुडौल, चमकदार और शक्तिशाली शरीर के साथ, वे तैराकी और कई कुशल गतिविधियों में पारंगत थे।\n\n1846 में श्यामा चरण लाहिड़ी का विवाह श्री देवनारायण सान्याल की पुत्री श्रीमती काशी मोनी से हुआ।\n\nएक आदर्श भारतीय गृहिणी, काशी मोनी ने अपने घरेलू कर्तव्यों और मेहमानों और गरीबों की सेवा करने के पारंपरिक गृहस्थ के दायित्व को खुशी-खुशी निभाया।\n\nदो संत पुत्रों, टिंकौरी और डुकौरी ने विवाह को आशीर्वाद दिया।","type":"default","passage":"राम पुनः जीवित और पुनः खोजे गए","commentary":"","meaning":""},{"id":"18","title":"32.18","content":"1851 में 23 वर्ष की आयु में लाहिड़ी महाशय ने अंग्रेजी सरकार के सैन्य इंजीनियरिंग विभाग में लेखाकार का पद संभाला।\n\nअपनी सेवा के दौरान उन्हें कई पदोन्नति मिलीं।\n\nइस प्रकार वे न केवल ईश्वर की दृष्टि में गुरु थे, बल्कि उस छोटे से मानवीय नाटक में भी सफल रहे, जिसमें उन्होंने दुनिया में एक कार्यालय कर्मचारी के रूप में अपनी दी गई भूमिका निभाई।\n\nसेना विभाग के कार्यालयों के स्थानांतरित होने के कारण लाहिड़ी महाशय को गाजीपुर, मीरजापुर, दानापुर, नैनीताल, बनारस और अन्य इलाकों में स्थानांतरित किया गया।\n\nअपने पिता की मृत्यु के बाद लाहिड़ी को अपने परिवार की पूरी जिम्मेदारी उठानी पड़ी, जिसके लिए उन्होंने बनारस के गरुड़ेश्वर मोहल्ले में एक शांत निवास खरीदा।","type":"default","passage":"राम पुनः जीवित और पुनः खोजे गए","commentary":"","meaning":""},{"id":"19","title":"32.19","content":"तैंतीस वर्ष की आयु में लाहिड़ी महाशय ने उस उद्देश्य की पूर्ति देखी जिसके लिए उन्होंने पृथ्वी पर पुनर्जन्म लिया था।\n\nलंबे समय से सुलग रही राख में छिपी ज्वाला को प्रज्वलित होने का अवसर मिला।\n\nमानव की दृष्टि से परे एक दिव्य आदेश, सभी चीजों को उचित समय पर बाहरी अभिव्यक्ति में लाने के लिए रहस्यमय तरीके से काम करता है।\n\nवे रानीखेत के पास अपने महान गुरु, बाबाजी से मिले, और उनसे क्रिया योग में दीक्षित हुए।\n\nयह शुभ घटना केवल उनके साथ ही नहीं हुई; यह पूरी मानव जाति के लिए एक सौभाग्यशाली क्षण था, जिनमें से कई को बाद में क्रिया का आत्मा-जागृति उपहार प्राप्त करने का सौभाग्य मिला।\n\nखोई हुई, या लंबे समय से लुप्त, योग की सर्वोच्च कला को फिर से प्रकाश में लाया जा रहा था।\n\nआध्यात्मिक रूप से प्यासे कई पुरुषों और महिलाओं ने अंततः क्रिया योग के ठंडे जल तक अपना रास्ता खोज लिया।\n\nजिस प्रकार हिंदू पौराणिक कथाओं में, जहां मां गंगा ने प्यास से तड़पते भक्त भगीरथ को अपना दिव्य जल प्रदान किया, उसी प्रकार क्रिया की दिव्य बाढ़ हिमालय के गुप्त दुर्गों से मनुष्यों के धूल भरे निवासों में प्रवाहित हुई।","type":"default","passage":"राम पुनः जीवित और पुनः खोजे गए","commentary":"","meaning":""},{"id":"20","title":"32.20","content":"{FN32-1} यूहन्ना 11:1-4. {FN32-2} हैजा से पीड़ित व्यक्ति अक्सर मृत्यु के क्षण तक विवेकशील और पूर्णतः सचेत रहता है।\n\n{FN32-3} मृत्यु का देवता।\n\n{FN32-4} शाब्दिक रूप से, “परमात्मा।\n\n” {FN32-5} उत्पत्ति 18:23-32. {FN32-6} श्री, एक उपसर्ग जिसका अर्थ है “पवित्र”, महान भारतीय शिक्षकों के नामों के साथ  \n***(आमतौर पर दो या तीन बार)***\n जोड़ा जाता है।\n\n{FN32-7} देवत्व की त्रिमूर्ति में से एक- ब्रह्मा, विष्णु, शिव- जिनका सार्वभौमिक कार्य क्रमशः सृजन, संरक्षण और विघटन-पुनर्स्थापना है।\n\nशिव  \n***(कभी-कभी शिवा लिखा जाता है)***\n, जिन्हें पौराणिक कथाओं में त्यागियों के भगवान के रूप में दर्शाया गया है, अपने भक्तों को विभिन्न रूपों में दर्शन देते हैं, जैसे जटाधारी तपस्वी महादेव और ब्रह्मांडीय नर्तक नटराज।","type":"default","passage":"राम पुनः जीवित और पुनः खोजे गए","commentary":"","meaning":""},{"id":"21","title":"32.21","content":"","type":"default","passage":"राम पुनः जीवित और पुनः खोजे गए","commentary":"","meaning":""}]}