{"id":33,"title":"बाबाजी, आधुनिक भारत के योगी-क्राइस्ट","description":"बाबाजी, आधुनिक भारत के योगी-क्राइस्ट","sectionCount":21,"tags":null,"contentId":"AoY02","sections":[{"id":"1","title":"33.1","content":"बाबाजी, आधुनिक भारत के योगी-मसीह बद्रीनारायण के निकट उत्तरी हिमालय की चट्टानें आज भी बाबाजी की जीवंत उपस्थिति से धन्य हैं, जो लाहिड़ी महाशय के गुरु थे।\n\nएकांतप्रिय गुरु ने सदियों से, शायद सहस्राब्दियों से, अपना भौतिक रूप बनाए रखा है।\n\nअमर बाबाजी एक अवतार हैं।\n\nइस संस्कृत शब्द का अर्थ है “उतरना”; इसकी जड़ें अव, “नीचे, ” और त्रि, “गुजरना” हैं।\n\nहिंदू शास्त्रों में, अवतार का अर्थ है ईश्वर का शरीर में उतरना।\n\nश्रीयुक्तेश्वर ने मुझे समझाया, “बाबाजी की आध्यात्मिक अवस्था मानवीय समझ से परे है।\n\n” “मनुष्य की बौनी दृष्टि उनके दिव्य तारे को भेद नहीं सकती।\n\nअवतार की उपलब्धि की कल्पना करने का प्रयास भी व्यर्थ है।\n\nयह अकल्पनीय है।\n\n”","type":"default","passage":"बाबाजी, आधुनिक भारत के योगी-क्राइस्ट","commentary":"","meaning":""},{"id":"2","title":"33.2","content":"उपनिषदों ने आध्यात्मिक उन्नति के प्रत्येक चरण को बारीकी से वर्गीकृत किया है।\n\nसिद्ध  \n***(\n> पूर्ण व्यक्ति\n)***\n जीवनमुक्त  \n***(\n> जीवित रहते हुए मुक्त\n)***\n की अवस्था से परामुक्त  \n***(\n> सर्वोच्च मुक्त\n - मृत्यु पर पूर्ण शक्ति)***\n की अवस्था तक पहुँच जाता है; परामुक्त मायावी दासता और उसके पुनर्जन्म चक्र से पूरी तरह से मुक्त हो जाता है।\n\nइसलिए परामुक्त शायद ही कभी भौतिक शरीर में लौटता है; यदि वह लौटता है, तो वह एक अवतार है, जो दुनिया पर अलौकिक आशीर्वाद का एक दिव्य रूप से नियुक्त माध्यम है।\n\nएक अवतार सार्वभौमिक अर्थव्यवस्था के अधीन नहीं होता है; उसका शुद्ध शरीर, एक प्रकाश छवि के रूप में दिखाई देता है, प्रकृति के किसी भी ऋण से मुक्त होता है।\n\nएक साधारण नज़र अवतार के रूप में कुछ भी असाधारण नहीं देख सकती है, लेकिन यह न तो कोई छाया बनाता है और न ही ज़मीन पर कोई पदचिह्न बनाता है।\n\nये अंधकार और भौतिक बंधन की आंतरिक कमी के बाहरी प्रतीकात्मक प्रमाण हैं।\n\nऐसा ईश्वर-पुरुष ही जीवन और मृत्यु की सापेक्षता के पीछे के सत्य को जानता है।\n\nउमर खय्याम ने, जिन्हें बहुत गलत समझा गया, अपने अमर धर्मग्रंथ, रुबाइयात में इस मुक्त पुरुष के बारे में गाया:","type":"default","passage":"बाबाजी, आधुनिक भारत के योगी-क्राइस्ट","commentary":"","meaning":""},{"id":"3","title":"33.3","content":"> आह, मेरे आनंद का चंद्रमा जो कभी क्षीण नहीं होता, स्वर्ग का चंद्रमा एक बार फिर से उदय हो रहा है; \n\nअब से कितनी बार उदय होकर वह इसी बगीचे से मुझे देखेगा-व्यर्थ!\n  \n> आनंद का चंद्रमा\n ईश्वर है, शाश्वत ध्रुव, कभी भी कालभ्रमित नहीं।\n\n> स्वर्ग का चंद्रमा\n बाह्य ब्रह्मांड है, जो आवधिक पुनरावृत्ति के नियम से बंधा हुआ है।\n\nइसकी जंजीरों को फारसी द्रष्टा ने अपने आत्म-साक्षात्कार के माध्यम से हमेशा के लिए भंग कर दिया था।\n\n> \n\nअब से कितनी बार उदय होकर वह मुझे देखेगा-व्यर्थ!\n एक उन्मत्त ब्रह्मांड द्वारा एक पूर्ण चूक की खोज की कितनी निराशा! मसीह ने अपनी स्वतंत्रता को दूसरे तरीके से व्यक्त किया:  \n> और एक शास्त्री ने उसके पास आकर कहा, हे गुरु, मैं जहाँ कहीं तू जाएगा, वहाँ तेरे पीछे चलूँगा।\n\nऔर यीशु ने उससे कहा, लोमड़ियों के बिल होते हैं, और आकाश के पक्षियों के घोंसले होते हैं; परन्तु मनुष्य के पुत्र के पास सिर टिकाने की भी जगह नहीं है।\n\n {FN33-1}","type":"default","passage":"बाबाजी, आधुनिक भारत के योगी-क्राइस्ट","commentary":"","meaning":""},{"id":"4","title":"33.4","content":"सर्वव्यापकता से परिपूर्ण, क्या वास्तव में मसीह का अनुसरण सर्वव्यापी आत्मा के अलावा किसी और माध्यम से किया जा सकता है? कृष्ण, राम, बुद्ध और पतंजलि प्राचीन भारतीय अवतारों में से थे।\n\nतमिल में दक्षिण भारतीय अवतार अगस्त्य के इर्द-गिर्द काफी काव्य साहित्य रचा गया है।\n\nउन्होंने ईसाई युग से पहले और बाद की शताब्दियों के दौरान कई चमत्कार किए, और उन्हें आज भी अपने भौतिक रूप को बनाए रखने का श्रेय दिया जाता है।\n\nभारत में बाबाजी का मिशन पैगंबरों को उनके विशेष प्रबंधों को पूरा करने में सहायता करना रहा है।\n\nइस प्रकार वे महावतार  \n***(महान अवतार)***\n के शास्त्रीय वर्गीकरण के योग्य हैं।\n\nउन्होंने कहा है कि उन्होंने स्वामी संप्रदाय के प्राचीन संस्थापक शंकर और प्रसिद्ध मध्यकालीन संत कबीर को योग दीक्षा दी थी।\n\nजैसा कि हम जानते हैं, उन्नीसवीं सदी के उनके मुख्य शिष्य लाहिड़ी महाशय थे, जो खोई हुई क्रिया कला के पुनरुत्थानकर्ता थे।","type":"default","passage":"बाबाजी, आधुनिक भारत के योगी-क्राइस्ट","commentary":"","meaning":""},{"id":"5","title":"33.5","content":"[चित्रण: बाबाजी, महावतार, लाहिड़ी महाशय के गुरु, मैंने एक कलाकार को आधुनिक भारत के महान योगी-ईसा मसीह की सच्ची छवि बनाने में मदद की है।\n\n—देखें बाबाजी.jpg] महावतार ईसा मसीह के साथ निरंतर संवाद में रहते हैं; साथ मिलकर वे मुक्ति के स्पंदन भेजते हैं, और इस युग के लिए मोक्ष की आध्यात्मिक तकनीक की योजना बनाई है।\n\nइन दो पूर्ण-प्रकाशित गुरुओं का कार्य - एक शरीर के साथ, और दूसरा शरीर के बिना - राष्ट्रों को आत्मघाती युद्धों, जाति-द्वेष, धार्मिक संप्रदायवाद और भौतिकवाद की बुमेरांग-बुराइयों को त्यागने के लिए प्रेरित करना है।\n\nबाबाजी आधुनिक समय की प्रवृत्ति, विशेष रूप से पश्चिमी सभ्यता के प्रभाव और जटिलताओं से अच्छी तरह परिचित हैं, और योग की आत्म-मुक्ति को पश्चिम और पूर्व में समान रूप से फैलाने की आवश्यकता को समझते हैं।","type":"default","passage":"बाबाजी, आधुनिक भारत के योगी-क्राइस्ट","commentary":"","meaning":""},{"id":"6","title":"33.6","content":"बाबाजी के बारे में कोई ऐतिहासिक संदर्भ नहीं है, इससे हमें आश्चर्य नहीं होना चाहिए।\n\nमहान गुरु कभी भी किसी भी शताब्दी में खुले तौर पर प्रकट नहीं हुए; प्रचार की गलत व्याख्या करने वाली चकाचौंध के लिए उनकी सहस्राब्दी योजनाओं में कोई स्थान नहीं है।\n\nसृष्टिकर्ता की तरह, एकमात्र लेकिन मौन शक्ति, बाबाजी एक विनम्र अस्पष्टता में काम करते हैं।\n\nईसा और कृष्ण जैसे महान पैगम्बर एक विशिष्ट और शानदार उद्देश्य के लिए पृथ्वी पर आते हैं; वे इसे पूरा होते ही चले जाते हैं।\n\nबाबाजी की तरह अन्य अवतार ऐसे कार्य करते हैं जो इतिहास की किसी एक उत्कृष्ट घटना की तुलना में सदियों के दौरान मनुष्य की धीमी विकासवादी प्रगति से अधिक संबंधित होते हैं।\n\nऐसे गुरु हमेशा खुद को सकल सार्वजनिक नज़र से छिपाते हैं, और इच्छानुसार अदृश्य होने की शक्ति रखते हैं।\n\nइन कारणों से, और क्योंकि वे आम तौर पर अपने शिष्यों को उनके बारे में चुप रहने का निर्देश देते हैं, कई महान आध्यात्मिक व्यक्ति दुनिया भर में अज्ञात रहते हैं।\n\nमैं इन पृष्ठों में बाबाजी के जीवन के बारे में केवल एक संकेत देता हूं - केवल कुछ तथ्य जिन्हें वे सार्वजनिक रूप से बताए जाने के लिए उपयुक्त और सहायक मानते हैं।","type":"default","passage":"बाबाजी, आधुनिक भारत के योगी-क्राइस्ट","commentary":"","meaning":""},{"id":"7","title":"33.7","content":"बाबाजी के परिवार या जन्मस्थान के बारे में कोई सीमित तथ्य, जो इतिहासकार के दिल को प्रिय है, कभी नहीं खोजा गया है।\n\nउनका भाषण आम तौर पर हिंदी में होता है, लेकिन वे किसी भी भाषा में आसानी से बातचीत कर लेते हैं।\n\nउन्होंने बाबाजी  \n***(पूज्य पिता)***\n का सरल नाम अपनाया है; लाहिड़ी महाशय के शिष्यों द्वारा उन्हें दिए गए अन्य सम्मान की उपाधियाँ महामुनि बाबाजी महाराज  \n***(परम आनंदित संत)***\n, महा योगी  \n***(सबसे महान योगी)***\n, त्रम्बक बाबा और शिव बाबा  \n***(शिव के अवतारों की उपाधियाँ)***\n हैं।\n\nक्या इससे कोई फर्क पड़ता है कि हम एक पृथ्वी-मुक्त गुरु का पैतृक नाम नहीं जानते हैं? “जब भी कोई व्यक्ति श्रद्धा के साथ बाबाजी का नाम लेता है, ” लाहिड़ी महाशय ने कहा, “उस भक्त को तुरंत आध्यात्मिक आशीर्वाद मिलता है।\n\n”","type":"default","passage":"बाबाजी, आधुनिक भारत के योगी-क्राइस्ट","commentary":"","meaning":""},{"id":"8","title":"33.8","content":"अमर गुरु के शरीर पर उम्र का कोई निशान नहीं है; वे पच्चीस साल के युवा से ज़्यादा नहीं दिखते।\n\nगोरे रंग के, मध्यम कद और कद के, बाबाजी का सुंदर, मज़बूत शरीर एक स्पष्ट चमक बिखेरता है।\n\nउनकी आँखें गहरी, शांत और कोमल हैं; उनके लंबे, चमकीले बाल तांबे के रंग के हैं।\n\nएक बहुत ही अजीब तथ्य यह है कि बाबाजी अपने शिष्य लाहिड़ी महाशय से असाधारण रूप से बिल्कुल मिलते-जुलते हैं।\n\nयह समानता इतनी ज़बरदस्त है कि अपने अंतिम वर्षों में, लाहिड़ी महाशय युवा दिखने वाले बाबाजी के पिता माने जा सकते थे।\n\nमेरे संत संस्कृत शिक्षक स्वामी केबलानंद ने हिमालय में बाबाजी के साथ कुछ समय बिताया था।","type":"default","passage":"बाबाजी, आधुनिक भारत के योगी-क्राइस्ट","commentary":"","meaning":""},{"id":"9","title":"33.9","content":"केबलानंद ने मुझे बताया,  \n> अद्वितीय गुरु अपने समूह के साथ पहाड़ों में एक स्थान से दूसरे स्थान पर जाते हैं।\n\n  \n> उनके छोटे समूह में दो अत्यंत उन्नत अमेरिकी शिष्य शामिल हैं।\n\nबाबाजी कुछ समय तक एक स्थान पर रहने के बाद कहते हैं: **डेरा डंडा उठाओ।\n\n**  \n***(**हम अपना शिविर और छड़ी उठा लें।\n\n**)***\n वे एक प्रतीकात्मक डंडा  \n***(बांस की छड़ी)***\n रखते हैं।\n\nउनके शब्द उनके समूह के साथ तुरंत दूसरी जगह जाने का संकेत होते हैं।\n\nवे हमेशा सूक्ष्म यात्रा की इस पद्धति का उपयोग नहीं करते हैं; कभी-कभी वे एक चोटी से दूसरी चोटी तक पैदल जाते हैं।\n\nबाबाजी को दूसरे लोग तभी देख या पहचान सकते हैं जब वे ऐसा चाहते हैं।\n\nऐसा माना जाता है कि वे विभिन्न भक्तों को कई अलग-अलग रूपों में प्रकट हुए हैं-कभी बिना दाढ़ी और मूंछ के, और कभी उनके साथ।\n\nचूंकि उनके अविनाशी शरीर को भोजन की आवश्यकता नहीं है","type":"default","passage":"बाबाजी, आधुनिक भारत के योगी-क्राइस्ट","commentary":"","meaning":""},{"id":"10","title":"33.10","content":"> बाबाजी के जीवन की दो आश्चर्यजनक घटनाएँ मुझे ज्ञात हैं,  \n केबलानंद ने आगे कहा।\n\n> एक रात उनके शिष्य एक पवित्र वैदिक समारोह के लिए जल रही एक बड़ी आग के चारों ओर बैठे थे।\n\nगुरु ने अचानक एक जलती हुई लकड़ी पकड़ी और आग के पास खड़े एक शिष्य के नंगे कंधे पर हल्के से मारा।\n\n**महाराज, कितना क्रूर!** लाहिड़ी महाशय, जो वहाँ उपस्थित थे, ने यह प्रतिवाद किया।\n\n> **क्या आप उसे अपने पिछले कर्मों के अनुसार अपनी आँखों के सामने जलकर राख होते देखना पसंद करेंगे?**  \nइन शब्दों के साथ बाबाजी ने शिष्य के विकृत कंधे पर अपना उपचारक हाथ रखा।\n\n**मैंने आज रात तुम्हें दर्दनाक मौत से मुक्त कर दिया है।\n\nअग्नि द्वारा तुम्हारे थोड़े से कष्ट से कर्म का नियम संतुष्ट हो गया है।\n\n**","type":"default","passage":"बाबाजी, आधुनिक भारत के योगी-क्राइस्ट","commentary":"","meaning":""},{"id":"11","title":"33.11","content":"“एक अन्य अवसर पर बाबाजी की पवित्र मंडली एक अजनबी के आगमन से विचलित हो गई थी।\n\nवह गुरु के शिविर के पास लगभग दुर्गम चट्टान पर आश्चर्यजनक कौशल के साथ चढ़ गया था।\n\n“‘श्रीमान, आप महान बाबाजी होंगे।\n\n’ उस व्यक्ति का चेहरा अवर्णनीय श्रद्धा से चमक रहा था।\n\n‘मैंने कई महीनों तक इन दुर्गम चट्टानों के बीच आपको खोजने का अथक प्रयास किया है।\n\nमैं आपसे विनती करता हूँ कि मुझे अपना शिष्य बना लें।\n\n’ “जब महान गुरु ने कोई प्रतिक्रिया नहीं दी, तो उस व्यक्ति ने अपने पैरों के पास चट्टानी खाई की ओर इशारा किया।\n\n“‘यदि आप मुझे मना करते हैं, तो मैं इस पहाड़ से कूद जाऊंगा।\n\nयदि मैं ईश्वर तक आपका मार्गदर्शन प्राप्त नहीं कर सकता, तो जीवन का कोई मूल्य नहीं है।\n\n’","type":"default","passage":"बाबाजी, आधुनिक भारत के योगी-क्राइस्ट","commentary":"","meaning":""},{"id":"12","title":"33.12","content":"“‘तो फिर कूद जाओ, ’ बाबाजी ने भावशून्य भाव से कहा।\n\n‘मैं तुम्हें तुम्हारी वर्तमान अवस्था में स्वीकार नहीं कर सकता।\n\n’ “वह व्यक्ति तुरंत चट्टान से नीचे कूद गया।\n\nबाबाजी ने हैरान शिष्यों को अजनबी का शरीर लाने का निर्देश दिया।\n\nजब वे क्षत-विक्षत शरीर लेकर लौटे, तो गुरु ने अपना दिव्य हाथ मृत व्यक्ति पर रखा।\n\nदेखो! उसने अपनी आँखें खोलीं और सर्वशक्तिमान के सामने विनम्रतापूर्वक दंडवत किया।\n\n“‘\n\nअब तुम शिष्यत्व के लिए तैयार हो।\n\n’ बाबाजी अपने पुनर्जीवित शिष्य पर प्रेमपूर्वक मुस्कराए।\n\n‘तुमने साहसपूर्वक एक कठिन परीक्षा उत्तीर्ण की है।\n\nमृत्यु तुम्हें फिर कभी नहीं छूएगी; \n\nअब तुम हमारे अमर झुंड में से एक हो।\n\n’ फिर उन्होंने अपने प्रस्थान के सामान्य शब्द कहे, ‘डेरा डंडा उठाओ’; पूरा समूह पहाड़ से गायब हो गया।\n\n”","type":"default","passage":"बाबाजी, आधुनिक भारत के योगी-क्राइस्ट","commentary":"","meaning":""},{"id":"13","title":"33.13","content":"अवतार सर्वव्यापी आत्मा में रहता है; उसके लिए वर्ग के विपरीत कोई दूरी नहीं है।\n\nइसलिए, केवल एक कारण ही बाबाजी को शताब्दी दर शताब्दी अपना भौतिक रूप बनाए रखने के लिए प्रेरित कर सकता है: मानवता को उसकी अपनी संभावनाओं का एक ठोस उदाहरण प्रदान करने की इच्छा।\n\nयदि मनुष्य को कभी भी देह में दिव्यता की झलक नहीं मिलती, तो वह इस भारी मायावी भ्रम से दबा रहता कि वह अपनी नश्वरता से परे नहीं जा सकता।\n\nयीशु शुरू से ही अपने जीवन के क्रम को जानते थे; उन्होंने प्रत्येक घटना को अपने लिए नहीं, किसी कर्म संबंधी बाध्यता से नहीं, बल्कि केवल चिंतनशील मनुष्यों के उत्थान के लिए पारित किया।\n\nउनके चार रिपोर्टर-शिष्यों-मैथ्यू, मार्क, ल्यूक और जॉन-ने बाद की पीढ़ियों के लाभ के लिए अकथनीय नाटक को रिकॉर्ड किया।","type":"default","passage":"बाबाजी, आधुनिक भारत के योगी-क्राइस्ट","commentary":"","meaning":""},{"id":"14","title":"33.14","content":"बाबाजी के लिए भी भूत, वर्तमान, भविष्य की कोई सापेक्षता नहीं है; शुरू से ही उन्हें अपने जीवन के सभी चरण ज्ञात हैं।\n\nफिर भी, मनुष्यों की सीमित समझ के अनुसार स्वयं को ढालते हुए, उन्होंने एक या अधिक गवाहों की उपस्थिति में अपने दिव्य जीवन के कई कार्य किए हैं।\n\nइस प्रकार ऐसा हुआ कि जब बाबाजी ने शारीरिक अमरता की संभावना की घोषणा करने के लिए समय को उपयुक्त समझा, तब लाहिड़ी महाशय का एक शिष्य मौजूद था।\n\nउन्होंने राम गोपाल मजूमदार के सामने यह वचन कहा, ताकि यह अंततः अन्य जिज्ञासु हृदयों की प्रेरणा के लिए जाना जा सके।\n\nमहान लोग अपने शब्द बोलते हैं और घटनाओं के स्वाभाविक क्रम में भाग लेते हैं, केवल मनुष्य की भलाई के लिए, जैसा कि ईसा ने कहा:  \n> पिता ... मैं जानता था कि आप हमेशा मेरी बात सुनते हैं: लेकिन जो लोग आपके पास खड़े हैं, उनके कारण मैंने यह कहा, ताकि वे विश्वास कर सकें कि आपने मुझे भेजा है।\n\n {FN33-2} रणबाजपुर में राम गोपाल, “निद्राहीन संत” के साथ मेरी यात्रा के दौरान, {FN33-3} उन्होंने बाबाजी के साथ अपनी पहली मुलाकात की अद्भुत कहानी सुनाई।","type":"default","passage":"बाबाजी, आधुनिक भारत के योगी-क्राइस्ट","commentary":"","meaning":""},{"id":"15","title":"33.15","content":"राम गोपाल ने मुझे बताया,  \n> कभी-कभी मैं बनारस में लाहिड़ी महाशय के चरणों में बैठने के लिए अपनी एकांत गुफा से बाहर निकल जाता था।\n\n  \n> एक आधी रात को जब मैं उनके शिष्यों के समूह में चुपचाप ध्यान कर रहा था, तो गुरु ने एक आश्चर्यजनक अनुरोध किया।\n\n**राम गोपाल, ** उन्होंने कहा, **तुरंत दशमेश स्नान घाट पर जाओ।\n\n** \"मैं जल्द ही एकांत स्थान पर पहुँच गया।\n\nरात चाँदनी और चमकते सितारों से जगमगा रही थी।\n\nकुछ देर तक धैर्यपूर्वक मौन बैठने के बाद, मेरा ध्यान मेरे पैरों के पास एक विशाल पत्थर की पटिया पर गया।\n\nयह धीरे-धीरे ऊपर उठी, जिससे एक भूमिगत गुफा दिखाई दी।\n\nजैसे ही पत्थर किसी अज्ञात तरीके से संतुलित रहा, एक युवा और बेहद खूबसूरत महिला का लिपटा हुआ रूप गुफा से हवा में ऊपर उठा","type":"default","passage":"बाबाजी, आधुनिक भारत के योगी-क्राइस्ट","commentary":"","meaning":""},{"id":"16","title":"33.16","content":"“‘मैं माताजी हूँ, {FN33-4} बाबाजी की बहन।\n\nमैंने उन्हें और लाहिड़ी महाशय को आज रात मेरी गुफा में एक बहुत महत्वपूर्ण मामले पर चर्चा करने के लिए आमंत्रित किया है।\n\n’ “एक धुंधली रोशनी तेजी से गंगा के ऊपर तैर रही थी; अपारदर्शी पानी में अजीब चमक प्रतिबिंबित हो रही थी।\n\nयह धीरे-धीरे करीब आती गई, जब तक कि एक चमकदार चमक के साथ, यह माताजी के बगल में प्रकट हुई और तुरंत लाहिड़ी महाशय के मानव रूप में संघनित हो गई।\n\nउन्होंने महिला संत के चरणों में विनम्रतापूर्वक प्रणाम किया।\n\n“इससे पहले कि मैं अपनी घबराहट से उबर पाती, मैं आकाश में यात्रा कर रहे रहस्यमय प्रकाश के एक चक्करदार द्रव्यमान को देखकर और अधिक आश्चर्यचकित हो गई।\n\nतेजी से उतरते हुए, ज्वलंत भँवर हमारे समूह के पास आई और एक सुंदर युवक के शरीर में भौतिक रूप धारण कर लिया, जिसे मैंने तुरंत समझ लिया","type":"default","passage":"बाबाजी, आधुनिक भारत के योगी-क्राइस्ट","commentary":"","meaning":""},{"id":"17","title":"33.17","content":"“लाहिड़ी महाशय, माताजी और मैं गुरु के चरणों में झुके।\n\nउनके दिव्य शरीर को स्पर्श करते ही मेरे रोम-रोम में आनंदमयी महिमा की एक अलौकिक अनुभूति हुई।\n\n“‘धन्य बहन, ’ बाबाजी ने कहा, ‘मैं अपना रूप त्यागकर अनंत धारा में डुबकी लगाने का इरादा रखता हूँ।\n\n’ “‘मैंने आपकी योजना पहले ही देख ली है, प्यारे गुरु।\n\nमैं आज रात आपके साथ इस पर चर्चा करना चाहता था।\n\nआपको अपना शरीर क्यों छोड़ना चाहिए?’ उस महिमावान महिला ने उनकी ओर विनती भरी दृष्टि से देखा।\n\n“‘मैं अपनी आत्मा के सागर पर दृश्य या अदृश्य लहर धारण करूँ तो क्या अंतर है?’ “माताजी ने एक विचित्र बुद्धि के साथ उत्तर दिया।\n\n‘अमर गुरु, यदि इससे कोई अंतर नहीं पड़ता है, तो कृपया अपना रूप कभी न त्यागें।\n\n’ {FN33-5}","type":"default","passage":"बाबाजी, आधुनिक भारत के योगी-क्राइस्ट","commentary":"","meaning":""},{"id":"18","title":"33.18","content":"“‘ऐसा ही हो, ’ बाबाजी ने गंभीरता से कहा।\n\n‘मैं अपना भौतिक शरीर कभी नहीं छोडूंगा।\n\nयह इस धरती पर कम से कम कुछ लोगों को हमेशा दिखाई देगा।\n\nभगवान ने तुम्हारे होठों के माध्यम से अपनी इच्छा व्यक्त की है।\n\n’ “जब मैं इन महान व्यक्तियों के बीच बातचीत को विस्मय में सुन रहा था, तो महान गुरु ने एक सौम्य भाव से मेरी ओर रुख किया।\n\n“‘डरो मत, राम गोपाल, ’ उन्होंने कहा, ‘तुम इस अमर वादे के दृश्य के साक्षी होने के लिए धन्य हो।\n\n’ “जब बाबाजी की आवाज की मधुर धुन फीकी पड़ गई, तो उनका और लाहिड़ी महाशय का रूप धीरे-धीरे ऊपर उठा और गंगा के ऊपर पीछे की ओर चला गया।\n\nरात के आकाश में गायब होते ही उनके शरीर पर चमकदार रोशनी का एक प्रभामंडल छा गया।\n\nमाताजी का रूप गुफा में तैरता हुआ नीचे उतरा; पत्थर की पटिया खुद बंद हो गई, मानो किसी अदृश्य उत्तोलक पर काम कर रही हो।","type":"default","passage":"बाबाजी, आधुनिक भारत के योगी-क्राइस्ट","commentary":"","meaning":""},{"id":"19","title":"33.19","content":"“अत्यंत प्रेरित होकर, मैं लाहिड़ी महाशय के घर की ओर वापस चल पड़ा।\n\nजैसे ही मैंने भोर में उनके सामने सिर झुकाया, मेरे गुरु ने समझदारी से मेरी ओर देखकर मुस्कुराया।\n\n“‘मैं तुम्हारे लिए खुश हूँ, राम गोपाल, ’ उन्होंने कहा।\n\n‘बाबाजी और माताजी से मिलने की इच्छा, जिसे तुमने अक्सर मुझसे व्यक्त किया है, अंततः एक पवित्र पूर्ति पा गई है।\n\n’ “मेरे सह-शिष्यों ने मुझे बताया कि लाहिड़ी महाशय पिछली शाम से ही अपने मंच से नहीं हिले हैं।\n\n“‘तुम्हारे दशसमेध घाट के लिए प्रस्थान करने के बाद उन्होंने अमरता पर एक अद्भुत प्रवचन दिया, ’ एक शिष्य ने मुझे बताया।\n\nपहली बार मुझे शास्त्रों के श्लोकों में सत्य का पूर्ण रूप से एहसास हुआ जो कहते हैं कि आत्म-साक्षात्कार करने वाला व्यक्ति एक ही समय में दो या अधिक शरीरों में विभिन्न स्थानों पर प्रकट हो सकता है।","type":"default","passage":"बाबाजी, आधुनिक भारत के योगी-क्राइस्ट","commentary":"","meaning":""},{"id":"20","title":"33.20","content":"राम गोपाल ने निष्कर्ष निकाला,  \n> बाद में लाहिड़ी महाशय ने मुझे इस धरती के लिए छिपी हुई दिव्य योजना के बारे में कई आध्यात्मिक बिंदुओं के बारे में बताया।\n\n  \n> बाबाजी को भगवान ने इस विशेष विश्व चक्र की अवधि के लिए अपने शरीर में रहने के लिए चुना है।\n\nयुग आएंगे और जाएंगे - फिर भी अमर गुरु, सदियों के नाटक को देखते हुए, इस पृथ्वी पर मौजूद रहेंगे।\n\n {FN33-1} मैथ्यू 8:19-20।\n\n{FN33-2} जॉन 11:41-42।\n\n{FN33-3} सर्वव्यापी योगी जिन्होंने देखा कि मैं तारकेश्वर मंदिर के सामने झुकने में विफल रहा  \n***(../अध्याय 13)***।\n{FN33-4}  \n> पवित्र माँ।\n\n माताजी भी सदियों से जीवित हैं; वे अपने भाई की तरह आध्यात्मिक रूप से लगभग उतनी ही उन्नत हैं।\n\nवे दशसमेध घाट के पास एक छिपी हुई भूमिगत गुफा में परमानंद में रहती हैं।","type":"default","passage":"बाबाजी, आधुनिक भारत के योगी-क्राइस्ट","commentary":"","meaning":""},{"id":"21","title":"33.21","content":"{FN33-5} यह घटना थेल्स की याद दिलाती है।\n\nमहान यूनानी दार्शनिक ने सिखाया कि जीवन और मृत्यु में कोई अंतर नहीं है।\n\n“तो फिर, ” एक आलोचक ने पूछा, “तुम क्यों नहीं मरते?” “क्योंकि, ” थेल्स ने उत्तर दिया, “इससे कोई फर्क नहीं पड़ता।\n\n” {FN33-6} “मैं तुमसे सच-सच कहता हूँ, अगर कोई मेरी बात पर चलता रहे  \n***(मसीह चेतना में अविचलित रहे)***\n, तो वह कभी मृत्यु नहीं देखेगा।\n\n” - जॉन 8:51।","type":"default","passage":"बाबाजी, आधुनिक भारत के योगी-क्राइस्ट","commentary":"","meaning":""}]}