{"id":34,"title":"हिमालय में एक महल की सामग्री","description":"हिमालय में एक महल की सामग्री","sectionCount":33,"tags":null,"contentId":"AoY02","sections":[{"id":"1","title":"34.1","content":"हिमालय में एक महल का निर्माण “बाबाजी की लाहिड़ी महाशय से पहली मुलाकात एक दिलचस्प कहानी है और उन कुछ कहानियों में से एक है जो हमें अमर गुरु की विस्तृत झलक देती है।\n\n” ये शब्द स्वामी केबलानंद की एक अद्भुत कहानी की प्रस्तावना थे।\n\nपहली बार जब उन्होंने इसे सुनाया तो मैं सचमुच मंत्रमुग्ध हो गया।\n\nकई अन्य अवसरों पर मैंने अपने सज्जन संस्कृत शिक्षक को कहानी दोहराने के लिए राजी किया, जिसे बाद में श्री युक्तेश्वर ने मुझे लगभग उन्हीं शब्दों में सुनाया।\n\nइन दोनों लाहिड़ी महाशय शिष्यों ने अपने गुरु के होठों से सीधे यह अद्भुत कहानी सुनी थी।\n\nलाहिड़ी महाशय ने कहा था, “बाबाजी से मेरी पहली मुलाकात मेरे तैंतीसवें वर्ष में हुई थी।\n\n” “1861 की शरद ऋतु में मैं सैन्य इंजीनियरिंग विभाग में सरकारी एकाउंटेंट के रूप में दानापुर में तैनात था","type":"default","passage":"हिमालय में एक महल की सामग्री","commentary":"","meaning":""},{"id":"2","title":"34.2","content":"“‘लाहिड़ी, ’ उन्होंने कहा, ‘हमारे मुख्य कार्यालय से अभी-अभी एक तार आया है।\n\nआपको रानीखेत में स्थानांतरित किया जाना है, जहाँ \n\nअब एक सैन्य चौकी {FN34-1} स्थापित की जा रही है।\n\n’ “एक नौकर के साथ, मैं 500 मील की यात्रा पर निकल पड़ा।\n\nघोड़े और बग्गी से यात्रा करते हुए, हम तीस दिनों में रानीखेत के हिमालयी स्थल पर पहुँच गए।\n\n{FN34-2} “मेरे कार्यालय के कर्तव्य भारी नहीं थे; मैं शानदार पहाड़ियों में घूमने में कई घंटे बिताने में सक्षम था।\n\nमेरे पास एक अफवाह पहुँची कि महान संतों ने अपनी उपस्थिति से इस क्षेत्र को धन्य कर दिया है; मुझे उन्हें देखने की तीव्र इच्छा हुई।\n\nएक दोपहर में घूमते समय, मैं दूर से एक आवाज़ सुनकर चकित रह गया जो मेरा नाम पुकार रही थी।\n\nमैंने द्रोणगिरी पर्वत पर अपनी जोरदार चढ़ाई जारी रखी।","type":"default","passage":"हिमालय में एक महल की सामग्री","commentary":"","meaning":""},{"id":"3","title":"34.3","content":"“मैं अंततः एक छोटे से खुले मैदान में पहुँच गया, जिसके दोनों ओर गुफाएँ थीं।\n\nएक चट्टानी चबूतरे पर एक मुस्कुराता हुआ युवक खड़ा था, जो स्वागत में अपना हाथ बढ़ा रहा था।\n\nमैंने आश्चर्य से देखा कि, अपने ताँबे के रंग के बालों को छोड़कर, वह मुझसे काफ़ी मिलता-जुलता था।\n\n“‘लाहिड़ी, तुम आ गए!’ संत ने मुझे हिंदी में प्यार से संबोधित किया।\n\n‘यहाँ इस गुफा में विश्राम करो।\n\nमैंने ही तुम्हें बुलाया था।\n\n’ “मैं एक छोटी सी साफ-सुथरी गुफा में घुस गया, जिसमें कई ऊनी कंबल और कुछ कमंडुल  \n***(भिक्षापात्र)***\n रखे हुए थे।\n\n“‘लाहिड़ी, क्या तुम्हें वह आसन याद है?’ योगी ने एक कोने में मुड़े हुए कंबल की ओर इशारा किया।\n\n“‘नहीं, श्रीमान।\n\n’ अपने रोमांच की विचित्रता से कुछ हद तक चकित होकर मैंने कहा, ‘मुझे \n\nअब निकलना होगा, रात होने से पहले।\n\nमुझे सुबह अपने दफ़्तर में काम है।\n\n’","type":"default","passage":"हिमालय में एक महल की सामग्री","commentary":"","meaning":""},{"id":"4","title":"34.4","content":"> रहस्यमयी संत ने अंग्रेजी में उत्तर दिया, **कार्यालय आपके लिए लाया गया था, न कि आप कार्यालय के लिए।\n\n**  \nमैं अचंभित था कि यह वनवासी तपस्वी न केवल अंग्रेजी बोलता है, बल्कि ईसा के शब्दों का अर्थ भी बताता है।\n\n{FN34-3}  \n> **मैंने देखा कि मेरे तार ने असर दिखाया।\n\n** योगी की बात मेरी समझ से परे थी; मैंने उसका अर्थ पूछा।\n\n**मैं उस तार की बात कर रहा हूँ, जिसने आपको इन सुनसान इलाकों में बुलाया था।\n\nयह मैं ही था जिसने आपके वरिष्ठ अधिकारी के मन में चुपचाप सुझाव दिया था कि आपको रानीखेत में स्थानांतरित कर दिया जाए।\n\nजब कोई व्यक्ति मानवजाति के साथ अपनी एकता महसूस करता है, तो सभी मन संचार केंद्र बन जाते हैं, जिनके माध्यम से वह अपनी इच्छानुसार काम कर सकता है।\n\n** उन्होंने धीरे से कहा, **लाहिड़ी, क्या यह गुफा तुम्हें परिचित लगती है?**","type":"default","passage":"हिमालय में एक महल की सामग्री","commentary":"","meaning":""},{"id":"5","title":"34.5","content":"> जब मैं हतप्रभ मौन धारण किए रहा, तब संत मेरे पास आए और मेरे माथे पर धीरे से थपथपाया।\n\nउनके चुंबकीय स्पर्श से मेरे मस्तिष्क में एक अद्भुत धारा प्रवाहित हुई, जिसने मेरे पिछले जीवन की मधुर बीज-स्मृतियों को मुक्त कर दिया।\n\n**मुझे याद है!** मेरी आवाज हर्षपूर्ण सिसकियों से आधी घुट गई थी।\n\n**आप मेरे गुरु बाबाजी हैं, जो हमेशा से मेरे रहे हैं! अतीत के दृश्य मेरे मन में स्पष्ट रूप से उभरते हैं; यहीं इस गुफा में मैंने अपने पिछले जन्म के कई वर्ष बिताए थे!** जब अकथनीय स्मृतियों ने मुझे अभिभूत कर दिया, तो मैंने आंसू बहाते हुए अपने गुरु के चरणों को गले लगा लिया।\n\n\"**तीन दशकों से भी अधिक समय से मैं यहां आपका इंतजार कर रहा हूं-आपके मेरे पास लौटने का इंतजार कर रहा हूं!** बाबाजी की आवाज में दिव्य प्रेम गूंज उठा।\n\n'आप फिसल गए और मृत्यु के पार जीवन की अशांत तरंगों में लुप्त हो गए।\n\nआपके कर्म की जादुई छड़ी ने आपको छुआ, और आप चले गए! यद्यपि आप मुझे भूल गए, परन्तु मैं आपको कभी भूल नहीं पाया! मैं तुम्हारा पीछा उस चमकते हुए आकाशीय समुद्र के पार करता रहा, जहाँ शानदार देवदूत यात्रा करते हैं।\n\nउदासी, तूफान, उथल-पुथल और प्रकाश के बीच मैं तुम्हारा पीछा करता रहा, जैसे एक माँ पक्षी अपने बच्चे की रक्षा करती है।\n\nजब तुम गर्भ-जीवन की अपनी मानवीय अवधि जी रहे थे, और एक शिशु के रूप में उभरे, तो मेरी नज़र हमेशा तुम पर थी।\n\nजब तुमने अपने बचपन में नादिया की रेत के नीचे कमल के आसन में अपना छोटा सा रूप ढँका था, तब मैं अदृश्य रूप से मौजूद था! धैर्यपूर्वक, महीने दर महीने, साल दर साल, मैंने तुम्हारी देखभाल की है, इस उत्तम दिन की प्रतीक्षा में।\n\nअब तुम मेरे साथ हो! देखो, यहाँ तुम्हारी गुफा है, जो प्राचीन काल से प्रिय थी! मैंने इसे हमेशा तुम्हारे लिए साफ और तैयार रखा है।\n\nयहाँ तुम्हारा पवित्र आसन-कंबल है, जहाँ तुम प्रतिदिन अपने बढ़ते हुए हृदय को ईश्वर से भरने के लिए बैठते थे! वहाँ तुम्हारा कटोरा देखो, जिसमें से तुम अक्सर मेरे द्वारा तैयार किया गया अमृत पीते थे! देखो मैंने पीतल के प्याले को कैसे चमकीला रखा है, ताकि तुम उसमें से फिर से पी सको! मेरे अपने, क्या \n\nअब तुम समझ गए?’","type":"default","passage":"हिमालय में एक महल की सामग्री","commentary":"","meaning":""},{"id":"6","title":"34.6","content":"“‘मेरे गुरु, मैं क्या कह सकता हूँ?’ मैंने टूटे स्वर में बुदबुदाया।\n\n‘ऐसे अमर प्रेम के बारे में पहले कहाँ सुना है?’ मैं अपने शाश्वत खजाने, जीवन और मृत्यु में अपने गुरु को बहुत देर तक और आनंद से देखता रहा।\n\n“‘लाहिड़ी, तुम्हें शुद्धिकरण की आवश्यकता है।\n\nइस कटोरे में रखा तेल पी लो और नदी के किनारे लेट जाओ।\n\n’ मैंने एक त्वरित, याद दिलाने वाली मुस्कान के साथ प्रतिबिंबित किया कि बाबाजी का व्यावहारिक ज्ञान हमेशा सामने था।\n\n“मैंने उनके निर्देशों का पालन किया।\n\nयद्यपि हिमालय की बर्फीली रात उतर रही थी, एक आरामदायक गर्मी, एक आंतरिक विकिरण मेरे शरीर की प्रत्येक कोशिका में धड़कने लगा।\n\nमैं आश्चर्यचकित था।\n\nक्या अज्ञात तेल ब्रह्मांडीय गर्मी से संपन्न था? “अंधेरे में मेरे चारों ओर तीखी हवाएँ चल रही थीं, जो भयंकर चुनौती दे रही थीं।\n\nगोगाश नदी की ठंडी लहरें मेरे भीतर नव-उत्पन्न हुई दीप्तिमान शक्ति ने मुझे अजेय सुरक्षा का आश्वासन दिया।\n\nकई घंटे तेजी से बीत गए; दूसरे जीवन की धुंधली यादें मेरे दिव्य गुरु के साथ पुनर्मिलन के वर्तमान शानदार पैटर्न में खुद को बुनती रहीं।","type":"default","passage":"हिमालय में एक महल की सामग्री","commentary":"","meaning":""},{"id":"7","title":"34.7","content":"> मेरे एकांत चिंतन में पदचिह्नों की ध्वनि ने बाधा पहुंचाई।\n\nअंधेरे में एक व्यक्ति ने मुझे धीरे से खड़ा किया और कुछ सूखे कपड़े दिए।\n\n**आओ भाई, ** मेरे साथी ने कहा।\n\n**गुरु तुम्हारा इंतजार कर रहे हैं।\n\n**  \n> वह जंगल के रास्ते से मुझे ले गया।\n\nदूर से एक स्थिर प्रकाश ने अचानक उस अँधेरी रात को प्रकाशित कर दिया।\n\n**क्या यह सूर्योदय हो सकता है?** मैंने पूछा।\n\n**क्या पूरी रात नहीं बीती होगी?** \"**आधी रात हो गई है।\n\n** मेरा मार्गदर्शक धीरे से हंसा।\n\n**वह प्रकाश एक स्वर्ण महल की चमक है, जिसे आज रात अद्वितीय बाबाजी ने साकार किया है।\n\nअंधकारमय अतीत में, तुमने एक बार महल की सुंदरता का आनंद लेने की इच्छा व्यक्त की थी।\n\nहमारे गुरु \n\nअब तुम्हारी इच्छा पूरी कर रहे हैं, इस प्रकार तुम्हें कर्म के बंधनों से मुक्त कर रहे हैं।\n\n** {FN34-4} उन्होंने आगे कहा, 'आज रात यह भव्य महल क्रिया योग में तुम्हारी दीक्षा का स्थल होगा।\n\nयहाँ आपके सभी भाई आपके स्वागत में जयघोष कर रहे हैं, आपके लंबे वनवास के अंत पर खुशी मना रहे हैं।\n\nदेखो!’","type":"default","passage":"हिमालय में एक महल की सामग्री","commentary":"","meaning":""},{"id":"8","title":"34.8","content":"“हमारे सामने चमकदार सोने का एक विशाल महल खड़ा था।\n\nअनगिनत रत्नों से जड़ा हुआ, और सुंदर उद्यानों के बीच स्थित, यह एक अद्वितीय भव्यता का तमाशा प्रस्तुत करता था।\n\nमाणिकों की चमक से आधे लाल हो चुके, दैवीय चेहरे वाले संत शानदार द्वारों पर तैनात थे।\n\nबड़े आकार और चमक वाले हीरे, मोती, नीलम और पन्ने सजावटी मेहराबों में जड़े हुए थे।\n\n“मैं अपने साथी के पीछे एक विशाल स्वागत कक्ष में गया।\n\nधूप और गुलाब की खुशबू हवा में फैल रही थी; मंद दीपों से बहुरंगी चमक आ रही थी।\n\nभक्तों के छोटे-छोटे समूह, कुछ गोरे, कुछ काले, संगीतमय मंत्रोच्चार कर रहे थे, या ध्यान मुद्रा में बैठे थे, आंतरिक शांति में डूबे हुए थे।\n\nएक जीवंत आनंद वातावरण में व्याप्त था।","type":"default","passage":"हिमालय में एक महल की सामग्री","commentary":"","meaning":""},{"id":"9","title":"34.9","content":"> अपनी आँखों का आनंद लें; इस महल की कलात्मक भव्यता का आनंद लें, क्योंकि इसे केवल आपके सम्मान में बनाया गया है।\n\n मेरे गाइड ने सहानुभूतिपूर्वक मुस्कुराया क्योंकि मैंने आश्चर्य के कुछ शब्द कहे।\n\n> भाई,  \n मैंने कहा,  \n> इस संरचना की सुंदरता मानव कल्पना की सीमाओं को पार करती है।\n\nकृपया मुझे इसके मूल का रहस्य बताएं।\n\n  \n> मैं ख़ुशी से आपको बताऊँगा।\n\n मेरे साथी की गहरी आँखें ज्ञान से चमक उठीं।\n\n\"वास्तव में इस भौतिकीकरण के बारे में कुछ भी अस्पष्ट नहीं है।\n\nपूरा ब्रह्मांड निर्माता का एक भौतिक विचार है।\n\nअंतरिक्ष में तैरता यह भारी, सांसारिक ढेला, ईश्वर का एक सपना है।\n\nउसने अपनी चेतना से सभी चीजों को बनाया, जैसे कि मनुष्य अपनी स्वप्न चेतना में अपने प्राणियों के साथ एक रचना को पुन: पेश करता है और उसे जीवंत करता है।","type":"default","passage":"हिमालय में एक महल की सामग्री","commentary":"","meaning":""},{"id":"10","title":"34.10","content":"**ईश्वर ने सबसे पहले पृथ्वी को एक विचार के रूप में बनाया।\n\nफिर उसने इसे गति दी; ऊर्जा परमाणु अस्तित्व में आए।\n\nउसने परमाणुओं को इस ठोस क्षेत्र में समन्वित किया।\n\nइसके सभी अणु ईश्वर की इच्छा से एक साथ बंधे हुए हैं।\n\nजब वह अपनी इच्छा वापस ले लेता है, तो पृथ्वी फिर से ऊर्जा में विघटित हो जाएगी।\n\nऊर्जा चेतना में विलीन हो जाएगी; पृथ्वी-विचार वस्तुनिष्ठता से गायब हो जाएगा।\n\n**सपने का पदार्थ सपने देखने वाले के अवचेतन विचार द्वारा भौतिक रूप में धारण किया जाता है।\n\nजब वह सुसंगत विचार जागृति में वापस ले लिया जाता है, तो सपना और उसके तत्व विलीन हो जाते हैं।\n\nएक आदमी अपनी आँखें बंद करता है और एक स्वप्न-निर्माण का निर्माण करता है, जिसे जागने पर वह सहजता से अमूर्त कर देता है।\n\nवह दैवीय आदर्श पैटर्न का पालन करता है।\n\nइसी तरह, जब वह ब्रह्मांडीय चेतना में जागता है, तो वह सहजता से ब्रह्मांडीय सपने के भ्रम को अमूर्त कर देगा।","type":"default","passage":"हिमालय में एक महल की सामग्री","commentary":"","meaning":""},{"id":"11","title":"34.11","content":"'**अनंत सर्वसिद्धिदायक इच्छाशक्ति के साथ एक होने के कारण, बाबाजी मूलभूत परमाणुओं को संयोजित करने और किसी भी रूप में स्वयं को प्रकट करने के लिए बुला सकते हैं।\n\nयह स्वर्ण महल, जो तुरन्त निर्मित हुआ, वास्तविक है, जैसे कि यह पृथ्वी वास्तविक है।\n\nबाबाजी ने अपने मन से इस भव्य भवन का निर्माण किया और अपनी इच्छा शक्ति से इसके परमाणुओं को एक साथ बनाए रखा है, जैसे कि ईश्वर ने इस पृथ्वी का निर्माण किया और इसे अक्षुण्ण बनाए रखा है।\n\n** उन्होंने आगे कहा, **जब यह संरचना अपना उद्देश्य पूरा कर लेगी, तो बाबाजी इसे अमूर्त बना देंगे।\n\n** **जब मैं विस्मय में चुप रहा, तो मेरे मार्गदर्शक ने एक व्यापक इशारा किया।\n\n**यह जगमगाता हुआ महल, जो रत्नों से शानदार ढंग से अलंकृत है, मानव प्रयास या परिश्रमपूर्वक निकाले गए सोने और रत्नों से नहीं बनाया गया है।\n\nयह दृढ़ता से खड़ा है, मनुष्य के लिए एक विशाल चुनौती है।\n\n{FN34-5} जो कोई भी अपने आप को ईश्वर का पुत्र मानता है, जैसा कि बाबाजी ने किया {FN34-6} फिर भी, एक नश्वर अभी भी दिव्यता का एक शक्तिघर है।\n\n’","type":"default","passage":"हिमालय में एक महल की सामग्री","commentary":"","meaning":""},{"id":"12","title":"34.12","content":"“ऋषि ने पास की मेज़ से एक सुंदर फूलदान उठाया जिसका हैंडल हीरे से चमक रहा था।\n\n‘हमारे महान गुरु ने असंख्य मुक्त ब्रह्मांडीय किरणों को ठोस बनाकर इस महल का निर्माण किया है, ’ उन्होंने कहा।\n\n‘इस फूलदान और इसके हीरों को छूओ; वे संवेदी अनुभव की सभी कसौटियों पर खरे उतरेंगे।\n\n’ “मैंने फूलदान की जांच की, और कमरे की चिकनी दीवारों पर अपना हाथ फिराया, जो चमकते हुए सोने से भरी हुई थीं।\n\nहर एक रत्न जो भव्यता से बिखरा हुआ था, किसी राजा के संग्रह के योग्य था।\n\nमेरे मन में गहरी संतुष्टि छा गई।\n\nमेरे अवचेतन में छिपी हुई एक दबी हुई इच्छा, जो \n\nअब चले गए जीवन से छिपी हुई थी, एक साथ संतुष्ट और बुझ गई।","type":"default","passage":"हिमालय में एक महल की सामग्री","commentary":"","meaning":""},{"id":"13","title":"34.13","content":"“मेरे आलीशान साथी ने मुझे अलंकृत मेहराबों और गलियारों से होते हुए सम्राट के महल की शैली में सुसज्जित कई कक्षों में ले गए।\n\nहम एक विशाल हॉल में दाखिल हुए।\n\nबीच में एक स्वर्ण सिंहासन था, जो रत्नों से जड़ा हुआ था और रंगों की एक चमकदार छटा बिखेर रहा था।\n\nवहाँ, कमल मुद्रा में, सर्वोच्च बाबाजी बैठे थे।\n\nमैं उनके चरणों में चमकती हुई ज़मीन पर घुटनों के बल बैठ गया।\n\n“‘लाहिड़ी, क्या तुम अभी भी एक स्वर्ण महल के लिए अपनी स्वप्निल इच्छाओं का आनंद ले रहे हो?’ मेरे गुरु की आँखें उनके अपने नीलम की तरह चमक रही थीं।\n\n‘उठो! तुम्हारी सारी सांसारिक प्यास हमेशा के लिए बुझने वाली है।\n\n’ उन्होंने आशीर्वाद के कुछ रहस्यमय शब्द बुदबुदाए।\n\n‘मेरे बेटे, उठो।\n\nक्रिया योग के माध्यम से ईश्वर के राज्य में अपनी दीक्षा प्राप्त करो।\n\n’","type":"default","passage":"हिमालय में एक महल की सामग्री","commentary":"","meaning":""},{"id":"14","title":"34.14","content":"“बाबाजी ने अपना हाथ बढ़ाया; एक होम  \n***(बलि)***\n अग्नि प्रकट हुई, जो फलों और फूलों से घिरी हुई थी।\n\nमैंने इस ज्वलंत वेदी के समक्ष मुक्तिदायक योग तकनीक प्राप्त की।\n\n“अनुष्ठान भोर में पूरे हुए।\n\nमुझे अपनी परमानंद अवस्था में नींद की कोई आवश्यकता महसूस नहीं हुई, और मैं महल के चारों ओर घूमता रहा, जो चारों ओर खजानों और अमूल्य कलाकृतियों से भरा हुआ था।\n\nभव्य बगीचों में उतरते हुए, मैंने देखा, पास में, वही गुफाएँ और बंजर पहाड़ी चट्टानें थीं, जो कल तक महल या फूलों की छत से सटे होने का दावा नहीं करती थीं।\n\n“ठंडी हिमालय की धूप में शानदार ढंग से चमकते हुए महल में फिर से प्रवेश करते हुए, मैंने अपने गुरु की उपस्थिति की तलाश की।\n\nवह अभी भी सिंहासन पर विराजमान थे, उनके चारों ओर कई शांत शिष्य थे।","type":"default","passage":"हिमालय में एक महल की सामग्री","commentary":"","meaning":""},{"id":"15","title":"34.15","content":"> **लाहिड़ी, तुम्हें भूख लगी है।\n\n** बाबाजी ने कहा, **अपनी आँखें बंद करो।\n\n**  \nजब मैंने उन्हें फिर से खोला, तो मोहक महल और उसके सुरम्य उद्यान गायब हो चुके थे।\n\nमेरा अपना शरीर और बाबाजी के रूप और चेलों का समूह \n\nअब गायब हो चुके महल के ठीक उसी स्थान पर नंगे ज़मीन पर बैठे थे, जो चट्टानी गुफाओं के सूर्यप्रकाशित प्रवेश द्वार से बहुत दूर नहीं था।\n\nमुझे याद आया कि मेरे मार्गदर्शक ने टिप्पणी की थी कि महल को नष्ट कर दिया जाएगा, इसके बंदी परमाणुओं को उस विचार-सार में छोड़ दिया जाएगा जिससे यह निकला था।\n\nहालाँकि मैं स्तब्ध था, मैंने अपने गुरु की ओर भरोसे से देखा।\n\nमुझे नहीं पता था कि चमत्कारों के इस दिन आगे क्या होने वाला है।","type":"default","passage":"हिमालय में एक महल की सामग्री","commentary":"","meaning":""},{"id":"16","title":"34.16","content":"“जिस उद्देश्य से महल बनाया गया था, वह \n\nअब पूरा हो चुका है, ” बाबाजी ने समझाया।\n\nउन्होंने जमीन से एक मिट्टी का बर्तन उठाया।\n\n‘अपना हाथ वहाँ रखो और जो भी भोजन चाहो, उसे ग्रहण करो।\n\n’ “जैसे ही मैंने चौड़े, खाली कटोरे को छुआ, वह गर्म मक्खन में तली हुई लूचियों, करी और दुर्लभ मिठाइयों से भर गया।\n\nमैंने खुद की मदद की, यह देखते हुए कि बर्तन हमेशा भरा हुआ था।\n\nअपने भोजन के \n\nअंत में मैंने पानी के लिए इधर-उधर देखा।\n\nमेरे गुरु ने मेरे सामने कटोरे की ओर इशारा किया।\n\nदेखो! भोजन गायब हो गया था; उसकी जगह पानी था, जो पहाड़ी झरने की तरह साफ था।\n\n“‘बहुत कम लोग जानते हैं कि ईश्वर के राज्य में सांसारिक पूर्तियों का राज्य भी शामिल है, ’ बाबाजी ने कहा।\n\n‘ईश्वरीय क्षेत्र सांसारिक तक फैला हुआ है, लेकिन सांसारिक, भ्रामक होने के कारण, वास्तविकता का सार शामिल नहीं कर सकता।\n\n’","type":"default","passage":"हिमालय में एक महल की सामग्री","commentary":"","meaning":""},{"id":"17","title":"34.17","content":"“‘प्रिय गुरु, कल रात आपने मुझे स्वर्ग और पृथ्वी में सौंदर्य के संबंध का प्रदर्शन किया!’ मैं लुप्त हो चुके महल की यादों पर मुस्कुराया; निश्चित रूप से किसी भी साधारण योगी ने अधिक प्रभावशाली विलासिता के बीच आत्मा के पवित्र रहस्यों में दीक्षा प्राप्त नहीं की होगी! मैं वर्तमान दृश्य के विपरीत को शांति से देखता रहा।\n\nउबड़-खाबड़ जमीन, आसमानी छत, आदिम आश्रय देने वाली गुफाएँ-सभी मेरे आस-पास के दैवीय संतों के लिए एक सुंदर प्राकृतिक सेटिंग लग रही थीं।\n\n“मैं उस दोपहर अपने कंबल पर बैठा था, जो पिछले जीवन के बोध के संबंधों से पवित्र था।\n\nमेरे दिव्य गुरु ने मेरे पास आकर अपना हाथ मेरे सिर पर फेरा।\n\nमैं निर्विकल्प समाधि अवस्था में प्रवेश कर गया, सात दिनों तक उसके आनंद में अखंड रहा।\n\nआत्म-ज्ञान के क्रमिक स्तरों को पार करते हुए, मैं वास्तविकता के अमर क्षेत्रों में प्रवेश कर गया।\n\nसभी भ्रामक सीमाएँ दूर हो गईं; मेरी आत्मा ब्रह्मांडीय आत्मा की शाश्वत वेदी पर पूरी तरह से स्थापित हो गई।\n\nआठवें दिन मैं अपने गुरु के चरणों में गिर पड़ा और उनसे विनती की कि वे मुझे इस पवित्र वन में सदैव अपने पास रखें।","type":"default","passage":"हिमालय में एक महल की सामग्री","commentary":"","meaning":""},{"id":"18","title":"34.18","content":"“बेटा, ’ बाबाजी ने मुझे गले लगाते हुए कहा, ‘इस अवतार में तुम्हारी भूमिका बाहरी मंच पर होनी चाहिए।\n\nजन्म से पहले ही एकाकी ध्यान के कई जन्मों से धन्य होकर, तुम्हें \n\nअब मनुष्यों की दुनिया में घुलना-मिलना चाहिए।\n\n“‘इस तथ्य के पीछे एक गहरा उद्देश्य छिपा था कि तुम मुझसे तब तक नहीं मिले जब तक कि तुम पहले से ही विवाहित नहीं हो गए, और तुम्हारे पास मामूली व्यावसायिक जिम्मेदारियाँ थीं।\n\nतुम्हें हिमालय में हमारे गुप्त दल में शामिल होने के अपने विचारों को अलग रखना चाहिए; तुम्हारा जीवन भीड़-भाड़ वाले बाजारों में है, जो आदर्श योगी-गृहस्थ का उदाहरण है।\n\n“‘कई भ्रमित सांसारिक पुरुषों और महिलाओं की पुकार महान लोगों के कानों से अनसुनी नहीं हुई है, ’ उन्होंने आगे कहा।\n\n‘तुम्हें कई गंभीर साधकों को क्रिया योग के माध्यम से आध्यात्मिक सांत्वना देने के लिए चुना गया है।\n\nलाखों लोग जो पारिवारिक बंधनों और भारी सांसारिक कर्तव्यों से घिरे हुए हैं, वे अपने जैसे गृहस्थ तुमसे नया हृदय प्राप्त करेंगे।\n\nतुम्हें उन्हें यह देखने के लिए मार्गदर्शन करना चाहिए कि उच्चतम योगिक उपलब्धियाँ गृहस्थ के लिए वर्जित नहीं हैं।\n\nसंसार में भी जो योगी बिना किसी व्यक्तिगत उद्देश्य या आसक्ति के अपने दायित्वों का निष्ठापूर्वक निर्वहन करता है, वह आत्मज्ञान के निश्चित मार्ग पर चलता है।","type":"default","passage":"हिमालय में एक महल की सामग्री","commentary":"","meaning":""},{"id":"19","title":"34.19","content":"“‘कोई भी आवश्यकता आपको संसार छोड़ने के लिए बाध्य नहीं करती, क्योंकि आंतरिक रूप से आपने पहले ही इसके सभी कर्मों के बंधन तोड़ दिए हैं।\n\nइस संसार के नहीं, आपको अभी भी इसमें रहना है।\n\nअभी भी कई वर्ष शेष हैं, जिसके दौरान आपको अपने परिवार, व्यवसाय, नागरिक और आध्यात्मिक कर्तव्यों को ईमानदारी से पूरा करना होगा।\n\nईश्वरीय आशा की एक मीठी नई सांस सांसारिक लोगों के शुष्क हृदय में प्रवेश करेगी।\n\nआपके संतुलित जीवन से, वे समझेंगे कि मुक्ति बाहरी त्याग की बजाय आंतरिक त्याग पर निर्भर है।\n\n’ “जब मैं अपने गुरु को ऊंचे हिमालय के एकांत में सुनता था, तो मुझे अपना परिवार, कार्यालय, दुनिया कितनी दूर लगती थी।\n\nफिर भी उनके शब्दों में अटल सत्य गूंजता था; मैं शांति के इस धन्य आश्रय को छोड़ने के लिए विनम्रतापूर्वक सहमत हो गया।\n\nबाबाजी ने मुझे प्राचीन कठोर नियमों के बारे में बताया जो गुरु से शिष्य तक योग कला के हस्तांतरण को नियंत्रित करते हैं।","type":"default","passage":"हिमालय में एक महल की सामग्री","commentary":"","meaning":""},{"id":"20","title":"34.20","content":"**केवल योग्य शिष्यों को ही क्रिया कुंजी प्रदान करें, ** बाबाजी ने कहा।\n\n**जो ईश्वर की खोज में सब कुछ त्यागने की प्रतिज्ञा करता है, वह ध्यान के विज्ञान के माध्यम से जीवन के अंतिम रहस्यों को जानने के योग्य है।\n\n** **देवी गुरु, जैसा कि आपने पहले ही खोई हुई क्रिया कला को पुनर्जीवित करके मानव जाति का उपकार किया है, क्या आप शिष्यत्व के लिए कठोर आवश्यकताओं को शिथिल करके उस लाभ को नहीं बढ़ाएँगे?** मैंने बाबाजी की ओर विनती भरी दृष्टि से देखा।\n\n**मैं प्रार्थना करता हूँ कि आप मुझे सभी साधकों को क्रिया संप्रेषित करने की अनुमति दें, भले ही वे पहले खुद को आंतरिक त्याग को पूरा करने की प्रतिज्ञा न कर सकें।\n\nदुनिया के प्रताड़ित पुरुष और महिलाएँ, तीन गुना पीड़ा से पीड़ित हैं, {FN34-7} को विशेष प्रोत्साहन की आवश्यकता है।\n\nयदि उन्हें क्रिया दीक्षा से वंचित रखा जाए तो वे कभी भी मुक्ति के मार्ग का प्रयास नहीं कर सकते।\n\n**","type":"default","passage":"हिमालय में एक महल की सामग्री","commentary":"","meaning":""},{"id":"21","title":"34.21","content":"“‘ऐसा ही हो।\n\nतुम्हारे माध्यम से दैवीय इच्छा प्रकट हुई है।\n\n’ इन सरल शब्दों के साथ दयालु गुरु ने उन कठोर सुरक्षा उपायों को हटा दिया, जिन्होंने युगों से क्रिया को संसार से छिपा रखा था।\n\n‘जो लोग विनम्रतापूर्वक सहायता मांगते हैं, उन्हें मुक्त भाव से क्रिया दो।\n\n’ “एक मौन के बाद बाबाजी ने कहा, ‘अपने प्रत्येक शिष्य से भगवद्गीता का यह भव्य वचन दोहराओ: “स्वल्पमस्य धर्मस्य, त्रायत महतो भोयत” - “इस धर्म का थोड़ा सा भी अभ्यास तुम्हें भयंकर भय और भारी कष्टों से बचाएगा।\n\n”’ {FN34-8} “जब अगली सुबह मैं अपने गुरु के चरणों में विदाई आशीर्वाद के लिए झुका, तो उन्होंने मुझे उन्हें छोड़ने में गहरी अनिच्छा महसूस की।","type":"default","passage":"हिमालय में एक महल की सामग्री","commentary":"","meaning":""},{"id":"22","title":"34.22","content":"**हमारे बीच कोई अलगाव नहीं है, मेरे प्यारे बच्चे।\n\n** उन्होंने स्नेहपूर्वक मेरा कंधा छुआ।\n\n**तुम जहाँ भी हो, जब भी मुझे बुलाओगी, मैं तुरंत तुम्हारे पास पहुँच जाऊँगा।\n\n** **उनके अद्भुत वचन से सांत्वना पाकर, तथा ईश्वर-ज्ञान के नव-प्राप्त स्वर्ण से समृद्ध होकर, मैं पहाड़ से नीचे उतरा।\n\nकार्यालय में मेरा स्वागत मेरे साथी कर्मचारियों ने किया, जिन्होंने दस दिनों तक मुझे हिमालय के जंगलों में खोया हुआ समझा था।\n\nशीघ्र ही मुख्य कार्यालय से एक पत्र आया।\n\n**लाहिड़ी को दानापुर {FN34-9} कार्यालय में वापस लौट जाना चाहिए, ** इसमें लिखा था।\n\n**रानीखेत में उनका स्थानांतरण गलती से हुआ था।\n\nरानीखेत का कार्यभार संभालने के लिए किसी अन्य व्यक्ति को भेजा जाना चाहिए था।\n\n'","type":"default","passage":"हिमालय में एक महल की सामग्री","commentary":"","meaning":""},{"id":"23","title":"34.23","content":"> मैं मुस्कुराया, उन घटनाओं में छिपी अंतर्धाराओं पर विचार करते हुए, जिन्होंने मुझे भारत के इस सुदूर स्थान पर पहुँचाया था।\n\nदानापुर लौटने से पहले, मैंने मुरादाबाद में एक बंगाली परिवार के साथ कुछ दिन बिताए।\n\nछह दोस्तों का एक समूह मेरा स्वागत करने के लिए इकट्ठा हुआ।\n\nजैसे ही मैंने बातचीत को आध्यात्मिक विषयों पर मोड़ा, मेरे मेजबान ने उदास होकर कहा:  \n> ओह, इन दिनों भारत संतों से रहित है!\n  \n>  \n> बाबू,  \n मैंने गर्मजोशी से विरोध किया,  \n> बेशक इस भूमि में अभी भी महान गुरु हैं!\n \"अति उत्साह के मूड में, मैंने हिमालय में अपने चमत्कारी अनुभवों को बताने के लिए प्रेरित महसूस किया।\n\nछोटा समूह विनम्रतापूर्वक अविश्वसनीय था।","type":"default","passage":"हिमालय में एक महल की सामग्री","commentary":"","meaning":""},{"id":"24","title":"34.24","content":"> **लाहिड़ी, ** एक व्यक्ति ने शांतिपूर्वक कहा, **तुम्हारा मन उन विरल पर्वतीय हवाओं में तनावग्रस्त हो गया है।\n\nयह कोई दिवास्वप्न है जो तुमने दोहराया है।\n\n**  \nसत्य के उत्साह से जलते हुए, मैंने बिना उचित विचार किए बोल दिया।\n\n**यदि मैं उन्हें बुलाऊँगा, तो मेरे गुरु इसी घर में प्रकट हो जाएँगे।\n\n**  \n> हर आँख में उत्सुकता चमक रही थी; यह कोई आश्चर्य नहीं था कि समूह ऐसे विचित्र तरीके से प्रकट हुए संत को देखने के लिए उत्सुक था।\n\nआधे-अधूरे मन से, मैंने एक शांत कमरा और दो नए ऊनी कंबल माँगे।\n\n**गुरु आकाश से प्रकट होंगे, ** मैंने कहा।\n\n**दरवाजे के बाहर चुपचाप खड़े रहो; मैं जल्द ही तुम्हें बुलाऊँगा।\n\n** \"मैं ध्यान की अवस्था में डूब गया, विनम्रतापूर्वक अपने गुरु को बुलाया।\n\nअंधेरा कमरा जल्द ही एक मंद श्रवण चाँदनी से भर गया; बाबाजी की चमकदार आकृति उभरी।","type":"default","passage":"हिमालय में एक महल की सामग्री","commentary":"","meaning":""},{"id":"25","title":"34.25","content":"**लाहिड़ी, तुम मुझे तुच्छ बात के लिए बुला रहे हो?** गुरु की दृष्टि कठोर थी।\n\n**सत्य सच्चे जिज्ञासुओं के लिए है, बेकार की जिज्ञासा रखने वालों के लिए नहीं।\n\nजब कोई देख लेता है, तो उस पर विश्वास करना आसान होता है; फिर इनकार करने के लिए कुछ नहीं बचता।\n\nअलौकिक सत्य वे ही पाते हैं और खोजते हैं, जो अपने स्वाभाविक भौतिकवादी संशय पर विजय प्राप्त कर लेते हैं।\n\n** उन्होंने गंभीरता से कहा, **मुझे जाने दो!** **मैं उनके चरणों में गिर पड़ा।\n\n**पवित्र गुरु, मुझे अपनी गंभीर भूल का एहसास है; मैं विनम्रतापूर्वक क्षमा चाहता हूँ।\n\nइन आध्यात्मिक रूप से अंधे मनों में विश्वास पैदा करने के लिए ही मैंने आपको बुलाने का साहस किया था।\n\nचूँकि आप मेरी प्रार्थना पर कृपापूर्वक प्रकट हुए हैं, \n\nइसलिए कृपया मेरे मित्रों को आशीर्वाद दिए बिना मत जाइए।\n\nभले ही वे अविश्वासी हों, कम से कम वे मेरे अजीबोगरीब कथनों की सच्चाई की जाँच करने के लिए तैयार थे।\n\n'","type":"default","passage":"हिमालय में एक महल की सामग्री","commentary":"","meaning":""},{"id":"26","title":"34.26","content":"**बहुत अच्छा; मैं थोड़ी देर रुकूंगा।\n\nमैं नहीं चाहता कि तुम्हारे दोस्तों के सामने तुम्हारी बात का अपमान हो।\n\n** बाबाजी का चेहरा नरम पड़ गया था, लेकिन उन्होंने धीरे से कहा, **\n\nअब से, मेरे बेटे, मैं तब आऊंगा जब तुम्हें मेरी आवश्यकता होगी, और हमेशा तब नहीं जब तुम मुझे बुलाओगे।\n\n{FN34-10}** **जब मैंने दरवाजा खोला तो छोटे समूह में तनावपूर्ण चुप्पी छा गई।\n\nमानो अपनी इंद्रियों पर अविश्वास करते हुए, मेरे दोस्तों ने कंबल की सीट पर चमकदार आकृति को देखा।\n\n****यह सामूहिक सम्मोहन है!** एक आदमी खुलकर हँसा।\n\n**हमारे ज्ञान के बिना कोई भी इस कमरे में प्रवेश नहीं कर सकता था!** 'बाबाजी मुस्कुराते हुए आगे बढ़े और हर एक को अपने शरीर के गर्म, ठोस मांस को छूने का इशारा किया।\n\nसंदेह दूर हो गया","type":"default","passage":"हिमालय में एक महल की सामग्री","commentary":"","meaning":""},{"id":"27","title":"34.27","content":"\"**हलुआ  \n***(FN34-11)***\n तैयार हो जाओ।\n\n** मुझे पता था कि बाबाजी ने यह अनुरोध समूह को अपनी भौतिक वास्तविकता के बारे में और अधिक आश्वस्त करने के लिए किया था।\n\nजब दलिया उबल रहा था, दिव्य गुरु ने मिलनसार ढंग से बातचीत की।\n\nइन संदेह करने वाले थॉमस का भक्त सेंट पॉल में रूपांतरण बहुत बढ़िया था।\n\nहमारे खाने के बाद, बाबाजी ने हम सभी को बारी-बारी से आशीर्वाद दिया।\n\nअचानक एक चमक हुई; हमने बाबाजी के शरीर के इलेक्ट्रॉनिक तत्वों को एक फैलती हुई वाष्पशील रोशनी में तात्कालिक रूप से विरंजित होते देखा।\n\nगुरु की ईश्वर-संचालित इच्छा शक्ति ने उनके शरीर के रूप में एक साथ बंधे ईथर परमाणुओं की पकड़ ढीली कर दी थी; तुरंत ही खरबों छोटी-छोटी जीवनदायिनी चिंगारियाँ अनंत जलाशय में विलीन हो गईं।","type":"default","passage":"हिमालय में एक महल की सामग्री","commentary":"","meaning":""},{"id":"28","title":"34.28","content":"“‘मैंने अपनी आँखों से मृत्यु पर विजय पाने वाले को देखा है।\n\n’ समूह में से एक मैत्र {FN34-12} ने श्रद्धापूर्वक कहा।\n\nउनके चेहरे पर हाल ही में जागृति के आनंद की झलक थी।\n\n‘परम गुरु समय और स्थान के साथ खेलते थे, जैसे एक बच्चा बुलबुलों के साथ खेलता है।\n\nमैंने स्वर्ग और पृथ्वी की कुंजियों के साथ एक को देखा है।\n\n’ “मैं जल्द ही दानापुर लौट आया।\n\nआत्मा में दृढ़ता से स्थिर होकर, मैंने फिर से एक गृहस्थ के विविध व्यावसायिक और पारिवारिक दायित्वों को ग्रहण किया।\n\n” लाहिड़ी महाशय ने स्वामी केबलानंद और श्रीयुक्तेश्वर को बाबाजी के साथ एक और मुलाकात की कहानी भी सुनाई, जो ऐसी परिस्थितियों में हुई थी, जो गुरु के वादे को याद दिलाती थी: “जब भी तुम्हें मेरी आवश्यकता होगी, मैं आऊँगा।\n\n”","type":"default","passage":"हिमालय में एक महल की सामग्री","commentary":"","meaning":""},{"id":"29","title":"34.29","content":"“यह दृश्य इलाहाबाद में कुंभ मेले का था, ” लाहिड़ी महाशय ने अपने शिष्यों से कहा।\n\n“मैं अपने कार्यालय के कामों से कुछ समय की छुट्टी पर वहाँ गया था।\n\nजब मैं पवित्र उत्सव में भाग लेने के लिए दूर-दूर से आए साधुओं और साधुओं की भीड़ के बीच घूम रहा था, तो मैंने राख से लिपटे एक तपस्वी को देखा जो एक भिक्षापात्र पकड़े हुए था।\n\nमेरे मन में यह विचार आया कि वह व्यक्ति पाखंडी था, जो आंतरिक अनुग्रह के बिना त्याग के बाहरी प्रतीक धारण करता था।\n\n“जैसे ही मैं तपस्वी के पास से गुजरा, मेरी चकित नज़र बाबाजी पर पड़ी।\n\nवह एक जटाधारी संन्यासी के सामने घुटनों के बल बैठे थे।\n\n“‘गुरुजी!’ मैं जल्दी से उनके पास गया।\n\n‘सर, आप यहाँ क्या कर रहे हैं?’","type":"default","passage":"हिमालय में एक महल की सामग्री","commentary":"","meaning":""},{"id":"30","title":"34.30","content":"“‘मैं इस त्यागी के पैर धो रहा हूँ, और फिर मैं उसके बर्तन साफ करूँगा।\n\n’ बाबाजी ने मुझे एक छोटे बच्चे की तरह मुस्कुराया; मैं जानता था कि वह यह संकेत दे रहे थे कि वह चाहते थे कि मैं किसी की आलोचना न करूँ, बल्कि सभी शरीर-मंदिरों में समान रूप से भगवान को देखूँ, चाहे वह श्रेष्ठ हो या निम्न।\n\nमहान गुरु ने आगे कहा, ‘बुद्धिमान और अज्ञानी साधुओं की सेवा करके, मैं सबसे महान गुण सीख रहा हूँ, जो सभी से ऊपर भगवान को प्रसन्न करता है- विनम्रता।\n\n’” {FN34-1} \n\nअब एक सैन्य अभयारण्य।\n\n1861 तक ब्रिटिश सरकार ने पहले ही कुछ टेलीग्राफिक संचार स्थापित कर दिए थे।\n\n{FN34-2} संयुक्त प्रांत के अल्मोड़ा जिले में रानीखेत, ब्रिटिश भारत में सबसे ऊँची हिमालयी चोटी  \n***(25, 661 फीट)***\n नंदा देवी के तल पर स्थित है।","type":"default","passage":"हिमालय में एक महल की सामग्री","commentary":"","meaning":""},{"id":"31","title":"34.31","content":"{FN34-3} “सब्त मनुष्य के लिए बनाया गया है, न कि मनुष्य सब्त के लिए।\n\n”—मरकुस 2:27. {FN34-4} कर्म नियम की माँग है कि हर मानव इच्छा को अंतिम पूर्ति मिले।\n\nइस प्रकार इच्छा वह जंजीर है जो मनुष्य को पुनर्जन्म के चक्र में बाँधती है।\n\n{FN34-5} “चमत्कार क्या है? - यह एक निन्दा है, यह मानवजाति पर एक अंतर्निहित व्यंग्य है।\n\n” —एडवर्ड यंग, नाइट थॉट्स में।\n\n{FN34-5} पदार्थ की परमाणु संरचना के सिद्धांत को प्राचीन भारतीय वैशेषिक और न्याय ग्रंथों में स्पष्ट किया गया था।\n\n“प्रत्येक परमाणु के खोखले भाग में विशाल दुनियाएँ हैं, जो सूर्य की किरण में मौजूद कणों की तरह विविध हैं।\n\n”—योग वशिष्ठ।","type":"default","passage":"हिमालय में एक महल की सामग्री","commentary":"","meaning":""},{"id":"32","title":"34.32","content":"{FN34-7} शारीरिक, मानसिक और आध्यात्मिक पीड़ा; क्रमशः, बीमारी में, मनोवैज्ञानिक अपर्याप्तता या “जटिलताओं” में, और आत्मा-अज्ञान में प्रकट होती है।\n\n{FN34-8} अध्याय II:40. {FN34-9} बनारस के पास एक शहर।\n\n{FN34-10} अनंत के मार्ग में, लाहिड़ी महाशय जैसे प्रबुद्ध गुरु भी अत्यधिक उत्साह से पीड़ित हो सकते हैं, और अनुशासन के अधीन हो सकते हैं।\n\nभगवद गीता में, हम कई अंश पढ़ते हैं जहाँ दिव्य गुरु कृष्ण भक्तों के राजकुमार, अर्जुन को दंड देते हैं।\n\n{FN34-11} मक्खन में तली हुई और दूध के साथ उबाली गई गेहूँ की मलाई से बनी दलिया।\n\n{FN34-12} मैत्रा नाम का वह व्यक्ति, जिसका यहाँ लाहिड़ी महाशय उल्लेख कर रहे हैं, बाद में आत्म-साक्षात्कार में अत्यधिक उन्नत हो गया जब मैं बनारस में रहता था, तब वे महामंडल आश्रम में आते थे।\n\nउन्होंने मुझे तब मुरादाबाद में समूह के सामने बाबाजी के भौतिक रूप में प्रकट होने के बारे में बताया था।\n\nमैत्रा ने मुझे बताया,  \n> चमत्कार के परिणामस्वरूप, मैं लाहिड़ी महाशय का आजीवन शिष्य बन गया।","type":"default","passage":"हिमालय में एक महल की सामग्री","commentary":"","meaning":""},{"id":"33","title":"34.33","content":"","type":"default","passage":"हिमालय में एक महल की सामग्री","commentary":"","meaning":""}]}