{"id":35,"title":"लाहिड़ी महाशय का ईसाई जैसा जीवन","description":"लाहिड़ी महाशय का ईसाई जैसा जीवन","sectionCount":31,"tags":null,"contentId":"AoY02","sections":[{"id":"1","title":"35.1","content":"लाहिड़ी महाशय का मसीह जैसा जीवन “इस प्रकार हमें सभी धार्मिकता को पूरा करना चाहिए।\n\n” {FN35-1} जॉन बैपटिस्ट को दिए गए इन शब्दों में, और जॉन से बपतिस्मा लेने के लिए कहने में, यीशु अपने गुरु के दिव्य अधिकारों को स्वीकार कर रहे थे।\n\nएक प्राच्य दृष्टिकोण से बाइबिल के एक श्रद्धापूर्ण अध्ययन से, {FN35-2} और अंतर्ज्ञानी धारणा से, मैं आश्वस्त हूं कि जॉन बैपटिस्ट पिछले जन्मों में, मसीह के गुरु थे।\n\nबाइबिल में ऐसे कई अंश हैं जो यह अनुमान लगाते हैं कि जॉन और यीशु अपने अंतिम अवतारों में क्रमशः एलिय्याह और उनके शिष्य एलीशा थे।\n\n***(ये पुराने नियम में वर्तनी हैं।\n\nयूनानी अनुवादकों ने नामों को एलियास और एलीसियस के रूप में लिखा; वे इन बदले हुए रूपों में नए नियम में फिर से दिखाई देते हैं।\n\n)***","type":"default","passage":"लाहिड़ी महाशय का ईसाई जैसा जीवन","commentary":"","meaning":""},{"id":"2","title":"35.2","content":"पुराने नियम के \n\nअंत में एलिय्याह और एलीशा के पुनर्जन्म की भविष्यवाणी की गई है:  \n> देखो, मैं प्रभु के उस बड़े और भयानक दिन के आने से पहले तुम्हारे पास एलिय्याह नबी को भेजूंगा।\n\n {FN35-3} इस प्रकार यूहन्ना  \n***(एलिय्याह)***\n, जिसे  \n> प्रभु के आने से पहले\n भेजा गया था, मसीह के संदेशवाहक के रूप में सेवा करने के लिए थोड़ा पहले पैदा हुआ था।\n\nएक स्वर्गदूत जकरयाह के पिता के पास यह गवाही देने के लिए प्रकट हुआ कि उसका आने वाला बेटा यूहन्ना कोई और नहीं बल्कि एलिय्याह  \n***(एलियास)***\n होगा।\n\n\"परन्तु स्वर्गदूत ने उससे कहा, हे जकरयाह, मत डर; क्योंकि तेरी प्रार्थना सुन ली गई है; और तेरी पत्नी इलीशिबा तेरे लिये एक पुत्र जनेगी, और तू उसका नाम यूहन्ना रखना।\n\n. . . और वह इस्राएल के बहुत से लोगों को उनके परमेश्वर यहोवा की ओर फेरेगा।\n\nऔर वह एलिय्याह की आत्मा और सामर्थ में होकर उसके आगे आगे चलेगा, कि पितरों के मन को लड़के-बालों की ओर फेर दे, और आज्ञा न माननेवालों को धर्मियों की बुद्धि की ओर फेर दे; और प्रभु के लिये एक योग्य प्रजा तैयार करे।\n\n” {FN35-5} यीशु ने दो बार स्पष्ट रूप से एलिय्याह  \n***(एलियाह)***\n की पहचान यूहन्ना के रूप में की: “एलियाह आ चुका है, और वे उसे नहीं पहचानते।\n\n. . . तब चेले समझ गए कि वह उनसे यूहन्ना बपतिस्मा देनेवाले के विषय में बात कर रहा है।\n\n” {FN35-6} फिर से, मसीह कहते हैं: “क्योंकि यूहन्ना तक सब भविष्यद्वक्ताओं और व्यवस्था ने भविष्यद्वाणी की।\n\nऔर यदि तुम मान लो, तो यह एलिय्याह है, जो आनेवाला था।\n\n” {FN35-7} जब यूहन्ना ने इनकार किया कि वह एलिय्याह  \n***(एलियाह)***\n है, {FN35-8} तो उसका मतलब था कि वह यूहन्ना के विनम्र वेश में \n\nअब महान गुरु एलिय्याह के बाहरी उत्थान में नहीं आया।\n\nअपने पिछले अवतार में उन्होंने अपनी महिमा और आध्यात्मिक संपदा का “वस्त्र” अपने शिष्य एलीशा को दिया था।\n\n“और एलीशा ने कहा, मैं तुमसे प्रार्थना करता हूँ, अपनी आत्मा का दुगना हिस्सा मुझ पर बरसाओ।\n\nऔर उसने कहा, तुमने एक कठिन बात माँगी है: फिर भी, अगर तुम मुझे तब देखोगे जब मैं तुमसे दूर चला जाऊँगा, तो तुम्हारे लिए ऐसा ही होगा।\n\n. . . और उसने एलिय्याह का वस्त्र ले लिया जो उससे गिर गया था।\n\n” {FN35-9}","type":"default","passage":"लाहिड़ी महाशय का ईसाई जैसा जीवन","commentary":"","meaning":""},{"id":"3","title":"35.3","content":"भूमिकाएँ उलट गईं, क्योंकि \n\nअब एलिजा-जॉन को एलीशा-जीसस का गुरु होने की आवश्यकता नहीं थी, \n\nअब वे दिव्य अनुभूति में परिपूर्ण हो चुके थे।\n\nजब मसीह का पहाड़ पर रूपांतरण हुआ {FN35-10} तो यह उनके गुरु एलियास थे, मूसा के साथ, जिन्हें उन्होंने देखा।\n\nफिर से, क्रूस पर अपनी चरम सीमा के समय, यीशु ने ईश्वरीय नाम पुकारा:  \n> एली, एली, लामा सबक्तानी? अर्थात्, मेरे परमेश्वर, मेरे परमेश्वर, तूने मुझे क्यों छोड़ दिया?\n जो वहाँ खड़े थे, उनमें से कुछ ने यह सुनकर कहा, यह आदमी एलियास को पुकारता है।\n\n. . . आइए देखें कि एलियास उसे बचाने के लिए आता है या नहीं।\n\n>  {FN35-11} जॉन और जीसस के बीच मौजूद गुरु और शिष्य का शाश्वत बंधन बाबाजी और लाहिड़ी महाशय के लिए भी मौजूद था।\n\nअमर गुरु ने कोमल चिंता के साथ लेथियन जल को पार किया जो उनके शिष्य के पिछले दो जन्मों के बीच घूमता था, और बच्चे और फिर लाहिड़ी महाशय द्वारा उठाए गए क्रमिक कदमों का मार्गदर्शन किया।\n\nजब तक शिष्य अपने तैंतीसवें वर्ष में नहीं पहुंच गया, तब तक बाबाजी ने कभी न टूटे हुए संबंध को खुले तौर पर फिर से जोड़ने का समय नहीं समझा।\n\nफिर, रानीखेत के पास उनकी संक्षिप्त मुलाकात के बाद, निस्वार्थ गुरु ने अपने प्रिय शिष्य को छोटे से पर्वत समूह से निर्वासित कर दिया, और उसे बाहरी दुनिया के मिशन के लिए मुक्त कर दिया।\n\nमेरे बेटे, जब भी तुम्हें मेरी आवश्यकता होगी मैं आऊंगा।\n\n\" कौन सा नश्वर प्रेमी ऐसा अनंत वादा कर सकता है?","type":"default","passage":"लाहिड़ी महाशय का ईसाई जैसा जीवन","commentary":"","meaning":""},{"id":"4","title":"35.4","content":"समाज के सामान्य लोगों की जानकारी के बिना ही बनारस के एक सुदूर कोने से एक महान आध्यात्मिक पुनर्जागरण की शुरुआत हुई।\n\nजिस तरह फूलों की खुशबू को दबाया नहीं जा सकता, उसी तरह आदर्श गृहस्थ के रूप में चुपचाप रहने वाले लाहिड़ी महाशय अपनी जन्मजात महिमा को छिपा नहीं सके।\n\nधीरे-धीरे भारत के हर हिस्से से भक्त-मधुमक्खियाँ मुक्त गुरु के दिव्य अमृत की तलाश में लग गईं।\n\nअंग्रेज कार्यालय अधीक्षक अपने कर्मचारी में एक अजीबोगरीब दिव्य परिवर्तन को नोटिस करने वाले पहले लोगों में से एक थे, जिन्हें वे प्यार से  \n> परमानंद बाबू\n कहते थे।\n\n> सर, आप उदास लग रहे हैं।\n\nक्या परेशानी है?\n लाहिड़ी महाशय ने एक सुबह अपने नियोक्ता से यह सहानुभूतिपूर्ण पूछताछ की।","type":"default","passage":"लाहिड़ी महाशय का ईसाई जैसा जीवन","commentary":"","meaning":""},{"id":"5","title":"35.5","content":"“इंग्लैंड में मेरी पत्नी गंभीर रूप से बीमार है।\n\nमैं चिंता से परेशान हूँ।\n\n” “मैं तुम्हें उसके बारे में कुछ बताऊँगा।\n\n” लाहिड़ी महाशय कमरे से बाहर चले गए और कुछ देर के लिए एकांत स्थान पर बैठे रहे।\n\nवापस आकर उन्होंने सांत्वना देते हुए मुस्कुराया।\n\n“आपकी पत्नी की हालत में सुधार हो रहा है; वह \n\nअब आपको पत्र लिख रही है।\n\n” सर्वज्ञ योगी ने पत्र के कुछ अंश उद्धृत किए।\n\n“बहुत प्रसन्न बाबू, मैं पहले से ही जानता हूँ कि आप कोई साधारण व्यक्ति नहीं हैं।\n\nफिर भी मैं यह विश्वास नहीं कर पा रहा हूँ कि आप अपनी इच्छा से समय और स्थान को समाप्त कर सकते हैं!” वादा किया गया पत्र आखिरकार आ गया।\n\nआश्चर्यचकित अधीक्षक ने पाया कि उसमें न केवल उनकी पत्नी के ठीक होने की खुशखबरी थी, बल्कि वही वाक्य भी थे जो कुछ सप्ताह पहले लाहिड़ी महाशय ने दोहराए थे।","type":"default","passage":"लाहिड़ी महाशय का ईसाई जैसा जीवन","commentary":"","meaning":""},{"id":"6","title":"35.6","content":"कुछ महीनों बाद पत्नी भारत आई।\n\nवह कार्यालय गई, जहाँ लाहिड़ी महाशय चुपचाप अपनी मेज पर बैठे थे।\n\nमहिला ने आदरपूर्वक उनसे संपर्क किया।\n\n> महाशय,  \n उसने कहा,  \n> यह आपका रूप था, जो शानदार प्रकाश में प्रभामंडल था, जिसे मैंने लंदन में अपने रोगशय्या पर महीनों पहले देखा था।\n\nउस क्षण मैं पूरी तरह से ठीक हो गई थी! इसके तुरंत बाद, मैं भारत की लंबी समुद्री यात्रा करने में सक्षम हो गई।\n\n दिन-प्रतिदिन, एक या दो भक्त क्रिया दीक्षा के लिए महान गुरु से प्रार्थना करते थे।\n\nइन आध्यात्मिक कर्तव्यों और अपने व्यावसायिक और पारिवारिक जीवन के अलावा, महान गुरु ने शिक्षा में भी गहरी रुचि ली।\n\nउन्होंने कई अध्ययन समूहों का आयोजन किया, और बनारस के बंगालीटोला खंड में एक बड़े हाई स्कूल के विकास में सक्रिय भूमिका निभाई।\n\nशास्त्रों पर उनके नियमित प्रवचनों को उनकी  \n> गीता सभा\n कहा जाने लगा, जिसमें कई सत्य-साधक उत्सुकता से भाग लेते थे।","type":"default","passage":"लाहिड़ी महाशय का ईसाई जैसा जीवन","commentary":"","meaning":""},{"id":"7","title":"35.7","content":"इन विविध गतिविधियों के माध्यम से, लाहिड़ी महाशय ने इस आम चुनौती का उत्तर देने का प्रयास किया:  \n> अपने व्यवसाय और सामाजिक कर्तव्यों को पूरा करने के बाद, भक्ति ध्यान के लिए समय कहाँ है?\n महान गृहस्थ-गुरु का सामंजस्यपूर्ण संतुलित जीवन हजारों प्रश्न पूछने वाले दिलों की मूक प्रेरणा बन गया।\n\nकेवल मामूली वेतन पाने वाले, मितव्ययी, दिखावटी, सभी के लिए सुलभ, गुरु सांसारिक जीवन के मार्ग पर स्वाभाविक और खुशी से चलते रहे।\n\nसर्वोच्च एक के आसन पर विराजमान होने के बावजूद, लाहिड़ी महाशय ने सभी मनुष्यों के प्रति आदर दिखाया, चाहे उनकी अलग-अलग योग्यताएँ कुछ भी हों।\n\nजब उनके भक्त उन्हें नमस्कार करते, तो वे भी उनके सामने झुकते।\n\nबच्चों जैसी विनम्रता के साथ, गुरु अक्सर दूसरों के पैर छूते थे, लेकिन शायद ही कभी उन्हें ऐसा सम्मान देने की अनुमति देते थे, भले ही गुरु के प्रति ऐसा सम्मान एक प्राचीन प्राच्य रिवाज है।","type":"default","passage":"लाहिड़ी महाशय का ईसाई जैसा जीवन","commentary":"","meaning":""},{"id":"8","title":"35.8","content":"लाहिड़ी महाशय के जीवन की एक महत्वपूर्ण विशेषता यह थी कि उन्होंने हर धर्म के लोगों को क्रिया दीक्षा दी।\n\nउनके सबसे प्रमुख शिष्यों में केवल हिंदू ही नहीं, बल्कि मुसलमान और ईसाई भी थे।\n\nअद्वैतवादी और द्वैतवादी, सभी धर्मों के लोग या किसी भी स्थापित धर्म के नहीं, सभी को सार्वभौमिक गुरु ने निष्पक्ष रूप से स्वीकार किया और निर्देश दिया।\n\nउनके सबसे उच्च कोटि के शिष्यों में से एक \n\nअब्दुल गुफूर खान थे, जो मुसलमान थे।\n\nयह लाहिड़ी महाशय की महान हिम्मत को दर्शाता है कि, एक उच्च जाति के ब्राह्मण होने के बावजूद, उन्होंने अपने समय की कठोर जातिगत कट्टरता को खत्म करने की पूरी कोशिश की।\n\nजीवन के हर क्षेत्र से जुड़े लोगों को गुरु के सर्वव्यापी पंखों के नीचे आश्रय मिला।\n\nसभी ईश्वर-प्रेरित पैगम्बरों की तरह, लाहिड़ी महाशय ने समाज के बहिष्कृत और दलित लोगों को नई उम्मीद दी।","type":"default","passage":"लाहिड़ी महाशय का ईसाई जैसा जीवन","commentary":"","meaning":""},{"id":"9","title":"35.9","content":"> हमेशा याद रखो कि तुम किसी के नहीं हो, और कोई भी तुम्हारा नहीं है।\n\nइस बात पर विचार करो कि किसी दिन तुम्हें अचानक इस संसार में सब कुछ छोड़ना पड़ेगा-\n\nइसलिए अभी से ईश्वर से परिचय कर लो,  \n महान गुरु ने अपने शिष्यों से कहा।\n\n> ईश्वर-बोध के गुब्बारे में प्रतिदिन सवार होकर मृत्यु की आने वाली सूक्ष्म यात्रा के लिए स्वयं को तैयार करो।\n\nभ्रम के कारण तुम स्वयं को मांस और हड्डियों का एक समूह समझ रहे हो, जो कि अधिक से अधिक परेशानियों का घोंसला है।\n\n{FN35-12} निरंतर ध्यान करो, ताकि तुम शीघ्र ही स्वयं को अनंत सार के रूप में देख सको, जो हर प्रकार के दुख से मुक्त है।\n\nशरीर के कैदी बनना छोड़ो; क्रिया की गुप्त कुंजी का उपयोग करके, आत्मा में भागना सीखो।","type":"default","passage":"लाहिड़ी महाशय का ईसाई जैसा जीवन","commentary":"","meaning":""},{"id":"10","title":"35.10","content":"महान गुरु ने अपने विभिन्न शिष्यों को अपने-अपने धर्म के अच्छे पारंपरिक अनुशासन का पालन करने के लिए प्रोत्साहित किया।\n\nमुक्ति की एक व्यावहारिक तकनीक के रूप में क्रिया की सर्व-समावेशी प्रकृति पर जोर देते हुए, लाहिड़ी महाशय ने अपने शिष्यों को पर्यावरण और पालन-पोषण के अनुरूप अपने जीवन को व्यक्त करने की स्वतंत्रता दी।\n\nगुरु ने बताया,  \n> एक मुसलमान को अपनी नमाज़ {FN35-13} की पूजा प्रतिदिन चार बार करनी चाहिए।\n\n  \n> एक हिंदू को प्रतिदिन चार बार ध्यान में बैठना चाहिए।\n\nएक ईसाई को प्रतिदिन चार बार अपने घुटनों पर बैठकर ईश्वर से प्रार्थना करनी चाहिए और फिर बाइबिल पढ़नी चाहिए।\n\n बुद्धिमान विवेक के साथ गुरु ने अपने अनुयायियों को प्रत्येक व्यक्ति की स्वाभाविक प्रवृत्ति के अनुसार भक्ति  \n***(भक्ति)***\n, कर्म  \n***(कार्रवाई)***\n, ज्ञान  \n***(बुद्धि)***\n, या राज  \n***(शाही या पूर्ण)***\n योग के मार्गों पर मार्गदर्शन किया।\n\nगुरु, जो भिक्षुत्व के औपचारिक मार्ग में प्रवेश करने के इच्छुक भक्तों को अपनी अनुमति देने में धीमे थे, हमेशा उन्हें पहले मठवासी जीवन की तपस्या पर अच्छी तरह से विचार करने के लिए सावधान करते थे।","type":"default","passage":"लाहिड़ी महाशय का ईसाई जैसा जीवन","commentary":"","meaning":""},{"id":"11","title":"35.11","content":"महान गुरु ने अपने शिष्यों को शास्त्रों की सैद्धांतिक चर्चा से बचने की शिक्षा दी।\n\nउन्होंने कहा,  \n> वही बुद्धिमान है जो प्राचीन रहस्योद्घाटनों को पढ़ने के बजाय, उन्हें समझने के लिए खुद को समर्पित करता है।\n\n  \n> ध्यान के माध्यम से अपनी सभी समस्याओं का समाधान करें।\n\n{FN35-14} लाभहीन धार्मिक अटकलों को वास्तविक ईश्वर-संपर्क के लिए बदलें।\n\nअपने मन को हठधर्मी धार्मिक मलबे से मुक्त करें; प्रत्यक्ष अनुभूति के ताजे, उपचारात्मक जल को अंदर आने दें।\n\nअपने आप को सक्रिय आंतरिक मार्गदर्शन के साथ तालमेल बिठाएँ; ईश्वरीय वाणी के पास जीवन की हर दुविधा का उत्तर है।\n\nहालाँकि खुद को मुसीबत में डालने के लिए मनुष्य की चतुराई अंतहीन लगती है, लेकिन अनंत सहायता भी कम संसाधनपूर्ण नहीं है।","type":"default","passage":"लाहिड़ी महाशय का ईसाई जैसा जीवन","commentary":"","meaning":""},{"id":"12","title":"35.12","content":"[चित्रण: लाहिड़ी महाशय, बाबाजी के शिष्य और श्रीयुक्तेश्वर के गुरु—देखें लाहिड़ी.jpg] गुरु की सर्वव्यापकता एक दिन शिष्यों के एक समूह के सामने प्रदर्शित हुई, जो भगवद् गीता की उनकी व्याख्या सुन रहे थे।\n\nजब वे कूटस्थ चैतन्य या समस्त स्पंदनशील सृष्टि में क्राइस्ट चेतना का अर्थ समझा रहे थे, लाहिड़ी महाशय अचानक चौंक गए और चिल्ला उठे: “मैं जापान के तट पर कई आत्माओं के शरीर में डूब रहा हूँ!” अगली सुबह शिष्यों ने जापान के पास पिछले दिन कई लोगों की मृत्यु का समाचार पढ़ा, जिनका जहाज डूब गया था।\n\nलाहिड़ी महाशय के दूर के शिष्यों को अक्सर उनकी उपस्थिति का एहसास होता था।\n\n“मैं हमेशा उन लोगों के साथ रहता हूँ जो क्रिया का अभ्यास करते हैं, ” उन्होंने उन शिष्यों को सांत्वना देते हुए कहा जो उनके पास नहीं रह सकते थे।\n\n“मैं आपको आपकी बढ़ती हुई धारणाओं के माध्यम से ब्रह्मांडीय घर तक पहुँचाऊँगा।\n\n”","type":"default","passage":"लाहिड़ी महाशय का ईसाई जैसा जीवन","commentary":"","meaning":""},{"id":"13","title":"35.13","content":"स्वामी सत्यानंद को एक भक्त ने बताया कि बनारस न जा पाने के बावजूद उन्हें स्वप्न में सटीक क्रिया दीक्षा मिली थी।\n\nलाहिड़ी महाशय शिष्य की प्रार्थना के उत्तर में उसे निर्देश देने के लिए प्रकट हुए थे।\n\nयदि कोई शिष्य अपने सांसारिक दायित्वों में से किसी की उपेक्षा करता था, तो गुरु उसे धीरे से सुधारते और अनुशासित करते थे।\n\nश्रीयुक्तेश्वर ने एक बार मुझसे कहा था,  \n> लाहिड़ी महाशय के शब्द सौम्य और उपचारात्मक होते थे, तब भी जब उन्हें शिष्य की गलतियों के बारे में खुलकर बोलने के लिए मजबूर किया जाता था।\n\n उन्होंने दुखी होकर कहा,  \n> हमारे गुरु की कटु बातों से कोई शिष्य कभी भाग नहीं पाया।\n\n मैं अपनी हंसी रोक नहीं पाया, लेकिन मैंने श्रीयुक्तेश्वर को सच में आश्वस्त किया कि, तीखे हों या न हों, उनके हर शब्द मेरे कानों के लिए संगीत थे।","type":"default","passage":"लाहिड़ी महाशय का ईसाई जैसा जीवन","commentary":"","meaning":""},{"id":"14","title":"35.14","content":"लाहिड़ी महाशय ने क्रिया को चार क्रमिक दीक्षाओं में वर्गीकृत किया।\n\n{FN35-15} उन्होंने तीन उच्चतर तकनीकें तभी प्रदान कीं, जब भक्त ने निश्चित आध्यात्मिक प्रगति प्रकट कर ली थी।\n\nएक दिन एक शिष्य ने, जो यह मानता था कि उसके मूल्य का उचित मूल्यांकन नहीं किया जा रहा है, अपनी नाराजगी व्यक्त की।\n\n> गुरुजी,  \n उसने कहा,  \n> निश्चित रूप से मैं \n\nअब दूसरी दीक्षा के लिए तैयार हूँ।\n\n इस समय एक विनम्र शिष्य, वृंदा भगत को प्रवेश देने के लिए दरवाजा खुला।\n\nवह बनारस का डाकिया था।\n\n> वृंदा, यहाँ मेरे पास बैठो।\n\n महान गुरु ने उसे स्नेहपूर्वक मुस्कुराते हुए कहा।\n\n> मुझे बताओ, क्या तुम क्रिया की दूसरी तकनीक के लिए तैयार हो?","type":"default","passage":"लाहिड़ी महाशय का ईसाई जैसा जीवन","commentary":"","meaning":""},{"id":"15","title":"35.15","content":"छोटे डाकिये ने हाथ जोड़कर प्रार्थना की।\n\n> गुरुदेव,  \n उसने घबराकर कहा,  \n> \n\nअब और दीक्षा मत लो! मैं उच्च शिक्षा कैसे ग्रहण कर सकता हूँ? मैं आज आपका आशीर्वाद माँगने आया हूँ, क्योंकि प्रथम दिव्य क्रिया ने मुझे इतना मदहोश कर दिया है कि मैं अपने पत्र नहीं पहुँचा सकता!\n  \n> वृंदा पहले से ही आत्मा के सागर में तैर रही है।\n\n लाहिड़ी महाशय के इन शब्दों पर उनके दूसरे शिष्य ने अपना सिर झुका लिया।\n\n> गुरुजी,  \n उसने कहा,  \n> मैं देख रहा हूँ कि मैं एक घटिया कारीगर रहा हूँ, जो अपने औजारों में दोष ढूँढ़ता रहा हूँ।\n\n डाकिये ने, जो एक अशिक्षित व्यक्ति था, बाद में क्रिया के माध्यम से अपनी अंतर्दृष्टि को इस हद तक विकसित किया कि विद्वान कभी-कभी जटिल शास्त्रीय बिंदुओं पर उसकी व्याख्या माँगते थे।\n\nपाप और वाक्यविन्यास के प्रति समान रूप से \n\nअबोध, छोटी वृंदा ने विद्वान पंडितों के क्षेत्र में ख्याति प्राप्त की।","type":"default","passage":"लाहिड़ी महाशय का ईसाई जैसा जीवन","commentary":"","meaning":""},{"id":"16","title":"35.16","content":"लाहिड़ी महाशय के बनारस के असंख्य शिष्यों के अलावा भारत के दूर-दराज के इलाकों से भी सैकड़ों लोग उनके पास आए।\n\nवे स्वयं कई बार बंगाल गए और अपने दो बेटों के ससुरों के घर गए।\n\nउनकी उपस्थिति से धन्य होकर बंगाल छोटे-छोटे क्रिया समूहों से भर गया।\n\nखास तौर पर कृष्णनगर और बिष्णुपुर जिलों में आज भी कई मौन साधकों ने आध्यात्मिक ध्यान की अदृश्य धारा को प्रवाहित रखा है।\n\nलाहिड़ी महाशय से क्रिया प्राप्त करने वाले कई संतों में बनारस के प्रख्यात स्वामी वाष्करानंद सरस्वती और देवगढ़ के उच्च कोटि के तपस्वी बालानंद ब्रह्मचारी का उल्लेख किया जा सकता है।\n\nकुछ समय के लिए लाहिड़ी महाशय ने बनारस के महाराजा ईश्वरी नारायण सिन्हा बहादुर के बेटे के निजी शिक्षक के रूप में काम किया।\n\nगुरु की आध्यात्मिक उपलब्धि को पहचानते हुए महाराजा और उनके बेटे ने भी क्रिया दीक्षा मांगी, जैसा कि महाराजा जोतिंद्र मोहन ठाकुर ने किया था।","type":"default","passage":"लाहिड़ी महाशय का ईसाई जैसा जीवन","commentary":"","meaning":""},{"id":"17","title":"35.17","content":"लाहिड़ी महाशय के कई प्रभावशाली सांसारिक पद वाले शिष्य प्रचार द्वारा क्रिया मंडल का विस्तार करने के इच्छुक थे।\n\nगुरु ने उनकी अनुमति देने से इनकार कर दिया।\n\nबनारस के भगवान के राजवैद्य, एक चेले ने गुरु के नाम को  \n> काशी बाबा\n  \n***(बनारस के महान व्यक्ति)***\n के रूप में फैलाने के लिए एक संगठित प्रयास शुरू किया।\n\n{FN35-16} फिर से गुरु ने मना कर दिया।\n\nउन्होंने कहा,  \n> क्रिया के फूल की सुगंध को बिना किसी प्रदर्शन के स्वाभाविक रूप से बहने दो।\n\n  \n> इसके बीज आध्यात्मिक रूप से उपजाऊ हृदय की मिट्टी में जड़ें जमा लेंगे।\n\n यद्यपि महान गुरु ने किसी संगठन के आधुनिक माध्यम या प्रिंटिंग प्रेस के माध्यम से प्रचार करने की प्रणाली को नहीं अपनाया, लेकिन वे जानते थे कि उनके संदेश की शक्ति एक अप्रतिरोध्य बाढ़ की तरह बढ़ेगी, जो अपने बल से मानव मन के तटों को डुबो देगी।\n\nभक्तों का परिवर्तित और शुद्ध जीवन ही क्रिया की अमर जीवन शक्ति की सरल गारंटी थी।","type":"default","passage":"लाहिड़ी महाशय का ईसाई जैसा जीवन","commentary":"","meaning":""},{"id":"18","title":"35.18","content":"सन् 1886 में, रानीखेत में दीक्षा लेने के पच्चीस वर्ष बाद, लाहिड़ी महाशय को पेंशन पर सेवानिवृत्त कर दिया गया।\n\n{FN35-17} दिन में उनकी उपलब्धता के कारण, शिष्यों की संख्या में लगातार वृद्धि हो रही थी।\n\nमहान गुरु \n\nअब अधिकांश समय शांत कमल मुद्रा में बैठे रहते थे।\n\nवे शायद ही कभी अपने छोटे से कमरे से बाहर निकलते थे, यहाँ तक कि टहलने या घर के अन्य भागों में जाने के लिए भी नहीं।\n\nशिष्यों का एक शांत प्रवाह, लगभग निरंतर, गुरु के दर्शन  \n***(पवित्र दर्शन)***\n के लिए आता था।\n\nसभी देखने वालों के लिए विस्मयकारी, लाहिड़ी महाशय की अभ्यस्त शारीरिक स्थिति में सांस फूलना, अनिद्रा, नाड़ी और हृदय की धड़कन का बंद होना, घंटों तक बिना पलक झपकाए शांत आँखें और शांति की गहन आभा जैसी अलौकिक विशेषताएँ प्रदर्शित होती थीं।\n\nकोई भी आगंतुक आत्मा के उत्थान के बिना नहीं जाता था; सभी जानते थे कि उन्हें ईश्वर के एक सच्चे व्यक्ति का मौन आशीर्वाद प्राप्त हुआ है।","type":"default","passage":"लाहिड़ी महाशय का ईसाई जैसा जीवन","commentary":"","meaning":""},{"id":"19","title":"35.19","content":"गुरु ने \n\nअब अपने शिष्य पंचानन भट्टाचार्य को कलकत्ता में एक “आर्य मिशन संस्थान” खोलने की अनुमति दी।\n\nयहाँ संत शिष्य ने क्रिया योग का संदेश फैलाया और जनहित के लिए कुछ यौगिक हर्बल दवाएँ तैयार कीं।\n\nप्राचीन रीति-रिवाज के अनुसार, गुरु ने विभिन्न रोगों के उपचार के लिए आम लोगों को नीम का तेल दिया।\n\nजब गुरु ने किसी शिष्य से तेल को आसवित करने के लिए कहा, तो वह आसानी से यह कार्य पूरा कर सकता था।\n\nअगर कोई और कोशिश करता, तो उसे अजीबोगरीब मुश्किलों का सामना करना पड़ता, क्योंकि वह पाता कि आवश्यक आसवन प्रक्रियाओं से गुज़रने के बाद औषधीय तेल लगभग वाष्पित हो चुका था।\n\nजाहिर है कि गुरु का आशीर्वाद एक आवश्यक घटक था।","type":"default","passage":"लाहिड़ी महाशय का ईसाई जैसा जीवन","commentary":"","meaning":""},{"id":"20","title":"35.20","content":"[चित्रण:—lmwriting.jpg] ऊपर बंगाली लिपि में लाहिड़ी महाशय की लिखावट और हस्ताक्षर दिखाए गए हैं।\n\nये पंक्तियाँ एक शिष्य को लिखे गए पत्र में हैं; महान गुरु ने संस्कृत श्लोक की व्याख्या इस प्रकार की है:  \n> जिसने शांति की ऐसी अवस्था प्राप्त कर ली है जिसमें उसकी पलकें नहीं झपकतीं, उसने संभाबी मुद्रा प्राप्त कर ली है।\n\n  \n***(हस्ताक्षरित)***\n  \n> श्री श्यामा चरण देव शर्मान\n आर्य मिशन संस्थान ने गुरु की कई शास्त्र-व्याख्याओं के प्रकाशन का कार्य किया।\n\nईसा मसीह और अन्य महान पैगंबरों की तरह, लाहिड़ी महाशय ने स्वयं कोई पुस्तक नहीं लिखी, लेकिन उनके गहन व्याख्याओं को विभिन्न शिष्यों द्वारा रिकॉर्ड और व्यवस्थित किया गया।\n\nइनमें से कुछ स्वैच्छिक लिपिकार गुरु की गहन अंतर्दृष्टि को सही ढंग से व्यक्त करने में दूसरों की तुलना में अधिक समझदार थे; फिर भी, कुल मिलाकर, उनके प्रयास सफल रहे।\n\nउनके उत्साह के कारण, दुनिया के पास छब्बीस प्राचीन शास्त्रों पर लाहिड़ी महाशय द्वारा लिखी गई अद्वितीय व्याख्याएँ हैं।","type":"default","passage":"लाहिड़ी महाशय का ईसाई जैसा जीवन","commentary":"","meaning":""},{"id":"21","title":"35.21","content":"श्री आनंद मोहन लाहिड़ी, जो गुरु के पौत्र हैं, ने क्रिया पर एक रोचक पुस्तिका लिखी है।\n\nश्री आनंद ने लिखा है,  \n> भगवद् गीता का पाठ महाभारत नामक महाकाव्य का एक भाग है, जिसमें अनेक गाँठें  \n***(व्यास-कूट)***\n हैं।\n\n \"उन गाँठों को बिना प्रश्न किए छोड़ दें, तो हमें विचित्र और आसानी से गलत समझे जाने वाले मिथकीय कहानियों के अलावा कुछ नहीं मिलेगा।\n\nउन गाँठों को बिना समझाए छोड़ दें, तो हम एक ऐसा विज्ञान खो देंगे, जिसे पूर्व ने हजारों वर्षों के प्रयोग के बाद अलौकिक धैर्य के साथ संरक्षित किया है।\n\n{FN35-20} यह लाहिड़ी महाशय की टीकाएँ ही थीं, जिन्होंने रूपकों से मुक्त होकर, धर्म के उसी विज्ञान को प्रकाश में लाया, जिसे शास्त्रों के अक्षरों और कल्पनाओं की पहेली में बहुत चतुराई से छिपा दिया गया था।\n\nवैदिक उपासना के अन्यथा अर्थहीन सूत्रों को \n\nअब केवल शब्दों की अस्पष्ट बाजीगरी न मानकर, गुरु ने पूर्ण वैज्ञानिक महत्ता से युक्त सिद्ध कर दिया है।।\n।।","type":"default","passage":"लाहिड़ी महाशय का ईसाई जैसा जीवन","commentary":"","meaning":""},{"id":"22","title":"35.22","content":"“हम जानते हैं कि मनुष्य आमतौर पर बुरी वासनाओं के विद्रोही प्रभाव के खिलाफ असहाय होता है, लेकिन जब क्रिया के माध्यम से उसे श्रेष्ठ और स्थायी आनंद की चेतना का एहसास होता है, तो ये शक्तिहीन हो जाते हैं और मनुष्य को उनके भोग में कोई मकसद नहीं दिखता।\n\nयहाँ त्याग, निम्नतर वासनाओं का निषेध, एक आनंद की पुष्टि, ग्रहण के साथ तालमेल बिठाता है।\n\nइस तरह के मार्ग के बिना, सैकड़ों नैतिक सिद्धांत जो केवल नकारात्मक रूप में चलते हैं, हमारे लिए बेकार हैं।\n\n“सांसारिक गतिविधियों के लिए हमारी उत्सुकता हमारे अंदर आध्यात्मिक विस्मय की भावना को मार देती है।\n\nहम सभी नामों और रूपों के पीछे महान जीवन को नहीं समझ सकते, सिर्फ़ \n\nइसलिए कि विज्ञान हमें यह बताता है कि हम प्रकृति की शक्तियों का उपयोग कैसे कर सकते हैं; इस परिचय ने उसके अंतिम रहस्यों के प्रति तिरस्कार पैदा कर दिया है।\n\nप्रकृति के साथ हमारा संबंध व्यावहारिक व्यवसाय का है।\n\nहम उसे, यूँ कहें, यह जानने के लिए छेड़ते हैं कि उसे हमारे उद्देश्यों की पूर्ति के लिए कैसे इस्तेमाल किया जा सकता है; हम उसकी ऊर्जाओं का उपयोग करते हैं, जिसका स्रोत अभी तक अज्ञात है।\n\nविज्ञान में प्रकृति के साथ हमारा रिश्ता वैसा ही है जैसा कि मनुष्य और उसके सेवक के बीच होता है, या दार्शनिक अर्थ में वह गवाह के कठघरे में बंदी की तरह है।\n\nहम उससे जिरह करते हैं, उसे चुनौती देते हैं, और उसके साक्ष्य को मानवीय तराजू पर बारीकी से तौलते हैं जो उसके छिपे हुए मूल्यों को नहीं माप सकता।\n\nदूसरी ओर, जब आत्मा उच्च शक्ति के साथ संवाद में होती है, तो प्रकृति बिना किसी तनाव या दबाव के, मनुष्य की इच्छा का पालन करती है।\n\nप्रकृति पर इस सहज नियंत्रण को अज्ञानी भौतिकवादी **चमत्कारी** कहते हैं।","type":"default","passage":"लाहिड़ी महाशय का ईसाई जैसा जीवन","commentary":"","meaning":""},{"id":"23","title":"35.23","content":"\"लाहिड़ी महाशय के जीवन ने एक ऐसा उदाहरण स्थापित किया जिसने इस गलत धारणा को बदल दिया कि योग एक रहस्यमय अभ्यास है।\n\nप्रत्येक व्यक्ति क्रिया के माध्यम से प्रकृति के साथ अपने उचित संबंध को समझने का मार्ग खोज सकता है, तथा भौतिक विज्ञान की तथ्यात्मकता के बावजूद, सभी घटनाओं के प्रति आध्यात्मिक श्रद्धा महसूस कर सकता है, चाहे वे रहस्यमय हों या रोज़मर्रा की घटनाएँ।\n\n{FN35-21} हमें यह ध्यान में रखना चाहिए कि एक हज़ार साल पहले जो रहस्यमय था, वह \n\nअब ऐसा नहीं है, और जो \n\nअब रहस्यमय है, वह सौ साल बाद वैध रूप से समझ में आने योग्य हो सकता है।\n\nयह अनंत, शक्ति का महासागर है, जो सभी अभिव्यक्तियों के पीछे है।","type":"default","passage":"लाहिड़ी महाशय का ईसाई जैसा जीवन","commentary":"","meaning":""},{"id":"24","title":"35.24","content":"> क्रिया योग का नियम शाश्वत है।\n\nयह गणित की तरह सत्य है; जोड़-घटाने के सरल नियमों की तरह, क्रिया का नियम कभी नष्ट नहीं हो सकता।\n\nगणित की सभी पुस्तकों को जलाकर राख कर दें, तार्किक बुद्धि वाले लोग हमेशा ऐसे सत्यों को पुनः खोज लेंगे; योग की सभी पवित्र पुस्तकों को नष्ट कर दें, इसके मूल नियम तब सामने आएंगे जब कोई सच्चा योगी प्रकट होगा जो अपने भीतर शुद्ध भक्ति और परिणामस्वरूप शुद्ध ज्ञान को समाहित करता है।\n\n जिस तरह बाबाजी सबसे महान अवतारों में से एक हैं, महावतार, और श्रीयुक्तेश्वर ज्ञानावतार या बुद्धि के अवतार हैं, उसी तरह लाहिड़ी महाशय को भी योगावतार या योग का अवतार कहा जा सकता है।\n\nगुणात्मक और मात्रात्मक दोनों ही तरह के अच्छे मानकों के अनुसार, उन्होंने समाज के आध्यात्मिक स्तर को ऊपर उठाया।\n\nअपने करीबी शिष्यों को ईसा मसीह के समान कद तक बढ़ाने और लोगों के बीच सत्य के व्यापक प्रसार में, लाहिड़ी महाशय मानव जाति के उद्धारकर्ताओं में से एक हैं।","type":"default","passage":"लाहिड़ी महाशय का ईसाई जैसा जीवन","commentary":"","meaning":""},{"id":"25","title":"35.25","content":"एक पैगम्बर के रूप में उनकी विशिष्टता एक निश्चित विधि, क्रिया पर उनके व्यावहारिक जोर में निहित है, जिसने पहली बार सभी लोगों के लिए योग की स्वतंत्रता के द्वार खोले।\n\nअपने स्वयं के जीवन के चमत्कारों के अलावा, निश्चित रूप से योगावतार ने योग की प्राचीन जटिलताओं को एक प्रभावी सरलता में कम करके सभी चमत्कारों की पराकाष्ठा को छुआ, जो सामान्य समझ से परे नहीं थी।\n\nचमत्कारों के संदर्भ में, लाहिड़ी महाशय अक्सर कहा करते थे,  \n> सूक्ष्म नियमों का संचालन जो आम लोगों के लिए अज्ञात है, उचित भेदभाव के बिना सार्वजनिक रूप से चर्चा या प्रकाशित नहीं किया जाना चाहिए।\n\n अगर इन पन्नों में मैं उनके चेतावनी भरे शब्दों का उल्लंघन करता हुआ दिखाई दिया, तो ऐसा \n\nइसलिए हुआ क्योंकि उन्होंने मुझे एक आंतरिक आश्वासन दिया है।\n\nइसके अलावा, बाबाजी, लाहिड़ी महाशय और श्रीयुक्तेश्वर के जीवन को दर्ज करते हुए, मैंने कई सच्ची चमत्कारी कहानियों को छोड़ना उचित समझा, जिन्हें गूढ़ दर्शन की व्याख्यात्मक पुस्तक लिखे बिना शायद ही शामिल किया जा सकता था।","type":"default","passage":"लाहिड़ी महाशय का ईसाई जैसा जीवन","commentary":"","meaning":""},{"id":"26","title":"35.26","content":"नए लोगों के लिए नई आशा! योगावतार ने घोषणा की,  \n> दिव्य मिलन\n  \n> स्व-प्रयास से संभव है, और यह धार्मिक विश्वासों या ब्रह्मांडीय तानाशाह की मनमानी इच्छा पर निर्भर नहीं है।\n\n क्रिया कुंजी के उपयोग के माध्यम से, जो लोग किसी भी व्यक्ति की दिव्यता में विश्वास करने के लिए खुद को तैयार नहीं कर सकते हैं, वे अंततः अपने स्वयं के पूर्ण दिव्यता को देखेंगे।\n\n{FN35-1} मैथ्यू 3:15. {FN35-2} कई बाइबिल के अंश बताते हैं कि पुनर्जन्म के नियम को समझा और स्वीकार किया गया था।\n\nपुनर्जन्म चक्र विकास की विभिन्न अवस्थाओं के लिए एक अधिक उचित व्याख्या है जिसमें मानव जाति पाई जाती है, सामान्य पश्चिमी सिद्धांत की तुलना में जो मानता है कि कुछ  \n***(अहंकार की चेतना)***\n शून्य से उत्पन्न हुई, तीस या नब्बे वर्षों तक कामुकता की विभिन्न डिग्री के साथ अस्तित्व में रही, और फिर मूल शून्य में लौट गई।\n\nइस तरह के शून्य की अकल्पनीय प्रकृति एक मध्ययुगीन स्कूली छात्र के दिल को प्रसन्न करने वाली समस्या है।","type":"default","passage":"लाहिड़ी महाशय का ईसाई जैसा जीवन","commentary":"","meaning":""},{"id":"27","title":"35.27","content":"{FN35-3} मलाकी 4:5. {FN35-4} “उसके सामने, ” यानी, “प्रभु के सामने।\n\n” {FN35-5} लूका 1:13-17. {FN35-6} मत्ती 17:12-13. {FN35-7} मत्ती 11:13-14. {FN35-8} यूहन्ना 1:21. {FN35-9} 2 राजा 2:9-14. {FN35-10} मत्ती 17:3. {FN35-11} मत्ती 27:46-49. {FN35-12} “हमारे शरीर में कितनी तरह की मृत्युएँ हैं! उनमें मृत्यु के अलावा कुछ भी नहीं है।\n\n” - मार्टिन लूथर, “टेबल-टॉक” में।\n\n{FN35-13} मुसलमानों की मुख्य प्रार्थना, जिसे आम तौर पर प्रतिदिन चार या पाँच बार दोहराया जाता है।\n\n{FN35-14} “ध्यान में सत्य की तलाश करें, न कि घिसी-पिटी किताबों में।\n\nचाँद को खोजने के लिए आसमान में देखें, तालाब में नहीं।\n\n” - फ़ारसी कहावत।\n\n{FN35-15} चूँकि क्रिया योग कई उपविभागों में सक्षम है, \n\nइसलिए लाहिड़ी महाशय ने बुद्धिमानी से चार चरण चुने, जिन्हें उन्होंने वे चरण माना जिनमें आवश्यक तत्व समाहित थे, और जो वास्तविक अभ्यास में सर्वोच्च मूल्य के थे।","type":"default","passage":"लाहिड़ी महाशय का ईसाई जैसा जीवन","commentary":"","meaning":""},{"id":"28","title":"35.28","content":"{FN35-16} लाहिड़ी महाशय को उनके शिष्यों द्वारा दी गई अन्य उपाधियाँ थीं योगीबर  \n***(सबसे महान योगी)***\n, योगीराज  \n***(योगियों का राजा)***\n और मुनिबर  \n***(सबसे महान संत)***\n, जिनमें मैंने योगावतार  \n***(योग का अवतार)***\n जोड़ दिया है।\n\n{FN35-17} उन्होंने सरकार के एक विभाग में कुल मिलाकर पैंतीस वर्ष की सेवा दी थी।\n\n{FN35-18} प्राचीन संस्कृत ग्रंथों में व्यापक हर्बल ज्ञान मिलता है।\n\nहिमालय की जड़ी-बूटियों का उपयोग कायाकल्प उपचार में किया गया था, जिसने 1938 में दुनिया का ध्यान आकर्षित किया जब इस पद्धति का उपयोग बनारस हिंदू विश्वविद्यालय के 77 वर्षीय कुलपति पंडित मदन मोहन मालवीय पर किया गया।\n\nउल्लेखनीय रूप से, प्रख्यात विद्वान ने 45 दिनों में अपना स्वास्थ्य, शक्ति, स्मृति, सामान्य दृष्टि वापस पा ली; तीसरे दांत के संकेत दिखाई दिए, जबकि सभी झुर्रियाँ गायब हो गईं।\n\nकाया कल्प के नाम से जाना जाने वाला हर्बल उपचार हिंदू आयुर्वेद या चिकित्सा विज्ञान में वर्णित 80 कायाकल्प विधियों में से एक है।\n\nपंडित मालवीय ने श्री कल्पाचार्य स्वामी बेशुनदासजी के हाथों उपचार करवाया था, जो 1766 को अपना जन्म वर्ष बताते हैं।\n\nउनके पास ऐसे दस्तावेज़ हैं जो साबित करते हैं कि उनकी उम्र 100 साल से ज़्यादा है; एसोसिएटेड प्रेस के रिपोर्टरों ने टिप्पणी की कि वे लगभग 40 साल के दिखते थे।","type":"default","passage":"लाहिड़ी महाशय का ईसाई जैसा जीवन","commentary":"","meaning":""},{"id":"29","title":"35.29","content":"प्राचीन हिंदू ग्रंथों ने चिकित्सा विज्ञान को 8 शाखाओं में विभाजित किया है: शल्य  \n***(शल्य चिकित्सा)***\n; सालक्य  \n***(गर्दन के ऊपर के रोग)***\n; कायाचिकित्सा  \n***(वास्तविक चिकित्सा)***\n; भूतविद्या  \n***(मानसिक रोग)***\n; कौमार  \n***(शिशु की देखभाल)***\n; अगद  \n***(विष विज्ञान)***\n; रसायन  \n***(दीर्घायु)***\n; वाग्विकरण  \n***(टॉनिक)***।\nवैदिक चिकित्सक नाजुक शल्य चिकित्सा उपकरणों का उपयोग करते थे, प्लास्टिक सर्जरी का उपयोग करते थे, जहरीली गैस के प्रभावों का प्रतिकार करने के लिए चिकित्सा पद्धतियों को समझते थे, सीजेरियन सेक्शन और मस्तिष्क के ऑपरेशन करते थे, दवाओं के गतिशीलकरण में कुशल थे।\n\n5वीं शताब्दी ईसा पूर्व के प्रसिद्ध चिकित्सक हिप्पोक्रेट्स ने अपनी अधिकांश मेटेरिया मेडिका हिंदू स्रोतों से उधार ली थी।","type":"default","passage":"लाहिड़ी महाशय का ईसाई जैसा जीवन","commentary":"","meaning":""},{"id":"30","title":"35.30","content":"{FN35-19} पूर्वी भारतीय मार्गोसा वृक्ष।\n\nइसके औषधीय गुणों को \n\nअब पश्चिम में भी मान्यता मिल गई है, जहाँ कड़वे नीम की छाल का उपयोग टॉनिक के रूप में किया जाता है, और बीजों और फलों से प्राप्त तेल को कुष्ठ रोग और अन्य बीमारियों के उपचार में अत्यधिक मूल्यवान पाया गया है।\n\n{FN35-20} “सिंधु घाटी के पुरातात्विक स्थलों से हाल ही में खुदाई की गई कई मुहरें, जो तीसरी सहस्राब्दी ईसा पूर्व की हैं, योग की पद्धति में \n\nअब उपयोग की जाने वाली ध्यान मुद्राओं में बैठी हुई आकृतियाँ दिखाती हैं, और यह अनुमान लगाने की पुष्टि करती हैं कि उस समय भी योग की कुछ मूल बातें पहले से ही ज्ञात थीं।\n\nहम अनुचित रूप से यह निष्कर्ष नहीं निकाल सकते कि अध्ययन की गई विधियों की सहायता से व्यवस्थित आत्मनिरीक्षण का अभ्यास भारत में पाँच हज़ार वर्षों से किया जा रहा है।\n\n. . . भारत ने मन के कुछ मूल्यवान धार्मिक दृष्टिकोण और नैतिक धारणाएँ विकसित की हैं जो कम से कम जीवन में उनके अनुप्रयोग की व्यापकता में अद्वितीय हैं।\n\nइनमें से एक बौद्धिक विश्वास-सिद्धांत के प्रश्नों में सहिष्णुता रही है - जो पश्चिम के लिए आश्चर्यजनक है, जहां कई शताब्दियों तक विधर्मियों का शिकार आम बात थी, और सांप्रदायिक प्रतिद्वंद्विता को लेकर देशों के बीच खूनी युद्ध अक्सर होते थे।\n\n\" - वाशिंगटन, डी.सी. के अमेरिकन काउंसिल ऑफ लर्नड सोसाइटीज के बुलेटिन के मई, 1939 के अंक में प्रोफेसर डब्ल्यू. नॉर्मन ब्राउन के एक लेख के अंश।","type":"default","passage":"लाहिड़ी महाशय का ईसाई जैसा जीवन","commentary":"","meaning":""},{"id":"31","title":"35.31","content":"{FN35-21} यहाँ कार्लाइल के सार्टोर रेसार्टस में दिए गए अवलोकन के बारे में सोचा जा सकता है:  \n> वह व्यक्ति जो आश्चर्य नहीं कर सकता, जो आदतन आश्चर्य नहीं करता  \n***(और पूजा नहीं करता)***\n, चाहे वह असंख्य रॉयल सोसाइटीज का अध्यक्ष क्यों न हो और सभी प्रयोगशालाओं और वेधशालाओं का सार, उनके परिणामों के साथ, अपने एक सिर में रखता हो, - वह एक चश्मा मात्र है जिसके पीछे कोई आँख नहीं है।","type":"default","passage":"लाहिड़ी महाशय का ईसाई जैसा जीवन","commentary":"","meaning":""}]}