{"id":36,"title":"पश्चिम में बाबाजी की रुचि","description":"पश्चिम में बाबाजी की रुचि","sectionCount":27,"tags":null,"contentId":"AoY02","sections":[{"id":"1","title":"36.1","content":"पश्चिम में बाबाजी की रुचि  \n> गुरुजी, क्या आप कभी बाबाजी से मिले हैं?\n यह सेरामपुर में एक शांत गर्मी की रात थी; जब मैं आश्रम की दूसरी मंजिल की बालकनी में श्रीयुक्तेश्वर के बगल में बैठा था, तो हमारे सिर के ऊपर उष्णकटिबंधीय के बड़े-बड़े सितारे चमक रहे थे।\n\n> हाँ।\n\n मेरे सीधे सवाल पर गुरुजी मुस्कुराए; उनकी आँखें श्रद्धा से चमक उठीं।\n\n> मुझे तीन बार अमर गुरु के दर्शन का सौभाग्य मिला है।\n\nहमारी पहली मुलाकात इलाहाबाद में कुंभ मेले में हुई थी।\n\n भारत में अनादि काल से आयोजित होने वाले धार्मिक मेलों को कुंभ मेले के रूप में जाना जाता है; वे आध्यात्मिक लक्ष्यों को हमेशा लोगों की नज़र में रखते हैं।\n\nहर छह साल में लाखों की संख्या में श्रद्धालु हिंदू हजारों साधुओं, योगियों, स्वामियों और सभी प्रकार के तपस्वियों से मिलने के लिए इकट्ठा होते हैं।\n\nकई ऐसे संन्यासी हैं जो मेलों में भाग लेने और सांसारिक पुरुषों और महिलाओं को अपना आशीर्वाद देने के अलावा अपने एकांत स्थानों से कभी नहीं निकलते।","type":"default","passage":"पश्चिम में बाबाजी की रुचि","commentary":"","meaning":""},{"id":"2","title":"36.2","content":"श्रीयुक्तेश्वर ने कहा,  \n> जब मैं बाबाजी से मिला, उस समय मैं स्वामी नहीं था।\n\nलेकिन मैंने लाहिड़ी महाशय से क्रिया दीक्षा प्राप्त कर ली थी।\n\nउन्होंने मुझे जनवरी 1894 में इलाहाबाद में आयोजित होने वाले मेले में भाग लेने के लिए प्रोत्साहित किया।\n\nयह कुंभ का मेरा पहला अनुभव था; मैं भीड़ के शोरगुल और उछाल से थोड़ा चकित महसूस कर रहा था।\n\nअपनी खोजी निगाहों से मैंने चारों ओर किसी गुरु का कोई प्रकाशित चेहरा नहीं देखा।\n\nगंगा के तट पर एक पुल से गुजरते हुए, मैंने देखा कि एक परिचित व्यक्ति पास में खड़ा था, उसका भिक्षापात्र बढ़ा हुआ था।\n\n**ओह, यह मेला शोर और भिखारियों के अलावा कुछ नहीं है, ** मैंने मोहभंग में सोचा।\n\n**मुझे आश्चर्य है कि क्या पश्चिमी वैज्ञानिक, जो मानव जाति के व्यावहारिक लाभ के लिए धैर्यपूर्वक ज्ञान के क्षेत्र का विस्तार कर रहे हैं, वे इन आलसी लोगों की तुलना में ईश्वर को अधिक प्रसन्न नहीं करते हैं जो धर्म का दावा करते हैं लेकिन भिक्षा पर ध्यान केंद्रित करते हैं।\n\n**","type":"default","passage":"पश्चिम में बाबाजी की रुचि","commentary":"","meaning":""},{"id":"3","title":"36.3","content":"“सामाजिक सुधार पर मेरे सुलगते विचारों को एक लंबे कद के संन्यासी की आवाज़ ने बाधित किया जो मेरे सामने रुका था।\n\n“‘महाराज, ’ उसने कहा, ‘एक संत आपको बुला रहे हैं।\n\n’ “‘वह कौन है?’ “‘आओ और खुद ही देख लो।\n\n’ “संकोचपूर्वक इस संक्षिप्त सलाह का पालन करते हुए, मैंने जल्द ही खुद को एक पेड़ के पास पाया जिसकी शाखाओं पर एक गुरु और शिष्यों के एक आकर्षक समूह का आश्रय था।\n\nगुरु, एक उज्ज्वल असामान्य आकृति, चमकती हुई काली आँखों के साथ, मेरे पास आते ही उठे और मुझे गले लगा लिया।\n\n“‘स्वागत है, स्वामीजी, ’ उन्होंने स्नेहपूर्वक कहा।\n\n“‘महाराज, ’ मैंने दृढ़ता से उत्तर दिया, ‘मैं स्वामी नहीं हूँ।\n\n’ “‘जिन लोगों को मैं “स्वामी” की उपाधि देने के लिए दैवीय निर्देश देता हूँ, वे इसे कभी नहीं छोड़ते।\n\n’ संत ने मुझे सरलता से संबोधित किया, लेकिन उनके शब्दों में सत्य की गहरी आस्था गूंज रही थी; मैं आध्यात्मिक आशीर्वाद की एक तात्कालिक लहर में डूब गया।\n\nप्राचीन मठीय व्यवस्था में अपने अचानक उत्थान पर मुस्कुराते हुए, {FN36-1} मैंने मानव रूप में स्पष्ट रूप से महान और देवदूत व्यक्ति के चरणों में सिर झुकाया, जिन्होंने मुझे इस प्रकार सम्मानित किया था।","type":"default","passage":"पश्चिम में बाबाजी की रुचि","commentary":"","meaning":""},{"id":"4","title":"36.4","content":"“बाबाजी ने मुझे पेड़ के नीचे अपने पास बैठने का इशारा किया।\n\nवह मजबूत और युवा थे, और लाहिड़ी महाशय की तरह दिखते थे; फिर भी मुझे यह समानता नहीं लगी, भले ही मैंने अक्सर दो गुरुओं की शक्ल-सूरत में असाधारण समानताओं के बारे में सुना था।\n\nबाबाजी के पास एक ऐसी शक्ति है जिसके द्वारा वह किसी व्यक्ति के मन में किसी विशेष विचार को उठने से रोक सकते हैं।\n\nजाहिर है कि महान गुरु चाहते थे कि मैं उनकी उपस्थिति में पूरी तरह से सहज रहूँ, उनकी पहचान के ज्ञान से अभिभूत न होऊँ।\n\n“‘कुम्भ मेले के बारे में आपका क्या विचार है?’ “‘मैं बहुत निराश था, सर।\n\n’ मैंने जल्दी से कहा, ‘जब तक मैं आपसे नहीं मिला।\n\nकिसी तरह संत और यह हंगामा एक साथ नहीं लगते।\n\n’","type":"default","passage":"पश्चिम में बाबाजी की रुचि","commentary":"","meaning":""},{"id":"5","title":"36.5","content":"**बच्चे, ** गुरु ने कहा, हालाँकि मैं उनकी उम्र से लगभग दुगुनी उम्र का था, **बहुतों के दोषों के लिए, पूरे का न्याय मत करो।\n\nपृथ्वी पर सब कुछ मिश्रित चरित्र का है, रेत और चीनी के मिश्रण की तरह।\n\nबुद्धिमान चींटी की तरह बनो जो केवल चीनी को पकड़ती है, और रेत को अछूता छोड़ देती है।\n\nहालाँकि यहाँ बहुत से साधु अभी भी मोह में भटक रहे हैं, फिर भी मेले को कुछ ईश्वर-साक्षात्कार वाले पुरुषों का आशीर्वाद प्राप्त है।\n\n** **इस महान गुरु के साथ अपनी खुद की मुलाकात को देखते हुए, मैं तुरंत उनकी टिप्पणी से सहमत हो गया।\n\n**मैंने टिप्पणी की, 'श्रीमान, मैं पश्चिम के वैज्ञानिकों के बारे में सोच रहा था, जो यहाँ एकत्रित अधिकांश लोगों की तुलना में कहीं अधिक बुद्धिमान हैं, दूर यूरोप और अमेरिका में रहते हैं, विभिन्न पंथों को मानते हैं, और वर्तमान मेले जैसे वास्तविक मूल्यों से अनभिज्ञ हैं।\n\nवे ऐसे लोग हैं जो भारत के गुरुओं के साथ बैठकों से बहुत लाभ उठा सकते हैं।\n\nलेकिन, बौद्धिक उपलब्धियों में उच्च होने के बावजूद, कई पश्चिमी लोग उच्च भौतिकवाद से बंधे हुए हैं।\n\nविज्ञान और दर्शन में प्रसिद्ध अन्य लोग धर्म में आवश्यक एकता को मान्यता नहीं देते।\n\nउनके पंथ दुर्गम अवरोधों के रूप में कार्य करते हैं जो उन्हें हमेशा के लिए हमसे अलग करने की धमकी देते हैं।","type":"default","passage":"पश्चिम में बाबाजी की रुचि","commentary":"","meaning":""},{"id":"6","title":"36.6","content":"“मैंने देखा कि आप पश्चिम के साथ-साथ पूर्व में भी रुचि रखते हैं।\n\n” बाबाजी के चेहरे पर स्वीकृति की चमक थी।\n\n“मैंने आपके हृदय की पीड़ा को महसूस किया, जो सभी लोगों के लिए पर्याप्त है, चाहे वे पूर्व के हों या पाश्चात्य के।\n\nइसीलिए मैंने आपको यहाँ बुलाया है।\n\n” “पूर्व और पश्चिम को मिलकर क्रियाशीलता और आध्यात्मिकता का एक सुनहरा मध्य मार्ग स्थापित करना चाहिए, ” उन्होंने आगे कहा।\n\n“भारत को भौतिक विकास में पश्चिम से बहुत कुछ सीखना है; बदले में, भारत सार्वभौमिक तरीके सिखा सकता है, जिससे पश्चिम अपने धार्मिक विश्वासों को योग विज्ञान की अडिग नींव पर आधारित कर सकेगा।\n\n“स्वामीजी, आपको पूर्व और पाश्चात्य के बीच आने वाले सामंजस्यपूर्ण आदान-प्रदान में भूमिका निभानी है।\n\nकुछ वर्षों बाद मैं आपको एक शिष्य भेजूँगा, जिसे आप पश्चिम में योग प्रसार के लिए प्रशिक्षित कर सकते हैं।\n\nवहाँ आध्यात्मिक रूप से खोज करने वाली कई आत्माओं के स्पंदन मेरे लिए बाढ़ की तरह आते हैं।\n\nमैं अमेरिका और यूरोप में संभावित संतों को देख रहा हूँ, जो जागृत होने की प्रतीक्षा कर रहे हैं।\n\n”","type":"default","passage":"पश्चिम में बाबाजी की रुचि","commentary":"","meaning":""},{"id":"7","title":"36.7","content":"अपनी कहानी के इस मोड़ पर, श्रीयुक्तेश्वर ने अपनी नज़र पूरी तरह से मेरी ओर घुमाई।\n\n“मेरे बेटे, ” उन्होंने चाँदनी में मुस्कुराते हुए कहा, “तुम वही शिष्य हो जिसे सालों पहले बाबाजी ने मुझे भेजने का वादा किया था।\n\n” मुझे यह जानकर खुशी हुई कि बाबाजी ने मेरे कदमों को श्रीयुक्तेश्वर की ओर निर्देशित किया था, फिर भी मेरे लिए खुद को सुदूर पश्चिम में, अपने प्रिय गुरु और सरल आश्रम की शांति से दूर कल्पना करना कठिन था।\n\n“बाबाजी ने फिर भगवद गीता के बारे में बात की, ” श्रीयुक्तेश्वर ने कहा।\n\n“मेरे आश्चर्य के लिए, उन्होंने प्रशंसा के कुछ शब्दों से संकेत दिया कि वे इस तथ्य से अवगत थे कि मैंने गीता के विभिन्न अध्यायों पर व्याख्याएँ लिखी हैं।\n\n“‘मेरे अनुरोध पर, स्वामीजी, कृपया एक और कार्य करें, ’ महान गुरु ने कहा।\n\n‘क्या आप ईसाई और हिंदू धर्मग्रंथों के बीच अंतर्निहित बुनियादी एकता पर एक छोटी सी किताब नहीं लिखेंगे? समानांतर संदर्भों द्वारा दिखाएँ कि ईश्वर के प्रेरित पुत्रों ने वही सत्य बोले हैं, जो \n\nअब मनुष्यों के सांप्रदायिक मतभेदों के कारण अस्पष्ट हो गए हैं।\n\n’","type":"default","passage":"पश्चिम में बाबाजी की रुचि","commentary":"","meaning":""},{"id":"8","title":"36.8","content":"**महाराज, ** {FN36-2} मैंने संकोच से कहा, **क्या आज्ञा है! क्या मैं इसे पूरा कर सकूंगा?** **बाबाजी ने धीरे से हंस दिया।\n\n**बेटा, तुम संदेह क्यों करते हो?** उन्होंने आश्वस्त करते हुए कहा।\n\n**वास्तव में, यह सब किसका कार्य है, और सभी कार्यों का कर्ता कौन है? भगवान ने मुझसे जो कुछ कहलवाया है, वह सत्य के रूप में घटित होना ही है।\n\n** **मैंने अपने को संत के आशीर्वाद से सशक्त समझा, और पुस्तक लिखने के लिए सहमत हो गया।\n\nअनिच्छा से यह महसूस करते हुए कि विदाई की घड़ी आ गई है, मैं अपने पत्तेदार आसन से उठ खड़ा हुआ।\n\n**क्या तुम लाहिड़ी को जानते हो?** {FN36-3} गुरु ने पूछा।\n\n**वे एक महान आत्मा हैं, है न? उन्हें हमारी मुलाकात के बारे में बताओ।\n\n** फिर उन्होंने मुझे लाहिड़ी महाशय के लिए एक संदेश दिया।","type":"default","passage":"पश्चिम में बाबाजी की रुचि","commentary":"","meaning":""},{"id":"9","title":"36.9","content":"“जब मैंने विनम्रतापूर्वक विदाई ली, तो संत ने सौम्यता से मुस्कुराया।\n\n‘जब आपकी पुस्तक समाप्त हो जाएगी, तो मैं आपसे मिलने आऊंगा, ’ उन्होंने वादा किया।\n\n‘फिलहाल अलविदा।\n\n’ “मैं अगले दिन इलाहाबाद से चला और बनारस के लिए ट्रेन में सवार हुआ।\n\nअपने गुरु के घर पहुँचकर, मैंने कुंभ मेले में अद्भुत संत की कहानी सुनाई।\n\n“‘ओह, क्या आपने उन्हें नहीं पहचाना?’ लाहिड़ी महाशय की आँखें हँसी से नाच रही थीं।\n\n‘मैं देखता हूँ कि आप नहीं पहचान सके, क्योंकि उन्होंने आपको रोक दिया।\n\nवे मेरे अतुलनीय गुरु हैं, दिव्य बाबाजी!’ “‘बाबाजी!’ मैंने विस्मय में दोहराया।\n\n‘योगी-मसीह बाबाजी! अदृश्य-दृश्य उद्धारकर्ता बाबाजी! ओह, काश मैं अतीत को याद कर पाता और एक बार फिर उनके सान्निध्य में होता, उनके चरण कमलों में अपनी भक्ति प्रकट करने के लिए!’","type":"default","passage":"पश्चिम में बाबाजी की रुचि","commentary":"","meaning":""},{"id":"10","title":"36.10","content":"> कोई बात नहीं,  \n लाहिड़ी महाशय ने सांत्वना देते हुए कहा।\n\n> उन्होंने आपसे फिर मिलने का वादा किया है।\n\n  \n> गुरुदेव, दिव्य गुरु ने मुझे आपको एक संदेश देने के लिए कहा था।\n\nलाहिड़ी से कहो,  \n>  उन्होंने कहा,  \nकि इस जीवन के लिए संग्रहीत शक्ति \n\nअब कम हो रही है; यह लगभग समाप्त हो गई है।\n\n>   \nइन रहस्यमय शब्दों के उच्चारण पर, लाहिड़ी महाशय का शरीर कांप उठा, मानो बिजली का करंट लग गया हो।\n\nएक पल में उनके आस-पास की हर चीज शांत हो गई; उनका मुस्कुराता हुआ चेहरा अविश्वसनीय रूप से कठोर हो गया।\n\nएक लकड़ी की मूर्ति की तरह, अपने स्थान पर उदास और अचल, उनका शरीर रंगहीन हो गया।\n\nमैं घबरा गया और हतप्रभ रह गया।\n\nमैंने अपने जीवन में कभी भी इस आनंदित आत्मा को ऐसी भयानक गंभीरता प्रकट करते नहीं देखा था।\n\nउपस्थित अन्य शिष्य आशंकित होकर देखने लगे।","type":"default","passage":"पश्चिम में बाबाजी की रुचि","commentary":"","meaning":""},{"id":"11","title":"36.11","content":"“तीन घंटे पूरी तरह से मौन में बीत गए।\n\nफिर लाहिड़ी महाशय ने अपना स्वाभाविक, प्रसन्नचित्त व्यवहार पुनः शुरू किया, और प्रत्येक शिष्य से स्नेहपूर्वक बात की।\n\nसभी ने राहत की सांस ली।\n\n“मैंने अपने गुरु की प्रतिक्रिया से महसूस किया कि बाबाजी का संदेश एक स्पष्ट संकेत था जिसके द्वारा लाहिड़ी महाशय समझ गए थे कि उनका शरीर जल्द ही खाली हो जाएगा।\n\nउनकी विस्मयकारी चुप्पी ने साबित कर दिया कि मेरे गुरु ने तुरंत अपने अस्तित्व को नियंत्रित कर लिया था, भौतिक दुनिया से अपनी आखिरी आसक्ति को काट दिया था, और आत्मा में अपनी सदा-जीवित पहचान की ओर प्रस्थान कर गए थे।\n\nबाबाजी की टिप्पणी उनके कहने का तरीका था: **मैं हमेशा तुम्हारे साथ रहूँगा।\n\n** “हालाँकि बाबाजी और लाहिड़ी महाशय सर्वज्ञ थे, और उन्हें मेरे या किसी अन्य मध्यस्थ के माध्यम से एक-दूसरे के साथ संवाद करने की कोई आवश्यकता नहीं थी, महान लोग अक्सर मानवीय नाटक में भूमिका निभाने के लिए उतर आते हैं।\n\nकभी-कभी वे अपनी भविष्यवाणियों को साधारण तरीके से दूतों के माध्यम से प्रसारित करते हैं, ताकि उनके शब्दों की अंतिम पूर्ति उन लोगों के व्यापक समूह में अधिक दिव्य विश्वास पैदा कर सके जो बाद में कहानी जानते हैं।","type":"default","passage":"पश्चिम में बाबाजी की रुचि","commentary":"","meaning":""},{"id":"12","title":"36.12","content":"श्रीयुक्तेश्वर ने आगे कहा, “मैंने जल्दी ही बनारस छोड़ दिया और बाबाजी द्वारा अनुरोधित शास्त्र लेखन पर सेरामपुर में काम करना शुरू कर दिया।\n\n” “मैंने अपना काम शुरू करने के तुरंत बाद ही अमर गुरु को समर्पित एक कविता लिखने में सक्षम हो गया।\n\nमेरी कलम से मधुर पंक्तियाँ सहजता से प्रवाहित हुईं, हालाँकि मैंने पहले कभी संस्कृत काव्य लिखने का प्रयास नहीं किया था।\n\n“रात के सन्नाटे में मैंने खुद को बाइबल और सनातन धर्म के शास्त्रों की तुलना करने में व्यस्त कर लिया।\n\n{FN36-4} धन्य प्रभु यीशु के शब्दों को उद्धृत करते हुए, मैंने दिखाया कि उनकी शिक्षाएँ मूलतः वेदों के रहस्योद्घाटन के साथ एक थीं।\n\nमुझे राहत मिली कि मेरी पुस्तक थोड़े समय में ही समाप्त हो गई; मुझे एहसास हुआ कि यह शीघ्र आशीर्वाद मेरे परम-गुरु-महाराज की कृपा के कारण था।\n\n{FN36-5} अध्याय पहले साधुसंवाद पत्रिका में प्रकाशित हुए; बाद में उन्हें मेरे किडरपुर के एक शिष्य ने निजी तौर पर एक पुस्तक के रूप में मुद्रित किया।","type":"default","passage":"पश्चिम में बाबाजी की रुचि","commentary":"","meaning":""},{"id":"13","title":"36.13","content":"“अपनी साहित्यिक गतिविधियों को समाप्त करने के अगले दिन सुबह मैं गंगा स्नान के लिए रायघाट गया।\n\nघाट सुनसान था, मैं कुछ देर तक चुपचाप खड़ा रहा और धूप में शांति का आनंद लेता रहा।\n\nचमचमाते पानी में डुबकी लगाने के बाद मैं घर की ओर चल पड़ा।\n\nसन्नाटे में केवल मेरे गंगाजल से भीगे कपड़े की आवाज आ रही थी, जो हर कदम पर फड़फड़ा रहा था।\n\nजैसे ही मैं नदी के किनारे बड़े बरगद के पेड़ के पास से गुजरा, एक प्रबल आवेग ने मुझे पीछे देखने के लिए प्रेरित किया।\n\nवहाँ बरगद की छाया में और कुछ शिष्यों से घिरे हुए महान बाबाजी बैठे थे! “‘प्रणाम, स्वामीजी!’ गुरु की मधुर आवाज गूंजी और मुझे विश्वास दिलाया कि मैं सपना नहीं देख रहा हूँ।\n\n‘मैं देख रहा हूँ कि आपने अपनी पुस्तक सफलतापूर्वक पूरी कर ली है।\n\nजैसा कि मैंने वादा किया था, मैं आपको धन्यवाद देने के लिए यहाँ हूँ।\n\n’","type":"default","passage":"पश्चिम में बाबाजी की रुचि","commentary":"","meaning":""},{"id":"14","title":"36.14","content":"> तेज़ धड़कते दिल के साथ, मैंने उनके चरणों में पूरी तरह से प्रणाम किया।\n\n**परम-गुरुजी, ** मैंने विनती करते हुए कहा, **क्या आप और आपके शिष्य अपनी उपस्थिति से मेरे निकटवर्ती घर का सम्मान नहीं करेंगे?**  \nपरम गुरु ने मुस्कुराते हुए मना कर दिया।\n\n**नहीं, बच्चे, ** उन्होंने कहा, **हम लोग पेड़ों की छाया पसंद करते हैं; यह स्थान बिल्कुल आरामदायक है।\n\n**  \n> **कृपया थोड़ी देर रुकें, गुरुजी।\n\n** मैंने विनती भरी निगाहों से उनकी ओर देखा।\n\n**मैं कुछ विशेष मिठाइयाँ लेकर तुरंत वापस आता हूँ।\n\n**  \nजब मैं कुछ मिनटों में स्वादिष्ट व्यंजनों का एक व्यंजन लेकर लौटा, तो देखा! राजसी बरगद \n\nअब दिव्य मंडली को आश्रय नहीं दे रहा था।\n\nमैंने घाट के चारों ओर खोज की, लेकिन मेरे दिल में मुझे पता था कि छोटा सा दल पहले ही ईथर के पंखों पर उड़ चुका था।","type":"default","passage":"पश्चिम में बाबाजी की रुचि","commentary":"","meaning":""},{"id":"15","title":"36.15","content":"“मैं बहुत दुखी था।\n\n‘अगर हम फिर कभी मिले भी तो मैं उनसे बात नहीं करना चाहूँगा, ’ मैंने खुद को आश्वस्त किया।\n\n‘मुझे अचानक छोड़कर चले जाना उनके लिए बहुत बुरा था।\n\n’ बेशक यह प्रेम का प्रकोप था, और इससे ज़्यादा कुछ नहीं।\n\n“कुछ महीने बाद मैं बनारस में लाहिड़ी महाशय से मिलने गया।\n\nजैसे ही मैं उनके छोटे से बैठकखाने में दाखिल हुआ, मेरे गुरु ने मुस्कुराते हुए मेरा अभिवादन किया।\n\n“‘स्वागत है, युक्तेश्वर, ’ उन्होंने कहा।\n\n‘क्या तुम अभी-अभी बाबाजी से मेरे कमरे की दहलीज पर मिले थे?’ “‘क्यों नहीं, ’ मैंने आश्चर्य से उत्तर दिया।\n\n“‘यहाँ आओ।\n\n’ लाहिड़ी महाशय ने मेरे माथे को धीरे से छुआ; तुरंत मैंने दरवाजे के पास बाबाजी की आकृति देखी, जो एक पूर्ण कमल की तरह खिली हुई थी।\n\n“मुझे अपनी पुरानी चोट याद आ गई, और मैंने सिर नहीं झुकाया।\n\nलाहिड़ी महाशय ने आश्चर्य से मेरी ओर देखा।","type":"default","passage":"पश्चिम में बाबाजी की रुचि","commentary":"","meaning":""},{"id":"16","title":"36.16","content":"**दिव्य गुरु ने अथाह आँखों से मेरी ओर देखा।\n\n**तुम मुझसे नाराज़ हो।\n\n** **श्रीमान, मैं नाराज़ क्यों न होऊँ?** मैंने उत्तर दिया।\n\n**तुम अपनी जादुई टोली के साथ हवा से निकले और हवा में ही गायब हो गए।\n\n** **मैंने तुमसे कहा था कि मैं तुम्हें देखूँगा, लेकिन यह नहीं बताया कि मैं कितनी देर तक रहूँगा।\n\n** बाबाजी धीरे से हँसे।\n\n**तुम उत्साह से भरे हुए थे।\n\nमैं तुम्हें विश्वास दिलाता हूँ कि तुम्हारी बेचैनी के झोंके से मैं आकाश में ही बुझ गया था।\n\n** **मैं इस अप्रिय स्पष्टीकरण से तुरंत संतुष्ट हो गया।\n\nमैं उनके चरणों में झुक गया; सर्वोच्च गुरु ने मुझे कंधे पर प्यार से थपथपाया।\n\n'**बच्चे, तुम्हें और अधिक ध्यान करना चाहिए, ** उन्होंने कहा।\n\n'तुम्हारी दृष्टि अभी भी दोषरहित नहीं हुई","type":"default","passage":"पश्चिम में बाबाजी की रुचि","commentary":"","meaning":""},{"id":"17","title":"36.17","content":"श्रीयुक्तेश्वर ने निष्कर्ष निकाला,  \n> यह मेरे गुरु से मिलने के लिए बनारस की मेरी अंतिम यात्राओं में से एक थी।\n\n  \n> जैसा कि बाबाजी ने कुंभ मेले में भविष्यवाणी की थी, लाहिड़ी महाशय का गृहस्थ-अवतार समाप्ति की ओर था।\n\n1895 की गर्मियों में उनके दृढ़ शरीर की पीठ पर एक छोटा सा फोड़ा हो गया।\n\nउन्होंने भाले से वार करने का विरोध किया; वे अपने कुछ शिष्यों के बुरे कर्मों को अपने शरीर में ही कार्यान्वित कर रहे थे।\n\nअंततः कुछ शिष्यों ने बहुत आग्रह किया; गुरु ने रहस्यमय ढंग से उत्तर दिया:  \n**शरीर को जाने का कारण खोजना ही पड़ता है; तुम जो भी करना चाहो, मैं उसके लिए तैयार हूँ।\n\n**  \n> थोड़े समय बाद अतुलनीय गुरु ने बनारस में अपना शरीर त्याग दिया।\n\nअब मुझे उनके छोटे से कमरे में उन्हें खोजने की आवश्यकता नहीं है; मैं अपने जीवन के प्रत्येक दिन को उनके सर्वव्यापी मार्गदर्शन से धन्य पाता हूँ।","type":"default","passage":"पश्चिम में बाबाजी की रुचि","commentary":"","meaning":""},{"id":"18","title":"36.18","content":"वर्षों बाद, स्वामी केशवानंद, जो एक प्रखर शिष्य थे, के मुख से मैंने लाहिड़ी महाशय के देहावसान के विषय में अनेक अद्भुत विवरण सुने।\n\nकेशवानंद ने मुझसे कहा,  \n> मेरे गुरु ने शरीर त्यागने के कुछ दिन पूर्व, जब मैं हरिद्वार में अपने आश्रम में बैठा था, तब वे मेरे सामने प्रकट हुए।\n\n**तुरंत बनारस आओ।\n\n** इन शब्दों के साथ लाहिड़ी महाशय अन्तर्धान हो गए।\n\nमैं तुरन्त बनारस के लिए ट्रेन में सवार हो गया।\n\nअपने गुरु के घर पर मैंने अनेक शिष्यों को एकत्रित पाया।\n\nउस दिन गुरु ने कई घंटों तक गीता का व्याख्यान किया; तत्पश्चात उन्होंने हमें सरल भाषा में संबोधित किया।\n\n**मैं घर जा रहा हूँ।\n\n** पीड़ा की सिसकियाँ एक अदम्य बाढ़ की तरह फूट पड़ीं।","type":"default","passage":"पश्चिम में बाबाजी की रुचि","commentary":"","meaning":""},{"id":"19","title":"36.19","content":"> **सान्त्वना पाओ; मैं फिर उठ खड़ा होऊंगा।\n\n** इस कथन के बाद लाहिड़ी महाशय ने अपने शरीर को तीन बार गोल-गोल घुमाया, कमल मुद्रा में उत्तर की ओर मुख किया और महिमापूर्वक अंतिम महासमाधि में प्रवेश किया।\n\n{FN36-8}  \nलाहिड़ी महाशय का सुंदर शरीर, जो भक्तों को बहुत प्रिय था, पवित्र गंगा के किनारे मणिकर्णिका घाट पर गंभीर गृहस्थ संस्कारों के साथ अंतिम संस्कार किया गया,  \n>  केशवानंद ने आगे कहा।\n\nअगले दिन, सुबह दस बजे, जब मैं अभी भी बनारस में था, मेरा कमरा एक महान प्रकाश से भर गया।\n\nदेखो! मेरे सामने लाहिड़ी महाशय का मांस और रक्त का रूप खड़ा था! यह बिल्कुल उनके पुराने शरीर जैसा ही लग रहा था, सिवाय इसके कि यह अधिक युवा और अधिक उज्ज्वल दिखाई दे रहा था।\n\nमेरे दिव्य गुरु ने मुझसे बात की।","type":"default","passage":"पश्चिम में बाबाजी की रुचि","commentary":"","meaning":""},{"id":"20","title":"36.20","content":"उन्होंने कहा, **केशवानंद, मैं ही हूँ।\n\nमेरे दाह-संस्कारित शरीर के विखंडित परमाणुओं से मैंने एक नया रूप धारण किया है।\n\nसंसार में मेरा गृहस्थ कार्य पूरा हो गया है; लेकिन मैं पूरी तरह से पृथ्वी को नहीं छोड़ता।\n\nअब से मैं कुछ समय बाबाजी के साथ हिमालय में और बाबाजी के साथ ब्रह्मांड में बिताऊँगा।\n\n** मुझे आशीर्वाद के कुछ शब्द कहकर, पारलौकिक गुरु अंतर्धान हो गए।\n\nमेरे हृदय में अद्भुत प्रेरणा भर गई; मैं आध्यात्मिक रूप से उत्साहित हो गया, जैसे ईसा और कबीर के शिष्यों का हुआ था, जब उन्होंने शारीरिक मृत्यु के बाद अपने जीवित गुरुओं को देखा था।\n\nकेशवानंद ने कहा, **जब मैं अपने एकांत हरिद्वार आश्रम में लौटा, तो मैं अपने गुरु की पवित्र राख अपने साथ ले गया।\n\nमैं जानता हूँ कि वे स्थानिक-कालिक पिंजरे से बाहर निकल आए हैं; सर्वव्यापकता का पक्षी मुक्त हो गया है।\n\nफिर भी उनके पवित्र अवशेषों को पवित्र करने से मेरे हृदय को सुकून मिला।\n\n**","type":"default","passage":"पश्चिम में बाबाजी की रुचि","commentary":"","meaning":""},{"id":"21","title":"36.21","content":"एक और शिष्य जिसे अपने पुनर्जीवित गुरु के दर्शन का सौभाग्य मिला, वह संत पंचानन भट्टाचार्य थे, जो कलकत्ता आर्य मिशन संस्थान के संस्थापक थे।\n\n{FN36-10} मैंने पंचानन से उनके कलकत्ता स्थित घर पर मुलाकात की, और गुरु के साथ उनके कई वर्षों की कहानी को आनंदपूर्वक सुना।\n\nअंत में, उन्होंने मुझे अपने जीवन की सबसे अद्भुत घटना के बारे में बताया।\n\nपंचानन ने कहा,  \n> यहाँ कलकत्ता में,  \n  \n> उनके दाह संस्कार के बाद सुबह दस बजे, लाहिड़ी महाशय मेरे सामने जीवंत महिमा में प्रकट हुए।\n\n स्वामी प्रणबानंद,  \n> दो शरीर वाले संत\n ने भी मुझे अपने स्वयं के अलौकिक अनुभव के विवरण बताए।","type":"default","passage":"पश्चिम में बाबाजी की रुचि","commentary":"","meaning":""},{"id":"22","title":"36.22","content":"“लाहिड़ी महाशय के शरीर त्यागने से कुछ दिन पहले, ” प्रणबानंद ने मुझे बताया था जब वे मेरे रांची स्कूल आए थे, “मुझे उनका एक पत्र मिला था, जिसमें उन्होंने मुझसे तुरंत बनारस आने का अनुरोध किया था।\n\nहालाँकि, मैं देर से पहुँचा और तुरंत नहीं जा सका।\n\nजब मैं अपनी यात्रा की तैयारियों में लगा हुआ था, सुबह के लगभग दस बजे, मैं अपने गुरु की चमकती हुई आकृति को देखकर अचानक खुशी से अभिभूत हो गया।\n\n“‘बनारस जाने की जल्दी क्यों है?’ लाहिड़ी महाशय ने मुस्कुराते हुए कहा।\n\n‘तुम मुझे \n\nअब वहाँ नहीं पाओगे।\n\n’ “जब उनके शब्दों का तात्पर्य मुझ पर पड़ा, तो मैं टूट कर रो पड़ा, यह मानते हुए कि मैं उन्हें केवल एक दर्शन में देख रहा था।","type":"default","passage":"पश्चिम में बाबाजी की रुचि","commentary":"","meaning":""},{"id":"23","title":"36.23","content":"“गुरु मेरे पास आकर मुझे सांत्वना देते हुए बोले, ‘यहाँ, मेरे शरीर को छूओ।\n\n’ ‘मैं हमेशा की तरह जीवित हूँ।\n\nशोक मत करो; क्या मैं हमेशा तुम्हारे साथ नहीं हूँ?’” इन तीन महान शिष्यों के होठों से, एक अद्भुत सत्य की कहानी उभरी है: सुबह दस बजे, लाहिड़ी महाशय के शरीर को आग में झोंक दिए जाने के अगले दिन, पुनर्जीवित गुरु, एक वास्तविक लेकिन रूपांतरित शरीर में, तीन शिष्यों के सामने प्रकट हुए, जिनमें से प्रत्येक एक अलग शहर में था।\n\n“\n\nअतः जब यह नाशवान अविनाशी हो जाएगा, और यह नश्वर अमरता को धारण कर लेगा, तब वह वचन पूरा होगा जो लिखा है, मृत्यु विजय में समा गई है।\n\nहे मृत्यु, तेरा डंक कहाँ है? हे कब्र, तेरी विजय कहाँ है?” {FN36-11}","type":"default","passage":"पश्चिम में बाबाजी की रुचि","commentary":"","meaning":""},{"id":"24","title":"36.24","content":"{FN36-1} श्री युक्तेश्वर को बाद में बौद्ध गया के महंत  \n***(मठ प्रमुख)***\n द्वारा औपचारिक रूप से स्वामी संप्रदाय में दीक्षित किया गया।\n\n{FN36-2} “महान राजा” - सम्मान की उपाधि।\n\n{FN36-3} एक गुरु आमतौर पर अपने शिष्य को केवल उसके नाम से संदर्भित करता है, कोई भी उपाधि नहीं लेता।\n\nइस प्रकार, बाबाजी ने “लाहिड़ी” कहा, न कि “लाहिड़ी महाशय।\n\n” {FN36-4} शाब्दिक रूप से, “शाश्वत धर्म, ” वैदिक शिक्षाओं के समूह को दिया गया नाम।\n\nसनातन धर्म को यूनानियों के समय से हिंदू धर्म कहा जाता है, जिन्होंने सिंधु नदी के तट पर रहने वाले लोगों को इंडोस या हिंदू नाम दिया था।\n\nहिंदू शब्द, सही मायने में, केवल सनातन धर्म या हिंदू धर्म के अनुयायियों को संदर्भित करता है।\n\nभारतीय शब्द हिंदुओं और मुसलमानों तथा भारत की धरती के अन्य निवासियों पर समान रूप से लागू होता है  \n***(और कोलंबस की भ्रामक भौगोलिक त्रुटि के माध्यम से अमेरिकी मंगोलॉयड आदिवासियों पर भी)***।","type":"default","passage":"पश्चिम में बाबाजी की रुचि","commentary":"","meaning":""},{"id":"25","title":"36.25","content":"भारत का प्राचीन नाम आर्यावर्त है, जिसका शाब्दिक अर्थ है  \n> आर्यों का निवास स्थान।\n\n संस्कृत में आर्य शब्द का अर्थ है  \n> योग्य, पवित्र, महान।\n\n बाद में आर्यन शब्द का नृवंशविज्ञान में गलत इस्तेमाल आध्यात्मिक नहीं, बल्कि शारीरिक विशेषताओं को दर्शाता है, जिसके कारण महान प्राच्यविद् मैक्स मूलर ने विचित्र रूप से कहा:  \n> मेरे लिए एक नृवंशविज्ञानी जो आर्य जाति, आर्य रक्त, आर्य आंखों और बालों के बारे में बात करता है, वह उतना ही बड़ा पापी है जितना कि एक भाषाविद् जो दीर्घशिरस्क शब्दकोष या लघुशिरस्क व्याकरण के बारे में बात करता है।\n\n {FN36-5} परम-गुरु का शाब्दिक अर्थ है  \n> सर्वोच्च गुरु\n या  \n> परे गुरु\n, जो शिक्षकों की एक पंक्ति या उत्तराधिकार को दर्शाता है।\n\nलाहिड़ी महाशय के गुरु, बाबाजी, श्री युक्तेश्वर के परम-गुरु थे।","type":"default","passage":"पश्चिम में बाबाजी की रुचि","commentary":"","meaning":""},{"id":"26","title":"36.26","content":"{FN36-6} केशवानंद के आश्रम की मेरी यात्रा का वर्णन पृष्ठ 405-408 पर किया गया है।\n\n{FN36-7} 26 सितंबर, 1895 वह तिथि है, जब लाहिड़ी महाशय ने अपना शरीर त्याग दिया था।\n\nकुछ ही दिनों में वे अपने अड़सठवें जन्मदिन तक पहुँच जाते।\n\n{FN36-8} उत्तर की ओर मुख करके, और शरीर की तीन बार परिक्रमा करना, उन वैदिक अनुष्ठानों के भाग हैं, जिनका प्रयोग गुरुओं द्वारा किया जाता है, जो पहले से जानते हैं कि भौतिक शरीर के लिए अंतिम घड़ी कब आने वाली है।\n\nअंतिम ध्यान, जिसके दौरान गुरु स्वयं को ब्रह्मांडीय ओम में लीन कर लेते हैं, उसे महा, या महान समाधि कहा जाता है।\n\n{FN36-9} कबीर सोलहवीं शताब्दी के एक महान संत थे, जिनके बड़े अनुयायियों में हिंदू और मुसलमान दोनों शामिल थे।\n\nउनकी मृत्यु के समय, शिष्यों ने अंतिम संस्कार समारोह आयोजित करने के तरीके पर झगड़ा किया।\n\nउन्होंने कहा,  \n> मेरे अवशेषों में से आधे को मुस्लिम रीति-रिवाजों के अनुसार दफनाया जाएगा, बाकी आधे को हिंदू रीति-रिवाजों के अनुसार जलाया जाएगा।\n\n इसके बाद वे गायब हो गए।\n\nजब शिष्यों ने ताबूत खोला, जिसमें उनका शरीर था, तो उसमें सुनहरे रंग के चंपक के फूलों की एक चमकदार श्रृंखला के अलावा कुछ नहीं मिला।\n\nइनमें से आधे को मुसलमानों ने आज्ञाकारी तरीके से दफनाया, जो आज भी उनके मंदिर का सम्मान करते हैं।","type":"default","passage":"पश्चिम में बाबाजी की रुचि","commentary":"","meaning":""},{"id":"27","title":"36.27","content":"अपनी युवावस्था में कबीर के पास दो शिष्य आए जो रहस्यवादी मार्ग पर सूक्ष्म बौद्धिक मार्गदर्शन चाहते थे।\n\nगुरु ने सरलता से उत्तर दिया:  \n> मार्ग के लिए दूरी की आवश्यकता होती है; यदि वह निकट है, तो तुम्हें किसी मार्ग की आवश्यकता नहीं है।\n\nवास्तव में यह सुनकर मुझे खुशी होती है कि पानी में मछली प्यासी है!\n {FN36-10} पंचानन ने बिहार के देवगढ़ में सत्रह एकड़ के बगीचे में लाहिड़ी महाशय की पत्थर की मूर्ति वाला एक मंदिर स्थापित किया।\n\nमहान गुरु की एक और मूर्ति उनके बनारस स्थित घर के छोटे से कमरे में शिष्यों द्वारा स्थापित की गई है।\n\n{FN36-11} 1 कुरिन्थियों 15:54-55.","type":"default","passage":"पश्चिम में बाबाजी की रुचि","commentary":"","meaning":""}]}