{"id":37,"title":"मैं अमेरिका जाता हूँ","description":"मैं अमेरिका जाता हूँ","sectionCount":22,"tags":null,"contentId":"AoY02","sections":[{"id":"1","title":"37.1","content":"मैं अमेरिका जाता हूँ  \n> अमेरिका! निश्चित रूप से ये लोग अमेरिकी हैं!\n यह मेरे मन में आया जब पश्चिमी चेहरों का एक विहंगम दृश्य मेरे भीतरी दृश्य के सामने से गुजरा।\n\nध्यान में लीन, मैं रांची स्कूल के स्टोर रूम में कुछ धूल भरे बक्सों के पीछे बैठा था।\n\nयुवाओं के साथ व्यस्त वर्षों में एकांत स्थान पाना मुश्किल था! दृश्य जारी रहा; एक विशाल भीड़, {FN37-1} मेरी ओर ध्यान से देख रही थी, अभिनेता की तरह चेतना के मंच पर घूम रही थी।\n\nस्टोर रूम का दरवाज़ा खुला; हमेशा की तरह, एक युवा लड़के ने मेरे छिपने की जगह खोज ली थी।\n\n> यहाँ आओ, बिमल,  \n मैंने खुशी से चिल्लाया।\n\n> मेरे पास तुम्हारे लिए खबर है: भगवान मुझे अमेरिका बुला रहे हैं!","type":"default","passage":"मैं अमेरिका जाता हूँ","commentary":"","meaning":""},{"id":"2","title":"37.2","content":"> अमेरिका?\n लड़के ने मेरे शब्दों को इस तरह दोहराया कि लगा कि मैंने  \n> चाँद\n कहा था।\n\n> हाँ! मैं कोलंबस की तरह अमेरिका की खोज करने जा रहा हूँ।\n\nउसे लगा कि उसने भारत को खोज लिया है; निश्चित रूप से उन दो देशों के बीच कोई कर्म संबंध है!\n बिमल भाग गया; जल्द ही पूरे स्कूल को दो पैरों वाले अख़बार से सूचित कर दिया गया।\n\n{FN37-2} मैंने हैरान शिक्षकों को बुलाया और स्कूल को उनके जिम्मे सौंप दिया।\n\n> मुझे पता है कि आप शिक्षा के लाहिड़ी महाशय के योग आदर्शों को हमेशा आगे रखेंगे,  \n मैंने कहा।\n\n> मैं आपको अक्सर लिखूँगा; ईश्वर की इच्छा से, किसी दिन मैं वापस आऊँगा।\n\n जब मैंने रांची के छोटे बच्चों और धूप से भरे एकड़ को आखिरी बार देखा तो मेरी आँखों में आँसू आ गए।\n\nमुझे पता था कि मेरे जीवन का एक निश्चित युग \n\nअब समाप्त हो चुका है; \n\nअब से मैं दूर देशों में रहूँगा।\n\nअपने दर्शन के कुछ घंटों बाद मैं कलकत्ता के लिए ट्रेन में सवार हुआ।\n\nअगले दिन मुझे अमेरिका में धार्मिक उदारवादियों के एक अंतर्राष्ट्रीय सम्मेलन में भारत से प्रतिनिधि के रूप में सेवा करने का निमंत्रण मिला।\n\nउस वर्ष इसका आयोजन बोस्टन में अमेरिकन यूनिटेरियन एसोसिएशन के तत्वावधान में होना था।","type":"default","passage":"मैं अमेरिका जाता हूँ","commentary":"","meaning":""},{"id":"3","title":"37.3","content":"मेरा सिर चकराता हुआ, मैं श्रीरामपुर में श्रीयुक्तेश्वर की तलाश में था।\n\n“गुरुजी, मुझे अभी-अभी अमेरिका में एक धार्मिक सम्मेलन को संबोधित करने के लिए आमंत्रित किया गया है।\n\nक्या मैं जाऊँ?” “आपके लिए सभी दरवाजे खुले हैं, ” गुरु ने सरलता से उत्तर दिया।\n\n“अभी या कभी नहीं।\n\n” “लेकिन, सर, ” मैंने निराशा में कहा, “मैं सार्वजनिक भाषण के बारे में क्या जानता हूँ? मैंने शायद ही कभी कोई व्याख्यान दिया हो, और कभी भी अंग्रेजी में नहीं।\n\n” “अंग्रेजी हो या न हो, योग पर आपके शब्द पश्चिम में सुने जाएँगे।\n\n” मैं हँसा।\n\n“अच्छा, प्रिय गुरुजी, मुझे नहीं लगता कि अमेरिकी बंगाली सीखेंगे! कृपया मुझे अंग्रेजी भाषा की बाधाओं को पार करने का आशीर्वाद दें।\n\n” {FN37-3} जब मैंने अपने पिता को अपनी योजना के बारे में बताया, तो वे पूरी तरह से हैरान रह गए।\n\nउन्हें अमेरिका अविश्वसनीय रूप से दूर लग रहा था; उन्हें डर था कि वे मुझे फिर कभी नहीं देख पाएँगे।","type":"default","passage":"मैं अमेरिका जाता हूँ","commentary":"","meaning":""},{"id":"4","title":"37.4","content":"> तुम कैसे जा सकते हो?\n उन्होंने सख्ती से पूछा।\n\n> तुम्हारा खर्च कौन उठाएगा?\n चूँकि उन्होंने मेरी शिक्षा और पूरी ज़िंदगी का खर्च प्यार से उठाया था, \n\nइसलिए उन्हें उम्मीद थी कि उनके सवाल से मेरी परियोजना में शर्मनाक रुकावट आएगी।\n\n> भगवान ज़रूर मेरा खर्च उठाएँगे।\n\n जब मैंने यह जवाब दिया, तो मुझे ऐसा ही एक चेक याद आया जो मैंने बहुत पहले आगरा में अपने भाई अनंत को दिया था।\n\nबिना किसी धूर्तता के मैंने कहा,  \n> पिताजी, शायद भगवान आपकी मदद करने के लिए आपके मन में यह बात डाल दें।\n\n  \n> नहीं, कभी नहीं!\n उन्होंने मेरी तरफ़ दयनीय नज़र से देखा।\n\nइसलिए, मैं तब चकित रह गया जब अगले दिन पिताजी ने मुझे एक बड़ी रकम का चेक दिया।","type":"default","passage":"मैं अमेरिका जाता हूँ","commentary":"","meaning":""},{"id":"5","title":"37.5","content":"उन्होंने कहा,  \n> मैं तुम्हें यह धन दे रहा हूँ, पिता होने के नाते नहीं, बल्कि लाहिड़ी महाशय के एक निष्ठावान शिष्य होने के नाते।\n\nफिर उस सुदूर पश्चिमी देश में जाओ; वहाँ क्रिया योग की पंथ-विहीन शिक्षाओं का प्रचार करो।\n\n मैं उस निस्वार्थ भावना से बहुत प्रभावित हुआ, जिसके कारण पिताजी अपनी व्यक्तिगत इच्छाओं को तुरन्त त्यागने में सक्षम थे।\n\nपिछली रात उन्हें यह एहसास हुआ कि विदेश यात्रा की कोई साधारण इच्छा मेरी यात्रा को प्रेरित नहीं कर रही थी।\n\n> शायद हम इस जीवन में फिर कभी न मिलें।\n\n पिताजी, जो उस समय साठ-सत्तर वर्ष के थे, दुखी होकर बोले।\n\nएक सहज विश्वास ने मुझे उत्तर देने के लिए प्रेरित किया,  \n> निश्चित रूप से प्रभु हमें एक बार फिर साथ लाएंगे।","type":"default","passage":"मैं अमेरिका जाता हूँ","commentary":"","meaning":""},{"id":"6","title":"37.6","content":"जब मैं मास्टर और अपनी जन्मभूमि को छोड़कर अमेरिका के अज्ञात तटों पर जाने की तैयारी कर रहा था, तो मुझे थोड़ी घबराहट महसूस हुई।\n\nमैंने भौतिकवादी पश्चिमी माहौल के बारे में कई कहानियाँ सुनी थीं, जो भारत की आध्यात्मिक पृष्ठभूमि से बहुत अलग था, जो संतों की सदियों पुरानी आभा से भरा हुआ था।\n\n> एक पूर्वी शिक्षक जो पश्चिमी हवाओं का सामना करेगा,  \n मैंने सोचा,  \n> किसी भी हिमालयी ठंड की परीक्षा से परे साहसी होना चाहिए!\n एक सुबह मैंने प्रार्थना करना शुरू कर दिया, इस दृढ़ निश्चय के साथ कि मैं प्रार्थना करना जारी रखूँगा, यहाँ तक कि प्रार्थना करते हुए मर भी जाऊँगा, जब तक कि मुझे ईश्वर की आवाज़ न सुनाई दे।\n\nमैं उनका आशीर्वाद और आश्वासन चाहता था कि मैं आधुनिक उपयोगितावाद के कोहरे में खुद को न खो दूँ।\n\nमेरा दिल अमेरिका जाने के लिए तैयार था, लेकिन उससे भी ज़्यादा दृढ़ संकल्प था कि मैं ईश्वरीय अनुमति की सांत्वना सुनूँ।","type":"default","passage":"मैं अमेरिका जाता हूँ","commentary":"","meaning":""},{"id":"7","title":"37.7","content":"मैं अपनी सिसकियों को दबाते हुए प्रार्थना करता रहा।\n\nकोई जवाब नहीं आया।\n\nमेरी खामोश प्रार्थनाएं लगातार बढ़ती गईं और दोपहर तक मैं चरम पर पहुंच गया; मेरा दिमाग \n\nअब मेरी पीड़ाओं के दबाव को झेल नहीं पा रहा था।\n\nअगर मैं एक बार फिर अपने भीतर के जुनून की गहराई के साथ रोता, तो मुझे लगता कि मेरा दिमाग फट जाएगा।\n\nउसी समय गुरपार रोड के कमरे से लगे बरामदे के बाहर दस्तक हुई, जिसमें मैं बैठा था।\n\nदरवाजा खोलते ही मैंने देखा कि एक युवक संन्यासी की तरह छोटे से कपड़े पहने हुए था।\n\nवह अंदर आया, अपने पीछे दरवाजा बंद किया और मेरे बैठने के अनुरोध को अस्वीकार करते हुए इशारे से संकेत दिया कि वह खड़े होकर मुझसे बात करना चाहता है।","type":"default","passage":"मैं अमेरिका जाता हूँ","commentary":"","meaning":""},{"id":"8","title":"37.8","content":"> वह बाबाजी ही होंगे!\n मैंने हैरानी से सोचा, क्योंकि मेरे सामने खड़े व्यक्ति के चेहरे पर युवा लाहिड़ी महाशय की आकृतियाँ थीं।\n\nउन्होंने मेरे विचार का उत्तर दिया।\n\n> हाँ, मैं बाबाजी हूँ।\n\n उन्होंने मधुर स्वर में हिंदी में बात की।\n\n> हमारे स्वर्गीय पिता ने आपकी प्रार्थना सुन ली है।\n\nउन्होंने मुझे आपसे कहने का आदेश दिया है: अपने गुरु के आदेश का पालन करें और अमेरिका चले जाएँ।\n\nडरें नहीं; आप सुरक्षित रहेंगे।\n\n एक जीवंत विराम के बाद, बाबाजी ने मुझे फिर से संबोधित किया।\n\n> तुम ही वह व्यक्ति हो जिसे मैंने पश्चिम में क्रिया योग का संदेश फैलाने के लिए चुना है।\n\nबहुत पहले मैं तुम्हारे गुरु युक्तेश्वर से कुंभ मेले में मिला था; मैंने उनसे कहा था कि मैं तुम्हें प्रशिक्षण के लिए उनके पास भेजूँगा।\n\n मैं अवाक रह गया, उनकी उपस्थिति से भक्तिमय विस्मय से भर गया, और उनके स्वयं के होठों से यह सुनकर बहुत भावुक हो गया कि उन्होंने मुझे श्री युक्तेश्वर तक पहुँचाया था।\n\nमैं अमर गुरु के सामने नतमस्तक हो गया।\n\nउन्होंने कृपापूर्वक मुझे फर्श से उठा लिया।\n\nमेरे जीवन के बारे में बहुत सी बातें बताते हुए उन्होंने मुझे कुछ व्यक्तिगत निर्देश दिए और कुछ गुप्त भविष्यवाणियाँ भी कीं।","type":"default","passage":"मैं अमेरिका जाता हूँ","commentary":"","meaning":""},{"id":"9","title":"37.9","content":"उन्होंने \n\nअंत में गंभीरता से कहा,  \n> क्रिया योग, ईश्वर प्राप्ति की वैज्ञानिक तकनीक, अंततः सभी देशों में फैल जाएगी और मनुष्य की व्यक्तिगत, पारलौकिक अनुभूति के माध्यम से राष्ट्रों में सामंजस्य स्थापित करने में सहायता करेगी।\n\n राजसी शक्ति की दृष्टि से, गुरु ने अपनी ब्रह्मांडीय चेतना की एक झलक से मुझे रोमांचित कर दिया।\n\nथोड़ी देर में वे दरवाजे की ओर चल पड़े।\n\n> मेरे पीछे आने की कोशिश मत करो,  \n उन्होंने कहा।\n\n> तुम ऐसा नहीं कर पाओगे।\n\n  \n> कृपया, बाबाजी, दूर मत जाओ!\n मैं बार-बार चिल्लाया।\n\n> मुझे अपने साथ ले चलो!\n पीछे मुड़कर उन्होंने उत्तर दिया,  \n> अभी नहीं।\n\nकिसी और समय।\n\n भावनाओं से अभिभूत होकर मैंने उनकी चेतावनी को नजरअंदाज कर दिया।\n\nजैसे ही मैंने उनका पीछा करने की कोशिश की, मैंने पाया कि मेरे पैर फर्श पर मजबूती से जमे हुए थे।\n\nदरवाजे से, बाबाजी ने मुझे आखिरी बार स्नेह भरी नज़र से देखा।\n\nउन्होंने आशीर्वाद के रूप में अपना हाथ उठाया और चले गए, मेरी आँखें लालसा से उन पर टिकी थीं।","type":"default","passage":"मैं अमेरिका जाता हूँ","commentary":"","meaning":""},{"id":"10","title":"37.10","content":"कुछ मिनटों के बाद मेरे पैर मुक्त हो गए।\n\nमैं बैठ गया और गहन ध्यान में चला गया, निरंतर ईश्वर को न केवल मेरी प्रार्थना का उत्तर देने के लिए बल्कि बाबाजी से भेंट करके मुझे आशीर्वाद देने के लिए धन्यवाद देता रहा।\n\nमेरा पूरा शरीर उस प्राचीन, चिरयुवा गुरु के स्पर्श से पवित्र हो गया।\n\nलंबे समय से मेरी तीव्र इच्छा थी कि मैं उन्हें देखूँ।\n\nअब तक, मैंने बाबाजी से अपनी मुलाकात की यह कहानी कभी किसी को नहीं सुनाई।\n\nइसे अपने मानवीय अनुभवों में सबसे पवित्र मानते हुए, मैंने इसे अपने हृदय में छिपा लिया है।\n\nलेकिन मेरे मन में यह विचार आया कि इस आत्मकथा के पाठक एकांतवासी बाबाजी और उनके सांसारिक हितों की वास्तविकता पर अधिक विश्वास करने के लिए इच्छुक हो सकते हैं यदि मैं बताऊँ कि मैंने उन्हें अपनी आँखों से देखा था।\n\nमैंने आधुनिक भारत के महान योगी-मसीह की सच्ची तस्वीर बनाने में एक कलाकार की मदद की है; यह इस पुस्तक में दिखाई देता है।","type":"default","passage":"मैं अमेरिका जाता हूँ","commentary":"","meaning":""},{"id":"11","title":"37.11","content":"संयुक्त राज्य अमेरिका के लिए प्रस्थान की पूर्व संध्या पर मैं श्रीयुक्तेश्वर की पवित्र उपस्थिति में था।\n\n> भूल जाओ कि तुम हिंदू पैदा हुए हो, और अमेरिकी मत बनो।\n\nउन दोनों की सर्वश्रेष्ठता को अपनाओ,  \n गुरु ने अपने शांत ज्ञानपूर्ण तरीके से कहा।\n\n> अपने सच्चे स्वरूप में रहो, ईश्वर की संतान बनो।\n\nअपने सभी भाइयों के सर्वोत्तम गुणों को खोजो और अपने अस्तित्व में समाहित करो, जो पृथ्वी पर विभिन्न जातियों में बिखरे हुए हैं।\n\n फिर उन्होंने मुझे आशीर्वाद दिया:  \n> वे सभी जो ईश्वर की तलाश में विश्वास के साथ तुम्हारे पास आते हैं, उनकी मदद की जाएगी।\n\nजैसे ही तुम उन्हें देखोगे, तुम्हारी आँखों से निकलने वाली आध्यात्मिक धारा उनके मस्तिष्क में प्रवेश करेगी और उनकी भौतिक आदतों को बदल देगी, जिससे वे अधिक ईश्वर-चेतन बनेंगे।","type":"default","passage":"मैं अमेरिका जाता हूँ","commentary":"","meaning":""},{"id":"12","title":"37.12","content":"उन्होंने आगे कहा,  \n> ईमानदार आत्माओं को आकर्षित करने का आपका भाग्य बहुत अच्छा है।\n\nआप जहाँ भी जाएँगे, यहाँ तक कि जंगल में भी, आपको दोस्त मिलेंगे।\n\n उनके दोनों आशीर्वाद पूरी तरह से प्रदर्शित हुए हैं।\n\nमैं अकेले अमेरिका आया था, एक जंगल में जहाँ मेरा एक भी दोस्त नहीं था, लेकिन वहाँ मैंने हज़ारों लोगों को समय-परीक्षणित आत्मा-शिक्षा प्राप्त करने के लिए तैयार पाया।\n\nमैंने अगस्त, 1920 में स्पार्टा शहर से भारत छोड़ा, जो प्रथम विश्व युद्ध के बाद अमेरिका के लिए रवाना होने वाली पहली यात्री नाव थी।\n\nमैं अपने पासपोर्ट को जारी करने से संबंधित कई  \n> लालफीताशाही\n कठिनाइयों को दूर करने के बाद ही यात्रा बुक करने में सक्षम था।","type":"default","passage":"मैं अमेरिका जाता हूँ","commentary":"","meaning":""},{"id":"13","title":"37.13","content":"दो महीने की यात्रा के दौरान एक सहयात्री को पता चला कि मैं बोस्टन कांग्रेस में भारतीय प्रतिनिधि हूँ।\n\n> स्वामी योगानंद,  \n उन्होंने कहा, कई विचित्र उच्चारणों में से पहला, जिसके द्वारा मैंने बाद में अमेरिकियों द्वारा अपना नाम बोलते हुए सुना,  \n> कृपया यात्रियों को अगले गुरुवार की रात को एक व्याख्यान के साथ अनुग्रहित करें।\n\nमुझे लगता है कि हम सभी को **जीवन की लड़ाई और उससे कैसे लड़ें** पर एक वार्ता से लाभ होगा।\n\n काश! मुझे अपने जीवन की लड़ाई खुद लड़नी पड़ती, मुझे बुधवार को पता चला।\n\nअपने विचारों को अंग्रेजी में एक व्याख्यान में व्यवस्थित करने की बेताबी से कोशिश करते हुए, मैंने आखिरकार सभी तैयारियाँ छोड़ दीं; मेरे विचार, एक जंगली बछेड़े की तरह, जो काठी पर नज़र गड़ाए हुए है, अंग्रेजी व्याकरण के नियमों के साथ किसी भी तरह का सहयोग करने से इनकार कर रहे थे।\n\nहालाँकि, गुरु के पिछले आश्वासनों पर पूरा भरोसा करते हुए, मैं स्टीमर के सैलून में अपने गुरुवार के दर्शकों के सामने उपस्थित हुआ।\n\nमेरे होठों पर कोई वाक्पटुता नहीं आई; मैं बिना बोले सभा के सामने खड़ा रहा।\n\nदस मिनट तक चली धीरज की प्रतियोगिता के बाद, दर्शकों को मेरी दुर्दशा का एहसास हुआ और वे हँसने लगे।","type":"default","passage":"मैं अमेरिका जाता हूँ","commentary":"","meaning":""},{"id":"14","title":"37.14","content":"[चित्रण: मैं अमेरिका में अपनी एक कक्षा से पहले मंच पर खड़ा हूँ।\n\nएक हजार योग छात्रों की यह कक्षा वाशिंगटन, डी.सी. में आयोजित की गई थी—देखें dc.jpg] उस समय स्थिति मेरे लिए मज़ेदार नहीं थी; मैंने गुस्से में गुरु से एक मौन प्रार्थना की।\n\n> आप बोल सकते हैं! बोलिए!\n उनकी आवाज़ तुरंत मेरी चेतना में गूंज उठी।\n\nमेरे विचार तुरंत अंग्रेज़ी भाषा के साथ एक मैत्रीपूर्ण संबंध में आ गए।\n\nपैंतालीस मिनट बाद भी श्रोता ध्यान से सुन रहे थे।\n\nइस भाषण ने मुझे बाद में अमेरिका में विभिन्न समूहों के सामने व्याख्यान देने के लिए कई निमंत्रण दिलाए।\n\nउसके बाद मुझे एक भी शब्द याद नहीं आया जो मैंने बोला था।\n\nकई यात्रियों से विवेकपूर्ण पूछताछ के ज़रिए मैंने जाना:  \n> आपने उत्साहवर्धक और सही अंग्रेज़ी में एक प्रेरणादायक व्याख्यान दिया।\n\n इस सुखद समाचार पर मैंने विनम्रतापूर्वक अपने गुरु को उनकी समय पर की गई मदद के लिए धन्यवाद दिया, और फिर से महसूस किया कि वे हमेशा मेरे साथ थे, समय और स्थान की सभी बाधाओं को नष्ट कर रहे थे।","type":"default","passage":"मैं अमेरिका जाता हूँ","commentary":"","meaning":""},{"id":"15","title":"37.15","content":"कभी-कभी, समुद्री यात्रा के शेष समय में, मुझे बोस्टन कांग्रेस में आने वाले अंग्रेजी-व्याख्यान की परीक्षा के बारे में कुछ आशंकाएँ होती थीं।\n\n> हे प्रभु,  \n मैंने प्रार्थना की,  \n> कृपया मेरी प्रेरणा आप ही बनें, और फिर से श्रोताओं की हंसी के बम न बनें!\n सितंबर के \n\nअंत में स्पार्टा शहर बोस्टन के पास पहुंचा।\n\n6 अक्टूबर को मैंने अमेरिका में अपने पहले भाषण के साथ कांग्रेस को संबोधित किया।\n\nइसे अच्छी तरह से प्राप्त किया गया; मैंने राहत की सांस ली।\n\nअमेरिकन यूनिटेरियन एसोसिएशन के उदार सचिव ने कांग्रेस की कार्यवाही के एक प्रकाशित खाते {FN37-4} में निम्नलिखित टिप्पणी लिखी:","type":"default","passage":"मैं अमेरिका जाता हूँ","commentary":"","meaning":""},{"id":"16","title":"37.16","content":"“भारत के रांची स्थित ब्रह्मचर्य आश्रम से आए स्वामी योगानंद अपने संगठन की ओर से कांग्रेस में शुभकामनाएं लेकर आए।\n\nधाराप्रवाह अंग्रेजी और प्रभावशाली भाषण में उन्होंने ‘धर्म का विज्ञान’ विषय पर दार्शनिक चरित्र का भाषण दिया, जिसे व्यापक वितरण के लिए पुस्तिका के रूप में छापा गया है।\n\nउन्होंने कहा कि धर्म सार्वभौमिक है और यह एक है।\n\nहम संभवतः विशेष रीति-रिवाजों और विश्वासों को सार्वभौमिक नहीं बना सकते, लेकिन धर्म में सामान्य तत्व को सार्वभौमिक बनाया जा सकता है और हम सभी से इसका पालन करने और आज्ञापालन करने के लिए कह सकते हैं।\n\n” पिता के उदार चेक के कारण, मैं कांग्रेस के खत्म होने के बाद भी अमेरिका में रह सका।\n\nबोस्टन में चार खुशहाल साल साधारण परिस्थितियों में बिताए।\n\nमैंने सार्वजनिक व्याख्यान दिए, कक्षाएं पढ़ाईं और न्यूयॉर्क शहर के कॉलेज के अध्यक्ष डॉ. फ्रेडरिक बी. रॉबिन्सन द्वारा लिखित प्रस्तावना के साथ कविताओं की एक पुस्तक, सॉन्ग्स ऑफ द सोल लिखी।\n\n{FN37-5}","type":"default","passage":"मैं अमेरिका जाता हूँ","commentary":"","meaning":""},{"id":"17","title":"37.17","content":"1924 की गर्मियों में एक अंतरमहाद्वीपीय यात्रा शुरू करते हुए, मैंने प्रमुख शहरों में हज़ारों लोगों के सामने भाषण दिया, और अपनी पश्चिमी यात्रा का समापन खूबसूरत अलास्का के उत्तर में छुट्टी मनाकर किया।\n\nबड़े दिल वाले छात्रों की मदद से, 1925 के अंत तक मैंने लॉस एंजिल्स में माउंट वाशिंगटन एस्टेट्स में एक अमेरिकी मुख्यालय स्थापित कर लिया था।\n\nयह वही इमारत है जिसे मैंने कश्मीर में अपने दर्शन में वर्षों पहले देखा था।\n\nमैंने जल्दबाजी में श्रीयुक्तेश्वर को इन दूर की अमेरिकी गतिविधियों की तस्वीरें भेजीं।\n\nउन्होंने बंगाली में एक पोस्टकार्ड के साथ उत्तर दिया, जिसका मैं यहां अनुवाद कर रहा हूं: 11 अगस्त, 1926 मेरे हृदय के बच्चे, हे योगानंद! आपके स्कूल और छात्रों की तस्वीरें देखकर, मेरे जीवन में जो खुशी आती है, उसे मैं शब्दों में व्यक्त नहीं कर सकता।\n\nगेट, ऊपर की ओर घुमावदार पहाड़ी रास्ता और माउंट वॉशिंगटन एस्टेट्स के नीचे फैले खूबसूरत दृश्य को देखकर, मैं यह सब अपनी आँखों से देखने के लिए लालायित हूँ।","type":"default","passage":"मैं अमेरिका जाता हूँ","commentary":"","meaning":""},{"id":"18","title":"37.18","content":"यहाँ सब कुछ ठीक चल रहा है।\n\nईश्वर की कृपा से, आप हमेशा आनंद में रहें।\n\nश्री युक्तेश्वर गिरि वर्ष बीतते गए।\n\nमैंने अपने नए देश के हर हिस्से में व्याख्यान दिए, और सैकड़ों क्लबों, कॉलेजों, चर्चों और हर संप्रदाय के समूहों को संबोधित किया।\n\nहजारों अमेरिकियों ने योग दीक्षा प्राप्त की।\n\nउन सभी को मैंने 1929 में प्रार्थना विचारों की एक नई पुस्तक समर्पित की- व्हिस्पर्स फ्रॉम इटरनिटी, जिसमें अमेलिटा गैली-कुरसी की प्रस्तावना है।\n\n{FN37-6} मैं यहाँ, पुस्तक से,  \n> ईश्वर! ईश्वर! ईश्वर!\n नामक एक कविता दे रहा हूँ, जिसे मैंने एक रात व्याख्यान मंच पर खड़े होकर लिखा था: नींद की गहराई से, जैसे ही मैं जागृति की सर्पिल सीढ़ी चढ़ता हूँ, मैं फुसफुसाता हूँ: ईश्वर! ईश्वर! ईश्वर!","type":"default","passage":"मैं अमेरिका जाता हूँ","commentary":"","meaning":""},{"id":"19","title":"37.19","content":"तू ही भोजन है, और जब मैं रात भर तुझसे अलग रहने का उपवास तोड़ता हूँ, मैं तुझे चखता हूँ, और मन ही मन कहता हूँ: ईश्वर! ईश्वर! ईश्वर! मैं चाहे जहाँ भी जाऊँ, मेरे मन की रोशनी सदैव तेरी ओर घूमती रहती है; और गतिविधि के युद्ध के शोर में मेरी खामोश युद्ध पुकार सदैव यही है: ईश्वर! ईश्वर! ईश्वर! जब परीक्षणों के प्रचंड तूफान चीखते हैं, और जब चिंताएँ मुझ पर चिल्लाती हैं, मैं उनके कोलाहल को दबा देता हूँ, ऊँची आवाज़ में जाप करता हूँ: ईश्वर! ईश्वर! ईश्वर! जब मेरा मन स्मृतियों के धागों से स्वप्न बुनता है, तब उस जादुई कपड़े पर मैं उभरा हुआ पाता हूँ: ईश्वर! ईश्वर! ईश्वर! हर रात, सबसे गहरी नींद के समय, मेरी शांति स्वप्न देखती है और पुकारती है, आनन्द! आनन्द! आनन्द!","type":"default","passage":"मैं अमेरिका जाता हूँ","commentary":"","meaning":""},{"id":"20","title":"37.20","content":"जागते हुए, खाते हुए, काम करते हुए, सपने देखते हुए, सोते हुए, सेवा करते हुए, ध्यान करते हुए, जप करते हुए, ईश्वरीय प्रेम करते हुए, मेरी आत्मा निरंतर गुनगुनाती रहती है, जिसे कोई नहीं सुन पाता: ईश्वर! ईश्वर! ईश्वर! कभी-कभी-आमतौर पर महीने की पहली तारीख को जब माउंट वाशिंगटन और अन्य सेल्फ-रियलाइज़ेशन फ़ेलोशिप केंद्रों के रख-रखाव के लिए बिल आते हैं!-मैं भारत की सरल शांति के बारे में सोचता हूँ।\n\nलेकिन हर रोज़ मैं पश्चिम और पूर्व के बीच बढ़ती समझ को देखता हूँ; मेरी आत्मा आनन्दित होती है।\n\nमैंने अमेरिका के महान हृदय को एम्मा लाज़रस द्वारा लिखी गई अद्भुत पंक्तियों में व्यक्त पाया है, जो स्टैच्यू ऑफ़ लिबर्टी,  \n> निर्वासनों की माँ\n के आधार पर उकेरी गई हैं:","type":"default","passage":"मैं अमेरिका जाता हूँ","commentary":"","meaning":""},{"id":"21","title":"37.21","content":"उसके प्रकाश-हाथ से विश्वव्यापी स्वागत की चमक निकलती है; उसकी कोमल आँखें जुड़वाँ शहरों को घेरे हुए हवाई पुल वाले बंदरगाह को आदेश देती हैं।\n\n“प्राचीन भूमियों, अपनी कहानियों वाली शान-शौकत बनाए रखो!” वह खामोश होठों से चिल्लाती है।\n\n“अपने थके हुए, अपने गरीबों को, अपनी झुकी हुई भीड़ को जो आज़ाद साँस लेना चाहती है, अपने भीड़ भरे तट के दयनीय कचरे को मुझे दे दो।\n\nइन बेघर, तूफ़ान से घिरे लोगों को मेरे पास भेज दो, मैं अपना दीया सुनहरे दरवाज़े के पास उठाता हूँ।\n\n{FN37-1} उनमें से कई चेहरों को मैंने तब से पश्चिम में देखा है, और तुरंत पहचान लिया है.. {FN37-2} स्वामी प्रेमानंद, जो \n\nअब वाशिंगटन, डी.सी. में सभी धर्मों के सेल्फ़-रियलाइज़ेशन चर्च के नेता हैं, जब मैं वहाँ से अमेरिका गया था, उस समय रांची स्कूल के छात्रों में से एक थे।\n\n***(वे तब ब्रह्मचारी जोतिन थे।\n\n)***","type":"default","passage":"मैं अमेरिका जाता हूँ","commentary":"","meaning":""},{"id":"22","title":"37.22","content":"{FN37-3} श्री युक्तेश्वर और मैं आम तौर पर बंगाली में बातचीत करते थे।\n\n{FN37-4} आत्मा के नए तीर्थयात्री  \n***(बोस्टन: बीकन प्रेस, 1921)***।\n{FN37-5} डॉ. और श्रीमती रॉबिन्सन 1939 में भारत आए थे, और रांची स्कूल में सम्मानित अतिथि थे।\n\n{FN37-6} मैडम गैली-कुर्सी और उनके पति, होमर सैमुअल्स, पियानोवादक, बीस वर्षों से क्रिया योग के छात्र रहे हैं।\n\nप्रसिद्ध प्राइमा डोना के संगीत के वर्षों की प्रेरक कहानी हाल ही में प्रकाशित हुई है  \n***(गैली-कुर्सी का जीवन गीत, सी. ई. लेमासेना द्वारा, पेबार कंपनी, न्यूयॉर्क, 1945)***।","type":"default","passage":"मैं अमेरिका जाता हूँ","commentary":"","meaning":""}]}