{"id":38,"title":"लूथर बरबैंक—एक अमेरिकी संत","description":"लूथर बरबैंक—एक अमेरिकी संत","sectionCount":14,"tags":null,"contentId":"AoY02","sections":[{"id":"1","title":"38.1","content":"लूथर बरबैंक - गुलाबों के बीच एक संत  \n> वैज्ञानिक ज्ञान के अलावा, बेहतर पौध प्रजनन का रहस्य प्रेम है।\n\n लूथर बरबैंक ने यह ज्ञान तब व्यक्त किया जब मैं उनके सांता रोजा बगीचे में उनके साथ चल रहा था।\n\nहम खाने योग्य कैक्टस के बिस्तर के पास रुके।\n\n> जब मैं **स्पिनलेस** कैक्टस बनाने के लिए प्रयोग कर रहा था,  \n उन्होंने आगे कहा,  \n> मैं अक्सर पौधों से प्रेम का कंपन पैदा करने के लिए बात करता था।\n\n**आपको डरने की कोई ज़रूरत नहीं है, ** मैं उनसे कहता था।\n\n**आपको अपने रक्षात्मक कांटों की ज़रूरत नहीं है।\n\nमैं आपकी रक्षा करूँगा।\n\n** धीरे-धीरे रेगिस्तान का उपयोगी पौधा एक कांटे रहित किस्म में उभरा।\n\n मैं इस चमत्कार से मंत्रमुग्ध हो गया।\n\n> कृपया, प्यारे लूथर, मुझे माउंट वाशिंगटन में अपने बगीचे में लगाने के लिए कुछ कैक्टस के पत्ते दें।","type":"default","passage":"लूथर बरबैंक—एक अमेरिकी संत","commentary":"","meaning":""},{"id":"2","title":"38.2","content":"पास में खड़ा एक कारीगर कुछ पत्ते तोड़ने लगा; बरबैंक ने उसे रोका।\n\n> मैं खुद उन्हें स्वामी के लिए तोड़ लूंगा।\n\n उसने मुझे तीन पत्ते दिए, जिन्हें बाद में मैंने लगाया, और जब वे बड़े हो गए तो मैं खुश हुआ।\n\nमहान बागवानी विशेषज्ञ ने मुझे बताया कि उनकी पहली उल्लेखनीय जीत बड़े आलू थे, जिन्हें \n\nअब उनके नाम से जाना जाता है।\n\nप्रतिभा की अथकता के साथ, उन्होंने दुनिया को प्रकृति पर सैकड़ों क्रॉस किए गए सुधार पेश किए- टमाटर, मक्का, स्क्वैश, चेरी, प्लम, नेक्टराइन, बेरी, पॉपी, लिली, गुलाब की उनकी नई बरबैंक किस्में।\n\nमैंने अपना कैमरा फोकस किया क्योंकि लूथर मुझे प्रसिद्ध अखरोट के पेड़ के सामने ले गया जिसके द्वारा उसने साबित किया था कि प्राकृतिक विकास को दूरबीन से तेज किया जा सकता है।","type":"default","passage":"लूथर बरबैंक—एक अमेरिकी संत","commentary":"","meaning":""},{"id":"3","title":"38.3","content":"उन्होंने कहा,  \n> सिर्फ़ सोलह साल में, यह अखरोट का पेड़ प्रचुर मात्रा में अखरोट उत्पादन की स्थिति में पहुँच गया, जहाँ बिना किसी सहायता के प्रकृति पेड़ को दुगुना समय दे सकती थी।\n\n [चित्रण: लूथर बरबैंक, प्रिय मित्र, अपने सांता रोजा बगीचे में मेरे साथ पोज़ देते हुए।\n\n—देखें बरबैंक.jpg] [चित्रण: लूथर बरबैंक—देखें बरबैंक2.jpg] बरबैंक की छोटी दत्तक बेटी अपने कुत्ते के साथ बगीचे में उछलती हुई आई।\n\n> वह मेरा मानव पौधा है।\n\n लूथर ने उसे प्यार से हाथ हिलाया।\n\n> मैं \n\nअब मानवता को एक विशाल पौधे के रूप में देखता हूँ, जिसे अपनी सर्वोच्च पूर्ति के लिए केवल प्रेम, महान बाहरी प्राकृतिक आशीर्वाद और बुद्धिमानी से प्रजनन और चयन की आवश्यकता है।\n\nअपने जीवनकाल में मैंने पौधों के विकास में ऐसी अद्भुत प्रगति देखी है कि मैं आशावादी रूप से एक स्वस्थ, खुशहाल दुनिया की आशा करता हूँ, जैसे ही इसके बच्चों को सरल और तर्कसंगत जीवन जीने के सिद्धांत सिखाए जाएँगे।\n\nहमें प्रकृति और प्रकृति के ईश्वर की ओर लौटना चाहिए।","type":"default","passage":"लूथर बरबैंक—एक अमेरिकी संत","commentary":"","meaning":""},{"id":"4","title":"38.4","content":"> लूथर, तुम मेरे रांची स्कूल में आकर बहुत खुश होगे, इसकी बाहरी कक्षाएँ, और आनंद और सादगी का माहौल।\n\n मेरे शब्दों ने बरबैंक के दिल के सबसे करीब के तार को छू लिया- बाल शिक्षा।\n\nउसने मुझसे सवाल पूछे, उसकी गहरी, शांत आँखों से दिलचस्पी झलक रही थी।\n\n> स्वामीजी,  \n उसने \n\nअंत में कहा,  \n> आपके जैसे स्कूल ही भावी सहस्राब्दी की एकमात्र आशा हैं।\n\nमैं हमारे समय की शिक्षा प्रणालियों के खिलाफ़ विद्रोह करता हूँ, जो प्रकृति से अलग हैं और सभी व्यक्तित्वों का गला घोंट रही हैं।\n\nमैं शिक्षा के आपके व्यावहारिक आदर्शों में दिल और आत्मा से आपके साथ हूँ।\n\n जब मैं उस सज्जन संत से विदा ले रहा था, तो उसने एक छोटी सी पुस्तक पर हस्ताक्षर किए और उसे मुझे भेंट किया।\n\n{FN38-1}  \n> यह मेरी पुस्तक है मानव पौधे के प्रशिक्षण पर,  \n {FN38-2} उसने कहा।\n\n> नए प्रकार के प्रशिक्षण की आवश्यकता है- निर्भीक प्रयोग।\n\nकई बार सबसे साहसी परीक्षण फलों और फूलों में सर्वश्रेष्ठ लाने में सफल रहे हैं।\n\nबच्चों के लिए शैक्षिक नवाचारों को भी अधिक संख्या में, अधिक साहसी होना चाहिए।","type":"default","passage":"लूथर बरबैंक—एक अमेरिकी संत","commentary":"","meaning":""},{"id":"5","title":"38.5","content":"मैंने उस रात उनकी छोटी सी किताब को बहुत दिलचस्पी से पढ़ा।\n\nअपनी दृष्टि से उन्होंने जाति के लिए एक शानदार भविष्य की कल्पना की, उन्होंने लिखा: \"इस दुनिया में सबसे जिद्दी जीव, जिसे मोड़ना सबसे मुश्किल है, वह पौधा है जो एक बार कुछ आदतों में स्थिर हो जाता है।\n\n. . . याद रखें कि इस पौधे ने सभी युगों में अपनी विशिष्टता को बनाए रखा है; शायद यह एक ऐसा पौधा है जिसे समय के युगों में चट्टानों में ही खोजा जा सकता है, इन सभी विशाल अवधियों में कभी भी किसी भी हद तक बदलाव नहीं हुआ।\n\nक्या आपको लगता है कि इतने युगों के दोहराव के बाद, पौधे में एक इच्छाशक्ति नहीं होती है, अगर आप इसे ऐसा कहना चाहते हैं, तो बेजोड़ दृढ़ता? वास्तव में, कुछ पौधे हैं, जैसे कि कुछ ताड़ के पेड़, इतने दृढ़ हैं कि कोई भी मानव शक्ति उन्हें बदलने में सक्षम नहीं है।\n\nपौधे की इच्छा के आगे मानव इच्छाशक्ति एक कमजोर चीज है।\n\nलेकिन देखें कि कैसे इस पूरे पौधे की आजीवन जिद्दीपन को केवल एक नए जीवन के साथ मिलाकर, उसके जीवन में एक पूर्ण और शक्तिशाली परिवर्तन करके तोड़ा जाता है।\n\nफिर जब विराम आता है, तो धैर्यपूर्वक पर्यवेक्षण और चयन की इन पीढ़ियों द्वारा इसे ठीक कर दें, और नया पौधा अपने नए रास्ते पर चल पड़ता है, कभी भी पुराने रास्ते पर वापस नहीं लौटता, इसकी दृढ़ इच्छाशक्ति अंततः टूट जाती है और बदल जाती है।","type":"default","passage":"लूथर बरबैंक—एक अमेरिकी संत","commentary":"","meaning":""},{"id":"6","title":"38.6","content":"> जब बात बच्चे के स्वभाव जैसी संवेदनशील और लचीली चीज़ की आती है, तो समस्या बहुत आसान हो जाती है।\n\n इस महान अमेरिकी की ओर चुंबकीय रूप से आकर्षित होकर, मैं बार-बार उनसे मिलने जाता था।\n\nएक सुबह मैं उसी समय पहुँचा जब डाकिया बरबैंक के अध्ययन कक्ष में लगभग एक हज़ार पत्र जमा कर रहा था।\n\nदुनिया के सभी हिस्सों से बागवानी करने वाले उसे पत्र लिखते थे।\n\n> स्वामीजी, आपकी उपस्थिति ही वह बहाना है जिसकी मुझे बगीचे में जाने की ज़रूरत है,  \n लूथर ने प्रसन्नतापूर्वक कहा।\n\nउसने सैकड़ों यात्रा फ़ोल्डरों से भरा एक बड़ा डेस्क-दराज खोला।\n\n> देखो,  \n उसने कहा,  \n> मैं इसी तरह यात्रा करता हूँ।\n\nअपने पौधों और पत्राचार से बंधा हुआ, मैं इन तस्वीरों को कभी-कभी देखकर विदेशी भूमि की अपनी इच्छा को पूरा करता हूँ।","type":"default","passage":"लूथर बरबैंक—एक अमेरिकी संत","commentary":"","meaning":""},{"id":"7","title":"38.7","content":"मेरी कार उसके गेट के सामने खड़ी थी; लूथर और मैं छोटे से शहर की सड़कों पर गाड़ी चला रहे थे, उसके बगीचे सांता रोजा, पीचब्लो और बरबैंक गुलाब की अपनी किस्मों से जगमगा रहे थे।\n\nलूथर ने मुझसे कहा,  \n> मेरे दोस्त हेनरी फोर्ड और मैं दोनों ही पुनर्जन्म के प्राचीन सिद्धांत में विश्वास करते हैं।\n\n  \n> यह जीवन के उन पहलुओं पर प्रकाश डालता है जो अन्यथा समझ से परे हैं।\n\nस्मृति सत्य की कसौटी नहीं है; सिर्फ \n\nइसलिए कि मनुष्य अपने पिछले जन्मों को याद करने में विफल रहता है, यह साबित नहीं करता कि उसके पास वे कभी नहीं थे।\n\nगर्भ-जीवन और शैशवावस्था के बारे में भी स्मृति खाली है; लेकिन संभवतः वह उनसे गुजरा है!\n वह हंसा।\n\nमहान वैज्ञानिक ने मेरी पिछली यात्राओं में से एक के दौरान क्रिया दीक्षा प्राप्त की थी।\n\n> मैं इस तकनीक का श्रद्धापूर्वक अभ्यास करता हूँ, स्वामीजी,  \n उन्होंने कहा।\n\nयोग के विभिन्न पहलुओं के बारे में मुझसे कई विचारशील प्रश्नों के बाद, लूथर ने धीरे से टिप्पणी की:","type":"default","passage":"लूथर बरबैंक—एक अमेरिकी संत","commentary":"","meaning":""},{"id":"8","title":"38.8","content":"> पूर्व में वास्तव में ज्ञान का अपार भण्डार है, जिसे पश्चिम ने शायद ही कभी तलाशना शुरू किया हो।\n\n प्रकृति के साथ अंतरंग संवाद, जिसने उसके लिए उसके ईर्ष्यापूर्ण रूप से संरक्षित रहस्यों में से कई को खोल दिया, ने बरबैंक को असीम आध्यात्मिक श्रद्धा दी थी।\n\n> कभी-कभी मैं अनंत शक्ति के बहुत करीब महसूस करता हूँ,  \n उसने शर्मीलेपन से कहा।\n\nउसका संवेदनशील, सुंदर रूप से तैयार चेहरा उसकी यादों से चमक उठा।\n\n> तब मैं अपने आस-पास के बीमार लोगों के साथ-साथ कई बीमार पौधों को भी ठीक करने में सक्षम रहा हूँ।\n\n उसने मुझे अपनी माँ के बारे में बताया, जो एक ईमानदार ईसाई थी।\n\n> उसकी मृत्यु के बाद कई बार,  \n लूथर ने कहा,  \n> मुझे उसके दर्शनों से आशीर्वाद मिला है; उसने मुझसे बात की है।","type":"default","passage":"लूथर बरबैंक—एक अमेरिकी संत","commentary":"","meaning":""},{"id":"9","title":"38.9","content":"हम अनिच्छा से उसके घर और उन प्रतीक्षारत हज़ारों पत्रों की ओर वापस चले गए।\n\n> लूथर,  \n मैंने टिप्पणी की,  \n> अगले महीने मैं पूर्व और पश्चिम की सत्य-प्रस्तुतियाँ प्रस्तुत करने के लिए एक पत्रिका शुरू कर रहा हूँ।\n\nकृपया पत्रिका के लिए एक अच्छा नाम तय करने में मेरी मदद करें।\n\n हमने कुछ देर तक शीर्षकों पर चर्चा की, और अंततः ईस्ट-वेस्ट पर सहमत हुए।\n\nजब हम उसके अध्ययन में वापस आए, तो बरबैंक ने मुझे  \n> विज्ञान और सभ्यता\n पर लिखा एक लेख दिया।\n\n> यह ईस्ट-वेस्ट के पहले अंक में जाएगा,  \n मैंने कृतज्ञतापूर्वक कहा।\n\nजैसे-जैसे हमारी दोस्ती गहरी होती गई, मैंने बरबैंक को अपना  \n> अमेरिकी संत\n कहा।\n\n> देखो एक आदमी,  \n मैंने उद्धृत किया,  \n> जिसमें कोई छल नहीं है!\n उसका दिल अथाह गहरा था, विनम्रता, धैर्य, त्याग से लंबे समय से परिचित था यह वह बंजर वृक्ष है जो खोखली शेखी बघारते हुए अपना सिर ऊंचा उठाता है।","type":"default","passage":"लूथर बरबैंक—एक अमेरिकी संत","commentary":"","meaning":""},{"id":"10","title":"38.10","content":"मैं न्यूयॉर्क में था, जब 1926 में मेरे प्रिय मित्र का निधन हो गया।\n\nआंसुओं में मैंने सोचा,  \n> ओह, मैं यहाँ से सांता रोजा तक चलकर उनकी एक झलक पाने के लिए खुशी-खुशी जाऊँगा!\n खुद को सचिवों और आगंतुकों से दूर रखते हुए, मैंने अगले चौबीस घंटे एकांत में बिताए।\n\nअगले दिन मैंने लूथर की एक बड़ी तस्वीर के चारों ओर वैदिक स्मारक अनुष्ठान किया।\n\nहिंदू अनुष्ठानिक वस्त्र पहने मेरे अमेरिकी छात्रों के एक समूह ने प्राचीन भजन गाए और पुष्प, जल और अग्नि की आहुति दी- जो शारीरिक तत्वों और अनंत स्रोत में उनकी रिहाई के प्रतीक हैं।\n\nहालाँकि बरबैंक का रूप सांता रोजा में लेबनान के देवदार के नीचे है जिसे उन्होंने सालों पहले अपने बगीचे में लगाया था, लेकिन उनकी आत्मा मेरे लिए हर उस फूल में बसी है जो सड़क के किनारे खिलता है।\n\nप्रकृति की विशाल आत्मा में कुछ समय के लिए वापस आकर, क्या वह लूथर नहीं है जो उसकी हवाओं में फुसफुसा रहा है, उसकी भोरों को टहला रहा है?","type":"default","passage":"लूथर बरबैंक—एक अमेरिकी संत","commentary":"","meaning":""},{"id":"11","title":"38.11","content":"उनका नाम \n\nअब आम बोलचाल की विरासत में शामिल हो गया है।\n\n> बरबैंक\n को एक सकर्मक क्रिया के रूप में सूचीबद्ध करते हुए, वेबस्टर के न्यू इंटरनेशनल डिक्शनरी ने इसे परिभाषित किया है:  \n>  \n***(एक पौधे को)***\n पार करना या ग्राफ्ट करना।\n\nइसलिए, लाक्षणिक रूप से, अच्छे गुणों को चुनकर और बुरे को अस्वीकार करके या अच्छे गुणों को जोड़कर  \n***(किसी भी चीज़, एक प्रक्रिया या संस्था के रूप में)***\n में सुधार करना।\n\n  \n> प्रिय बरबैंक,  \n मैंने परिभाषा पढ़ने के बाद कहा,  \n> आपका नाम ही \n\nअब अच्छाई का पर्याय बन गया है!\n लूथर बरबैंक सांता रोजा, कैलिफोर्निया यू.एस.ए. 22 दिसंबर, 1924 मैंने स्वामी योगानंद की योगदा प्रणाली की जांच की है और मेरी राय में यह मनुष्य की शारीरिक, मानसिक और आध्यात्मिक प्रकृति को प्रशिक्षित करने और सामंजस्य स्थापित करने के लिए आदर्श है।\n\nस्वामी का उद्देश्य दुनिया भर में  \n> कैसे-जीएं\n स्कूल स्थापित करना है, जिसमें शिक्षा केवल बौद्धिक विकास तक ही सीमित नहीं होगी, बल्कि शरीर, इच्छाशक्ति और भावनाओं का प्रशिक्षण भी होगा।","type":"default","passage":"लूथर बरबैंक—एक अमेरिकी संत","commentary":"","meaning":""},{"id":"12","title":"38.12","content":"एकाग्रता और ध्यान की सरल और वैज्ञानिक विधियों द्वारा शारीरिक, मानसिक और आध्यात्मिक विकास की योगदा प्रणाली के माध्यम से जीवन की अधिकांश जटिल समस्याओं का समाधान किया जा सकता है, और पृथ्वी पर शांति और सद्भावना आ सकती है।\n\nस्वामी का सही शिक्षा का विचार सरल सामान्य ज्ञान है, जो सभी रहस्यवाद और अव्यावहारिकता से मुक्त है; अन्यथा यह मुझे स्वीकार्य नहीं होता।\n\nमुझे खुशी है कि मुझे स्वामी के साथ जीवन जीने की कला पर अंतर्राष्ट्रीय विद्यालयों के लिए उनके आह्वान में दिल से शामिल होने का यह अवसर मिला है, जो यदि स्थापित हो जाते हैं, तो सहस्राब्दी को लाने के सबसे करीब होंगे, जितना कि मैं किसी भी चीज़ से परिचित हूँ।","type":"default","passage":"लूथर बरबैंक—एक अमेरिकी संत","commentary":"","meaning":""},{"id":"13","title":"38.13","content":"{FN38-1} बरबैंक ने मुझे अपनी एक हस्ताक्षरित तस्वीर भी दी।\n\nमैं इसे उसी तरह संजोकर रखता हूँ जैसे एक हिंदू व्यापारी ने कभी लिंकन की तस्वीर को संजोकर रखा था।\n\nहिंदू, जो गृहयुद्ध के वर्षों के दौरान अमेरिका में था, लिंकन के प्रति इतना आदर भाव रखता था कि वह महान मुक्तिदाता का चित्र प्राप्त किए बिना भारत लौटने को तैयार नहीं था।\n\nलिंकन के दरवाजे पर खुद को अडिग रखते हुए, व्यापारी ने तब तक जाने से इनकार कर दिया जब तक कि आश्चर्यचकित राष्ट्रपति ने उसे न्यूयॉर्क के प्रसिद्ध कलाकार डैनियल हंटिंगटन की सेवाएँ लेने की अनुमति नहीं दी।\n\nजब चित्र बनकर तैयार हो गया, तो हिंदू उसे विजयोल्लास के साथ कलकत्ता ले गया।","type":"default","passage":"लूथर बरबैंक—एक अमेरिकी संत","commentary":"","meaning":""},{"id":"14","title":"38.14","content":"[चित्रण: लूथर बरबैंक का हस्ताक्षर—देखें bsignature.jpg] {FN38-2} न्यूयॉर्क: सेंचुरी कंपनी, 1922.","type":"default","passage":"लूथर बरबैंक—एक अमेरिकी संत","commentary":"","meaning":""}]}