{"id":39,"title":"थेरेसे न्यूमन, बवेरिया की कैथोलिक स्टीगमैटिस्ट","description":"थेरेसे न्यूमन, बवेरिया की कैथोलिक स्टीगमैटिस्ट","sectionCount":22,"tags":null,"contentId":"AoY02","sections":[{"id":"1","title":"39.1","content":"थेरेसा न्यूमैन, कैथोलिक स्टिग्माटिस्ट  \n> भारत लौट आओ।\n\nमैंने पंद्रह वर्षों तक धैर्यपूर्वक तुम्हारी प्रतीक्षा की है।\n\nजल्द ही मैं शरीर से बाहर निकलकर चमकते हुए धाम की ओर चल पड़ूंगी।\n\nयोगानंद, आओ!\n जब मैं अपने माउंट वॉशिंगटन मुख्यालय में ध्यान में बैठी थी, तब श्री युक्तेश्वर की आवाज मेरे आंतरिक कान में चौंकाने वाली तरह से गूंज उठी।\n\nपलक झपकते ही दस हजार मील की यात्रा करते हुए, उनका संदेश बिजली की चमक की तरह मेरे अस्तित्व में प्रवेश कर गया।\n\nपंद्रह साल! हां, मुझे एहसास हुआ, \n\nअब यह 1935 है; मैंने अमेरिका में अपने गुरु की शिक्षाओं को फैलाने में पंद्रह साल बिताए हैं।\n\nअब वह मुझे याद करते हैं।\n\nउस दोपहर मैंने अपने अनुभव को एक अतिथि शिष्य को सुनाया।\n\nक्रिया योग के अंतर्गत उनका आध्यात्मिक विकास इतना उल्लेखनीय था","type":"default","passage":"थेरेसे न्यूमन, बवेरिया की कैथोलिक स्टीगमैटिस्ट","commentary":"","meaning":""},{"id":"2","title":"39.2","content":"इस शिष्य और कई अन्य लोगों ने उदारतापूर्वक मेरी यात्रा के लिए दान देने पर जोर दिया।\n\nइस प्रकार वित्तीय समस्या हल हो गई, मैंने यूरोप के रास्ते भारत के लिए नौकायन की व्यवस्था की।\n\nमाउंट वाशिंगटन में तैयारियों के व्यस्त सप्ताह! मार्च, 1935 में मैंने कैलिफोर्निया राज्य के कानूनों के तहत एक गैर-लाभकारी निगम के रूप में सेल्फ-रियलाइज़ेशन फ़ेलोशिप को चार्टर किया।\n\nइस शैक्षणिक संस्थान को सभी सार्वजनिक दान के साथ-साथ मेरी पुस्तकों, पत्रिका, लिखित पाठ्यक्रमों, कक्षा ट्यूशन और आय के हर दूसरे स्रोत की बिक्री से होने वाली आय मिलती है।\n\n> मैं वापस आऊंगा,  \n मैंने अपने छात्रों से कहा।\n\n> मैं अमेरिका को कभी नहीं भूलूंगा।","type":"default","passage":"थेरेसे न्यूमन, बवेरिया की कैथोलिक स्टीगमैटिस्ट","commentary":"","meaning":""},{"id":"3","title":"39.3","content":"लॉस एंजिल्स में मेरे प्रिय मित्रों द्वारा आयोजित विदाई भोज में, मैंने उनके चेहरों को लंबे समय तक देखा और कृतज्ञतापूर्वक सोचा,  \n> हे प्रभु, जो आपको एकमात्र दाता के रूप में याद करता है, वह मनुष्यों के बीच मित्रता की मिठास से कभी वंचित नहीं रहेगा।\n\n मैं 9 जून, 1935 {FN39-1} को यूरोपा में न्यूयॉर्क से रवाना हुआ।\n\nमेरे साथ दो छात्र थे: मेरे सचिव, श्री सी. रिचर्ड राइट, और सिनसिनाटी की एक बुजुर्ग महिला, मिस एटी ब्लेच।\n\nहमने समुद्र की शांति के दिनों का आनंद लिया, जो पिछले व्यस्त हफ्तों के विपरीत एक स्वागत योग्य विपरीत था।\n\nहमारा अवकाश का समय अल्पकालिक था; आधुनिक नावों की गति में कुछ खेदजनक विशेषताएं हैं! जिज्ञासु पर्यटकों के किसी भी अन्य समूह की तरह, हम लंदन के विशाल और प्राचीन शहर में घूमे।\n\nअगले दिन मुझे कैक्सटन हॉल में एक बड़ी बैठक को संबोधित करने के लिए आमंत्रित किया गया, जिसमें सर फ्रांसिस यंगहसबैंड ने लंदन के दर्शकों से मेरा परिचय कराया।\n\nहमारे दल ने स्कॉटलैंड में सर हैरी लॉडर की संपत्ति में उनके मेहमान के रूप में एक सुखद दिन बिताया।\n\nहम जल्द ही इंग्लिश चैनल पार करके महाद्वीप पर पहुँच गए, क्योंकि मैं बवेरिया की विशेष तीर्थयात्रा करना चाहता था।\n\nमुझे लगा कि यह मेरे लिए महान कैथोलिक रहस्यवादी, कोन्नर्सरेउथ के थेरेसा न्यूमैन से मिलने का एकमात्र मौका होगा।","type":"default","passage":"थेरेसे न्यूमन, बवेरिया की कैथोलिक स्टीगमैटिस्ट","commentary":"","meaning":""},{"id":"4","title":"39.4","content":"कई साल पहले मैंने थेरेसा के बारे में एक अद्भुत कहानी पढ़ी थी।\n\nलेख में दी गई जानकारी इस प्रकार थी:  \n***(1)***\n थेरेसा, जो 1898 में पैदा हुई थी, बीस साल की उम्र में एक दुर्घटना में घायल हो गई थी; वह अंधी और लकवाग्रस्त हो गई थी।\n\n***(2)***\n उसने 1923 में सेंट टेरेसा,  \n> द लिटिल फ्लावर\n की प्रार्थना के माध्यम से चमत्कारिक रूप से अपनी दृष्टि वापस पा ली।\n\nबाद में थेरेसा न्यूमैन के अंग तुरंत ठीक हो गए।\n\n***(3)***\n 1923 के बाद से, थेरेसा ने एक छोटे से पवित्र वेफर को रोजाना निगलने के अलावा, भोजन और पेय से पूरी तरह परहेज किया है।\n\n***(4)***\n 1926 में थेरेसा के सिर, छाती, हाथ और पैरों पर मसीह के पवित्र घाव दिखाई दिए।\n\nउसके बाद से हर हफ्ते के शुक्रवार को, वह मसीह के दुख से गुज़री है, अपने शरीर में मसीह के सभी ऐतिहासिक दर्द को सहते हुए।","type":"default","passage":"थेरेसे न्यूमन, बवेरिया की कैथोलिक स्टीगमैटिस्ट","commentary":"","meaning":""},{"id":"5","title":"39.5","content":"***(5)***\n अपने गांव के लोगों को सामान्य रूप से केवल साधारण जर्मन भाषा ही आती है, अपने शुक्रवार के समाधि के दौरान थेरेसी ऐसे वाक्य बोलती है जिन्हें विद्वानों ने प्राचीन अरामी भाषा के रूप में पहचाना है।\n\nअपने दर्शन में उचित समय पर, वह हिब्रू या ग्रीक बोलती है।\n\n***(6)***\n चर्च की अनुमति से, थेरेसी कई बार करीबी वैज्ञानिक निरीक्षण में रही है।\n\nप्रोटेस्टेंट जर्मन अखबार के संपादक डॉ. फ्रिट्ज़ गेर्लिक  \n> कैथोलिक धोखाधड़ी को उजागर करने\n के लिए कोन्नर्सरेउथ गए थे, लेकिन \n\nअंत में उन्होंने श्रद्धापूर्वक उनकी जीवनी लिखी।\n\n{FN39-2} हमेशा की तरह, चाहे पूर्व में हो या पश्चिम में, मैं एक संत से मिलने के लिए उत्सुक था।\n\n16 जुलाई को जब हमारा छोटा सा दल कोन्नर्सरेउथ के विचित्र गांव में दाखिल हुआ तो मैं बहुत खुश हुआ।\n\nबवेरियन किसानों ने हमारी फोर्ड कार  \n***(जो अमेरिका से हमारे साथ लाई गई थी)***\n और उसके मिश्रित समूह में गहरी दिलचस्पी दिखाई- एक अमेरिकी युवक, एक बुजुर्ग महिला और एक जैतून के रंग का ओरिएंटल जिसके लंबे बाल उसके कोट के कॉलर के नीचे टक किए हुए थे।","type":"default","passage":"थेरेसे न्यूमन, बवेरिया की कैथोलिक स्टीगमैटिस्ट","commentary":"","meaning":""},{"id":"6","title":"39.6","content":"थेरेसा की छोटी सी झोपड़ी, साफ-सुथरी, एक आदिम कुएं के पास खिले हुए गेरेनियम के फूलों से भरी हुई, अफसोस! चुपचाप बंद थी।\n\nपड़ोसी और यहां तक कि पास से गुजरने वाला गांव का डाकिया भी हमें कोई जानकारी नहीं दे सका।\n\nबारिश शुरू हो गई; मेरे साथियों ने सुझाव दिया कि हम चले जाएं।\n\n> नहीं,  \n मैंने ज़िद करते हुए कहा,  \n> मैं तब तक यहीं रहूंगा जब तक मुझे थेरेसा तक ले जाने वाला कोई सुराग नहीं मिल जाता।\n\n दो घंटे बाद हम अभी भी निराशाजनक बारिश के बीच अपनी कार में बैठे थे।\n\n> भगवान,  \n मैंने शिकायत करते हुए आह भरी,  \n> अगर वह गायब हो गई है तो आप मुझे यहां क्यों लाए हैं?\n एक अंग्रेजी बोलने वाला आदमी हमारे पास रुका, विनम्रता से अपनी मदद की पेशकश की।\n\n> मुझे निश्चित रूप से नहीं पता कि थेरेसा कहां है,  \n उसने कहा,  \n> लेकिन वह अक्सर प्रोफेसर वुर्ज के घर आती है, जो यहां से अस्सी मील दूर आइचस्टैट के सेमिनरी मास्टर हैं।","type":"default","passage":"थेरेसे न्यूमन, बवेरिया की कैथोलिक स्टीगमैटिस्ट","commentary":"","meaning":""},{"id":"7","title":"39.7","content":"अगली सुबह हमारा दल आइचस्टैट के शांत गांव में पहुंचा, जहां पत्थरों से बनी संकरी सड़कें थीं।\n\nडॉ. वुर्ज़ ने अपने घर पर हमारा गर्मजोशी से स्वागत किया;  \n> हां, थेरेसी यहीं हैं।\n\n उन्होंने उन्हें आगंतुकों के बारे में बताया।\n\nजल्द ही एक संदेशवाहक उनके उत्तर के साथ आया।\n\n> \n\nहालांकि बिशप ने मुझे उनकी अनुमति के बिना किसी से नहीं मिलने के लिए कहा है, लेकिन मैं भारत से ईश्वर के व्यक्ति का स्वागत करूंगा।\n\n इन शब्दों से बहुत प्रभावित होकर, मैं डॉ. वुर्ज़ के पीछे-पीछे बैठक कक्ष में गया।\n\nथेरेसी तुरंत अंदर दाखिल हुईं, उनके चेहरे पर शांति और खुशी की आभा थी।\n\nउन्होंने काले रंग का गाउन और बेदाग सफेद हेड ड्रेस पहनी हुई थी।\n\nहालांकि उस समय उनकी उम्र सैंतीस साल थी, लेकिन वे बहुत कम उम्र की लग रही थीं, उनमें वाकई बच्चों जैसी ताजगी और आकर्षण था।\n\nस्वस्थ, सुडौल, गुलाबी गाल और खुशमिजाज, यह वह संत है जो खाना नहीं खाता!","type":"default","passage":"थेरेसे न्यूमन, बवेरिया की कैथोलिक स्टीगमैटिस्ट","commentary":"","meaning":""},{"id":"8","title":"39.8","content":"थेरेसा ने बहुत ही सौम्यता से हाथ मिलाते हुए मेरा अभिवादन किया।\n\nहम दोनों ही मौन संवाद में मुस्कुरा रहे थे, एक दूसरे को ईश्वर का प्रेमी मानते हुए।\n\nडॉ. वुर्ज ने विनम्रतापूर्वक दुभाषिया के रूप में सेवा करने की पेशकश की।\n\nजब हम बैठे, तो मैंने देखा कि थेरेसा मेरी ओर भोलेपन से देख रही थी; जाहिर है कि बवेरिया में हिंदू दुर्लभ थे।\n\n> क्या आप कुछ नहीं खाते?\n मैं उसके मुंह से जवाब सुनना चाहता था।\n\n> नहीं, एक पवित्र चावल के आटे के वेफर को छोड़कर, हर सुबह छह बजे।\n\n  \n> वेफर कितना बड़ा है?\n  \n> यह कागज की तरह पतला है, एक छोटे सिक्के के आकार का।\n\n उसने कहा,  \n> मैं इसे धार्मिक कारणों से लेती हूं; अगर यह पवित्र नहीं है, तो मैं इसे निगलने में असमर्थ हूं।","type":"default","passage":"थेरेसे न्यूमन, बवेरिया की कैथोलिक स्टीगमैटिस्ट","commentary":"","meaning":""},{"id":"9","title":"39.9","content":"“क्या तुम उस पर पूरे बारह साल तक जीवित नहीं रह सकते थे?” “मैं भगवान की रोशनी से जीता हूँ।\n\n” उसका उत्तर कितना सरल था, कितना आइंस्टीनियन! “मैं देखता हूँ कि तुम समझते हो कि तुम्हारे शरीर में ऊर्जा ईथर, सूर्य और हवा से प्रवाहित होती है।\n\n” उसके चेहरे पर एक तेज मुस्कान फैल गई।\n\n“मुझे यह जानकर बहुत खुशी हुई कि तुम समझते हो कि मैं कैसे जीता हूँ।\n\n” “तुम्हारा पवित्र जीवन मसीह द्वारा कहे गए सत्य का दैनिक प्रदर्शन है: ‘मनुष्य केवल रोटी से नहीं, बल्कि परमेश्वर के मुख से निकलने वाले हर वचन से जीवित रहेगा।\n\n’” {FN39-3} मेरे स्पष्टीकरण पर वह फिर से प्रसन्न हुई।\n\n“यह वास्तव में ऐसा ही है।\n\nआज मैं पृथ्वी पर \n\nइसलिए हूँ क्योंकि मैं यह साबित करना चाहता हूँ कि मनुष्य केवल भोजन से नहीं, बल्कि परमेश्वर के अदृश्य प्रकाश से भी जीवित रह सकता है।\n\n”","type":"default","passage":"थेरेसे न्यूमन, बवेरिया की कैथोलिक स्टीगमैटिस्ट","commentary":"","meaning":""},{"id":"10","title":"39.10","content":"> क्या आप दूसरों को सिखा सकते हैं कि बिना भोजन के कैसे जीना है?\n वह थोड़ा हैरान दिखीं।\n\n> मैं ऐसा नहीं कर सकती; भगवान ऐसा नहीं चाहते।\n\n जैसे ही मेरी नज़र उनके मज़बूत, सुंदर हाथों पर पड़ी, थेरेसा ने मुझे अपनी दोनों हथेलियों पर एक छोटा, चौकोर, ताज़ा ठीक हुआ घाव दिखाया।\n\nप्रत्येक हाथ के पीछे, उसने एक छोटा, अर्धचंद्राकार घाव दिखाया, जो अभी-अभी ठीक हुआ था।\n\nप्रत्येक घाव सीधे हाथ के आर-पार हो गया।\n\nयह दृश्य मेरे दिमाग में अर्धचंद्राकार छोर वाले बड़े चौकोर लोहे के कीलों की स्पष्ट याद दिलाता है, जो अभी भी ओरिएंट में उपयोग किए जाते हैं, लेकिन मुझे याद नहीं है कि मैंने उन्हें पश्चिम में देखा हो।\n\nसंत ने मुझे अपने साप्ताहिक समाधि के बारे में कुछ बताया।\n\n> एक असहाय दर्शक के रूप में, मैं मसीह के पूरे जुनून का अवलोकन करती हूँ।\n\n प्रत्येक सप्ताह, गुरुवार आधी रात से शुक्रवार दोपहर एक बजे तक, उसके घाव खुलते हैं और खून बहता है; वह अपने सामान्य 121 पाउंड वजन में से दस पाउंड खो देती है।\n\nअपने सहानुभूतिपूर्ण प्रेम में तीव्रता से पीड़ित, थेरेसा अभी भी अपने भगवान के इन साप्ताहिक दर्शनों का खुशी से इंतज़ार करती है।","type":"default","passage":"थेरेसे न्यूमन, बवेरिया की कैथोलिक स्टीगमैटिस्ट","commentary":"","meaning":""},{"id":"11","title":"39.11","content":"मुझे तुरंत एहसास हुआ कि उसका अजीब जीवन ईश्वर द्वारा सभी ईसाइयों को यीशु के जीवन और क्रूस पर चढ़ने की ऐतिहासिक प्रामाणिकता के बारे में आश्वस्त करने के लिए है जैसा कि नए नियम में दर्ज है, और गैलीलियन मास्टर और उनके भक्तों के बीच हमेशा रहने वाले बंधन को नाटकीय रूप से प्रदर्शित करता है।\n\nप्रोफेसर वुर्ज ने संत के साथ अपने कुछ अनुभव साझा किए।\n\nउन्होंने मुझे बताया,  \n> हम में से कई, जिनमें थेरेसा भी शामिल है, अक्सर पूरे जर्मनी में दर्शनीय स्थलों की यात्रा पर कई दिनों तक यात्रा करते हैं।\n\n  \n> यह एक आश्चर्यजनक विरोधाभास है - जबकि हम दिन में तीन बार भोजन करते हैं, थेरेसा कुछ भी नहीं खाती।\n\nवह गुलाब की तरह तरोताजा रहती है, यात्राओं से होने वाली थकान से अछूती रहती है।\n\nजब हम भूखे होते हैं और सड़क किनारे सराय की तलाश करते हैं, तो वह खुशी से हंसती है।","type":"default","passage":"थेरेसे न्यूमन, बवेरिया की कैथोलिक स्टीगमैटिस्ट","commentary":"","meaning":""},{"id":"12","title":"39.12","content":"प्रोफेसर ने कुछ रोचक शारीरिक विवरण जोड़े:  \n> क्योंकि थेरेसा खाना नहीं खाती, उसका पेट सिकुड़ गया है।\n\nउसके मल त्याग की कोई क्रिया नहीं है, लेकिन उसकी पसीने की ग्रंथियाँ काम करती हैं; उसकी त्वचा हमेशा नरम और दृढ़ रहती है।\n\n विदा लेते समय, मैंने थेरेसा से उसके समाधिस्थल में उपस्थित होने की अपनी इच्छा व्यक्त की।\n\n> हाँ, कृपया अगले शुक्रवार को कोन्नर्सरेउथ आएँ,  \n उसने विनम्रतापूर्वक कहा।\n\n> बिशप आपको परमिट देंगे।\n\nमुझे बहुत खुशी है कि आपने मुझे आइचस्टैट में ढूँढ़ा।\n\n थेरेसा ने कई बार धीरे से हाथ मिलाया, और हमारे दल के साथ गेट तक चली गई।\n\nमि. राइट ने ऑटोमोबाइल रेडियो चालू किया; संत ने उत्साहपूर्ण ठहाकों के साथ इसे देखा।\n\nयुवाओं की इतनी बड़ी भीड़ इकट्ठी हुई कि थेरेसा घर के अंदर चली गई।\n\nहमने उसे एक खिड़की पर देखा, जहाँ वह बच्चों की तरह हाथ हिलाते हुए हमें देख रही थी।","type":"default","passage":"थेरेसे न्यूमन, बवेरिया की कैथोलिक स्टीगमैटिस्ट","commentary":"","meaning":""},{"id":"13","title":"39.13","content":"अगले दिन थेरेसा के दो भाइयों से बातचीत से, जो बहुत दयालु और मिलनसार थे, हमें पता चला कि संत रात में सिर्फ़ एक या दो घंटे ही सोती हैं।\n\nशरीर में कई घावों के बावजूद, वे सक्रिय और ऊर्जा से भरपूर हैं।\n\nउन्हें पक्षियों से बहुत प्यार है, वे मछलियों के एक्वेरियम की देखभाल करती हैं और अक्सर अपने बगीचे में काम करती हैं।\n\nउनका पत्र-व्यवहार बहुत बड़ा है; कैथोलिक भक्त उन्हें प्रार्थना और उपचार के आशीर्वाद के लिए पत्र लिखते हैं।\n\nउनके ज़रिए कई साधक गंभीर बीमारियों से ठीक हुए हैं।\n\nउनके भाई फ़र्डिनेंड, जो लगभग तेईस साल के हैं, ने बताया कि थेरेसा में प्रार्थना के ज़रिए दूसरों की बीमारियों को अपने शरीर पर ठीक करने की शक्ति है।\n\nसंत का भोजन से परहेज़ उस समय से है जब उन्होंने प्रार्थना की थी कि उनके पल्ली के एक युवक के गले की बीमारी, जो उस समय पवित्र संप्रदाय में प्रवेश करने की तैयारी कर रहा था, उसके गले में चली जाए।","type":"default","passage":"थेरेसे न्यूमन, बवेरिया की कैथोलिक स्टीगमैटिस्ट","commentary":"","meaning":""},{"id":"14","title":"39.14","content":"गुरुवार की दोपहर को हमारा दल बिशप के घर गया, जिन्होंने मेरे लहराते बालों को देखकर कुछ आश्चर्य व्यक्त किया।\n\nउन्होंने तुरंत आवश्यक परमिट लिख दिया।\n\nकोई शुल्क नहीं था; चर्च द्वारा बनाया गया नियम केवल थेरेसा को आकस्मिक पर्यटकों की भीड़ से बचाने के लिए है, जो पिछले वर्षों में शुक्रवार को हजारों की संख्या में आते थे।\n\nहम शुक्रवार की सुबह लगभग साढ़े नौ बजे कोन्नर्सरेउथ पहुँचे।\n\nमैंने देखा कि थेरेसा के छोटे से कॉटेज में एक विशेष कांच की छत वाला खंड है, जिससे उसे भरपूर रोशनी मिलती है।\n\nहमें यह देखकर खुशी हुई कि दरवाजे \n\nअब बंद नहीं थे, बल्कि मेहमाननवाज़ी से भरे हुए थे।\n\nलगभग बीस आगंतुकों की कतार थी, जो अपने परमिट के साथ सशस्त्र थे।\n\nकई लोग रहस्यमय समाधि को देखने के लिए बहुत दूर से आए थे।","type":"default","passage":"थेरेसे न्यूमन, बवेरिया की कैथोलिक स्टीगमैटिस्ट","commentary":"","meaning":""},{"id":"15","title":"39.15","content":"थेरेसा ने प्रोफेसर के घर पर मेरी पहली परीक्षा पास कर ली थी, क्योंकि उन्हें पता था कि मैं उनसे आध्यात्मिक कारणों से मिलना चाहता हूँ, न कि सिर्फ़ एक जिज्ञासा को शांत करने के लिए।\n\nमेरी दूसरी परीक्षा इस तथ्य से जुड़ी थी कि, उनके कमरे में ऊपर जाने से ठीक पहले, मैंने खुद को योगिक ट्रान्स अवस्था में डाल दिया ताकि मैं उनके साथ टेलीपैथिक और टेलीविज़िक संबंध में एक हो जाऊँ।\n\nमैं उनके कक्ष में दाखिल हुआ, जो आगंतुकों से भरा हुआ था; वह बिस्तर पर सफ़ेद लबादे में लेटी हुई थीं।\n\nमि. राइट मेरे पीछे-पीछे चल रहे थे, मैं दहलीज के अंदर ही रुक गया, एक अजीब और सबसे भयावह दृश्य देखकर मैं दंग रह गया।\n\n[चित्रण: थेरेसा न्यूमैन, प्रसिद्ध कैथोलिक स्टिग्माटिस्ट जिन्होंने 1935 में कोन्नर्सरेउथ, बवेरिया की मेरी तीर्थयात्रा को प्रेरित किया—देखें न्यूमैन.jpg]","type":"default","passage":"थेरेसे न्यूमन, बवेरिया की कैथोलिक स्टीगमैटिस्ट","commentary":"","meaning":""},{"id":"16","title":"39.16","content":"थेरेसा की निचली पलकों से एक इंच चौड़ी धारा में रक्त पतला और निरंतर बह रहा था।\n\nउसकी निगाहें माथे के बीच में आध्यात्मिक आँख पर टिकी हुई थीं।\n\nउसके सिर के चारों ओर लिपटा कपड़ा कांटों के मुकुट के कलंक के घावों से निकले रक्त में भीग गया था।\n\nसफ़ेद वस्त्र उसके दिल पर लाल रंग के धब्बे से भरा हुआ था, जो उसके बाजू में उस जगह पर लगे घाव से था जहाँ बहुत समय पहले, मसीह के शरीर को सैनिक के भाले के वार की अंतिम अपमानजनक स्थिति का सामना करना पड़ा था।\n\nथेरेसा के हाथ एक मातृवत मुद्रा में फैले हुए थे, विनती कर रहे थे; उसके चेहरे पर एक भाव था जो यातना और दिव्य दोनों था।\n\nवह पतली दिखाई दे रही थी, कई सूक्ष्म और बाहरी तरीकों से बदल गई थी।\n\nएक विदेशी भाषा में शब्दों का उच्चारण करते हुए, वह अपने आंतरिक दृष्टि के सामने दिखाई देने वाले व्यक्तियों से थोड़े कांपते होंठों से बात कर रही थी।","type":"default","passage":"थेरेसे न्यूमन, बवेरिया की कैथोलिक स्टीगमैटिस्ट","commentary":"","meaning":""},{"id":"17","title":"39.17","content":"जैसे-जैसे मैं उसके साथ तालमेल बिठा रहा था, मैं उसके दर्शन के दृश्यों को देखने लगा।\n\nवह यीशु को देख रही थी, जब वह उपहास करने वाली भीड़ के बीच क्रूस को उठा रहा था।\n\n{FN39-4} अचानक उसने घबराहट में अपना सिर उठाया: प्रभु क्रूर वजन के नीचे गिर गया था।\n\nदर्शन गायब हो गया।\n\nतीव्र दया की थकावट में, थेरेसा अपने तकिए पर भारी होकर गिर गई।\n\nइस क्षण मैंने अपने पीछे एक जोरदार धमाका सुना।\n\nएक सेकंड के लिए अपना सिर घुमाते हुए, मैंने देखा कि दो आदमी एक गिरे हुए शरीर को ले जा रहे हैं।\n\nलेकिन क्योंकि मैं गहरी अतिचेतन अवस्था से बाहर आ रहा था, \n\nइसलिए मैं तुरंत उस गिरे हुए व्यक्ति को नहीं पहचान पाया।\n\nफिर से मैंने अपनी आँखें थेरेसा के चेहरे पर टिका दीं, खून की धाराओं के नीचे मौत की तरह पीला, लेकिन \n\nअब शांत, पवित्रता और पवित्रता को विकीर्ण करते हुए।\n\nमैंने बाद में अपने पीछे देखा और देखा कि मिस्टर राइट अपने गाल पर हाथ रखे हुए खड़े थे, जिससे खून टपक रहा था।","type":"default","passage":"थेरेसे न्यूमन, बवेरिया की कैथोलिक स्टीगमैटिस्ट","commentary":"","meaning":""},{"id":"18","title":"39.18","content":"> डिक,  \n मैंने उत्सुकता से पूछा,  \n> क्या तुम ही गिरे थे?\n  \n> हाँ, मैं उस भयावह दृश्य को देखकर बेहोश हो गया था।\n\n  \n> ठीक है,  \n मैंने सांत्वना देते हुए कहा,  \n> तुम वापस लौटने और उस दृश्य को फिर से देखने के लिए बहादुर हो।\n\n तीर्थयात्रियों की धैर्यपूर्वक प्रतीक्षा करने वाली पंक्ति को याद करते हुए, श्री राइट और मैंने चुपचाप थेरेसी को विदाई दी और उसकी पवित्र उपस्थिति को छोड़ दिया।\n\n{FN39-5} अगले दिन हमारा छोटा समूह दक्षिण की ओर चला गया, इस बात के लिए आभारी था कि हम ट्रेनों पर निर्भर नहीं थे, बल्कि पूरे देश में जहाँ चाहें फ़ोर्ड को रोक सकते थे।\n\nहमने जर्मनी, हॉलैंड, फ्रांस और स्विस आल्प्स के माध्यम से यात्रा के हर पल का आनंद लिया।\n\nइटली में हमने विनम्रता के दूत, सेंट फ्रांसिस को सम्मानित करने के लिए असीसी की एक विशेष यात्रा की।\n\nयूरोपीय दौरा ग्रीस में समाप्त हुआ, जहाँ हमने एथेनियन मंदिरों को देखा, और उस जेल को देखा जिसमें सौम्य सुकरात {FN39-6} ने अपनी मृत्यु औषधि पी थी।\n\nयूनानियों ने जिस कलात्मकता के साथ हर जगह अलबास्टर में अपनी कल्पनाएं उकेरी हैं, उसे देखकर कोई भी प्रशंसा से भर जाता है।","type":"default","passage":"थेरेसे न्यूमन, बवेरिया की कैथोलिक स्टीगमैटिस्ट","commentary":"","meaning":""},{"id":"19","title":"39.19","content":"हमने धूप वाले भूमध्य सागर से जहाज़ लिया और फ़िलिस्तीन में उतर गए।\n\nपवित्र भूमि पर दिन-ब-दिन घूमते हुए, मैं तीर्थयात्रा के महत्व के बारे में पहले से कहीं ज़्यादा आश्वस्त हो गया।\n\nफ़िलिस्तीन में मसीह की आत्मा सर्वव्यापी है; मैं बेथलहम, गेथसेमेन, कलवरी, जैतून के पवित्र पर्वत और जॉर्डन नदी और गलील सागर के किनारे उनके साथ श्रद्धापूर्वक चला।\n\nहमारे छोटे से दल ने बर्थ मैन्जर, जोसेफ़ की बढ़ई की दुकान, लाज़र की कब्र, मार्था और मैरी के घर, अंतिम भोज के हॉल का दौरा किया।\n\nप्राचीनता सामने आई; दृश्य दर दृश्य, मैंने उस दिव्य नाटक को देखा जिसे मसीह ने कभी युगों तक निभाया था।","type":"default","passage":"थेरेसे न्यूमन, बवेरिया की कैथोलिक स्टीगमैटिस्ट","commentary":"","meaning":""},{"id":"20","title":"39.20","content":"मिस्र की ओर, इसके आधुनिक काहिरा और प्राचीन पिरामिडों के साथ।\n\nफिर संकरे लाल सागर से होते हुए विशाल अरब सागर के ऊपर से नाव से नीचे उतरा; देखो, भारत! {FN39-1} यहाँ एक पूरी तिथि का उल्लेखनीय समावेश इस तथ्य के कारण है कि मेरे सचिव, श्री राइट ने एक यात्रा डायरी रखी थी।\n\n{FN39-2} उनके जीवन पर अन्य पुस्तकें हैं थेरेसे न्यूमैन: ए स्टिग्मैटिस्ट ऑफ़ अवर डे, और फ़दर क्रॉनिकल्स ऑफ़ थेरेसे न्यूमैन, दोनों फ्रेडरिक रिटर वॉन लामा  \n***(मिल्वौकी: ब्रूस पब. कंपनी)***\n द्वारा।\n\n{FN39-3} मैथ्यू 4:4।\n\nमनुष्य की शारीरिक बैटरी केवल स्थूल भोजन  \n***(रोटी)***\n से नहीं, बल्कि कंपन करने वाली ब्रह्मांडीय ऊर्जा  \n***(शब्द, या ओम)***\n से चलती है।\n\nअदृश्य शक्ति मेडुला ऑब्लांगेटा के द्वार से मानव शरीर में प्रवाहित होती है।\n\nयह छठा शारीरिक केंद्र गर्दन के पीछे पाँच रीढ़ की हड्डी के चक्रों  \n***(संस्कृत में  \n> पहियों\n या विकिरणकारी शक्ति के केंद्रों)***\n के शीर्ष पर स्थित है।\n\nमेडुला शरीर की सार्वभौमिक जीवन शक्ति  \n***(एयूएम)***\n की आपूर्ति के लिए मुख्य प्रवेश द्वार है, और यह सीधे मनुष्य की इच्छा शक्ति से जुड़ा हुआ है, जो भौंहों के बीच तीसरी आँख में सातवें या क्राइस्ट कॉन्शियसनेस केंद्र  \n***(कुटस्थ)***\n में केंद्रित है।\n\nब्रह्मांडीय ऊर्जा तब मस्तिष्क में अनंत संभावनाओं के भंडार के रूप में संग्रहीत होती है, जिसका उल्लेख वेदों में  \n> प्रकाश के हज़ार पंखुड़ियों वाले कमल\n के रूप में किया गया है।\n\nबाइबिल हमेशा एयूएम को  \n> पवित्र आत्मा\n या अदृश्य जीवन शक्ति के रूप में संदर्भित करता है जो ईश्वरीय रूप से सभी सृष्टि को बनाए रखता है।\n\n> क्या? क्या तुम नहीं जानते कि तुम्हारा शरीर पवित्र आत्मा का मंदिर है जो तुम्हारे भीतर है, जो तुम्हें ईश्वर से मिला है, और तुम अपने नहीं हो?\n - I कुरिन्थियों 6:19।","type":"default","passage":"थेरेसे न्यूमन, बवेरिया की कैथोलिक स्टीगमैटिस्ट","commentary":"","meaning":""},{"id":"21","title":"39.21","content":"{FN39-4} मेरे आने से पहले के घंटों में, थेरेसी को मसीह के जीवन के अंतिम दिनों के कई दर्शन हुए थे।\n\nउसका मंत्रमुग्ध होना आम तौर पर अंतिम भोज के बाद की घटनाओं के दृश्यों से शुरू होता है।\n\nउसके दर्शन यीशु की क्रूस पर मृत्यु या कभी-कभी, उनके कब्र में दफ़न होने के साथ समाप्त होते हैं।\n\n{FN39-5} थेरेसी नाजी उत्पीड़न से बच गई है, और जर्मनी से 1945 के अमेरिकी समाचार प्रेषण के अनुसार, अभी भी कोन्नर्सरेउथ में मौजूद है।\n\n{FN39-6} युसेबियस में एक अंश सुकरात और एक हिंदू ऋषि के बीच एक दिलचस्प मुठभेड़ से संबंधित है।\n\nअंश इस प्रकार है: “संगीतकार एरिस्टोक्सेनस भारतीयों के बारे में निम्नलिखित कहानी बताता है।\n\nइनमें से एक व्यक्ति एथेंस में सुकरात से मिला, और उससे पूछा कि उसके दर्शन का दायरा क्या है।\n\nसुकरात ने उत्तर दिया, ‘मानव घटनाओं की जांच।\n\n’ इस पर भारतीय जोर से हंस पड़ा।\n\nउन्होंने कहा, ‘कोई व्यक्ति मानवीय घटनाओं के बारे में कैसे खोजबीन कर सकता है, जब वह दैवीय घटनाओं से अनभिज्ञ है?’” जिस अरिस्टोक्सेनस का उल्लेख किया गया है, वह अरस्तू का शिष्य था और हार्मोनिक्स पर एक प्रसिद्ध लेखक था।\n\nउसका समय 330 ई.पू. है।","type":"default","passage":"थेरेसे न्यूमन, बवेरिया की कैथोलिक स्टीगमैटिस्ट","commentary":"","meaning":""},{"id":"22","title":"39.22","content":"","type":"default","passage":"थेरेसे न्यूमन, बवेरिया की कैथोलिक स्टीगमैटिस्ट","commentary":"","meaning":""}]}