{"id":4,"title":"हिमालय की ओर मेरी बाधित यात्रा","description":"हिमालय की ओर मेरी बाधित यात्रा","sectionCount":36,"tags":null,"contentId":"AoY02","sections":[{"id":"1","title":"4.1","content":"हिमालय की ओर मेरी बाधित उड़ान  \n> किसी तुच्छ बहाने से अपनी कक्षा से बाहर निकलो, और एक हैकनी गाड़ी में बैठो।\n\nऐसी गली में रुको जहाँ मेरे घर का कोई भी व्यक्ति तुम्हें न देख सके।\n\n ये अमर मित्तर को मेरे अंतिम निर्देश थे, जो मेरे साथ हिमालय जाने की योजना बना रहा था।\n\nहमने अपनी उड़ान के लिए अगला दिन चुना था।\n\nसावधानियाँ ज़रूरी थीं, क्योंकि अनंत सतर्क नज़र रखता था।\n\nवह भागने की मेरी योजनाओं को विफल करने के लिए दृढ़ था, जिसके बारे में उसे संदेह था कि वह मेरे दिमाग में सबसे ऊपर था।\n\nताबीज, एक आध्यात्मिक खमीर की तरह, मेरे भीतर चुपचाप काम कर रहा था।\n\nहिमालय की बर्फ के बीच, मुझे उस गुरु को खोजने की उम्मीद थी जिसका चेहरा अक्सर मुझे सपनों में दिखाई देता था।","type":"default","passage":"हिमालय की ओर मेरी बाधित यात्रा","commentary":"","meaning":""},{"id":"2","title":"4.2","content":"परिवार \n\nअब कलकत्ता में रह रहा था, जहाँ पिताजी का स्थायी रूप से तबादला हो गया था।\n\nपितृसत्तात्मक भारतीय रीति-रिवाज के अनुसार, अनंत अपनी दुल्हन को हमारे घर में रहने के लिए ले आए थे, जो \n\nअब 4 गुरुपार रोड पर है।\n\nवहाँ एक छोटे से अटारी वाले कमरे में मैं दैनिक ध्यान में लगा रहता था और अपने मन को दिव्य खोज के लिए तैयार करता था।\n\nयादगार सुबह अशुभ बारिश के साथ आई।\n\nसड़क पर अमर की गाड़ी के पहियों की आवाज़ सुनकर, मैंने जल्दी से एक कंबल, एक जोड़ी चप्पल, लाहिड़ी महाशय की तस्वीर, भगवद गीता की एक प्रति, प्रार्थना की माला और दो लंगोट बाँध लिए।\n\nयह बंडल मैंने अपनी तीसरी मंजिल की खिड़की से फेंक दिया।\n\nमैं सीढ़ियों से नीचे भागा और अपने चाचा के पास से गुज़रा, जो दरवाजे पर मछली खरीद रहे थे।","type":"default","passage":"हिमालय की ओर मेरी बाधित यात्रा","commentary":"","meaning":""},{"id":"3","title":"4.3","content":"> क्या उत्साह है?\n उसकी निगाहें मेरे शरीर पर संदेह से घूम रही थीं।\n\nमैंने उसे एक अनिर्णायक मुस्कान दी और गली की ओर चल दिया।\n\nअपना बंडल वापस लेते हुए, मैं षड्यंत्रकारी सावधानी के साथ अमर के साथ शामिल हो गया।\n\nहम चादनी चौक गए, जो एक व्यापारिक केंद्र था।\n\nमहीनों से हम अपने टिफिन के पैसे अंग्रेजी कपड़े खरीदने के लिए बचा रहे थे।\n\nयह जानते हुए कि मेरा चतुर भाई आसानी से जासूस की भूमिका निभा सकता है, हमने यूरोपीय पोशाक पहनकर उसे मात देने का सोचा।\n\nस्टेशन के रास्ते में, हम मेरे चचेरे भाई, जोतिन घोष, जिन्हें मैं जतिंदा कहता था, के पास रुके।\n\nवह एक नया धर्मांतरित व्यक्ति था, जो हिमालय में एक गुरु की चाहत रखता था।\n\nउसने वह नया सूट पहना जो हमारे पास पहले से तैयार था।\n\nहमें उम्मीद थी कि वह अच्छी तरह से छिपा हुआ होगा! हमारे दिलों में एक गहरी खुशी थी।","type":"default","passage":"हिमालय की ओर मेरी बाधित यात्रा","commentary":"","meaning":""},{"id":"4","title":"4.4","content":"> \n\nअब हमें सिर्फ़ कैनवस के जूते चाहिए।\n\n मैं अपने साथियों को रबर के तलवे वाले जूतों की दुकान पर ले गया।\n\n> इस पवित्र यात्रा में सिर्फ़ जानवरों के वध से प्राप्त चमड़े के सामान की ज़रूरत नहीं होगी।\n\n मैं अपनी भगवद गीता से चमड़े का कवर और अपने अंग्रेज़ी-निर्मित सोला टोपी  \n***(हेलमेट)***\n से चमड़े की पट्टियाँ हटाने के लिए सड़क पर रुका।\n\nस्टेशन पर हमने बर्दवान के लिए टिकट खरीदे, जहाँ से हम हिमालय की तलहटी में हरिद्वार के लिए जाने वाले थे।\n\nजैसे ही ट्रेन, हमारी तरह, उड़ान भरने लगी, मैंने अपनी कुछ शानदार उम्मीदें व्यक्त कीं।\n\n> ज़रा कल्पना करो!\n मैंने कहा।\n\n> हमें गुरुओं द्वारा दीक्षा दी जाएगी और हम ब्रह्मांडीय चेतना की समाधि का अनुभव करेंगे।\n\nहमारा शरीर ऐसे चुंबकत्व से भर जाएगा कि हिमालय के जंगली जानवर हमारे पास आ जाएँगे।\n\nबाघ हमारे दुलार की प्रतीक्षा कर रहे नम्र घरेलू बिल्लियों से ज़्यादा कुछ नहीं होंगे!","type":"default","passage":"हिमालय की ओर मेरी बाधित यात्रा","commentary":"","meaning":""},{"id":"5","title":"4.5","content":"इस टिप्पणी ने अमर को एक उत्साही मुस्कान दी।\n\nलेकिन जतिंदा ने अपनी नज़रें हटा लीं और खिड़की से भागते हुए परिदृश्य की ओर देखा।\n\n> पैसे को तीन हिस्सों में बाँट दिया जाए।\n\n जतिंदा ने इस सुझाव के साथ एक लंबी चुप्पी तोड़ी।\n\n> हममें से हर एक को बर्दवान में अपना टिकट खुद खरीदना चाहिए।\n\nइस तरह स्टेशन पर कोई भी यह अनुमान नहीं लगाएगा कि हम एक साथ भाग रहे हैं।\n\n मैंने बिना किसी संदेह के सहमति दे दी।\n\nशाम के समय हमारी ट्रेन बर्दवान में रुकी।\n\nजतिंदा टिकट कार्यालय में दाखिल हुई; अमर और मैं प्लेटफ़ॉर्म पर बैठ गए।\n\nहमने पंद्रह मिनट तक इंतज़ार किया, फिर बेकार की पूछताछ की।\n\nचारों तरफ़ खोजते हुए, हमने डर की तीव्रता के साथ जतिंदा का नाम पुकारा।\n\nलेकिन वह छोटे से स्टेशन के आस-पास के अंधेरे अज्ञात में गायब हो गया था।","type":"default","passage":"हिमालय की ओर मेरी बाधित यात्रा","commentary":"","meaning":""},{"id":"6","title":"4.6","content":"मैं पूरी तरह से घबरा गया था, एक अजीब सी सुन्नता से स्तब्ध था।\n\nक्या भगवान इस निराशाजनक घटना को सहन करेंगे! उनके पीछे मेरी पहली सावधानीपूर्वक योजनाबद्ध उड़ान का रोमांटिक अवसर क्रूरता से खराब हो गया था।\n\n> अमर, हमें घर लौटना चाहिए।\n\n मैं एक बच्चे की तरह रो रहा था।\n\n> जतिंदा का बेरहमी से जाना एक बुरा शगुन है।\n\nयह यात्रा असफल होने के लिए अभिशप्त है।\n\n  \n> क्या यह भगवान के लिए आपका प्यार है? क्या आप एक विश्वासघाती साथी की छोटी सी परीक्षा का सामना नहीं कर सकते?\n अमर के दिव्य परीक्षण के सुझाव के माध्यम से, मेरा दिल स्थिर हो गया।\n\nहमने प्रसिद्ध बर्दवान मिठाइयों, सीताभोग  \n***(देवी के लिए भोजन)***\n और मोतीचूर  \n***(मीठे मोती की डली)***\n से खुद को तरोताजा किया।\n\nकुछ घंटों में, हम बरेली के रास्ते हरिद्वार के लिए ट्रेन में सवार हो गए।\n\nमुगल सराय में ट्रेन बदलते हुए, हमने प्लेटफ़ॉर्म पर प्रतीक्षा करते हुए एक महत्वपूर्ण मामले पर चर्चा की।","type":"default","passage":"हिमालय की ओर मेरी बाधित यात्रा","commentary":"","meaning":""},{"id":"7","title":"4.7","content":"> अमर, जल्द ही रेलवे अधिकारी हमसे कड़ी पूछताछ कर सकते हैं।\n\nमैं अपने भाई की चतुराई को कम नहीं आंक रहा हूँ! नतीजा चाहे जो भी हो, मैं झूठ नहीं बोलूँगा।\n\n  \n> मुकुंदा, मैं तुमसे बस इतना ही कहता हूँ कि चुप रहो।\n\nजब मैं बोल रहा हूँ तो हँसना या मुस्कुराना मत।\n\n इस समय, एक यूरोपीय स्टेशन एजेंट ने मुझसे बात की।\n\nउसने एक टेलीग्राम लहराया जिसका अर्थ मैं तुरंत समझ गया।\n\n> क्या तुम गुस्से में घर से भाग रहे हो?\n  \n> नहीं!\n मुझे खुशी हुई कि उसके शब्दों के चयन ने मुझे जोरदार जवाब देने की अनुमति दी।\n\nमुझे पता था कि मेरे अपरंपरागत व्यवहार के लिए गुस्सा नहीं बल्कि  \n> दिव्य उदासी\n जिम्मेदार थी।\n\nफिर अधिकारी अमर की ओर मुड़ा।\n\nउसके बाद जो बुद्धि का द्वंद्व हुआ, उसने मुझे सलाह दी गई स्थिर गंभीरता को बनाए रखने की अनुमति नहीं दी।","type":"default","passage":"हिमालय की ओर मेरी बाधित यात्रा","commentary":"","meaning":""},{"id":"8","title":"4.8","content":"“तीसरा लड़का कहाँ है?” उस आदमी ने अपनी आवाज़ में अधिकार की पूरी झलक भर दी।\n\n“चलो, सच बोलो!” “सर, मैंने देखा कि आपने चश्मा पहना हुआ है।\n\nक्या आप नहीं देख सकते कि हम सिर्फ़ दो हैं?” अमर ने बेशर्मी से मुस्कुराया।\n\n“मैं कोई जादूगर नहीं हूँ; मैं किसी तीसरे साथी को नहीं बुला सकता।\n\n” अधिकारी, इस बेशर्मी से काफ़ी परेशान हो गया, उसने हमले का एक नया क्षेत्र तलाश लिया।\n\n“तुम्हारा नाम क्या है?” “मेरा नाम थॉमस है।\n\nमैं एक अंग्रेज़ माँ और एक धर्मांतरित ईसाई भारतीय पिता का बेटा हूँ।\n\n” “तुम्हारे दोस्त का नाम क्या है?” “मैं उसे थॉम्पसन कहता हूँ।\n\n” इस समय तक मेरी आंतरिक प्रसन्नता चरम पर पहुँच चुकी थी; मैं बिना किसी औपचारिकता के ट्रेन की ओर चल पड़ा, और ट्रेन के प्रस्थान के लिए सीटी बजाता हुआ निकल पड़ा।\n\nअमर अधिकारी के साथ चला गया, जो इतना भोला और दयालु था कि उसने हमें एक यूरोपीय डिब्बे में बिठा दिया।\n\nजाहिर तौर पर उसे यह सोचकर दुख हुआ कि दो आधे अंग्रेज़ लड़के उस डिब्बे में यात्रा कर रहे हैं जो मूल निवासियों के लिए आवंटित है।\n\nउसके विनम्र तरीके से बाहर निकलने के बाद, मैं सीट पर वापस लेट गया और बेकाबू होकर हंसने लगा।\n\nमेरे दोस्त के चेहरे पर एक अनुभवी यूरोपीय अधिकारी को मात देने की खुशी के भाव थे।","type":"default","passage":"हिमालय की ओर मेरी बाधित यात्रा","commentary":"","meaning":""},{"id":"9","title":"4.9","content":"प्लेटफार्म पर मैंने तार पढ़ने की कोशिश की।\n\nमेरे भाई का तार इस प्रकार था:  \n> अंग्रेजी पोशाक पहने तीन बंगाली लड़के मुगल सराय के रास्ते हरिद्वार की ओर भाग रहे हैं।\n\nकृपया मेरे आने तक उन्हें रोके रखें।\n\nआपकी सेवाओं के लिए बहुत-बहुत इनाम।\n\n  \n> अमर, मैंने तुमसे कहा था कि अपने घर में चिह्नित समय-सारिणी मत छोड़ो।\n\n मेरी नज़र में तिरस्कार था।\n\n> भाई ने वहाँ एक समय-सारिणी ज़रूर पाई होगी।\n\n मेरे मित्र ने संकोच से स्वीकार किया।\n\nहम कुछ देर के लिए बरेली में रुके, जहाँ द्वारका प्रसाद अनंत से एक तार लेकर हमारा इंतज़ार कर रहे थे।\n\nमेरे पुराने मित्र ने हमें रोकने की बहादुरी से कोशिश की; मैंने उन्हें आश्वस्त किया कि हमारी उड़ान कोई हल्के-फुल्के अंदाज़ में नहीं ली गई है।\n\nपिछले अवसर की तरह, द्वारका ने हिमालय जाने के मेरे निमंत्रण को अस्वीकार कर दिया।","type":"default","passage":"हिमालय की ओर मेरी बाधित यात्रा","commentary":"","meaning":""},{"id":"10","title":"4.10","content":"उस रात जब हमारी ट्रेन स्टेशन पर खड़ी थी और मैं आधी नींद में था, अमर को एक अन्य पूछताछ करने वाले अधिकारी ने जगाया।\n\nवह भी  \n> थॉमस\n और  \n> थॉम्पसन\n के संकर आकर्षण का शिकार हो गया।\n\nट्रेन हमें विजयी रूप से हरिद्वार ले गई।\n\nदूर-दूर तक राजसी पहाड़ियाँ हमें आकर्षित कर रही थीं।\n\nहम स्टेशन से भागे और शहर की भीड़ की आज़ादी में आ गए।\n\nहमारा पहला काम देशी पोशाक पहनना था, क्योंकि अनंत किसी तरह हमारे यूरोपीय भेष में घुस गया था।\n\nपकड़े जाने का पूर्वाभास मेरे दिमाग में था।\n\nहरिद्वार को तुरंत छोड़ना उचित समझते हुए, हमने उत्तर की ओर ऋषिकेश जाने के लिए टिकट खरीदे, जो कई गुरुओं के चरणों से पवित्र भूमि है।\n\nमैं पहले ही ट्रेन में चढ़ चुका था, जबकि अमर प्लेटफ़ॉर्म पर पीछे रह गया था।\n\nएक पुलिसकर्मी की आवाज़ से वह अचानक रुक गया।\n\nहमारे अवांछित अभिभावक ने हमें स्टेशन के बंगले तक पहुँचाया और हमारे पैसे अपने पास रख लिए।\n\nउन्होंने विनम्रता से समझाया कि मेरे बड़े भाई के आने तक हमें रोकना उनका कर्तव्य था।","type":"default","passage":"हिमालय की ओर मेरी बाधित यात्रा","commentary":"","meaning":""},{"id":"11","title":"4.11","content":"यह जानकर कि उन बदमाशों का गंतव्य हिमालय था, अधिकारी ने एक अजीब कहानी सुनाई।\n\n“मैं देख रहा हूँ कि तुम साधुओं के दीवाने हो! तुम कभी भी ईश्वर के उस महान व्यक्ति से नहीं मिलोगे जिसे मैंने कल ही देखा था।\n\nमेरे भाई अधिकारी और मैंने पहली बार उससे पाँच दिन पहले मुलाकात की थी।\n\nहम एक हत्यारे की तलाश में गंगा के किनारे गश्त कर रहे थे।\n\nहमें उसे ज़िंदा या मुर्दा पकड़ने का निर्देश था।\n\nवह तीर्थयात्रियों को लूटने के लिए साधु का वेश धारण करने के लिए जाना जाता था।\n\nहमसे थोड़ी दूर पहले, हमने एक व्यक्ति को देखा जो अपराधी के विवरण से मिलता-जुलता था।\n\nउसने रुकने के हमारे आदेश को नज़रअंदाज़ किया; हम उसे पकड़ने के लिए दौड़े।\n\nउसकी पीठ के पास पहुँचकर, मैंने अपनी कुल्हाड़ी जबरदस्त बल से चलाई; उस आदमी का दाहिना हाथ उसके शरीर से लगभग पूरी तरह से अलग हो गया था।","type":"default","passage":"हिमालय की ओर मेरी बाधित यात्रा","commentary":"","meaning":""},{"id":"12","title":"4.12","content":"“बिना किसी शोर-शराबे या उस भयानक घाव की ओर देखे, वह अजनबी आश्चर्यजनक रूप से अपनी तेज चाल जारी रखता रहा।\n\nजैसे ही हम उसके सामने पहुंचे, वह धीरे से बोला।\n\n“‘मैं वह हत्यारा नहीं हूँ जिसे तुम खोज रहे हो।\n\n’ “मैं यह देखकर बहुत शर्मिंदा था कि मैंने एक दिव्य दिखने वाले ऋषि के व्यक्तित्व को चोट पहुँचाई थी।\n\nउनके चरणों में नतमस्तक होकर, मैंने उनसे क्षमा याचना की, और खून के भारी छींटों को रोकने के लिए अपनी पगड़ी पेश की।\n\n“‘बेटा, तुम्हारी ओर से यह एक समझने योग्य गलती थी।\n\n’ संत ने मुझे दयालुता से देखा।\n\n‘भागो, और अपने आप को दोष मत दो।\n\nप्यारी माँ मेरी देखभाल कर रही है।\n\n’ उसने अपना लटकता हुआ हाथ उसके ठूंठ में धकेला और देखो! वह चिपक गया; अज्ञात रूप से खून बहना बंद हो गया।","type":"default","passage":"हिमालय की ओर मेरी बाधित यात्रा","commentary":"","meaning":""},{"id":"13","title":"4.13","content":"“‘तीन दिन में उस पेड़ के नीचे मेरे पास आओ और तुम मुझे पूरी तरह से स्वस्थ पाओगे।\n\nइस तरह तुम्हें कोई पछतावा नहीं होगा।\n\n’ “कल मेरे भाई अधिकारी और मैं उत्सुकता से निर्दिष्ट स्थान पर गए।\n\nसाधु वहाँ थे और उन्होंने हमें अपने हाथ की जाँच करने की अनुमति दी।\n\nउस पर कोई निशान या चोट का निशान नहीं था! “‘मैं ऋषिकेश से होते हुए हिमालय के एकांत में जा रहा हूँ।\n\n’ उन्होंने हमें आशीर्वाद दिया और जल्दी से चले गए।\n\nमुझे लगता है कि उनकी पवित्रता के कारण मेरा जीवन उत्थान कर गया है।\n\n” अधिकारी ने पवित्र भाव से अपनी बात समाप्त की; उनके अनुभव ने स्पष्ट रूप से उन्हें उनकी सामान्य गहराई से परे हिला दिया था।\n\nएक प्रभावशाली हाव-भाव के साथ, उन्होंने मुझे चमत्कार के बारे में एक छपी हुई क्लिपिंग दी।\n\nसनसनीखेज प्रकार के समाचार पत्र  \n***(अफसोस! भारत में भी नहीं)***\n के सामान्य अस्पष्ट तरीके से, रिपोर्टर का संस्करण थोड़ा बढ़ा-चढ़ाकर बताया गया था: यह दर्शाता है कि साधु का लगभग सिर काट दिया गया था!","type":"default","passage":"हिमालय की ओर मेरी बाधित यात्रा","commentary":"","meaning":""},{"id":"14","title":"4.14","content":"अमर और मैंने इस बात पर अफसोस जताया कि हम उस महान योगी से चूक गए जो अपने उत्पीड़क को इस तरह से क्षमा कर सकता था जैसे कि मसीह हो।\n\nभारत, जो पिछले दो शताब्दियों से भौतिक रूप से गरीब है, फिर भी उसके पास दैवीय संपदा का एक अक्षय भंडार है; आध्यात्मिक  \n> गगनचुंबी इमारतें\n कभी-कभी रास्ते में मिल सकती हैं, यहाँ तक कि इस पुलिसकर्मी जैसे सांसारिक लोगों को भी।\n\nहमने अपनी अद्भुत कहानी से हमारी नीरसता को दूर करने के लिए अधिकारी को धन्यवाद दिया।\n\nवह शायद यह संकेत दे रहा था कि वह हमसे ज़्यादा भाग्यशाली है: उसे बिना किसी प्रयास के एक प्रबुद्ध संत मिल गया था; हमारी ईमानदारी से की गई खोज किसी गुरु के चरणों में नहीं, बल्कि एक घटिया पुलिस स्टेशन में समाप्त हुई थी! हिमालय के इतने नज़दीक और फिर भी, हमारी कैद में, इतनी दूर, मैंने अमर से कहा कि मैं स्वतंत्रता की तलाश करने के लिए दोगुना प्रेरित महसूस कर रहा हूँ।","type":"default","passage":"हिमालय की ओर मेरी बाधित यात्रा","commentary":"","meaning":""},{"id":"15","title":"4.15","content":"> जब अवसर मिले, हम चुपचाप निकल चलें।\n\nहम पैदल ही पवित्र ऋषिकेश जा सकते हैं।\n\n मैंने उत्साहपूर्वक मुस्कुराते हुए कहा।\n\nलेकिन जैसे ही हमारे पैसे का मजबूत आधार हमसे छीन लिया गया, मेरा साथी निराशावादी हो गया।\n\n> अगर हम ऐसे खतरनाक जंगल में यात्रा शुरू करते हैं, तो हमें संतों के शहर में नहीं, बल्कि बाघों के पेट में समाप्त होना चाहिए!\n अनंत और अमर के भाई तीन दिनों के बाद आए।\n\nअमर ने अपने रिश्तेदार को स्नेहपूर्वक अभिवादन किया।\n\nमैं संतुष्ट नहीं था; अनंत को मुझसे केवल एक कठोर फटकार मिली।\n\n> मैं समझता हूं कि आप कैसा महसूस कर रहे हैं।\n\n मेरे भाई ने शांत भाव से कहा।\n\n> मैं आपसे केवल इतना चाहता हूं कि आप मेरे साथ बनारस में एक निश्चित संत से मिलने जाएं, और कुछ दिनों के लिए अपने दुखी पिता से मिलने कलकत्ता जाएं।\n\nफिर आप यहां गुरु की अपनी खोज फिर से शुरू कर सकते हैं।","type":"default","passage":"हिमालय की ओर मेरी बाधित यात्रा","commentary":"","meaning":""},{"id":"16","title":"4.16","content":"अमर ने इस समय बातचीत में प्रवेश किया और मेरे साथ हरिद्वार लौटने के किसी भी इरादे से इनकार कर दिया।\n\nवह परिवार के स्नेह का आनंद ले रहा था।\n\nलेकिन मैं जानता था कि मैं अपने गुरु की खोज को कभी नहीं छोड़ूंगा।\n\nहमारा दल बनारस के लिए रवाना हुआ।\n\nवहाँ मेरी प्रार्थनाओं का एक अनोखा और तत्काल उत्तर मिला।\n\nअनंत ने एक चतुर योजना पहले से ही बना रखी थी।\n\nहरिद्वार में मुझसे मिलने से पहले, वह बनारस में एक निश्चित शास्त्रीय अधिकारी से पूछने के लिए रुका था ताकि बाद में मेरा साक्षात्कार कर सके।\n\nपंडित और उनके बेटे दोनों ने मुझे संन्यासी के मार्ग से रोकने का वचन दिया था।\n\n{FN4-1} अनंत मुझे अपने घर ले गए।\n\nबेटे ने, जो उत्साही स्वभाव का एक युवा था, मुझे आंगन में स्वागत किया।\n\nउसने मुझे एक लंबे दार्शनिक प्रवचन में शामिल किया।\n\nमेरे भविष्य के बारे में अतीन्द्रिय ज्ञान रखने का दावा करते हुए, उसने मेरे भिक्षु होने के विचार को खारिज कर दिया।","type":"default","passage":"हिमालय की ओर मेरी बाधित यात्रा","commentary":"","meaning":""},{"id":"17","title":"4.17","content":"> यदि तुम अपने सामान्य कर्तव्यों का परित्याग करने पर अड़े रहोगे, तो तुम्हें निरंतर दुर्भाग्य का सामना करना पड़ेगा और भगवान को पाने में असमर्थ रहोगे! सांसारिक अनुभवों के बिना तुम अपने पिछले कर्मों का प्रायश्चित नहीं कर सकते।\n\n उत्तर में कृष्ण के अमर शब्द मेरे होठों पर आ गए:  \n> **जो व्यक्ति सबसे बुरे कर्मों के साथ भी निरंतर मेरा ध्यान करता है, वह अपने पिछले बुरे कर्मों के प्रभावों को शीघ्र ही नष्ट कर देता है।\n\nवह महान आत्मा बनकर शीघ्र ही शाश्वत शांति प्राप्त करता है।\n\nअर्जुन, यह निश्चित रूप से जान लो: जो भक्त मुझ पर भरोसा रखता है, उसका कभी नाश नहीं होता!**\n {FN4-3} लेकिन उस युवक की जोरदार भविष्यवाणियों ने मेरे आत्मविश्वास को थोड़ा हिला दिया था।\n\nअपने पूरे दिल की उत्तेजना के साथ मैंने मन ही मन भगवान से प्रार्थना की:","type":"default","passage":"हिमालय की ओर मेरी बाधित यात्रा","commentary":"","meaning":""},{"id":"18","title":"4.18","content":"> कृपया मेरी उलझन दूर करें और मुझे अभी और यहीं उत्तर दें, यदि आप चाहते हैं कि मैं एक त्यागी या सांसारिक व्यक्ति का जीवन जिऊँ!\n मैंने देखा कि पंडित के घर के बाहर एक महान चेहरे वाला साधु खड़ा था।\n\nजाहिर है कि उसने स्वयंभू दिव्यदर्शी और मेरे बीच हो रही जोशीली बातचीत सुन ली थी, क्योंकि उस अजनबी ने मुझे अपने पास बुलाया था।\n\nमैंने महसूस किया कि उसकी शांत आँखों से एक जबरदस्त शक्ति बह रही थी।\n\n> बेटा, उस मूर्ख की बात मत सुनो।\n\nतुम्हारी प्रार्थना के जवाब में, भगवान मुझे तुम्हें आश्वस्त करने के लिए कहते हैं कि इस जीवन में तुम्हारा एकमात्र मार्ग त्यागी का है।\n\n आश्चर्य के साथ-साथ कृतज्ञता के साथ, मैं इस निर्णायक संदेश पर खुशी से मुस्कुराया।","type":"default","passage":"हिमालय की ओर मेरी बाधित यात्रा","commentary":"","meaning":""},{"id":"19","title":"4.19","content":"“उस आदमी से दूर हो जाओ!” “अज्ञानी” मुझे आंगन से बुला रहा था।\n\nमेरे संत मार्गदर्शक ने आशीर्वाद देते हुए हाथ उठाया और धीरे-धीरे चले गए।\n\n“वह साधु भी उतना ही पागल है जितना तुम हो।\n\n” यह मनमोहक टिप्पणी उस बूढ़े पंडित ने की थी।\n\nवह और उसका बेटा मुझे उदास भाव से देख रहे थे।\n\n“मैंने सुना है कि वह भी भगवान की खोज में अपना घर छोड़कर चला गया है।\n\n” मैं मुड़ा।\n\nमैंने अनंत से कहा कि मैं अपने मेजबानों के साथ आगे कोई चर्चा नहीं करूंगा।\n\nमेरे भाई ने तुरंत प्रस्थान करने पर सहमति जताई; हम जल्दी ही कलकत्ता के लिए ट्रेन में सवार हो गए।\n\n[चित्रण: मैं अपने बड़े भाई अनंत के पीछे खड़ा हूं।\n\n—अनंत देखें.jpg]","type":"default","passage":"हिमालय की ओर मेरी बाधित यात्रा","commentary":"","meaning":""},{"id":"20","title":"4.20","content":"[चित्रण: श्रीयुक्तेश्वर द्वारा मनाया गया अंतिम संक्रांति उत्सव, दिसंबर, 1935।\n\nमेरे गुरु बीच में बैठे हैं; मैं उनके दाहिनी ओर, सेरामपुर में उनके आश्रम के बड़े प्रांगण में हूँ।\n\n—देखें उत्सव.jpg] “मिस्टर जासूस, आपको कैसे पता चला कि मैं दो साथियों के साथ भाग गया था?” घर लौटते समय मैंने अनंत से अपनी उत्सुकता प्रकट की।\n\nवह शरारती अंदाज में मुस्कुराया।\n\n“आपके स्कूल में, मैंने पाया कि अमर अपनी कक्षा से निकल गया था और वापस नहीं लौटा।\n\nमैं अगली सुबह उसके घर गया और एक चिह्नित समय सारिणी खोज निकाली।\n\nअमर के पिता बस गाड़ी से जा रहे थे और कोचमैन से बात कर रहे थे।\n\n“‘मेरा बेटा आज सुबह मेरे साथ स्कूल नहीं जाएगा।\n\nवह गायब हो गया है!’ पिता विलाप करते हुए बोले।","type":"default","passage":"हिमालय की ओर मेरी बाधित यात्रा","commentary":"","meaning":""},{"id":"21","title":"4.21","content":"“‘मैंने एक भाई कोचवान से सुना कि आपका बेटा और दो अन्य, यूरोपीय सूट पहने हुए, हावड़ा स्टेशन पर ट्रेन में चढ़े, ’ उस आदमी ने कहा।\n\n‘उन्होंने अपने चमड़े के जूते कैब ड्राइवर को उपहार में दिए।\n\n’ “इस प्रकार मेरे पास तीन सुराग थे-समय सारिणी, लड़कों की तिकड़ी, और अंग्रेजी पोशाक।\n\n” मैं अनंत के खुलासे को मिश्रित हर्ष और झुंझलाहट के साथ सुन रहा था।\n\nकोचवान के प्रति हमारी उदारता थोड़ी गलत साबित हुई! “बेशक मैं उन सभी शहरों के स्टेशन अधिकारियों को टेलीग्राम भेजने के लिए दौड़ा, जिन्हें अमर ने समय सारिणी में रेखांकित किया था।\n\nउसने बरेली की जाँच की थी, \n\nइसलिए मैंने आपके मित्र द्वारका को वहाँ तार भेजा।\n\nहमारे कलकत्ता पड़ोस में पूछताछ के बाद, मुझे पता चला कि चचेरा भाई जतिंदा एक रात अनुपस्थित था, लेकिन अगली सुबह यूरोपीय पोशाक में घर आया था।\n\nमैंने उसे ढूँढ़ा और उसे रात के खाने पर आमंत्रित किया।\n\nउसने स्वीकार कर लिया, मेरे दोस्ताना व्यवहार से बिल्कुल निहत्था।\n\nरास्ते में मैं उसे बिना किसी संदेह के एक पुलिस स्टेशन ले गया।\n\nवह कई अधिकारियों से घिरा हुआ था, जिन्हें मैंने पहले ही उनके क्रूर रूप के लिए चुना था।\n\nउनकी भयानक निगाहों के सामने, जतिंदा ने अपने रहस्यमय आचरण के बारे में बताने के लिए सहमति व्यक्त की।","type":"default","passage":"हिमालय की ओर मेरी बाधित यात्रा","commentary":"","meaning":""},{"id":"22","title":"4.22","content":"उन्होंने बताया,  \n> मैं आध्यात्मिक रूप से उत्साहित होकर हिमालय की ओर चल पड़ा।\n\nगुरुओं से मिलने की संभावना से ही मुझमें प्रेरणा भर गई।\n\nलेकिन जैसे ही मुकुंद ने कहा,  \nहिमालय की गुफाओं में हमारे परमानंद के दौरान बाघ मंत्रमुग्ध होकर हमारे चारों ओर पालतू बिल्लियों की तरह बैठेंगे,  \n>  मेरी आत्मा जम गई; मेरे माथे पर पसीने की बूंदें बन गईं।\n\nफिर क्या?\n>  मैंने सोचा।\n\nअगर हमारी आध्यात्मिक समाधि की शक्ति से बाघों की दुष्ट प्रकृति को नहीं बदला जा सकता, तो क्या वे हमारे साथ घरेलू बिल्लियों की तरह दयालुता से पेश आएंगे?\n>  मेरी मन की आँखों में, मैंने पहले से ही खुद को किसी बाघ के पेट का अनिवार्य कैदी देखा था - पूरे शरीर के साथ एक बार में नहीं, बल्कि उसके कई अंगों की किश्तों में वहाँ प्रवेश करना!'","type":"default","passage":"हिमालय की ओर मेरी बाधित यात्रा","commentary":"","meaning":""},{"id":"23","title":"4.23","content":"जतिंदा के गायब होने पर मेरा गुस्सा हंसी में उड़ गया।\n\nट्रेन में हुई मजेदार घटना ने मुझे जो दुख पहुंचाया था, वह उसके लायक था।\n\nमुझे थोड़ी संतुष्टि जरूर हुई: जतिंदा भी पुलिस के साथ मुठभेड़ में बच नहीं पाया था!  \n> अनंत, {FN4-4} तुम जन्मजात जासूस हो!\n मेरी हंसी में कुछ झुंझलाहट भी थी।\n\n> और मैं जतिंदा को बता दूँ कि मैं खुश हूँ कि वह विश्वासघात की भावना से प्रेरित नहीं था, जैसा कि लग रहा था, बल्कि आत्म-संरक्षण की विवेकपूर्ण प्रवृत्ति से प्रेरित था!\n कलकत्ता में घर पर, पिताजी ने मुझसे मार्मिक ढंग से अनुरोध किया कि मैं कम से कम हाई स्कूल की पढ़ाई पूरी होने तक अपने भटकने वाले पैरों पर लगाम लगाऊँ।\n\nमेरी अनुपस्थिति में, उन्होंने एक साज़िश रची थी कि एक संत पंडित स्वामी केबलानंद {FN4-5} को नियमित रूप से घर पर आने के लिए कहा था।","type":"default","passage":"हिमालय की ओर मेरी बाधित यात्रा","commentary":"","meaning":""},{"id":"24","title":"4.24","content":"मेरे माता-पिता ने पूरे आत्मविश्वास के साथ घोषणा की,  \n> ऋषि तुम्हारे संस्कृत शिक्षक होंगे।\n\n पिताजी को उम्मीद थी कि वे एक विद्वान दार्शनिक से शिक्षा प्राप्त करके मेरी धार्मिक इच्छाओं को पूरा करेंगे।\n\nलेकिन स्थिति बहुत ही सूक्ष्म रूप से बदल गई: मेरे नए शिक्षक ने बौद्धिक शुष्कता प्रदान करने से दूर, मेरी ईश्वर-आकांक्षा की चिंगारी को हवा दी।\n\nपिताजी को पता नहीं था कि स्वामी केबलानंद लाहिड़ी महाशय के एक महान शिष्य थे।\n\nअद्वितीय गुरु ने हजारों शिष्यों को अपने वश में कर लिया था, जो उनके दिव्य आकर्षण की अप्रतिरोध्यता से चुपचाप उनकी ओर आकर्षित हो गए थे।\n\nमुझे बाद में पता चला कि लाहिड़ी महाशय ने अक्सर केबलानंद को ऋषि या प्रबुद्ध ऋषि के रूप में वर्णित किया था।","type":"default","passage":"हिमालय की ओर मेरी बाधित यात्रा","commentary":"","meaning":""},{"id":"25","title":"4.25","content":"मेरे शिक्षक के सुंदर चेहरे पर घने घुंघराले बाल थे।\n\nउनकी गहरी आँखें मासूम थीं, जिनमें बच्चों जैसी पारदर्शिता थी।\n\nउनके दुबले-पतले शरीर की हर हरकत में एक शांत विचार-विमर्श की झलक मिलती थी।\n\nहमेशा सौम्य और प्रेमपूर्ण, वे अनंत चेतना में दृढ़ता से स्थापित थे।\n\nहमारे साथ बिताए गए कई सुखद पल गहन क्रिया ध्यान में बीते।\n\nकेबालानंद प्राचीन शास्त्रों या पवित्र पुस्तकों के एक प्रसिद्ध विशेषज्ञ थे: उनके पांडित्य ने उन्हें “शास्त्री महाशय” की उपाधि दिलाई थी, जिसके द्वारा उन्हें आमतौर पर संबोधित किया जाता था।\n\nलेकिन संस्कृत विद्वता में मेरी प्रगति उल्लेखनीय नहीं थी।\n\nमैं गद्य व्याकरण को त्यागने और योग और लाहिड़ी महाशय के बारे में बात करने का हर अवसर तलाशता था।\n\nमेरे शिक्षक ने एक दिन मुझे गुरु के साथ अपने जीवन के बारे में कुछ बताकर मेरा उपकार किया।","type":"default","passage":"हिमालय की ओर मेरी बाधित यात्रा","commentary":"","meaning":""},{"id":"26","title":"4.26","content":"\"मैं बहुत कम भाग्यशाली था कि मैं दस साल तक लाहिड़ी महाशय के पास रह सका।\n\nउनका बनारस घर मेरी हर रात की तीर्थयात्रा का लक्ष्य था।\n\nगुरु हमेशा पहली मंजिल पर एक छोटे से सामने वाले कमरे में मौजूद रहते थे।\n\nजब वे बिना पीठ वाली लकड़ी की सीट पर कमल की मुद्रा में बैठते थे, तो उनके शिष्य उन्हें अर्धवृत्ताकार माला पहनाते थे।\n\nउनकी आँखें चमक उठती थीं और ईश्वर के आनंद से नाचती थीं।\n\nवे हमेशा आधी बंद रहती थीं, आंतरिक दूरबीन के माध्यम से अनंत आनंद के क्षेत्र में झाँकती रहती थीं।\n\nवे शायद ही कभी लंबी बातें करते थे।\n\nकभी-कभी उनकी नज़र मदद की ज़रूरत वाले किसी छात्र पर केंद्रित हो जाती थी; तब उपचारात्मक शब्द प्रकाश की एक हिमस्खलन की तरह बरसते थे।","type":"default","passage":"हिमालय की ओर मेरी बाधित यात्रा","commentary":"","meaning":""},{"id":"27","title":"4.27","content":"गुरु की दृष्टि पड़ते ही मेरे भीतर एक अवर्णनीय शांति खिल उठी।\n\nमैं उनकी सुगंध से भर गया, मानो अनंत कमल से।\n\nकई दिनों तक एक शब्द का आदान-प्रदान किए बिना भी उनके साथ रहना, एक ऐसा अनुभव था जिसने मेरे पूरे अस्तित्व को बदल दिया।\n\nयदि मेरी एकाग्रता के मार्ग में कोई अदृश्य बाधा उत्पन्न होती, तो मैं गुरु के चरणों में ध्यान लगाता।\n\nवहाँ सबसे कठिन परिस्थितियाँ भी मेरी पकड़ में आ जातीं।\n\nछोटे गुरुओं की उपस्थिति में ऐसी अनुभूतियाँ मुझे नहीं होतीं।\n\nगुरु ईश्वर का एक जीवित मंदिर थे, जिसके गुप्त द्वार सभी शिष्यों के लिए भक्ति के माध्यम से खुले रहते थे।\n\nलाहिड़ी महाशय शास्त्रों के किताबी व्याख्याकार नहीं थे।\n\nवे सहजता से **दिव्य पुस्तकालय** में डुबकी लगाते थे।\n\nउनके सर्वज्ञता के फव्वारे से शब्दों का झाग और विचारों की फुहारें फूटती थीं।\n\nउनके पास वह अद्भुत क्लेविस था, जिसने वेदों में युगों पहले निहित गहन दार्शनिक विज्ञान को खोल दिया था।\n\n{FN4-6} यदि उनसे प्राचीन ग्रंथों में वर्णित चेतना के विभिन्न स्तरों की व्याख्या करने के लिए कहा जाता, तो वे मुस्कुराते हुए सहमति देते।","type":"default","passage":"हिमालय की ओर मेरी बाधित यात्रा","commentary":"","meaning":""},{"id":"28","title":"4.28","content":"“‘मैं उन अवस्थाओं से गुज़रूँगा, और फिर जो कुछ मैं अनुभव करता हूँ, वह तुम्हें बताऊँगा।\n\n’ इस प्रकार वे उन शिक्षकों से बिल्कुल अलग थे जो शास्त्रों को याद कर लेते हैं और फिर अवास्तविक अमूर्त बातें बताते हैं।\n\n“‘कृपया पवित्र श्लोकों का अर्थ समझकर उनकी व्याख्या करें।\n\n’ मौन गुरु अक्सर अपने निकट के शिष्य को यह निर्देश देते थे।\n\n‘मैं तुम्हारे विचारों का मार्गदर्शन करूँगा, ताकि सही अर्थ निकाला जा सके।\n\n’ इस तरह लाहिड़ी महाशय के कई अनुभव दर्ज किए गए, जिन पर विभिन्न छात्रों ने विस्तृत टिप्पणियाँ कीं।\n\n“गुरु ने कभी भी दासतापूर्ण विश्वास की सलाह नहीं दी।\n\n‘शब्द केवल खोल हैं, ’ उन्होंने कहा।\n\n‘ध्यान में अपने आनंदमय संपर्क के माध्यम से ईश्वर की उपस्थिति का विश्वास जीतो।\n\n’","type":"default","passage":"हिमालय की ओर मेरी बाधित यात्रा","commentary":"","meaning":""},{"id":"29","title":"4.29","content":"“शिष्य की समस्या चाहे जो भी हो, गुरु ने उसके समाधान के लिए क्रिया योग की सलाह दी।\n\n“‘जब मैं तुम्हारा मार्गदर्शन करने के लिए शरीर में उपस्थित नहीं रहूँगा, तब भी योगिक कुंजी अपनी क्षमता नहीं खोएगी।\n\nइस तकनीक को सैद्धांतिक प्रेरणाओं की तरह बांधा, दायर किया और भुलाया नहीं जा सकता।\n\nक्रिया के माध्यम से मुक्ति के अपने मार्ग पर निरंतर चलते रहो, जिसकी शक्ति अभ्यास में निहित है।\n\n’ “मैं स्वयं क्रिया को आत्म-प्रयास के माध्यम से मोक्ष प्राप्त करने का सबसे प्रभावी साधन मानता हूँ, जिसे मनुष्य द्वारा अनंत की खोज में कभी विकसित किया गया है।\n\n” केबालानंद ने इस गंभीर गवाही के साथ निष्कर्ष निकाला।\n\n“इसके उपयोग के माध्यम से, सभी मनुष्यों में छिपे सर्वशक्तिमान ईश्वर, लाहिड़ी महाशय और उनके कई शिष्यों के शरीर में प्रत्यक्ष रूप से अवतरित हुए।\n\n”","type":"default","passage":"हिमालय की ओर मेरी बाधित यात्रा","commentary":"","meaning":""},{"id":"30","title":"4.30","content":"केबालानंद की उपस्थिति में लाहिड़ी महाशय द्वारा ईसा मसीह जैसा चमत्कार हुआ।\n\nमेरे संत गुरु ने एक दिन यह कहानी सुनाई, उनकी आँखें हमारे सामने रखे संस्कृत ग्रंथों से दूर थीं।\n\n> एक अंधे शिष्य, रामू ने मेरी सक्रिय दया जगाई।\n\nक्या उसकी आँखों में कोई रोशनी नहीं होनी चाहिए, जबकि वह हमारे गुरु की सेवा ईमानदारी से कर रहा था, जिनमें ईश्वर पूरी तरह से प्रज्वलित था? एक सुबह मैंने रामू से बात करने की कोशिश की, लेकिन वह हाथ से बने ताड़ के पत्ते के पंखा से गुरु को पंखा झलता हुआ घंटों धैर्यपूर्वक बैठा रहा।\n\nजब भक्त आखिरकार कमरे से बाहर चला गया, तो मैं उसके पीछे चला गया।\n\n**रामू, तुम कब से अंधे हो?** '**मेरे जन्म से ही, सर! मेरी आँखों को कभी भी सूरज की एक झलक देखने का सौभाग्य नहीं मिला।\n\n**","type":"default","passage":"हिमालय की ओर मेरी बाधित यात्रा","commentary":"","meaning":""},{"id":"31","title":"4.31","content":"**हमारे सर्वशक्तिमान गुरु आपकी सहायता कर सकते हैं।\n\nकृपया प्रार्थना करें।\n\n** **अगले दिन रामू ने संकोच के साथ लाहिड़ी महाशय से संपर्क किया।\n\nशिष्य को यह पूछने में शर्म महसूस हुई कि उसकी आध्यात्मिक प्रचुरता में भौतिक संपदा को भी जोड़ दिया जाए।\n\n**गुरुजी, ब्रह्मांड के प्रकाशक आप में हैं।\n\nमैं आपसे प्रार्थना करता हूं कि आप उनकी रोशनी मेरी आंखों में लाएं, ताकि मैं सूर्य की कम चमक को देख सकूं।\n\n** **रामू, किसी ने मुझे मुश्किल स्थिति में डालने की साजिश की है।\n\nमेरे पास कोई उपचार शक्ति नहीं है।\n\n** **महाराज, आपके भीतर जो अनंत है, वह निश्चित रूप से उपचार कर सकता है।\n\n** **यह वास्तव में अलग है, रामू।\n\nईश्वर की सीमा कहीं नहीं है! वह जो रहस्यमय जीवन-तेज के साथ सितारों और मांस की कोशिकाओं को प्रज्वलित करता है, वह निश्चित रूप से आपकी आंखों में दृष्टि की चमक ला सकता है।\n\n'","type":"default","passage":"हिमालय की ओर मेरी बाधित यात्रा","commentary":"","meaning":""},{"id":"32","title":"4.32","content":"गुरु ने रामू के माथे को भौंहों के बीच स्पर्श किया।\n\n{FN4-7} ‘अपना मन वहीं एकाग्र करो और सात दिनों तक लगातार राम का नाम जपते रहो।\n\nसूर्य के तेज से तुम्हारे लिए एक विशेष सुबह होगी।\n\n’ “देखो! एक सप्ताह में ऐसा हो गया।\n\nपहली बार, रामू ने प्रकृति का सुंदर चेहरा देखा।\n\nसर्वज्ञ ने अपने शिष्य को राम का नाम जपने का निर्देश दिया था, जिसे वह अन्य सभी संतों से अधिक पूजता है।\n\nरामू का विश्वास भक्तिपूर्वक जोती गई मिट्टी थी जिसमें गुरु के स्थायी उपचार का शक्तिशाली बीज अंकुरित हुआ।\n\n” केबालानंद एक पल के लिए चुप हो गए, फिर उन्होंने अपने गुरु को और अधिक श्रद्धांजलि दी।","type":"default","passage":"हिमालय की ओर मेरी बाधित यात्रा","commentary":"","meaning":""},{"id":"33","title":"4.33","content":"“लाहिड़ी महाशय द्वारा किए गए सभी चमत्कारों में यह स्पष्ट था कि उन्होंने कभी भी अहंकार-सिद्धांत {FN4-9} को स्वयं को एक कारण शक्ति मानने की अनुमति नहीं दी।\n\nप्रतिरोधहीन समर्पण की पूर्णता से, गुरु ने प्राइम हीलिंग पावर को अपने माध्यम से स्वतंत्र रूप से प्रवाहित करने में सक्षम बनाया।\n\n“लाहिड़ी महाशय के माध्यम से जिन असंख्य शरीरों को शानदार ढंग से ठीक किया गया था, उन्हें अंततः दाह संस्कार की लपटों में जलना पड़ा।\n\nलेकिन उन्होंने जो मौन आध्यात्मिक जागृति की, जो मसीह जैसे शिष्यों को उन्होंने गढ़ा, वे उनके अविनाशी चमत्कार हैं।\n\n” मैं कभी संस्कृत का विद्वान नहीं बना; केबलानंद ने मुझे एक दिव्य वाक्यविन्यास सिखाया।\n\n{FN4-1} शाब्दिक रूप से, “त्याग करना।\n\n” संस्कृत क्रिया मूल से, “एक तरफ फेंकना।\n\n”","type":"default","passage":"हिमालय की ओर मेरी बाधित यात्रा","commentary":"","meaning":""},{"id":"34","title":"4.34","content":"{FN4-2} पिछले कर्मों का प्रभाव, इस या पिछले जीवन में; संस्कृत शब्द KRI से बना है, जिसका अर्थ है  \n> करना।\n\n {FN4-3} भगवद गीता, IX, 30-31. कृष्ण भारत के सबसे महान पैगंबर थे; अर्जुन उनके सबसे प्रमुख शिष्य थे।\n\n{FN4-4} मैंने उन्हें हमेशा अनंत-दा कहकर संबोधित किया।\n\nदा एक सम्मानजनक प्रत्यय है, जो भारतीय परिवार में सबसे बड़े भाई को छोटे भाइयों और बहनों से मिलता है।\n\n{FN4-5} हमारी मुलाकात के समय, केवलानंद अभी तक स्वामी संघ में शामिल नहीं हुए थे और उन्हें आम तौर पर  \n> शास्त्री महाशय\n कहा जाता था।\n\nलाहिड़ी महाशय और मास्टर महाशय  \n***(../अध्याय 9)***\n के नाम के साथ भ्रम से बचने के लिए, मैं अपने संस्कृत शिक्षक को केवल उनके बाद के मठवासी नाम स्वामी केवलानंद से संदर्भित कर रहा हूं।\n\nउनकी जीवनी हाल ही में बंगाली में प्रकाशित हुई है।\n\n1863 में बंगाल के खुलना जिले में जन्मे केबलानंद ने 68 साल की उम्र में बनारस में अपना शरीर त्याग दिया।\n\nउनका पारिवारिक नाम आशुतोष चटर्जी था।","type":"default","passage":"हिमालय की ओर मेरी बाधित यात्रा","commentary":"","meaning":""},{"id":"35","title":"4.35","content":"{FN4-6} प्राचीन चार वेदों में 100 से ज़्यादा मौजूदा प्रामाणिक पुस्तकें शामिल हैं।\n\nइमर्सन ने अपने जर्नल में वैदिक विचारों को निम्नलिखित श्रद्धांजलि दी:  \n> यह गर्मी और रात और एक बेदम सागर की तरह उदात्त है।\n\nइसमें हर धार्मिक भावना, सभी महान नैतिकताएँ शामिल हैं जो बारी-बारी से प्रत्येक महान कवि मन का दौरा करती हैं।\n\n. . . पुस्तक को दूर रखना बेकार है; अगर मैं खुद को जंगल में या तालाब पर नाव में भरोसा करता हूँ, तो प्रकृति मुझे तुरंत ब्राह्मण बना देती है: शाश्वत आवश्यकता, शाश्वत क्षतिपूर्ति, अथाह शक्ति, अखंड मौन।\n\n. . . यह उसका पंथ है।\n\nशांति, वह मुझसे कहती है, और पवित्रता और पूर्ण त्याग - ये रामबाण सभी पापों को दूर करते हैं और आपको आठ देवताओं की परमानंद तक ले जाते हैं।","type":"default","passage":"हिमालय की ओर मेरी बाधित यात्रा","commentary":"","meaning":""},{"id":"36","title":"4.36","content":"{FN4-7} “एकल” या आध्यात्मिक आँख का स्थान।\n\nमृत्यु के समय मनुष्य की चेतना आमतौर पर इस पवित्र स्थान की ओर आकर्षित होती है, जो मृतकों में पाई जाने वाली ऊपर उठी हुई आँखों का कारण है।\n\n{FN4-8} संस्कृत महाकाव्य, रामायण का केंद्रीय पवित्र चरित्र।\n\n{FN4-9} अहंकार, अहंभाव; शाब्दिक रूप से, “मैं करता हूँ।\n\n” माया के द्वैतवाद या भ्रम का मूल कारण, जिसके द्वारा विषय  \n***(अहंकार)***\n वस्तु के रूप में प्रकट होता है; जीव खुद को निर्माता होने की कल्पना करते हैं।","type":"default","passage":"हिमालय की ओर मेरी बाधित यात्रा","commentary":"","meaning":""}]}