{"id":40,"title":"मैं भारत लौटता हूँ","description":"मैं भारत लौटता हूँ","sectionCount":21,"tags":null,"contentId":"AoY02","sections":[{"id":"1","title":"40.1","content":"मैं भारत लौटता हूँ।\n\nमैं भारत की पवित्र हवा में सांस ले रहा था।\n\nहमारी नाव राजपूताना 22 अगस्त, 1935 को बंबई के विशाल बंदरगाह पर उतरी।\n\nजहाज से उतरने का मेरा यह पहला दिन भी आने वाले साल का पूर्वाभास था- बारह महीने की निरंतर गतिविधि।\n\nमित्र मालाओं और शुभकामनाओं के साथ घाट पर एकत्र हुए थे; जल्द ही, ताज महल होटल में हमारे सुइट में, रिपोर्टरों और फोटोग्राफरों का तांता लग गया।\n\nबंबई मेरे लिए एक नया शहर था; मैंने इसे ऊर्जावान रूप से आधुनिक पाया, जिसमें पश्चिम से कई नवीनताएँ थीं।\n\nविशाल बुलेवार्ड पर ताड़ के पेड़ लगे हुए हैं; प्राचीन मंदिरों के साथ शानदार राजकीय इमारतें रुचि जगाती हैं।\n\nहालाँकि, दर्शनीय स्थलों की यात्रा के लिए बहुत कम समय दिया गया था; मैं अधीर था, अपने प्रिय गुरु और अन्य प्रियजनों से मिलने के लिए उत्सुक था।\n\nफोर्ड को एक सामान रखने वाली गाड़ी में रखकर, हमारा दल जल्दी ही कलकत्ता की ओर ट्रेन से पूर्व की ओर तेजी से बढ़ रहा था।\n\n{FN40-1}","type":"default","passage":"मैं भारत लौटता हूँ","commentary":"","meaning":""},{"id":"2","title":"40.2","content":"हावड़ा स्टेशन पर पहुंचने पर हमें स्वागत करने के लिए इतनी बड़ी भीड़ जमा हो गई कि कुछ देर के लिए हम ट्रेन से उतर ही नहीं पाए।\n\nकासिमबाजार के युवा महाराजा और मेरे भाई बिष्णु स्वागत समिति के अध्यक्ष थे; मैं हमारे स्वागत की गर्मजोशी और भव्यता के लिए तैयार नहीं था।\n\nकारों और मोटरसाइकिलों की कतार के आगे, और ढोल और शंख की हर्षोल्लासपूर्ण ध्वनि के बीच, मिस ब्लेच, मिस्टर राइट और मैं, सिर से पैर तक फूलों की माला पहने हुए, धीरे-धीरे मेरे पिता के घर की ओर बढ़े।\n\nमेरे वृद्ध माता-पिता ने मुझे मृतकों में से लौटने वाले व्यक्ति की तरह गले लगाया; हम खुशी से अवाक होकर एक-दूसरे को देखते रहे।\n\nभाई-बहन, चाचा-चाची, चचेरे भाई-बहन, छात्र और वर्षों पुराने दोस्त मेरे चारों ओर इकट्ठे हुए थे, हममें से किसी की भी आंखें सूखी नहीं थीं।\n\nअब स्मृति के अभिलेखागार में चला गया, प्रेमपूर्ण पुनर्मिलन का दृश्य मेरे दिल में अविस्मरणीय रूप से जीवंत है।","type":"default","passage":"मैं भारत लौटता हूँ","commentary":"","meaning":""},{"id":"3","title":"40.3","content":"श्रीयुक्तेश्वर से मेरी मुलाकात के लिए मैं शब्दों में बयां नहीं कर सकता; मेरे सचिव द्वारा दिया गया निम्नलिखित विवरण ही काफी है।\n\n“आज, बहुत अधिक उम्मीदों से भरा हुआ, मैं योगानंदजी को कलकत्ता से श्रीरामपुर ले गया, ” श्री राइट ने अपनी यात्रा डायरी में दर्ज किया।\n\n“हम विचित्र दुकानों से गुजरे, उनमें से एक कॉलेज के दिनों में योगानंदजी का पसंदीदा खाने का ठिकाना था, और \n\nअंत में एक संकरी, दीवारों से घिरी गली में पहुंचे।\n\nअचानक बाएं मुड़े, और हमारे सामने एक साधारण लेकिन प्रेरणादायक दो मंजिला आश्रम था, जिसकी स्पेनिश शैली की बालकनी ऊपरी मंजिल से बाहर निकली हुई थी।\n\nव्यापक प्रभाव शांतिपूर्ण एकांत का था।\n\n“गंभीर विनम्रता के साथ मैं योगानंदजी के पीछे आश्रम की दीवारों के भीतर आंगन में चला गया।\n\nदिलों की धड़कन तेज होती जा रही थी, हम कुछ पुरानी सीमेंट की सीढ़ियों से आगे बढ़े, जिन पर निस्संदेह, सत्य के चाहने वालों की भीड़ थी।\n\nजैसे-जैसे हम आगे बढ़ते गए, तनाव और भी बढ़ता गया।\n\nहमारे सामने, सीढ़ियों के शीर्ष के पास, महान् स्वामी श्रीयुक्तेश्वरजी, एक ऋषि की भव्य मुद्रा में चुपचाप खड़े दिखाई दिए।","type":"default","passage":"मैं भारत लौटता हूँ","commentary":"","meaning":""},{"id":"4","title":"40.4","content":"> मेरा दिल खुशी से झूम उठा और मैं खुद को उनकी महान उपस्थिति में होने के सौभाग्य से धन्य महसूस कर रहा था।\n\nजब योगानंदजी अपने घुटनों पर गिरे और सिर झुकाकर अपनी आत्मा की कृतज्ञता और अभिवादन प्रस्तुत किया, अपने हाथों से अपने गुरु के चरणों को छुआ और फिर, विनम्र प्रणाम में, अपने सिर को।\n\nफिर वे उठे और श्रीयुक्तेश्वरजी ने उन्हें अपने सीने के दोनों ओर से गले लगा लिया।\n\nशुरू में कोई शब्द नहीं निकले, लेकिन सबसे तीव्र भावना आत्मा के मूक वाक्यांशों में व्यक्त हुई।\n\nउनकी आँखें कैसे चमक उठीं और नए सिरे से आत्मा-मिलन की गर्मी से जल उठीं! शांत आँगन में एक कोमल कंपन उमड़ पड़ा, और यहाँ तक कि सूरज भी बादलों को चकमा देकर अचानक महिमा की चमक जोड़ गया।","type":"default","passage":"मैं भारत लौटता हूँ","commentary":"","meaning":""},{"id":"5","title":"40.5","content":"“गुरु के सामने घुटने टेककर मैंने अपना अव्यक्त प्रेम और धन्यवाद दिया, समय और सेवा से कठोर होकर उनके पैर छूए और उनका आशीर्वाद प्राप्त किया।\n\nमैं तब खड़ा हुआ और दो खूबसूरत गहरी आँखों का सामना किया जो आत्मनिरीक्षण से सुलग रही थीं, फिर भी खुशी से चमक रही थीं।\n\nहम उनके बैठने के कमरे में दाखिल हुए, जिसका पूरा हिस्सा सड़क से दिखने वाली बाहरी बालकनी की ओर खुलता था।\n\nगुरु ने खुद को एक घिसे हुए डेवनपोर्ट के सहारे टिकाया, सीमेंट के फर्श पर एक गद्दे पर बैठे।\n\nयोगानंदजी और मैं गुरु के पैरों के पास बैठे, नारंगी रंग के तकिए के सहारे टिके और पुआल की चटाई पर आराम से बैठे।\n\n“मैंने दो स्वामीजी के बीच बंगाली बातचीत को समझने की बहुत कोशिश की- क्योंकि मैंने पाया कि जब वे साथ होते हैं तो अंग्रेजी निरर्थक और निरर्थक हो जाती है, हालाँकि स्वामीजी महाराज, जैसा कि महान गुरु को दूसरे लोग कहते हैं, इसे बोल सकते हैं और अक्सर बोलते भी हैं।\n\nलेकिन मैंने उनकी दिल को छू लेने वाली मुस्कान और चमकती आँखों के माध्यम से महान व्यक्ति की संतता को महसूस किया।\n\nउनके प्रसन्नचित्त, गंभीर वार्तालाप में एक गुण आसानी से पहचाना जा सकता है, वह है कथन में एक निश्चित सकारात्मकता-एक बुद्धिमान व्यक्ति की निशानी, जो जानता है कि वह जानता है, क्योंकि वह ईश्वर को जानता है।\n\nउनकी महान बुद्धि, उद्देश्य की शक्ति और दृढ़ संकल्प हर तरह से स्पष्ट हैं।","type":"default","passage":"मैं भारत लौटता हूँ","commentary":"","meaning":""},{"id":"6","title":"40.6","content":"\"समय-समय पर उनका श्रद्धापूर्वक अध्ययन करते हुए, मैंने पाया कि वे बड़े, पुष्ट कद के हैं, जो त्याग के परीक्षणों और बलिदानों से कठोर हो गए हैं।\n\nउनका संतुलन राजसी है।\n\nएक निश्चित रूप से झुका हुआ माथा, मानो स्वर्ग की तलाश कर रहा हो, उनके दिव्य चेहरे पर हावी है।\n\nउनकी एक बड़ी और घरेलू नाक है, जिससे वे खाली समय में खुद को खुश करते हैं, एक बच्चे की तरह अपनी उंगलियों से इसे हिलाते और हिलाते हैं।\n\nउनकी शक्तिशाली काली आँखें एक अलौकिक नीली अंगूठी से घिरी हुई हैं।\n\nउनके बाल, बीच में से अलग, चांदी के रंग के होते हैं और चांदी-सोने और चांदी-काले रंग की धारियों में बदल जाते हैं, जो उनके कंधों पर लटों में समाप्त होते हैं।\n\nउनकी दाढ़ी और मूंछें कम या पतली हैं, फिर भी उनकी विशेषताओं को निखारती हुई लगती हैं और उनके चरित्र की तरह, एक ही समय में गहरी और हल्की हैं।","type":"default","passage":"मैं भारत लौटता हूँ","commentary":"","meaning":""},{"id":"7","title":"40.7","content":"“उनकी हँसी बहुत ही हँसमुख और उल्लासमय है जो उनके सीने की गहराई से आती है, जिससे उनका पूरा शरीर हिलता-डुलता है-बहुत ही खुशमिजाज और ईमानदार।\n\nउनका चेहरा और कद अपनी शक्ति में अद्भुत है, जैसा कि उनकी मांसल उंगलियाँ हैं।\n\nवे एक गरिमापूर्ण चाल और सीधे मुद्रा में चलते हैं।\n\n“वे साधारण धोती और शर्ट पहने हुए थे, दोनों कभी गहरे गेरू रंग के थे, लेकिन \n\nअब फीके नारंगी रंग के हैं।\n\n“चारों ओर देखते हुए, मैंने देखा कि यह काफी जीर्ण-शीर्ण कमरा मालिक की भौतिक सुख-सुविधाओं के प्रति अनासक्ति का संकेत देता है।\n\nलंबे कक्ष की मौसम से रंगी हुई सफेद दीवारें फीके नीले प्लास्टर से लकीरदार थीं।\n\nकमरे के एक छोर पर लाहिड़ी महाशय की एक तस्वीर टंगी थी, जिस पर सरल भक्ति भाव से माला चढ़ाई गई थी।\n\nएक पुरानी तस्वीर भी थी जिसमें योगानंदजी को दिखाया गया था जब वे पहली बार बोस्टन पहुंचे थे, धर्म सम्मेलन के अन्य प्रतिनिधियों के साथ खड़े थे।","type":"default","passage":"मैं भारत लौटता हूँ","commentary":"","meaning":""},{"id":"8","title":"40.8","content":"“मैंने आधुनिकता और पुरातनता का एक अनोखा संगम देखा।\n\nएक विशाल, कट-ग्लास, मोमबत्ती की रोशनी वाला झूमर अनुपयोग के कारण मकड़ी के जाले से ढका हुआ था, और दीवार पर एक चमकदार, अद्यतित कैलेंडर था।\n\nपूरे कमरे से शांति और स्थिरता की खुशबू फैल रही थी।\n\nबालकनी से परे मैं आश्रम के ऊपर मूक सुरक्षा में नारियल के पेड़ों को देख सकता था।\n\n“यह देखना दिलचस्प है कि गुरु को केवल अपने हाथों को आपस में ताली बजानी होती है और समाप्त होने से पहले, उन्हें कुछ छोटे शिष्यों द्वारा सेवा या सेवा दी जाती है।\n\nसंयोग से, मैं उनमें से एक के प्रति बहुत आकर्षित हूं- एक पतला लड़का, जिसका नाम प्रफुल्ल है, {FN40-2} जिसके कंधों तक लंबे काले बाल हैं, चमकदार काली आँखों की एक बहुत ही तीक्ष्ण जोड़ी है, और एक स्वर्गीय मुस्कान है; उसकी आँखें चमकती हैं, जैसे उसके मुँह के कोने उठते हैं, जैसे गोधूलि के समय तारे और अर्धचंद्र दिखाई देते हैं।","type":"default","passage":"मैं भारत लौटता हूँ","commentary":"","meaning":""},{"id":"9","title":"40.9","content":"“स्वामी श्रीयुक्तेश्वरजी की खुशी उनके ‘उत्पाद’ की वापसी पर स्पष्ट रूप से तीव्र है  \n***(और वे ‘उत्पाद के उत्पाद’ के बारे में कुछ हद तक जिज्ञासु प्रतीत होते हैं)***।\n\nहालांकि, महान व्यक्ति के स्वभाव में ज्ञान-पक्ष की प्रबलता उनकी भावनाओं की बाहरी अभिव्यक्ति में बाधा डालती है।\n\n“योगानंदजी ने उन्हें कुछ उपहार भेंट किए, जैसा कि शिष्य के अपने गुरु के पास लौटने पर प्रथा है।\n\nहम बाद में एक सादा लेकिन अच्छी तरह से पका हुआ भोजन करने बैठे।\n\nसभी व्यंजन सब्जी और चावल के मिश्रण थे।\n\nश्रीयुक्तेश्वरजी मेरे द्वारा कई भारतीय रीति-रिवाजों, जैसे कि ‘उंगली खाने’ का उपयोग करने पर प्रसन्न हुए।\n\n“कई घंटों तक बंगाली वाक्यांशों का आदान-प्रदान करने और गर्म मुस्कुराहट और प्रसन्न नज़रों के आदान-प्रदान के बाद, हमने उनके चरणों में प्रणाम किया, प्रणाम के साथ विदाई ली, {FN40-3} और एक पवित्र बैठक और अभिवादन की चिरस्थायी स्मृति के साथ कलकत्ता के लिए प्रस्थान किया।\n\nहालाँकि मैं मुख्य रूप से उनके बारे में अपने बाहरी प्रभावों के बारे में लिखता हूँ, फिर भी मैं हमेशा संत के सच्चे आधार-उनकी आध्यात्मिक महिमा के प्रति सचेत था।\n\nमैंने उनकी शक्ति को महसूस किया, और उस भावना को अपने दिव्य आशीर्वाद के रूप में ले जाऊँगा।\n\n”","type":"default","passage":"मैं भारत लौटता हूँ","commentary":"","meaning":""},{"id":"10","title":"40.10","content":"अमेरिका, यूरोप और फिलिस्तीन से मैं श्रीयुक्तेश्वर के लिए कई उपहार लाया था।\n\nउन्होंने उन्हें मुस्कुराते हुए स्वीकार किया, लेकिन बिना किसी टिप्पणी के।\n\nअपने इस्तेमाल के लिए, मैंने जर्मनी में एक संयुक्त छाता-बेंत खरीदा था।\n\nभारत में मैंने गुरु को बेंत देने का फैसला किया।\n\n> मैं इस उपहार की वास्तव में सराहना करता हूँ!\n मेरे गुरु की आँखें स्नेहपूर्ण समझ के साथ मुझ पर टिकी थीं और उन्होंने यह असामान्य टिप्पणी की।\n\nसभी उपहारों में से, यह बेंत ही थी जिसे उन्होंने आगंतुकों को दिखाने के लिए चुना।\n\n> गुरु, कृपया मुझे बैठक कक्ष के लिए एक नया कालीन लाने की अनुमति दें।\n\n मैंने देखा था कि श्रीयुक्तेश्वर की बाघ की खाल एक फटे हुए गलीचे पर रखी गई थी।","type":"default","passage":"मैं भारत लौटता हूँ","commentary":"","meaning":""},{"id":"11","title":"40.11","content":"> अगर तुम्हें अच्छा लगे तो ऐसा करो।\n\n मेरे गुरु की आवाज़ में उत्साह नहीं था।\n\n> देखो, मेरी बाघ की चटाई अच्छी और साफ है; मैं अपने छोटे से राज्य में राजा हूँ।\n\nइसके परे विशाल दुनिया है, जो केवल बाहरी चीज़ों में दिलचस्पी रखती है।\n\n जब उन्होंने ये शब्द कहे तो मुझे लगा कि साल पीछे चले गए हैं; एक बार फिर मैं एक युवा शिष्य हूँ, जो रोज़ाना की सज़ा की आग में शुद्ध हो गया है! जैसे ही मैं खुद को सेरामपुर और कलकत्ता से दूर कर पाया, मैं मिस्टर राइट के साथ रांची के लिए निकल पड़ा।\n\nवहाँ कैसा स्वागत हुआ, एक सच्ची जयजयकार! जब मैंने उन निस्वार्थ शिक्षकों को गले लगाया, जिन्होंने मेरे पंद्रह साल की अनुपस्थिति के दौरान स्कूल के झंडे को फहराया था, तो मेरी आँखों में आँसू आ गए।\n\nआवासीय और दिन के छात्रों के उज्ज्वल चेहरे और खुश मुस्कान उनके बहुमुखी स्कूल और योग प्रशिक्षण के महत्व के पर्याप्त प्रमाण थे।","type":"default","passage":"मैं भारत लौटता हूँ","commentary":"","meaning":""},{"id":"12","title":"40.12","content":"फिर भी, अफ़सोस! रांची संस्थान भयंकर वित्तीय कठिनाइयों में था।\n\nसर मनिंद्र चंद्र नंदी, पुराने महाराजा जिनके कासिमबाज़ार महल को केंद्रीय विद्यालय भवन में बदल दिया गया था, और जिन्होंने कई राजसी दान दिए थे, \n\nअब मर चुके थे।\n\nपर्याप्त सार्वजनिक समर्थन की कमी के कारण स्कूल की कई मुफ़्त, परोपकारी विशेषताएँ \n\nअब गंभीर रूप से खतरे में थीं।\n\nमैंने अमेरिका में कई साल बिताए थे, बिना इसके व्यावहारिक ज्ञान, बाधाओं के सामने इसकी निडर भावना को सीखे।\n\nएक सप्ताह तक मैं रांची में रहा, गंभीर समस्याओं से जूझता रहा।\n\nफिर कलकत्ता में प्रमुख नेताओं और शिक्षकों के साथ साक्षात्कार हुए, कासिमबाज़ार के युवा महाराजा के साथ लंबी बातचीत हुई, मेरे पिता से वित्तीय अपील की गई, और देखो! रांची की कमजोर नींव को सही किया जाने लगा।\n\nमेरे अमेरिकी छात्रों से एक बहुत बड़ा चेक सहित कई दान सही समय पर आ गए।","type":"default","passage":"मैं भारत लौटता हूँ","commentary":"","meaning":""},{"id":"13","title":"40.13","content":"भारत आने के कुछ ही महीनों के भीतर मुझे रांची स्कूल को कानूनी रूप से निगमित होते देखने का सौभाग्य मिला।\n\nस्थायी रूप से संपन्न योग शिक्षण केंद्र का मेरा आजीवन सपना पूरा हुआ।\n\nउस सपने ने 1917 में सात लड़कों के समूह के साथ मेरी साधारण शुरुआत में मेरा मार्गदर्शन किया था।\n\n1935 के बाद के दशक में, रांची ने लड़कों के स्कूल से कहीं आगे जाकर अपना दायरा बढ़ाया है।\n\nश्यामा चरण लाहिड़ी महाशय मिशन में \n\nअब व्यापक मानवीय गतिविधियाँ की जाती हैं।\n\nस्कूल, या योगदा सत्संग ब्रह्मचर्य विद्यालय, व्याकरण और हाई स्कूल विषयों में आउटडोर कक्षाएँ संचालित करता है।\n\nआवासीय छात्र और दिन के छात्र किसी न किसी तरह का व्यावसायिक प्रशिक्षण भी प्राप्त करते हैं।\n\nलड़के स्वायत्त समितियों के माध्यम से अपनी अधिकांश गतिविधियों को स्वयं नियंत्रित करते हैं।\n\nएक शिक्षक के रूप में अपने करियर की शुरुआत में ही मैंने पाया कि जो लड़के शिक्षक को मात देने में मज़ा लेते हैं, वे अपने साथी छात्रों द्वारा निर्धारित अनुशासनात्मक नियमों को खुशी-खुशी स्वीकार करेंगे।\n\nमैं खुद कभी एक आदर्श छात्र नहीं रहा, लेकिन मुझे सभी बचकानी शरारतों और समस्याओं के लिए हमेशा तत्परता थी।","type":"default","passage":"मैं भारत लौटता हूँ","commentary":"","meaning":""},{"id":"14","title":"40.14","content":"खेलकूद को बढ़ावा दिया जाता है; मैदान हॉकी और फुटबॉल के अभ्यास से गूंजते हैं।\n\nरांची के छात्र अक्सर प्रतिस्पर्धी आयोजनों में कप जीतते हैं।\n\nआउटडोर व्यायामशाला दूर-दूर तक जानी जाती है।\n\nइच्छा शक्ति के माध्यम से मांसपेशियों को रिचार्ज करना योगदा की विशेषता है: शरीर के किसी भी हिस्से में जीवन ऊर्जा की मानसिक दिशा।\n\nलड़कों को आसन  \n***(मुद्राएँ)***\n, तलवार और लाठी  \n***(छड़ी)***\n खेलना और जुजित्सु भी सिखाया जाता है।\n\nरांची विद्यालय में योगदा स्वास्थ्य प्रदर्शनी में हज़ारों लोग शामिल हुए हैं।\n\nप्रांत की आदिवासी जनजातियों कोल, संताल और मुंडा को प्राथमिक विषयों की शिक्षा हिंदी में दी जाती है।\n\nआस-पास के गाँवों में केवल लड़कियों के लिए कक्षाएँ आयोजित की गई हैं।","type":"default","passage":"मैं भारत लौटता हूँ","commentary":"","meaning":""},{"id":"15","title":"40.15","content":"रांची की एक अनूठी विशेषता क्रिया योग की दीक्षा है।\n\nलड़के प्रतिदिन आध्यात्मिक अभ्यास करते हैं, गीता का जाप करते हैं, तथा उन्हें सरलता, आत्म-त्याग, सम्मान और सत्य के गुणों की शिक्षा दी जाती है।\n\nउन्हें बुराई के बारे में बताया जाता है कि वह दुख का कारण है; अच्छाई के बारे में बताया जाता है कि वह कार्य जो सच्ची खुशी का कारण बनता है।\n\nबुराई की तुलना जहरीली शहद से की जा सकती है, जो आकर्षक तो है, लेकिन मृत्यु से भरी हुई है।\n\nएकाग्रता तकनीकों द्वारा शरीर और मन की बेचैनी पर काबू पाने से आश्चर्यजनक परिणाम प्राप्त हुए हैं: रांची में नौ या दस साल की उम्र के एक आकर्षक छोटे से व्यक्ति को एक घंटे या उससे अधिक समय तक अविचलित मुद्रा में बैठे देखना कोई नई बात नहीं है, उसकी आँखें आध्यात्मिक दृष्टि की ओर लगी रहती हैं।\n\nअक्सर रांची के इन छात्रों की तस्वीर मेरे दिमाग में आती है, क्योंकि मैंने दुनिया भर के कॉलेज के छात्रों को देखा है जो एक कक्षा अवधि के दौरान भी मुश्किल से बैठ पाते हैं।\n\n{FN40-4}","type":"default","passage":"मैं भारत लौटता हूँ","commentary":"","meaning":""},{"id":"16","title":"40.16","content":"रांची समुद्र तल से 2000 फीट ऊपर स्थित है; जलवायु हल्की और सम है।\n\nपच्चीस एकड़ की जगह, एक बड़े स्नान तालाब के पास, भारत के बेहतरीन बागों में से एक है-पाँच सौ फलों के पेड़-आम, अमरूद, लीची, कटहल, खजूर।\n\nलड़के अपनी सब्जियाँ उगाते हैं, और अपने चरखे से कातते हैं।\n\nपश्चिमी आगंतुकों के लिए एक गेस्ट हाउस आतिथ्यपूर्वक खुला है।\n\nरांची पुस्तकालय में कई पत्रिकाएँ हैं, और अंग्रेजी और बंगाली में लगभग एक हज़ार खंड हैं, जो पश्चिम और पूर्व से दान किए गए हैं।\n\nदुनिया के धर्मग्रंथों का एक संग्रह है।\n\nएक अच्छी तरह से वर्गीकृत संग्रहालय में पुरातत्व, भूवैज्ञानिक और मानवशास्त्रीय प्रदर्शनियाँ प्रदर्शित हैं; भगवान की विविध धरती पर मेरे भ्रमण की काफी हद तक ट्रॉफी।","type":"default","passage":"मैं भारत लौटता हूँ","commentary":"","meaning":""},{"id":"17","title":"40.17","content":"लाहिड़ी महाशय मिशन के धर्मार्थ अस्पताल और औषधालय, जिसकी दूर-दराज के गांवों में कई शाखाएं हैं, ने पहले ही भारत के 150, 000 गरीबों की सेवा की है।\n\nरांची के छात्रों को प्राथमिक उपचार का प्रशिक्षण दिया जाता है, और उन्होंने बाढ़ या अकाल के दुखद समय में अपने प्रांत को सराहनीय सेवा दी है।\n\nबगीचे में एक शिव मंदिर है, जिसमें धन्य गुरु लाहिड़ी महाशय की मूर्ति है।\n\nबगीचे में आम के पेड़ों के नीचे दैनिक प्रार्थना और शास्त्र कक्षाएं आयोजित की जाती हैं।\n\nरांची के आवासीय और योग सुविधाओं के साथ शाखा हाई स्कूल खोले गए हैं और \n\nअब वे फल-फूल रहे हैं।\n\nये हैं बिहार के लक्ष्मणपुर में लड़कों के लिए योगदा सत्संग विद्यापीठ  \n***(स्कूल)***\n; और मिदनापुर के एजमालीचक में योगदा सत्संग हाई स्कूल और आश्रम।","type":"default","passage":"मैं भारत लौटता हूँ","commentary":"","meaning":""},{"id":"18","title":"40.18","content":"1939 में दक्षिणेश्वर में गंगा के किनारे एक भव्य योगदा मठ समर्पित किया गया था।\n\nकलकत्ता से कुछ ही मील उत्तर में, नया आश्रम शहरवासियों के लिए शांति का आश्रय प्रदान करता है।\n\nपश्चिमी मेहमानों और विशेष रूप से उन साधकों के लिए उपयुक्त आवास उपलब्ध हैं जो आध्यात्मिक प्राप्ति के लिए अपने जीवन को समर्पित कर रहे हैं।\n\nयोगदा मठ की गतिविधियों में भारत के विभिन्न भागों में छात्रों को सेल्फ-रियलाइज़ेशन फ़ेलोशिप की शिक्षाओं का एक पाक्षिक मेल शामिल है।\n\nयह कहने की आवश्यकता नहीं है कि इन सभी शैक्षिक और मानवीय गतिविधियों के लिए कई शिक्षकों और कार्यकर्ताओं की आत्म-त्यागपूर्ण सेवा और समर्पण की आवश्यकता होती है।\n\nमैं यहाँ उनके नाम नहीं बता रहा हूँ, क्योंकि वे बहुत अधिक हैं; लेकिन मेरे दिल में हर एक का एक उज्ज्वल स्थान है।\n\nलाहिड़ी महाशय के आदर्शों से प्रेरित होकर, इन शिक्षकों ने विनम्रतापूर्वक सेवा करने और बहुत कुछ देने के लिए सांसारिक लक्ष्यों का वादा करना छोड़ दिया है।","type":"default","passage":"मैं भारत लौटता हूँ","commentary":"","meaning":""},{"id":"19","title":"40.19","content":"मि. राइट ने रांची के लड़कों के साथ कई बार दोस्ती की; एक साधारण धोती पहनकर, वे कुछ समय तक उनके बीच रहे।\n\nरांची, कलकत्ता, सेरामपुर, जहाँ भी वे गए, मेरे सचिव, जो वर्णन करने में बहुत माहिर हैं, ने उनके रोमांच को दर्ज करने के लिए अपनी यात्रा डायरी निकाली।\n\nएक शाम मैंने उनसे एक सवाल पूछा।\n\n“डिक, भारत के बारे में आपकी क्या राय है?” “शांति, ” उन्होंने सोच-समझकर कहा।\n\n“जातीय आभा शांति है।\n\n” {FN40-1} हमने वर्धा में महात्मा गांधी से मिलने के लिए महाद्वीप के आधे रास्ते में मध्य प्रांत में अपनी यात्रा रोकी।\n\nउन दिनों का वर्णन अध्याय 44 में किया गया है।\n\n{FN40-2} प्रफुल्ल वह लड़का था जो गुरु के साथ मौजूद था जब एक कोबरा उनके पास आया  \n***(पृष्ठ 116 देखें)***।","type":"default","passage":"मैं भारत लौटता हूँ","commentary":"","meaning":""},{"id":"20","title":"40.20","content":"{FN40-3} शाब्दिक रूप से, “पवित्र नाम”, हिंदुओं के बीच अभिवादन का एक शब्द, जिसमें हाथ जोड़कर हृदय से माथे तक अभिवादन किया जाता है।\n\nभारत में प्रणाम पश्चिमी अभिवादन की जगह लेता है, जिसमें हाथ मिलाना शामिल है।\n\n{FN40-4} कुछ एकाग्रता तकनीकों के माध्यम से मानसिक प्रशिक्षण ने प्रत्येक भारतीय पीढ़ी में असाधारण स्मृति वाले पुरुषों को जन्म दिया है।\n\nसर टी. विजयराघवचारी ने हिंदुस्तान टाइम्स में मद्रास के आधुनिक पेशेवर “स्मृति पुरुषों” के सामने रखी गई परीक्षाओं का वर्णन किया है।\n\nउन्होंने लिखा, “ये लोग संस्कृत साहित्य में असामान्य रूप से विद्वान थे।\n\nएक बड़े दर्शकों के बीच बैठे, वे उन परीक्षणों के बराबर थे जो दर्शकों के कई सदस्य एक साथ उनसे लेते थे।\n\nपरीक्षण इस तरह होता था: एक व्यक्ति घंटी बजाना शुरू करता था, घंटियों की संख्या ‘स्मृति पुरुष’ को गिननी होती थी।\n\nदूसरा व्यक्ति एक कागज़ से अंकगणित का एक लंबा अभ्यास लिखवाता था, जिसमें जोड़, घटाव, गुणा और भाग शामिल होता था।\n\nतीसरा व्यक्ति रामायण या महाभारत से कई कविताओं का पाठ करता रहता था, जिन्हें पुनः प्रस्तुत करना होता था; चौथा व्यक्ति छंद रचना में समस्याएँ प्रस्तुत करता था, जिसके लिए किसी निश्चित विषय पर उचित मात्रा में छंदों की रचना की आवश्यकता होती थी, प्रत्येक पंक्ति का अंत एक निर्दिष्ट शब्द से होता था, पाँचवाँ व्यक्ति छठा व्यक्ति धर्मशास्त्रीय वाद-विवाद करता था, जिसकी सटीक भाषा को उसी क्रम में उद्धृत करना होता था, जिस क्रम में वाद-विवादकर्ता इसे संचालित करते थे, और सातवाँ व्यक्ति इस दौरान एक चक्र घुमाता रहता था, जिसके चक्करों की संख्या गिननी होती थी।\n\nस्मृति विशेषज्ञ को ये सभी कार्य एक साथ पूरी तरह से मानसिक प्रक्रियाओं द्वारा करने होते थे, क्योंकि उसे कागज़ और पेंसिल रखने की अनुमति नहीं थी।\n\nक्षमताओं पर बहुत अधिक दबाव रहा होगा।\n\nआमतौर पर अचेतन ईर्ष्या में लोग इस तरह के प्रयासों को यह मानकर कम आंकते हैं कि इसमें केवल मस्तिष्क के निचले कार्यों का प्रयोग शामिल है।\n\nहालाँकि, यह केवल स्मृति का प्रश्न नहीं है।\n\nसबसे बड़ा कारक मन की अत्यधिक एकाग्रता है।\n\n”","type":"default","passage":"मैं भारत लौटता हूँ","commentary":"","meaning":""},{"id":"21","title":"40.21","content":"","type":"default","passage":"मैं भारत लौटता हूँ","commentary":"","meaning":""}]}