{"id":41,"title":"दक्षिण भारत में एक आदर्श","description":"दक्षिण भारत में एक आदर्श","sectionCount":33,"tags":null,"contentId":"AoY02","sections":[{"id":"1","title":"41.1","content":"दक्षिण भारत में एक आदर्श स्थान “डिक, आप उस मंदिर में प्रवेश करने वाले पहले पश्चिमी व्यक्ति हैं।\n\nकई अन्य लोगों ने व्यर्थ प्रयास किया है।\n\n” मेरे शब्दों पर मिस्टर राइट पहले चौंके, फिर प्रसन्न हुए।\n\nहम अभी-अभी दक्षिण भारत में मैसूर के ऊपर पहाड़ियों में स्थित खूबसूरत चामुंडी मंदिर से निकले थे।\n\nवहां हमने देवी चामुंडी की सोने और चांदी की वेदियों के सामने सिर झुकाया था, जो कि महाराजा के परिवार की संरक्षक देवी थीं।\n\n“अद्वितीय सम्मान की स्मृति के रूप में, ” मिस्टर राइट ने कुछ पवित्र गुलाब की पंखुड़ियों को ध्यान से रखते हुए कहा, “मैं पुजारी द्वारा गुलाब जल के साथ छिड़के गए इस फूल को हमेशा सुरक्षित रखूंगा।\n\n” मैं और मेरा साथी {FN41-1} नवंबर, 1935 का महीना मैसूर राज्य के मेहमान के रूप में बिता रहे थे।\n\nमहाराजा, एच.एच. श्री कृष्णराज वाडियार चतुर्थ, अपने लोगों के प्रति बुद्धिमानीपूर्ण समर्पण वाले एक आदर्श राजकुमार हैं मैसूर के सात मिलियन निवासियों को विधानसभा और विधान परिषद दोनों में लोकप्रिय प्रतिनिधित्व दिया गया है।","type":"default","passage":"दक्षिण भारत में एक आदर्श","commentary":"","meaning":""},{"id":"2","title":"41.2","content":"महाराजा के उत्तराधिकारी, महामहिम युवराज, सर श्री कृष्ण नरसिंहराज वाडियार ने मेरे सचिव और मुझे अपने प्रबुद्ध और प्रगतिशील क्षेत्र का दौरा करने के लिए आमंत्रित किया था।\n\nपिछले पखवाड़े के दौरान मैंने टाउन हॉल, महाराजा कॉलेज, यूनिवर्सिटी मेडिकल स्कूल में हजारों मैसूर नागरिकों और छात्रों को संबोधित किया था; और बैंगलोर में तीन जनसभाओं, नेशनल हाई स्कूल, इंटरमीडिएट कॉलेज और चेट्टी टाउन हॉल में, जहाँ तीन हज़ार से ज़्यादा लोग इकट्ठा हुए थे।\n\nउत्सुक श्रोताओं ने अमेरिका की जो शानदार तस्वीर खींची थी, उसे स्वीकार किया या नहीं, मुझे नहीं पता; लेकिन जब मैंने पूर्व और पश्चिम में बेहतरीन सुविधाओं के आदान-प्रदान से होने वाले पारस्परिक लाभों के बारे में बात की, तो तालियाँ हमेशा सबसे ज़्यादा ज़ोर से बजती थीं।","type":"default","passage":"दक्षिण भारत में एक आदर्श","commentary":"","meaning":""},{"id":"3","title":"41.3","content":"श्री राइट और मैं \n\nअब उष्णकटिबंधीय शांति में आराम कर रहे थे।\n\nउनकी यात्रा डायरी मैसूर के उनके छापों का निम्नलिखित विवरण देती है:  \n> शानदार हरे चावल के खेत, गन्ने के गुच्छों से भरे हुए, चट्टानी पहाड़ियों की सुरक्षात्मक तलहटी में बसे हुए हैं-पहाड़ियाँ काले पत्थर के उभारों की तरह पन्ना के चित्रमाला को बिखेर रही हैं-और रंगों का खेल सूर्य के अचानक और नाटकीय रूप से गायब होने से बढ़ जाता है क्योंकि यह गंभीर पहाड़ियों के पीछे आराम करना चाहता है।\n\nकई उल्लासपूर्ण क्षण, लगभग अनुपस्थित-मन से, आकाश में फैले ईश्वर के निरंतर बदलते कैनवास को देखने में बिताए गए हैं, क्योंकि उनका स्पर्श ही ऐसे रंग पैदा करने में सक्षम है जो जीवन की ताज़गी के साथ कंपन करते हैं।\n\nरंगों की वह जवानी तब खो जाती है जब मनुष्य केवल रंगों से नकल करने की कोशिश करता है, क्योंकि वह फिर से ब्रश घुमाता है और यह धीरे-धीरे नारंगी और सुनहरे रंग में मिल जाता है; फिर एक तीखे प्रहार के साथ वह बादलों पर बैंगनी रंग की एक लकीर से वार करता है जो बादलों में घाव से लाल रंग की एक अंगूठी या किनारा छोड़ती है; और इसी तरह, वह खेलता रहता है, रात और सुबह एक जैसे, हमेशा बदलते हुए, हमेशा नए, हमेशा ताज़ा; कोई पैटर्न नहीं, कोई डुप्लिकेट नहीं, कोई रंग बिल्कुल एक जैसे नहीं।\n\nदिन से रात में भारतीय परिवर्तन की सुंदरता कहीं और तुलना से परे है; अक्सर आसमान ऐसा दिखता है मानो भगवान ने अपने किट में सभी रंगों को ले लिया हो और उन्हें एक शक्तिशाली बहुरूपदर्शक उछाल दिया हो।","type":"default","passage":"दक्षिण भारत में एक आदर्श","commentary":"","meaning":""},{"id":"4","title":"41.4","content":"> मुझे विशाल कृष्णराज सागर बांध {FN41-2} की शाम की यात्रा की भव्यता को बताना चाहिए, जो मैसूर से बारह मील दूर बनाया गया था।\n\nयोगानंदजी और मैं एक छोटी बस में सवार हुए और एक छोटे लड़के को आधिकारिक क्रैंकर या बैटरी विकल्प के रूप में लेकर, एक चिकनी मिट्टी की सड़क पर चल पड़े, ठीक उसी समय जब सूरज क्षितिज पर डूब रहा था और एक पके हुए टमाटर की तरह कुचल रहा था।\n\nहमारी यात्रा सर्वव्यापी चौकोर चावल के खेतों से होते हुए, सुखदायक बरगद के पेड़ों की एक पंक्ति से होकर, ऊंचे नारियल के ताड़ के पेड़ों के बीच, जिसमें लगभग जंगल जितनी घनी वनस्पति थी, और \n\nअंत में, एक पहाड़ी की चोटी के पास पहुँचकर, हम एक विशाल कृत्रिम झील के सामने पहुँचे, जिसमें सितारों और ताड़ और अन्य पेड़ों की झालरें प्रतिबिंबित हो रही थीं, जो सुंदर सीढ़ीदार बगीचों से घिरी हुई थी और बाँध के किनारे बिजली की रोशनी की एक पंक्ति थी - और इसके नीचे हमारी आँखों ने गीजर जैसे फव्वारों पर खेलती रंगीन किरणों के एक चमकदार तमाशे को देखा, जैसे चमकदार स्याही की कई धाराएँ बह रही हों - भव्य नीले झरने, लाल झरने, हरे और पीले रंग की फुहारें, हाथियों से पानी उगलते हुए, शिकागो विश्व मेले का एक लघु रूप, और फिर भी धान के खेतों और साधारण लोगों की इस प्राचीन भूमि में आधुनिक रूप","type":"default","passage":"दक्षिण भारत में एक आदर्श","commentary":"","meaning":""},{"id":"5","title":"41.5","content":"> एक और दुर्लभ विशेषाधिकार-मेरी पहली हाथी की सवारी।\n\nकल युवराज ने हमें अपने एक विशालकाय हाथी पर सवारी का आनंद लेने के लिए अपने ग्रीष्मकालीन महल में आमंत्रित किया।\n\nमैंने एक सीढ़ी पर चढ़कर हौदा या काठी पर चढ़ा, जो रेशमी गद्देदार और बक्से की तरह है; और फिर एक नाले में लुढ़कते, उछलते, झूलते और उछलते हुए नीचे उतरा, चिंता करने या चिल्लाने के लिए बहुत रोमांचित था, लेकिन जान की परवाह किए बिना लटके रहा!\n ऐतिहासिक और पुरातात्विक अवशेषों से समृद्ध दक्षिणी भारत एक निश्चित और फिर भी अवर्णनीय आकर्षण की भूमि है।\n\nमैसूर के उत्तर में भारत का सबसे बड़ा देशी राज्य हैदराबाद है, जो विशाल गोदावरी नदी द्वारा काटा गया एक सुरम्य पठार है।\n\nविस्तृत उपजाऊ मैदान, सुंदर नीलगिरी या  \n> नीले पहाड़\n, चूना पत्थर या ग्रेनाइट की बंजर पहाड़ियों वाले अन्य क्षेत्र।\n\nहैदराबाद का इतिहास एक लंबी, रंगीन कहानी है, जो तीन हजार साल पहले आंध्र के राजाओं के अधीन शुरू हुई और हिंदू राजवंशों के अधीन 1294 ई. तक जारी रही, उसके बाद यह मुस्लिम शासकों के पास पहुंची, जो आज तक राज कर रहे हैं।","type":"default","passage":"दक्षिण भारत में एक आदर्श","commentary":"","meaning":""},{"id":"6","title":"41.6","content":"पूरे भारत में वास्तुकला, मूर्तिकला और चित्रकला का सबसे शानदार प्रदर्शन हैदराबाद में एलोरा और अजंता की प्राचीन चट्टान-मूर्तिकला गुफाओं में पाया जाता है।\n\nएलोरा में कैलासा, एक विशाल अखंड मंदिर है, जिसमें माइकल एंजेलो के शानदार अनुपात में देवताओं, मनुष्यों और जानवरों की नक्काशीदार आकृतियाँ हैं।\n\nअजंता पाँच गिरजाघरों और पच्चीस मठों का स्थल है, सभी चट्टान की खुदाई से बने हैं, जो विशाल भित्तिचित्रों वाले स्तंभों द्वारा बनाए गए हैं, जिन पर कलाकारों और मूर्तिकारों ने अपनी प्रतिभा को अमर कर दिया है।\n\nहैदराबाद शहर की शोभा उस्मानिया विश्वविद्यालय और भव्य मक्का मस्जिद से है, जहाँ दस हज़ार मुसलमान प्रार्थना के लिए इकट्ठा हो सकते हैं।","type":"default","passage":"दक्षिण भारत में एक आदर्श","commentary":"","meaning":""},{"id":"7","title":"41.7","content":"मैसूर राज्य भी समुद्र तल से तीन हज़ार फ़ीट ऊपर, घने उष्णकटिबंधीय जंगलों से भरा एक सुंदर वंडरलैंड है, जो जंगली हाथियों, बाइसन, भालू, तेंदुओं और बाघों का घर है।\n\nइसके दो मुख्य शहर, बैंगलोर और मैसूर, स्वच्छ और आकर्षक हैं, जिनमें कई पार्क और सार्वजनिक उद्यान हैं।\n\nहिंदू वास्तुकला और मूर्तिकला ने ग्यारहवीं से पंद्रहवीं शताब्दी तक हिंदू राजाओं के संरक्षण में मैसूर में अपनी सर्वोच्च पूर्णता प्राप्त की।\n\nराजा विष्णुवर्धन के शासनकाल के दौरान पूरा हुआ ग्यारहवीं शताब्दी का उत्कृष्ट कृति बेलूर का मंदिर, अपने विवरण और शानदार कल्पना की नाजुकता के लिए दुनिया में बेजोड़ है।","type":"default","passage":"दक्षिण भारत में एक आदर्श","commentary":"","meaning":""},{"id":"8","title":"41.8","content":"उत्तरी मैसूर में पाए गए चट्टानी स्तंभ ईसा पूर्व तीसरी शताब्दी के हैं, जो राजा अशोक की याद को रोशन करते हैं।\n\nवह उस समय प्रचलित मौर्य वंश के सिंहासन पर बैठा; उसके साम्राज्य में आधुनिक भारत, अफ़गानिस्तान और बलूचिस्तान का लगभग पूरा क्षेत्र शामिल था।\n\nइस शानदार सम्राट ने, जिसे पश्चिमी इतिहासकारों ने भी एक अतुलनीय शासक माना है, एक चट्टान स्मारक पर निम्नलिखित ज्ञान छोड़ा है: यह धार्मिक शिलालेख \n\nइसलिए उत्कीर्ण किया गया है ताकि हमारे बेटे और पोते यह न सोचें कि एक नई विजय आवश्यक है; ताकि वे यह न सोचें कि तलवार से विजय प्राप्त करना विजय कहलाने योग्य है; ताकि वे इसमें विनाश और हिंसा के अलावा कुछ न देखें; ताकि वे धर्म की विजय के अलावा किसी और चीज़ को सच्ची विजय न मानें।\n\nऐसी विजयों का इस दुनिया और अगले दुनिया में मूल्य है।","type":"default","passage":"दक्षिण भारत में एक आदर्श","commentary":"","meaning":""},{"id":"9","title":"41.9","content":"[चित्रण: मेरे साथी और मैं आगरा में  \n> संगमरमर में सपने\n ताजमहल के सामने खड़े हैं।\n\n—देखें taj.jpg] अशोक दुर्जेय चंद्रगुप्त मौर्य  \n***(यूनानियों के बीच सैंड्रोकोटस के नाम से प्रसिद्ध)***\n का पोता था, जो अपनी युवावस्था में सिकंदर महान से मिला था।\n\nबाद में चंद्रगुप्त ने भारत में बची हुई मैसेडोनियन सेना को नष्ट कर दिया, पंजाब में सेल्यूकस की आक्रमणकारी यूनानी सेना को हराया और फिर अपने पटना दरबार में हेलेनिक राजदूत मेगस्थनीज का स्वागत किया।\n\nग्रीक इतिहासकारों और अन्य लोगों द्वारा बेहद दिलचस्प कहानियाँ बारीकी से दर्ज की गई हैं, जो सिकंदर के भारत अभियान में उसके साथ या उसके पीछे गए थे।\n\nएरियन, डायोडोरस, प्लूटार्क और भूगोलवेत्ता स्ट्रैबो की कहानियों का अनुवाद डॉ. जे. डब्ल्यू. मैक्रिन्डल {FN41-3} ने प्राचीन भारत पर प्रकाश डालने के लिए किया है।\n\nसिकंदर के असफल आक्रमण की सबसे सराहनीय विशेषता हिंदू दर्शन और योगियों और पवित्र लोगों में उसकी गहरी रुचि थी, जिनसे वह समय-समय पर मिलता था और जिनकी संगति वह उत्सुकता से चाहता था।\n\nउत्तर भारत में तक्षशिला पहुँचने के कुछ ही समय बाद, यूनानी योद्धा ने डायोजेनेस के हेलेनिक स्कूल के एक शिष्य ओनेसिक्रिटोस नामक एक दूत को भारतीय शिक्षक, दण्डामिस, जो तक्षशिला के एक महान संन्यासी थे, को बुलाने के लिए भेजा।","type":"default","passage":"दक्षिण भारत में एक आदर्श","commentary":"","meaning":""},{"id":"10","title":"41.10","content":"> हे ब्राह्मणों के गुरु, आपकी जय हो!\n वन में दंडामिस को खोजने के बाद ओनेसिक्रिटोस ने कहा।\n\n> शक्तिशाली देवता ज़ीउस का पुत्र, सिकंदर जो सभी मनुष्यों का प्रभु है, तुम्हें अपने पास जाने के लिए कहता है, और यदि तुम उसकी बात मानोगे, तो वह तुम्हें बहुत सारे उपहारों से पुरस्कृत करेगा, लेकिन यदि तुम मना करोगे, तो वह तुम्हारा सिर काट देगा!\n योगी ने इस काफी बाध्यकारी निमंत्रण को शांति से स्वीकार किया, और  \n> अपने पत्तों के बिस्तर से अपना सिर भी नहीं उठाया।\n\n  \n> मैं भी ज़ीउस का पुत्र हूँ, यदि सिकंदर ऐसा है,  \n उसने टिप्पणी की।\n\n\"मुझे सिकंदर का कुछ भी नहीं चाहिए, क्योंकि मेरे पास जो कुछ भी है, मैं उससे संतुष्ट हूँ, जबकि मैं देखता हूँ कि वह अपने आदमियों के साथ समुद्र और ज़मीन पर बिना किसी लाभ के भटक रहा है, और उसकी भटकन कभी समाप्त नहीं होती।","type":"default","passage":"दक्षिण भारत में एक आदर्श","commentary":"","meaning":""},{"id":"11","title":"41.11","content":"“जाओ और सिकंदर से कहो कि सर्वोच्च राजा ईश्वर कभी भी अहंकारी गलत काम नहीं करता, बल्कि वह प्रकाश, शांति, जीवन, जल, मनुष्य के शरीर और आत्माओं का निर्माता है; वह सभी मनुष्यों को तब स्वीकार करता है जब मृत्यु उन्हें मुक्त कर देती है, किसी भी तरह से बुरी बीमारी के अधीन नहीं होता।\n\nवह अकेला ही मेरी श्रद्धा का ईश्वर है, जो हत्या से घृणा करता है और युद्धों को नहीं भड़काता।\n\n“सिकंदर कोई ईश्वर नहीं है, क्योंकि उसे मृत्यु का स्वाद चखना ही होगा, ” ऋषि ने शांत तिरस्कार में कहा।\n\n“ऐसा व्यक्ति दुनिया का स्वामी कैसे हो सकता है, जब तक कि वह अभी तक आंतरिक सार्वभौमिक प्रभुत्व के सिंहासन पर नहीं बैठा है? न तो वह अभी तक पाताल लोक में प्रवेश कर पाया है, न ही वह पृथ्वी के मध्य क्षेत्रों से होकर सूर्य के मार्ग को जानता है, जबकि इसकी सीमाओं पर बसे राष्ट्रों ने उसका नाम भी नहीं सुना है!”","type":"default","passage":"दक्षिण भारत में एक आदर्श","commentary":"","meaning":""},{"id":"12","title":"41.12","content":"इस दंड के बाद, जो निश्चित रूप से  \n> विश्व के स्वामी\n के कानों पर प्रहार करने के लिए भेजा गया \n\nअब तक का सबसे तीखा दंड था, ऋषि ने व्यंग्यात्मक रूप से कहा,  \n> यदि सिकंदर के वर्तमान राज्य उसकी इच्छाओं के लिए पर्याप्त नहीं हैं, तो उसे गंगा नदी पार करने दें; वहाँ उसे अपने सभी लोगों को सहारा देने में सक्षम क्षेत्र मिलेगा, यदि इस तरफ का देश उसे रोकने के लिए बहुत संकीर्ण है।\n\n{FN41-4}  \nलेकिन यह जान लें कि सिकंदर जो कुछ भी प्रदान करता है और जो उपहार देने का वादा करता है, वे मेरे लिए बिल्कुल बेकार हैं; जिन चीज़ों को मैं महत्व देता हूँ और जिन्हें मैं वास्तविक रूप से उपयोगी और मूल्यवान पाता हूँ, वे ये पत्ते हैं जो मेरा घर हैं, ये खिलते हुए पौधे जो मुझे रोज़ाना भोजन देते हैं, और पानी जो मेरा पेय है; जबकि अन्य सभी संपत्तियाँ जो उत्सुकता से इकट्ठी की जाती हैं, उन्हें इकट्ठा करने वालों के लिए विनाशकारी साबित होती हैं, और केवल दुःख और झुंझलाहट का कारण बनती हैं, जिससे हर गरीब मनुष्य पूरी तरह से भरा हुआ है।\n\nजहाँ तक मेरा सवाल है, मैं जंगल के पत्तों पर लेटा हूँ, और मेरे पास ऐसा कुछ भी नहीं है जिसकी रखवाली की ज़रूरत हो, मैं शांत नींद में अपनी आँखें बंद कर लेता हूँ; जबकि मेरे पास रखने के लिए कुछ भी नहीं होता, तो मैं नींद को भगा देता।\n\nधरती मुझे सब कुछ देती है, जैसे एक माँ अपने बच्चे को दूध देती है।\n\nमैं जहाँ चाहूँ वहाँ जाती हूँ, और मुझे खुद को किसी भी चिंता में नहीं डालना पड़ता।","type":"default","passage":"दक्षिण भारत में एक आदर्श","commentary":"","meaning":""},{"id":"13","title":"41.13","content":"“अगर सिकंदर मेरा सिर काट भी दे, तो वह मेरी आत्मा को भी नष्ट नहीं कर सकता।\n\nतब मेरा सिर ही रहेगा, जो चुपचाप रहेगा, और शरीर को फटे हुए कपड़े की तरह धरती पर छोड़ देगा, जहाँ से इसे लिया गया था।\n\nतब मैं आत्मा बनकर अपने ईश्वर के पास जाऊँगा, जिसने हम सभी को शरीर में बंद करके धरती पर छोड़ दिया, ताकि यह साबित कर सके कि जब हम नीचे होंगे, तो हम उसके नियमों का पालन करेंगे या नहीं और जब हम यहाँ से उसके पास जाएँगे, तो वह हम सभी से अपने जीवन का लेखा-जोखा भी माँगेगा, क्योंकि वह सभी घमण्डी गलत कामों का न्यायकर्ता है; क्योंकि उत्पीड़ितों की कराह उत्पीड़क की सजा बन जाती है।\n\n“तो सिकंदर को इन धमकियों से उन लोगों को डरा देना चाहिए जो धन चाहते हैं और जो मृत्यु से डरते हैं, क्योंकि हमारे खिलाफ ये हथियार दोनों ही समान रूप से शक्तिहीन हैं; ब्राह्मणों को न तो सोना पसंद है और न ही मृत्यु से डर लगता है।\n\nतो जाओ और सिकंदर से कहो: दंडामिस को तुम्हारी किसी भी चीज़ की ज़रूरत नहीं है, और \n\nइसलिए वह तुम्हारे पास नहीं जाएगा, और अगर तुम्हें दंडामिस से कुछ चाहिए, तो तुम उसके पास आओ।\n\n”","type":"default","passage":"दक्षिण भारत में एक आदर्श","commentary":"","meaning":""},{"id":"14","title":"41.14","content":"सिकंदर ने योगी के संदेश को ओनेसिक्रिटोस के माध्यम से बहुत ध्यान से सुना और  \n> दंडमिस को देखने की पहले से कहीं अधिक तीव्र इच्छा महसूस की, जो बूढ़ा और नग्न होने के बावजूद एकमात्र विरोधी था, जिससे कई राष्ट्रों के विजेता ने अपने प्रतिद्वंद्वी से कहीं अधिक मुकाबला किया था।\n\n सिकंदर ने तक्षशिला में कई ब्राह्मण तपस्वियों को आमंत्रित किया, जो दार्शनिक प्रश्नों का सारगर्भित ज्ञान के साथ उत्तर देने में अपने कौशल के लिए जाने जाते थे।\n\nप्लूटार्क द्वारा मौखिक झड़प का विवरण दिया गया है; सिकंदर ने स्वयं सभी प्रश्न तैयार किए।\n\n> कौन अधिक संख्या में है, जीवित या मृत?\n  \n> जीवित, क्योंकि मृत नहीं हैं।\n\n  \n> कौन बड़े जानवरों का प्रजनन करता है, समुद्र या भूमि?","type":"default","passage":"दक्षिण भारत में एक आदर्श","commentary":"","meaning":""},{"id":"15","title":"41.15","content":"> भूमि, क्योंकि समुद्र तो भूमि का ही एक भाग है।\n\n  \n> सबसे चतुर प्राणी कौन है?\n  \n> वह जिससे मनुष्य अभी तक परिचित नहीं है।\n\n  \n***(मनुष्य अज्ञात से डरता है।\n\n)***\n  \n> पहले कौन था, दिन या रात?\n  \n> दिन एक दिन पहले था।\n\n इस उत्तर से सिकंदर को आश्चर्य हुआ; ब्राह्मण ने आगे कहा:  \n> असंभव प्रश्नों के लिए असंभव उत्तर चाहिए।\n\n  \n> एक आदमी अपने आप को सबसे अच्छा कैसे प्रिय बना सकता है?\n  \n> एक आदमी प्रिय होगा यदि, महान शक्ति से संपन्न होने पर भी वह अपने आप को भयभीत न करे।\n\n  \n> एक आदमी कैसे भगवान बन सकता है?\n {FN41-5}  \n> वह करके जो मनुष्य के लिए करना असंभव है।\n\n  \n> कौन अधिक शक्तिशाली है, जीवन या मृत्यु?","type":"default","passage":"दक्षिण भारत में एक आदर्श","commentary":"","meaning":""},{"id":"16","title":"41.16","content":"> जीवन, क्योंकि इसमें बहुत सी बुराइयाँ हैं।\n\n सिकंदर भारत से एक सच्चे योगी को अपना गुरु बनाने में सफल रहा।\n\nयह व्यक्ति स्वामी स्फीनेस था, जिसे यूनानियों द्वारा  \n> कलानोस\n कहा जाता था क्योंकि यह संत काली के रूप में भगवान का भक्त था, जो हर किसी का अभिवादन उसके शुभ नाम का उच्चारण करके करता था।\n\nकलानोस सिकंदर के साथ फारस गया।\n\nएक निश्चित दिन, फारस के सुसा में, कलानोस ने पूरी मैसेडोनियन सेना के सामने एक अंतिम संस्कार की चिता में प्रवेश करके अपने वृद्ध शरीर को त्याग दिया।\n\nइतिहासकारों ने सैनिकों के आश्चर्य को दर्ज किया है जिन्होंने देखा कि योगी को दर्द या मृत्यु का कोई डर नहीं था, और वह एक बार भी अपनी स्थिति से नहीं हिला, जबकि वह आग की लपटों में जल रहा था।\n\nअपने दाह संस्कार के लिए जाने से पहले, कलानोस ने अपने सभी करीबी साथियों को गले लगाया था, लेकिन सिकंदर को विदाई देने से परहेज किया, जिसके लिए हिंदू ऋषि ने केवल टिप्पणी की थी:","type":"default","passage":"दक्षिण भारत में एक आदर्श","commentary":"","meaning":""},{"id":"17","title":"41.17","content":"> मैं जल्द ही बेबीलोन में आपसे मिलूंगा।\n\n सिकंदर ने फारस छोड़ दिया, और एक साल बाद बेबीलोन में उसकी मृत्यु हो गई।\n\nउसके भारतीय गुरु के शब्द उसके कहने का तरीका थे कि वह जीवन और मृत्यु में सिकंदर के साथ मौजूद रहेगा।\n\nयूनानी इतिहासकारों ने हमें भारतीय समाज की कई ज्वलंत और प्रेरक तस्वीरें दी हैं।\n\nएरियन हमें बताता है कि हिंदू कानून लोगों की रक्षा करता है और  \n> यह आदेश देता है कि उनमें से कोई भी किसी भी परिस्थिति में गुलाम नहीं होगा, बल्कि खुद स्वतंत्रता का आनंद लेते हुए, वे उस समान अधिकार का सम्मान करेंगे जो सभी के पास है।\n\nउन्होंने सोचा कि जिन लोगों ने न तो दूसरों पर हावी होना सीखा है और न ही दूसरों के सामने झुकना, वे भाग्य के सभी उतार-चढ़ावों के लिए सबसे अनुकूल जीवन प्राप्त करेंगे।\n\n {FN41-6}","type":"default","passage":"दक्षिण भारत में एक आदर्श","commentary":"","meaning":""},{"id":"18","title":"41.18","content":"एक अन्य ग्रंथ में लिखा है,  \n> भारतीय न तो ब्याज पर पैसा लगाते हैं, न ही उधार लेना जानते हैं।\n\nभारतीयों के लिए गलत काम करना या सहना स्थापित प्रथा के विपरीत है, और \n\nइसलिए वे न तो अनुबंध करते हैं और न ही प्रतिभूति की मांग करते हैं।\n\n हमें बताया गया है कि उपचार सरल और प्राकृतिक तरीकों से होता था।\n\n> औषधियों के उपयोग की तुलना में आहार को विनियमित करके उपचार किया जाता है।\n\nसबसे अधिक सम्मानित उपचार मलहम और प्लास्टर हैं।\n\nअन्य सभी को बहुत हद तक हानिकारक माना जाता है।\n\n युद्ध में भाग लेना क्षत्रिय या योद्धा जाति तक ही सीमित था।\n\n> न ही कोई दुश्मन किसी किसान पर उसकी भूमि पर काम करते समय हमला करके उसे कोई नुकसान पहुंचा सकता था, क्योंकि इस वर्ग के लोगों को सार्वजनिक उपकारक माना जाता है, \n\nइसलिए उन्हें सभी प्रकार की क्षति से बचाया जाता है।\n\nइस प्रकार भूमि अप्रभावित रहती है और भारी फसल पैदा करती है, जिससे निवासियों को जीवन को सुखद बनाने के लिए आवश्यक चीजें मिलती हैं।\n\n {FN41-7}","type":"default","passage":"दक्षिण भारत में एक आदर्श","commentary":"","meaning":""},{"id":"19","title":"41.19","content":"सम्राट चंद्रगुप्त ने 305 ईसा पूर्व में सिकंदर के सेनापति सेल्यूकस को हराया था, लेकिन सात साल बाद उन्होंने भारत की सरकार की बागडोर अपने बेटे को सौंपने का फैसला किया।\n\nदक्षिण भारत की यात्रा करते हुए, चंद्रगुप्त ने अपने जीवन के अंतिम बारह वर्ष एक निर्धन तपस्वी के रूप में बिताए, श्रवणबेलगोला की एक चट्टानी गुफा में आत्म-साक्षात्कार की तलाश में, जिसे \n\nअब मैसूर तीर्थस्थल के रूप में सम्मानित किया जाता है।\n\nपास में ही दुनिया की सबसे बड़ी मूर्ति है, जिसे जैनियों ने संत कॉमातेश्वर के सम्मान में 983 ई. में एक विशाल शिलाखंड से उकेरा था।\n\nमैसूर के सर्वव्यापी धार्मिक मंदिर दक्षिण भारत के कई महान संतों की निरंतर याद दिलाते हैं।\n\nइन गुरुओं में से एक, थायुमनवर ने हमें निम्नलिखित चुनौतीपूर्ण कविता छोड़ी है:","type":"default","passage":"दक्षिण भारत में एक आदर्श","commentary":"","meaning":""},{"id":"20","title":"41.20","content":"आप पागल हाथी को वश में कर सकते हैं; आप भालू और बाघ का मुंह बंद कर सकते हैं; आप शेर की सवारी कर सकते हैं; आप नाग के साथ खेल सकते हैं; रसायन विद्या से आप अपनी आजीविका चला सकते हैं; आप ब्रह्मांड में गुप्त रूप से विचरण कर सकते हैं; आप देवताओं के अधीन हो सकते हैं; आप सदैव युवा रह सकते हैं; आप पानी पर चल सकते हैं और आग में रह सकते हैं; लेकिन मन को वश में करना बेहतर और अधिक कठिन है।\n\nभारत के सुदूर दक्षिण में त्रावणकोर के सुंदर और उपजाऊ राज्य में, जहां यातायात नदियों और नहरों के माध्यम से होता है, महाराजा हर साल युद्धों और सुदूर अतीत में कई छोटे राज्यों के त्रावणकोर में विलय के कारण हुए पाप का प्रायश्चित करने के लिए एक वंशानुगत दायित्व लेते हैं।\n\nमहाराजा प्रतिवर्ष छप्पन दिनों तक वैदिक मंत्रों और पाठों को सुनने के लिए दिन में तीन बार मंदिर जाते हैं; प्रायश्चित समारोह लक्षदीपम या एक लाख दीपों से मंदिर को प्रकाशित करने के साथ समाप्त होता है।","type":"default","passage":"दक्षिण भारत में एक आदर्श","commentary":"","meaning":""},{"id":"21","title":"41.21","content":"महान हिन्दू विधिवेत्ता मनु  \n***(FN41-8)***\n ने राजा के कर्तव्यों का वर्णन किया है।\n\n> उसे इन्द्र  \n***(देवताओं के स्वामी)***\n की भाँति सुख-सुविधाएँ प्रदान करनी चाहिए; करों को धीरे-धीरे तथा अगोचर रूप से वसूल करना चाहिए, जैसे सूर्य जल से वाष्प ग्रहण करता है; अपनी प्रजा के जीवन में उसी प्रकार प्रवेश करना चाहिए, जैसे वायु सर्वत्र जाती है; यम  \n***(मृत्यु के देवता)***\n की भाँति सभी के साथ न्याय करना चाहिए; वरुण  \n***(आकाश तथा वायु के वैदिक देवता)***\n की भाँति अपराधियों को पाश में बाँधना चाहिए; चन्द्रमा की भाँति सभी को प्रसन्न करना चाहिए, अग्नि के देवता की भाँति क्रूर शत्रुओं को जला देना चाहिए; तथा पृथ्वी देवी की भाँति सभी का भरण-पोषण करना चाहिए।\n\nयुद्ध में राजा को विषैले अथवा अग्निमय शस्त्रों से युद्ध नहीं करना चाहिए, न ही दुर्बल अथवा अप्रस्तुत अथवा शस्त्रहीन शत्रुओं अथवा भयभीत अथवा रक्षा की प्रार्थना करने वाले अथवा भागने वाले शत्रुओं को मारना चाहिए।\n\nयुद्ध का सहारा केवल अंतिम उपाय के रूप में ही लेना चाहिए।\n\nयुद्ध में परिणाम सदैव संदिग्ध होते हैं।\n\n\"","type":"default","passage":"दक्षिण भारत में एक आदर्श","commentary":"","meaning":""},{"id":"22","title":"41.22","content":"भारत के दक्षिण-पूर्वी तट पर मद्रास प्रेसीडेंसी में समतल, विशाल, समुद्र से घिरा मद्रास शहर और स्वर्ण नगरी कोंजीवरम शामिल है, जो पल्लव वंश की राजधानी थी, जिसके राजाओं ने ईसाई युग की शुरुआती शताब्दियों के दौरान शासन किया था।\n\nआधुनिक मद्रास प्रेसीडेंसी में महात्मा गांधी के अहिंसक आदर्शों ने बहुत प्रगति की है; हर जगह सफ़ेद रंग की “गांधी टोपी” देखी जा सकती है।\n\nआम तौर पर दक्षिण में महात्मा ने “अछूतों” के लिए कई महत्वपूर्ण मंदिर सुधारों के साथ-साथ जाति-व्यवस्था सुधारों को भी प्रभावित किया है।\n\nमहान विधायक मनु द्वारा तैयार की गई जाति व्यवस्था की उत्पत्ति सराहनीय थी।\n\nउन्होंने स्पष्ट रूप से देखा कि मनुष्य प्राकृतिक विकास द्वारा चार महान वर्गों में विभाजित हैं: वे जो अपने शारीरिक श्रम के माध्यम से समाज की सेवा करने में सक्षम हैं  \n***(शूद्र)***\n; वे जो मानसिकता, कौशल, कृषि, व्यापार, वाणिज्य, सामान्य रूप से व्यावसायिक जीवन के माध्यम से सेवा करते हैं  \n***(वैश्य)***\n; वे जिनकी प्रतिभा प्रशासनिक, कार्यकारी और सुरक्षात्मक-शासक और योद्धा हैं  \n***(क्षत्रिय)***\n; वे जो चिंतनशील प्रकृति के हैं, आध्यात्मिक रूप से प्रेरित और प्रेरक हैं  \n***(ब्राह्मण)***।\nमहाभारत में कहा गया है,  \n> न तो जन्म, न ही संस्कार, न ही अध्ययन और न ही वंश यह तय कर सकते हैं कि कोई व्यक्ति द्विज है  \n***(यानी ब्राह्मण)***\n;\n  \n> चरित्र और आचरण ही तय कर सकते हैं।\n\n {FN41-9} मनु ने समाज को निर्देश दिया कि वे अपने सदस्यों के प्रति सम्मान दिखाएं, चाहे उनमें बुद्धि, गुण, आयु, रिश्तेदारी या \n\nअंत में, धन हो।\n\nवैदिक भारत में धन को हमेशा तिरस्कृत किया जाता था यदि उसे जमा करके रखा जाता था या धर्मार्थ उद्देश्यों के लिए उपलब्ध नहीं था।\n\nबहुत धनवान और दरिद्र लोगों को समाज में निम्न दर्जा दिया जाता था।","type":"default","passage":"दक्षिण भारत में एक आदर्श","commentary":"","meaning":""},{"id":"23","title":"41.23","content":"जब जाति व्यवस्था सदियों से कठोर होकर वंशानुगत बंधन में बदल गई, तब गंभीर बुराइयाँ उत्पन्न हुईं।\n\nगांधी जैसे समाज सुधारक और आज भारत में बहुत से समाजों के सदस्य जाति के प्राचीन मूल्यों को पुनर्स्थापित करने में धीमी लेकिन निश्चित प्रगति कर रहे हैं, जो केवल प्राकृतिक योग्यता पर आधारित हैं, न कि जन्म पर।\n\nपृथ्वी पर प्रत्येक राष्ट्र के पास निपटने और हटाने के लिए अपने विशिष्ट दुख-उत्पादक कर्म होते हैं; भारत भी अपनी बहुमुखी और अजेय भावना के साथ जाति-सुधार के कार्य के लिए खुद को बराबर साबित करेगा।\n\nदक्षिण भारत इतना आकर्षक है कि मिस्टर राइट और मैं अपने सुखद जीवन को लम्बा करना चाहते थे।\n\nलेकिन समय ने, अपनी चिरकालिक असभ्यता में, हमें कोई विनम्र विस्तार नहीं दिया।\n\nमुझे जल्द ही कलकत्ता विश्वविद्यालय में भारतीय दार्शनिक कांग्रेस के समापन सत्र को संबोधित करना था।\n\nमैसूर की यात्रा के \n\nअंत में, मैंने भारतीय विज्ञान अकादमी के अध्यक्ष सर सी.वी. रमन के साथ बातचीत का आनंद लिया।\n\nइस प्रतिभाशाली हिंदू भौतिक विज्ञानी को प्रकाश के प्रसार से संबंधित उनकी महत्वपूर्ण खोज -  \n> रमन प्रभाव\n के लिए 1930 में नोबेल पुरस्कार से सम्मानित किया गया था, जिसे \n\nअब हर स्कूली बच्चा जानता है।","type":"default","passage":"दक्षिण भारत में एक आदर्श","commentary":"","meaning":""},{"id":"24","title":"41.24","content":"मद्रास के छात्रों और मित्रों की भीड़ को अनिच्छा से विदा करते हुए, श्री राइट और मैं उत्तर की ओर चल पड़े।\n\nरास्ते में हम सदाशिव ब्राह्मण की स्मृति में पवित्र एक छोटे से मंदिर के सामने रुके, {FN41-10} जिनकी अठारहवीं सदी की जीवन कहानी में चमत्कारों का एक बड़ा समूह है।\n\nपुदुक्कोट्टई के राजा द्वारा निर्मित नेरूर में एक बड़ा सदाशिव मंदिर एक तीर्थस्थल है, जहाँ कई दिव्य उपचार हुए हैं।\n\nएक प्यारे और पूरी तरह से प्रबुद्ध गुरु सदाशिव की कई विचित्र कहानियाँ अभी भी दक्षिण भारतीय ग्रामीणों के बीच प्रचलित हैं।\n\nकावेरी नदी के तट पर समाधि में लीन एक दिन, सदाशिव को अचानक बाढ़ में बहते हुए देखा गया।\n\nहफ्तों बाद उन्हें मिट्टी के एक टीले के नीचे गहराई में दफन पाया गया।\n\nजैसे ही ग्रामीणों के फावड़े उनके शरीर पर लगे, संत उठे और तेजी से चले गए।","type":"default","passage":"दक्षिण भारत में एक आदर्श","commentary":"","meaning":""},{"id":"25","title":"41.25","content":"सदाशिव ने कभी एक शब्द भी नहीं बोला और न ही कोई कपड़ा पहना।\n\nएक सुबह नग्न योगी ने एक मुसलमान सरदार के तंबू में बेखौफ प्रवेश किया।\n\nउसकी महिलाएँ घबराकर चिल्लाने लगीं; योद्धा ने सदाशिव पर एक क्रूर तलवार से वार किया, जिससे उसका हाथ कट गया।\n\nगुरु बेपरवाह होकर चले गए।\n\nपश्चाताप से अभिभूत होकर, मुसलमान ने फर्श से हाथ उठाया और सदाशिव का पीछा किया।\n\nयोगी ने चुपचाप अपना हाथ खून से लथपथ स्टंप में डाल दिया।\n\nजब योद्धा ने विनम्रतापूर्वक कुछ आध्यात्मिक निर्देश मांगे, तो सदाशिव ने रेत पर अपनी उंगली से लिखा:  \n> जो तुम करना चाहते हो, वह मत करो, और फिर तुम जो चाहो करो।\n\n मुसलमान मन की एक उच्च अवस्था में पहुँच गया, और उसने संत की विरोधाभासी सलाह को अहंकार पर नियंत्रण के माध्यम से आत्मा की स्वतंत्रता के लिए एक मार्गदर्शक के रूप में समझा।","type":"default","passage":"दक्षिण भारत में एक आदर्श","commentary":"","meaning":""},{"id":"26","title":"41.26","content":"एक बार गांव के बच्चों ने सदाशिव की मौजूदगी में मदुरा धार्मिक उत्सव देखने की इच्छा जताई, जो 150 मील दूर था।\n\nयोगी ने बच्चों को इशारा किया कि वे उनके शरीर को छू लें।\n\nदेखिए! तुरंत ही पूरा समूह मदुरा पहुंच गया।\n\nबच्चे हजारों तीर्थयात्रियों के बीच खुशी-खुशी घूमते रहे।\n\nकुछ ही घंटों में योगी अपने छोटे बच्चों को अपने सरल परिवहन के साधन से घर ले आए।\n\nहैरान माता-पिता ने मूर्तियों के जुलूस की जीवंत कहानियां सुनीं और देखा कि कई बच्चे मदुरा की मिठाइयों के थैले ले जा रहे थे।\n\nएक अविश्वसनीय युवक ने संत और कहानी का मजाक उड़ाया।\n\nअगली सुबह वह सदाशिव के पास गया।","type":"default","passage":"दक्षिण भारत में एक आदर्श","commentary":"","meaning":""},{"id":"27","title":"41.27","content":"> गुरुजी,  \n उसने तिरस्कारपूर्वक कहा,  \n> आप मुझे भी उत्सव में क्यों नहीं ले जाते, जैसे आप कल अन्य बच्चों को ले गए थे?\n सदाशिव ने आज्ञा मान ली; बालक ने तुरन्त स्वयं को दूर शहर की भीड़ में पाया।\n\nलेकिन अफसोस! जब युवक जाना चाहता था, तब संत कहां थे? थका हुआ बालक पैदल चलने की प्राचीन और नीरस विधि से अपने घर पहुंचा।\n\n{FN41-1} मिस ब्लेच, श्री राइट और मेरे द्वारा निर्धारित सक्रिय गति को बनाए रखने में असमर्थ, कलकत्ता में मेरे रिश्तेदारों के साथ खुशी से रहीं।\n\n{FN41-2} यह बांध, एक विशाल जल-विद्युत संस्थापन है, जो मैसूर शहर को रोशन करता है और रेशम, साबुन और चंदन के तेल के कारखानों को बिजली देता है।\n\nमैसूर से आए चंदन के स्मृति चिन्हों में एक मनमोहक सुगंध होती है मैसूर में भारत के कुछ सबसे बड़े अग्रणी औद्योगिक उपक्रम हैं, जिनमें कोलार स्वर्ण खदानें, मैसूर चीनी कारखाना, भद्रावती में विशाल लौह और इस्पात कारखाना, तथा सस्ता और कुशल मैसूर राज्य रेलवे शामिल है, जो राज्य के 30, 000 वर्ग मील में से कई क्षेत्रों को कवर करता है।","type":"default","passage":"दक्षिण भारत में एक आदर्श","commentary":"","meaning":""},{"id":"28","title":"41.28","content":"महाराजा और युवराज जो 1935 में मैसूर में मेरे मेजबान थे, दोनों की हाल ही में मृत्यु हो गई है।\n\nयुवराज के पुत्र, वर्तमान महाराजा, एक उद्यमी शासक हैं, और उन्होंने मैसूर के उद्योगों में एक बड़ा हवाई जहाज कारखाना जोड़ा है।\n\n{FN41-3} प्राचीन भारत पर छह खंड  \n***(कलकत्ता, 1879)***।\n{FN41-5} न तो सिकंदर और न ही उसके किसी सेनापति ने कभी गंगा को पार किया।\n\nउत्तर-पश्चिम में दृढ़ प्रतिरोध पाकर, मैसेडोनियन सेना ने आगे घुसने से इनकार कर दिया; सिकंदर को भारत छोड़ने और फारस में अपनी विजय की तलाश करने के लिए मजबूर होना पड़ा।\n\n{FN41-5} इस प्रश्न से हम अनुमान लगा सकते हैं कि  \n> ज़ीउस के पुत्र\n को कभी-कभी संदेह होता था कि वह पहले से ही पूर्णता प्राप्त कर चुका है।","type":"default","passage":"दक्षिण भारत में एक आदर्श","commentary":"","meaning":""},{"id":"29","title":"41.29","content":"{FN41-6} सभी यूनानी पर्यवेक्षक भारत में दास प्रथा की कमी पर टिप्पणी करते हैं, जो कि हेलेनिक समाज की संरचना से पूरी तरह से भिन्न है।\n\n{FN41-7} प्रो. बिनॉय कुमार सरकार द्वारा लिखित क्रिएटिव इंडिया अर्थशास्त्र, राजनीति विज्ञान, साहित्य, कला और सामाजिक दर्शन में भारत की प्राचीन और आधुनिक उपलब्धियों और विशिष्ट मूल्यों की एक व्यापक तस्वीर प्रस्तुत करता है।\n\n***(लाहौर: मोतीलाल बनारसी दास, प्रकाशक, 1937, 714 पृष्ठ, $5.00.)***\n एक अन्य अनुशंसित खंड है इंडियन कल्चर थ्रू द एजेस, एस. वी. वेणेश्वर द्वारा लिखित  \n***(न्यूयॉर्क: लॉन्गमैन्स, ग्रीन एंड कंपनी, $5.00)***।\n{FN41-8} मनु सार्वभौमिक विधि निर्माता हैं; केवल हिंदू समाज के लिए ही नहीं, बल्कि पूरे विश्व के लिए।\n\nबुद्धिमान सामाजिक नियमों और यहां तक कि न्याय की सभी प्रणालियाँ मनु के अनुरूप हैं।\n\nनीत्शे ने निम्नलिखित श्रद्धांजलि अर्पित की है:  \n> मैं किसी ऐसी पुस्तक के बारे में नहीं जानता जिसमें महिलाओं के लिए इतनी नाजुक और दयालु बातें कही गई हों जितनी कि मनु की कानून पुस्तक में; उन बूढ़े बुज़ुर्गों और संतों के पास महिलाओं के प्रति वीरतापूर्ण व्यवहार करने का ऐसा तरीका है जिसे शायद पार नहीं किया जा सकता... एक अतुलनीय बौद्धिक और श्रेष्ठ कार्य... महान मूल्यों से परिपूर्ण, यह पूर्णता की भावना से भरा है, जीवन के लिए हाँ कहने के साथ, और अपने और जीवन के संबंध में कल्याण की विजयी भावना से भरा है; सूर्य पूरी किताब पर चमकता है।","type":"default","passage":"दक्षिण भारत में एक आदर्श","commentary":"","meaning":""},{"id":"30","title":"41.30","content":"{FN41-9} जनवरी, 1935 के ईस्ट-वेस्ट में छपे एक लेख में बताया गया है कि,  \n> इन चार जातियों में से किसी एक में शामिल होना मूल रूप से किसी व्यक्ति के जन्म पर निर्भर नहीं करता था, बल्कि उसकी प्राकृतिक क्षमताओं पर निर्भर करता था, जैसा कि उसके द्वारा चुने गए जीवन के लक्ष्य से पता चलता है।\n\n \"यह लक्ष्य हो सकता है  \n***(1)***\n काम, इच्छा, इंद्रियों के जीवन की गतिविधि  \n***(शूद्र अवस्था)***\n,  \n***(2)***\n अर्थ, लाभ, इच्छाओं को पूरा करना लेकिन नियंत्रित करना  \n***(वैश्य अवस्था)***\n,  \n***(3)***\n धर्म, आत्म-अनुशासन, जिम्मेदारी और सही काम का जीवन  \n***(क्षत्रिय अवस्था)***\n,  \n***(4)***\n मोक्ष, मुक्ति, आध्यात्मिकता और धार्मिक शिक्षा का जीवन  \n***(ब्राह्मण अवस्था)***।\nये चार जातियाँ मानवता की सेवा  \n***(1)***\n शरीर,  \n***(2)***\n मन,  \n***(3)***\n इच्छा शक्ति,  \n***(4)***\n आत्मा द्वारा करती हैं।","type":"default","passage":"दक्षिण भारत में एक आदर्श","commentary":"","meaning":""},{"id":"31","title":"41.31","content":"\"इन चार अवस्थाओं का प्रकृति के शाश्वत गुणों या गुणों में अपना पत्राचार है, तमस, रजस और सत्व: अवरोध, गतिविधि और विस्तार; या, द्रव्यमान, ऊर्जा और बुद्धि।\n\nचार प्राकृतिक जातियों को गुणों द्वारा इस प्रकार चिह्नित किया जाता है:  \n***(1)***\n तमस  \n***(अज्ञान)***\n,  \n***(2)***\n तमस-रजस  \n***(अज्ञान और गतिविधि का मिश्रण)***\n,  \n***(3)***\n राजस-सत्व  \n***(सही गतिविधि और ज्ञान का मिश्रण)***\n,  \n***(4)***\n सत्व  \n***(ज्ञान)***।\nइस प्रकार प्रकृति ने प्रत्येक मनुष्य को उसकी जाति के साथ चिह्नित किया है, जिसमें से एक गुण या दो गुणों का मिश्रण उसके अंदर प्रबल होता है।\n\nबेशक हर इंसान में अलग-अलग अनुपात में तीनों गुण होते हैं।\n\nगुरु किसी व्यक्ति की जाति या विकासात्मक स्थिति को सही ढंग से निर्धारित करने में सक्षम होगा।","type":"default","passage":"दक्षिण भारत में एक आदर्श","commentary":"","meaning":""},{"id":"32","title":"41.32","content":"“कुछ हद तक, सभी नस्लें और राष्ट्र व्यवहार में, सिद्धांत रूप में नहीं तो, जाति की विशेषताओं का पालन करते हैं।\n\nजहाँ बहुत अधिक स्वतंत्रता या तथाकथित स्वतंत्रता है, विशेष रूप से प्राकृतिक जातियों में चरमपंथियों के बीच अंतर्विवाह में, नस्ल कम हो जाती है और विलुप्त हो जाती है।\n\nपुराण संहिता ऐसे मिलन से उत्पन्न संतानों की तुलना बंजर संकर से करती है, जैसे खच्चर जो अपनी प्रजाति के प्रजनन में असमर्थ होता है।\n\nकृत्रिम प्रजातियाँ अंततः नष्ट हो जाती हैं।\n\nइतिहास कई महान नस्लों के प्रचुर प्रमाण प्रस्तुत करता है जिनका \n\nअब कोई जीवित प्रतिनिधि नहीं है।\n\nभारत की जाति व्यवस्था को उसके सबसे प्रखर विचारकों द्वारा लाइसेंस के विरुद्ध जाँच या निवारक होने का श्रेय दिया जाता है जिसने नस्ल की शुद्धता को संरक्षित किया है और इसे सहस्राब्दियों के उतार-चढ़ाव के माध्यम से सुरक्षित रूप से आगे बढ़ाया है, जबकि अन्य नस्लें गुमनामी में लुप्त हो गई हैं।\n\n”","type":"default","passage":"दक्षिण भारत में एक आदर्श","commentary":"","meaning":""},{"id":"33","title":"41.33","content":"{FN41-10} उनकी पूरी उपाधि श्री सदाशिवेंद्र सरस्वती स्वामी थी।\n\nऔपचारिक शंकर वंश के प्रसिद्ध उत्तराधिकारी, जगद्गुरु श्री श्रृंगेरी मठ के शंकराचार्य ने समर्पित एक प्रेरक ODE लिखा सदाशिव को. जुलाई 1942 के लिए ईस्ट-वेस्ट पर एक लेख प्रकाशित हुआ सदाशिव का जीवन.","type":"default","passage":"दक्षिण भारत में एक आदर्श","commentary":"","meaning":""}]}