{"id":42,"title":"मेरे गुरु के साथ अंतिम दिन","description":"मेरे गुरु के साथ अंतिम दिन","sectionCount":39,"tags":null,"contentId":"AoY02","sections":[{"id":"1","title":"42.1","content":"गुरुजी, आज सुबह आपको अकेले पाकर मुझे खुशी हुई।\n\n” मैं अभी-अभी सेरामपुर आश्रम में पहुंचा था, मेरे हाथ में फलों और गुलाबों का सुगंधित बोझ था।\n\nश्रीयुक्तेश्वर ने नम्रता से मेरी ओर देखा।\n\n“तुम्हारा प्रश्न क्या है?” गुरुजी ने कमरे में इधर-उधर देखा, मानो वे भागना चाह रहे हों।\n\n“गुरुजी, मैं आपके पास हाई-स्कूल के युवा के रूप में आया था; \n\nअब मैं एक वयस्क व्यक्ति हूँ, मेरे एक-दो बाल भी सफेद हो गए हैं।\n\nहालाँकि आपने पहले घंटे से लेकर \n\nअब तक मुझ पर मौन स्नेह बरसाया है, क्या आपको एहसास है कि केवल एक बार, मिलने के दिन, आपने कभी कहा है, ‘मैं तुमसे प्यार करता हूँ’?” मैंने विनती भरी नज़रों से उनकी ओर देखा।\n\nगुरु ने अपनी नज़रें नीची कर लीं।\n\n“योगानंद, क्या मुझे वाणी के ठंडे क्षेत्र में उन गर्म भावनाओं को लाना चाहिए, जिन्हें शब्दहीन हृदय सबसे अच्छी तरह से सुरक्षित रखता है?”","type":"default","passage":"मेरे गुरु के साथ अंतिम दिन","commentary":"","meaning":""},{"id":"2","title":"42.2","content":"> गुरुजी, मैं जानता हूँ कि आप मुझसे प्यार करते हैं, लेकिन मेरे नश्वर कान आपको यह कहते हुए सुनने के लिए तड़प रहे हैं।\n\n  \n> जैसा आप चाहें वैसा हो।\n\nअपने विवाहित जीवन के दौरान मैं अक्सर एक बेटे की चाहत रखता था, ताकि मैं योग मार्ग में प्रशिक्षित हो सकूँ।\n\nलेकिन जब आप मेरे जीवन में आए, तो मैं संतुष्ट हो गया; आप में मुझे मेरा बेटा मिल गया।\n\n श्रीयुक्तेश्वर की आँखों में दो स्पष्ट आँसू थे।\n\n> योगानंद, मैं हमेशा तुमसे प्यार करता हूँ।\n\n  \n> तुम्हारा उत्तर मेरे लिए स्वर्ग जाने का पासपोर्ट है।\n\n मुझे लगा कि मेरे दिल से एक भार उतर गया है, जो उनके शब्दों से हमेशा के लिए गायब हो गया।\n\nमैं अक्सर उनकी चुप्पी पर आश्चर्य करता था।\n\nयह महसूस करते हुए कि वे भावशून्य और आत्म-संयमी थे, फिर भी कभी-कभी मुझे डर लगता था कि मैं उन्हें पूरी तरह से संतुष्ट करने में असफल रहा हूँ।\n\nउनका स्वभाव अजीब था, जिसे कभी पूरी तरह से नहीं जाना जा सकता था; एक ऐसा स्वभाव जो गहरा और स्थिर था, बाहरी दुनिया के लिए अथाह था, जिसके मूल्यों को उन्होंने बहुत पहले ही पार कर लिया था।","type":"default","passage":"मेरे गुरु के साथ अंतिम दिन","commentary":"","meaning":""},{"id":"3","title":"42.3","content":"कुछ दिनों बाद, जब मैं कलकत्ता के अल्बर्ट हॉल में एक विशाल श्रोता समूह के सामने बोल रहा था, तो श्रीयुक्तेश्वर महाराज संतोष और कलकत्ता के मेयर के साथ मंच पर मेरे बगल में बैठने के लिए सहमत हो गए।\n\nहालाँकि मास्टर ने मुझ पर कोई टिप्पणी नहीं की, लेकिन मैंने अपने संबोधन के दौरान समय-समय पर उनकी ओर देखा, और मुझे लगा कि मैंने उनकी आँखों में एक प्रसन्नता भरी चमक देखी है।\n\nफिर सेरामपुर कॉलेज के पूर्व छात्रों के सामने एक भाषण हुआ।\n\nजब मैंने अपने पुराने सहपाठियों को देखा, और जब उन्होंने अपने स्वयं के  \n> पागल भिक्षु\n को देखा, तो खुशी के आँसू बेशर्मी से दिखाई दिए।\n\nमेरे दर्शनशास्त्र के चतुर प्रोफेसर, डॉ. घोषाल, मेरा अभिवादन करने के लिए आगे आए, हमारी सभी पिछली गलतफहमियाँ कीमियागर समय द्वारा मिटा दी गईं।","type":"default","passage":"मेरे गुरु के साथ अंतिम दिन","commentary":"","meaning":""},{"id":"4","title":"42.4","content":"दिसंबर के \n\nअंत में सेरामपुर आश्रम में शीतकालीन संक्रांति उत्सव मनाया गया।\n\nहमेशा की तरह, श्रीयुक्तेश्वर के शिष्य दूर-दूर से एकत्रित हुए।\n\nभक्तिपूर्ण संकीर्तन, क्रिस्टो-दा की अमृतमयी वाणी में एकल गायन, युवा शिष्यों द्वारा परोसा गया भोज, आश्रम के भीड़ भरे प्रांगण में तारों के नीचे गुरु का अत्यंत मार्मिक प्रवचन-यादें, यादें! वर्षों पहले के हर्षोल्लासपूर्ण उत्सव! हालाँकि, आज रात एक नया कार्यक्रम होने वाला था।\n\n> योगानंद, कृपया सभा को संबोधित करें-अंग्रेज़ी में।\n\n गुरु की आँखें चमक रही थीं जब उन्होंने यह दोगुना असामान्य अनुरोध किया; क्या वे जहाज़ पर हुई उस दुर्दशा के बारे में सोच रहे थे जो मेरे अंग्रेज़ी में पहले व्याख्यान से पहले हुई थी? मैंने अपने श्रोता भाई शिष्यों को यह कहानी सुनाई, जिसका अंत हमारे गुरु को भावपूर्ण श्रद्धांजलि के साथ हुआ।","type":"default","passage":"मेरे गुरु के साथ अंतिम दिन","commentary":"","meaning":""},{"id":"5","title":"42.5","content":"> उनका सर्वव्यापी मार्गदर्शन सिर्फ़ समुद्री जहाज़ पर ही मेरे साथ नहीं था,  \n मैंने निष्कर्ष निकाला,  \n> बल्कि अमेरिका की विशाल और मेहमाननवाज़ भूमि में मेरे पंद्रह वर्षों के दौरान हर रोज़।\n\n मेहमानों के चले जाने के बाद, श्रीयुक्तेश्वर ने मुझे उसी शयन कक्ष में बुलाया, जहाँ-केवल एक बार, मेरे शुरुआती वर्षों के एक उत्सव के बाद-मुझे उनके लकड़ी के बिस्तर पर सोने की अनुमति दी गई थी।\n\nआज रात मेरे गुरु वहाँ चुपचाप बैठे थे, उनके पैरों के पास शिष्यों का एक अर्धवृत्त था।\n\nजैसे ही मैं तेज़ी से कमरे में दाखिल हुआ, वे मुस्कुराए।\n\n> योगानंद, क्या आप \n\nअब कलकत्ता के लिए रवाना हो रहे हैं? कृपया कल यहाँ वापस आएँ।\n\nमुझे आपको कुछ बातें बतानी हैं।\n\n अगली दोपहर, आशीर्वाद के कुछ सरल शब्दों के साथ, श्रीयुक्तेश्वर ने मुझे परमहंस की आगे की मठवासी उपाधि प्रदान की।\n\n{FN42-1}","type":"default","passage":"मेरे गुरु के साथ अंतिम दिन","commentary":"","meaning":""},{"id":"6","title":"42.6","content":"> \n\nअब यह औपचारिक रूप से स्वामी की आपकी पूर्व उपाधि का स्थान ले चुका है,  \n उन्होंने कहा जब मैं उनके सामने घुटनों के बल बैठा।\n\nएक मौन हंसी के साथ मैंने उस संघर्ष के बारे में सोचा जो मेरे अमेरिकी छात्रों को परमहंसजी के उच्चारण को लेकर करना पड़ता था।\n\n{FN42-2}  \n> पृथ्वी पर मेरा कार्य \n\nअब पूरा हो गया है; आपको आगे बढ़ना चाहिए।\n\n मास्टर ने शांति से कहा, उनकी आँखें शांत और कोमल थीं।\n\nमेरा दिल डर से धड़क रहा था।\n\n> कृपया पुरी में हमारे आश्रम का प्रभार संभालने के लिए किसी को भेजें,  \n श्री युक्तेश्वर ने कहा।\n\n> मैं सब कुछ आपके हाथों में छोड़ता हूँ।\n\nआप अपने जीवन और संगठन की नाव को सफलतापूर्वक दिव्य तटों तक ले जाने में सक्षम होंगे।\n\n आँसू में, मैं उनके पैरों को गले लगा रहा था; वे उठे और मुझे प्यार से आशीर्वाद दिया।","type":"default","passage":"मेरे गुरु के साथ अंतिम दिन","commentary":"","meaning":""},{"id":"7","title":"42.7","content":"अगले दिन मैंने रांची से एक शिष्य स्वामी शिवानंद को बुलाया और उन्हें आश्रम के कर्तव्यों को संभालने के लिए पुरी भेज दिया।\n\n{FN42-3} बाद में मेरे गुरु ने मुझसे अपनी संपत्ति के निपटान के कानूनी विवरणों पर चर्चा की; वह अपनी मृत्यु के बाद अपने दो आश्रमों और अन्य संपत्तियों के कब्जे के लिए रिश्तेदारों द्वारा मुकदमेबाजी की संभावना को रोकने के लिए चिंतित थे, जिन्हें वह केवल धर्मार्थ उद्देश्यों के लिए सौंपना चाहते थे।\n\n> हाल ही में मास्टर के किडरपुर जाने की व्यवस्था की गई थी, {FN42-4} लेकिन वे जाने में विफल रहे।\n\n एक भाई शिष्य अमूल्य बाबू ने मुझसे एक दोपहर यह टिप्पणी की; मुझे पूर्वाभास की ठंडी लहर महसूस हुई।\n\nमेरे ज़ोरदार प्रश्नों के उत्तर में, श्रीयुक्तेश्वर ने केवल इतना उत्तर दिया,  \n> मैं \n\nअब किडरपुर नहीं जाऊंगा।\n\n एक पल के लिए, मास्टर एक भयभीत बच्चे की तरह कांप उठे।","type":"default","passage":"मेरे गुरु के साथ अंतिम दिन","commentary":"","meaning":""},{"id":"8","title":"42.8","content":"***(“शारीरिक निवास के प्रति आसक्ति, जो अपने आप ही उत्पन्न होती है [अर्थात, अनादि जड़ों से उत्पन्न, मृत्यु के पिछले अनुभवों से], ” पतंजलि ने लिखा, {FN42-5} “महान संतों में भी थोड़ी मात्रा में मौजूद होती है।\n\n” मृत्यु पर अपने कुछ प्रवचनों में, मेरे गुरु अक्सर यह जोड़ते थे: “जैसे एक लंबे पिंजरे में बंद पक्षी अपने अभ्यस्त घर को छोड़ने में हिचकिचाता है जब उसका दरवाजा खोला जाता है।\n\n”)***\n “गुरुजी, ” मैंने उनसे सिसकते हुए विनती की, “ऐसा मत कहिए! मुझसे कभी ये शब्द मत कहना!” श्रीयुक्तेश्वर के चेहरे पर एक शांतिपूर्ण मुस्कान आ गई।\n\nहालाँकि उनकी उम्र अस्सी-एक साल होने वाली थी, लेकिन वे स्वस्थ और मजबूत दिख रहे थे।\n\nअपने गुरु के प्रेम की धूप में दिन-प्रतिदिन तपते हुए, जो कि अव्यक्त लेकिन तीव्रता से महसूस किया गया था, मैंने अपने चेतन मन से उनके द्वारा दिए गए विभिन्न संकेतों को निकाल दिया जो कि उनके निकटवर्ती निधन के बारे में थे।","type":"default","passage":"मेरे गुरु के साथ अंतिम दिन","commentary":"","meaning":""},{"id":"9","title":"42.9","content":"> सर, इस महीने इलाहाबाद में कुंभ मेला लग रहा है।\n\n मैंने गुरु को बंगाली पंचांग में मेले की तिथियाँ दिखाईं।\n\n{FN42-6}  \n> क्या तुम सचमुच जाना चाहते हो?\n श्रीयुक्तेश्वर की अनिच्छा को न समझते हुए, मैंने कहा,  \n> एक बार आपने इलाहाबाद कुंभ में बाबाजी के पवित्र दर्शन किए थे।\n\nशायद इस बार मुझे उनसे मिलने का सौभाग्य प्राप्त हो।\n\n  \n> मुझे नहीं लगता कि आप उनसे वहाँ मिलेंगे।\n\n तब मेरे गुरु चुप हो गए, क्योंकि वे मेरी योजनाओं में बाधा नहीं डालना चाहते थे।\n\nजब मैं अगले दिन एक छोटे समूह के साथ इलाहाबाद के लिए निकला, तो गुरु ने अपने सामान्य तरीके से मुझे चुपचाप आशीर्वाद दिया।\n\nजाहिर है कि मैं श्रीयुक्तेश्वर के रवैये के निहितार्थों से अनजान बना रहा क्योंकि भगवान मुझे अपने गुरु के निधन को देखने के लिए मजबूर होने के अनुभव से बचाना चाहते थे।\n\nमेरे जीवन में हमेशा ऐसा हुआ है कि मेरे प्रिय लोगों की मृत्यु पर, भगवान ने दयालुतापूर्वक व्यवस्था की है कि मैं उस दृश्य से दूर रहूँ।\n\n{एफएन42-7}","type":"default","passage":"मेरे गुरु के साथ अंतिम दिन","commentary":"","meaning":""},{"id":"10","title":"42.10","content":"हमारा दल 23 जनवरी, 1936 को कुंभ मेले में पहुंचा।\n\nलगभग दो मिलियन लोगों की उमड़ती भीड़ एक प्रभावशाली दृश्य था, यहाँ तक कि एक अभिभूत कर देने वाला दृश्य भी।\n\nभारतीय लोगों की अनोखी प्रतिभा यह है कि सबसे निचले दर्जे के किसान में भी आत्मा के महत्व के प्रति और उन साधुओं और साधुओं के प्रति श्रद्धा होती है, जिन्होंने सांसारिक बंधनों को त्यागकर दिव्य आश्रय की तलाश की है।\n\nढोंगी और पाखंडी तो हैं ही, लेकिन भारत उन चंद लोगों के लिए सभी का सम्मान करता है, जो पूरे देश को दिव्य आशीर्वाद से प्रकाशित करते हैं।\n\nपश्चिमी देशों के लोग जो इस विशाल तमाशे को देख रहे थे, उनके पास देश की नब्ज को महसूस करने का एक अनूठा अवसर था, वह आध्यात्मिक उत्साह जिसके कारण भारत समय के थपेड़ों के सामने अपनी अमिट जीवंतता का श्रेय लेता है।","type":"default","passage":"मेरे गुरु के साथ अंतिम दिन","commentary":"","meaning":""},{"id":"11","title":"42.11","content":"[चित्रण: महिला योगी, शंकरी माई जीऊ, महान त्रैलंग स्वामी की एकमात्र जीवित शिष्या।\n\nउनके बगल में बैठे पगड़ीधारी व्यक्ति स्वामी बेनोयानंद हैं, जो बिहार में लड़कों के लिए हमारे रांची योग विद्यालय के निदेशक हैं।\n\nयह चित्र १९३८ में हरिद्वार कुंभ मेले में लिया गया था; महिला संत तब ११२ वर्ष की थीं।\n\n—देखें majiew.jpg] [चित्रण: कृष्णानंद, १९३६ के इलाहाबाद कुंभ मेले में, अपनी पालतू शाकाहारी शेरनी के साथ।\n\n—देखें lion.jpg] [चित्रण: श्री युक्तेश्वर के सेरामपुर आश्रम की दूसरी मंजिल का भोजन आँगन।\n\nमैं अपने गुरु के चरणों में  \n***(बीच में)***\n बैठा हूँ।\n\n—देखें serampore.jpg] पहला दिन हमारे समूह ने बस एकटक देखने में बिताया।\n\nइधर असंख्य स्नानार्थी थे, पापों की क्षमा के लिए पवित्र नदी में डुबकी लगा रहे वहाँ संतों के धूल भरे चरणों पर भक्ति-प्रधान प्रसाद चढ़ाए जा रहे थे; हमारे सिर मुड़ते ही हाथियों, सुसज्जित घोड़ों और धीमी गति से चलने वाले राजपूताना ऊँटों की कतार निकल आती थी, या नग्न साधुओं की विचित्र धार्मिक परेड होती थी, जो सोने और चाँदी के राजदण्ड या रेशमी मखमल के झंडे और झंडियाँ लहराते थे।","type":"default","passage":"मेरे गुरु के साथ अंतिम दिन","commentary":"","meaning":""},{"id":"12","title":"42.12","content":"केवल लंगोटी पहने हुए भिक्षु छोटे-छोटे समूहों में चुपचाप बैठे थे, उनके शरीर पर राख लगी हुई थी जो उन्हें गर्मी और सर्दी से बचाती है।\n\nउनके माथे पर चंदन के लेप के एक धब्बे से आध्यात्मिक आँख का स्पष्ट चित्रण हो रहा था।\n\nमुंडा सिर वाले स्वामी हज़ारों की संख्या में दिखाई दिए, गेरू के वस्त्र पहने हुए और अपने बाँस के डंडे और भिक्षापात्र लिए हुए।\n\nजब वे घूमते या शिष्यों के साथ दार्शनिक चर्चा करते तो उनके चेहरे त्यागी की शांति से चमकते थे।\n\nयहाँ-वहाँ पेड़ों के नीचे, जलती हुई लकड़ियों के विशाल ढेर के आसपास, सुंदर साधु थे, {FN42-8} उनके बाल लट में बंधे हुए थे और उनके सिर के ऊपर कुंडल में बंधे हुए थे।\n\nकुछ लोगों की दाढ़ी कई फीट लंबी थी, जिसे उन्होंने घुंघराला करके गाँठ में बाँधा था।\n\nवे चुपचाप ध्यान करते थे, या फिर पास से गुज़रने वाली भीड़ को आशीर्वाद देने के लिए हाथ बढ़ाते थे-भिखारी, हाथियों पर सवार महाराजा, बहुरंगी साड़ियों में सजी महिलाएँ- उनकी चूड़ियाँ और पायल खनक रही थीं, पतली भुजाओं वाले फकीर विचित्र रूप से ऊपर उठाए हुए थे, ध्यान करने के लिए कोहनी पर सहारा लिए हुए ब्रह्मचारी, विनम्र ऋषि जिनकी गंभीरता में एक आंतरिक आनंद छिपा था।\n\nशोरगुल के ऊपर हमने मंदिर की घंटियों की निरंतर आवाज़ सुनी।","type":"default","passage":"मेरे गुरु के साथ अंतिम दिन","commentary":"","meaning":""},{"id":"13","title":"42.13","content":"हमारे दूसरे मेले के दिन मेरे साथी और मैं विभिन्न आश्रमों और अस्थायी झोपड़ियों में गए और संतों को प्रणाम किया।\n\nहमें स्वामी संप्रदाय की गिरि शाखा के नेता से आशीर्वाद मिला- एक दुबले-पतले, तपस्वी साधु जिसकी आँखें मुस्कुराती हुई आग की तरह थीं।\n\nहमारी अगली यात्रा हमें एक आश्रम में ले गई, जिसके गुरु ने पिछले नौ वर्षों से मौन व्रत और सख्त फलाहारी आहार का पालन किया था।\n\nआश्रम के हॉल में केंद्रीय मंच पर एक अंधे साधु, प्रगला चक्षु बैठे थे, जो शास्त्रों के गहन ज्ञाता थे और सभी संप्रदायों द्वारा अत्यधिक पूजनीय थे।\n\nजब मैंने वेदांत पर हिंदी में एक संक्षिप्त प्रवचन दिया, तो हमारा समूह शांतिपूर्ण आश्रम से निकलकर पास के स्वामी, कृष्णानंद, गुलाबी गालों और प्रभावशाली कंधों वाले एक सुंदर साधु का अभिवादन करने के लिए गया।\n\nउनके पास एक पालतू शेरनी लेटी हुई थी।\n\nसाधु के आध्यात्मिक आकर्षण के आगे झुककर - मुझे यकीन है, उनके शक्तिशाली शरीर के आगे नहीं! - जंगल का जानवर चावल और दूध के पक्ष में सभी मांस खाने से इनकार कर देता है।\n\nस्वामी ने गहरे बालों वाले जानवर को गहरी, आकर्षक गड़गड़ाहट के साथ  \n> ओम\n बोलना सिखाया है - एक बिल्ली भक्त!","type":"default","passage":"मेरे गुरु के साथ अंतिम दिन","commentary":"","meaning":""},{"id":"14","title":"42.14","content":"हमारी अगली मुलाकात, एक विद्वान युवा साधु के साथ साक्षात्कार, श्री राइट की शानदार यात्रा डायरी में अच्छी तरह से वर्णित है।\n\n“हम फोर्ड में बहुत कम ऊंचाई पर गंगा नदी के पार एक चरमराते हुए पंटून पुल पर सवार हुए, भीड़ के बीच से सांप की तरह रेंगते हुए और संकरी, घुमावदार गलियों से गुजरते हुए, नदी के किनारे उस स्थान से गुजरे जिसे योगानंदजी ने मुझे बाबाजी और श्री युक्तेश्वरजी के मिलन स्थल के रूप में बताया था।\n\nकुछ समय बाद कार से उतरकर, हम साधुओं की आग के घने धुएं और फिसलन भरी रेत के बीच से कुछ दूर चले गए और छोटी, बहुत मामूली मिट्टी और पुआल की झोपड़ियों के एक समूह तक पहुँचे।\n\nहम इन महत्वहीन अस्थायी आवासों में से एक के सामने रुके, जिसमें एक बौना दरवाजा रहित प्रवेश द्वार था, जो कि एक युवा घुमक्कड़ साधु कारा पत्री का आश्रय था, जो अपनी असाधारण बुद्धिमत्ता के लिए जाना जाता था।\n\nवहाँ वह पुआल के ढेर पर पैर मोड़कर बैठा था, उसका एकमात्र आवरण-और संयोग से उसकी एकमात्र संपत्ति-उसके कंधों पर लपेटा हुआ एक गेरूआ कपड़ा था।","type":"default","passage":"मेरे गुरु के साथ अंतिम दिन","commentary":"","meaning":""},{"id":"15","title":"42.15","content":"“जब हम झोपड़ी में घुसे और इस प्रबुद्ध आत्मा के चरणों में प्रणाम किया, तो सचमुच एक दिव्य चेहरा हम पर मुस्कुराया, जबकि प्रवेश द्वार पर मिट्टी के तेल का लालटेन छप्पर की दीवारों पर अजीब, नाचती हुई छायाएँ टिमटिमा रहा था।\n\nउसका चेहरा, विशेष रूप से उसकी आँखें और सुंदर दाँत, मुस्करा रहे थे और चमक रहे थे।\n\nहालाँकि मैं हिंदी से हैरान था, लेकिन उसके हाव-भाव बहुत कुछ प्रकट कर रहे थे; वह उत्साह, प्रेम, आध्यात्मिक गौरव से भरा था।\n\nकोई भी उसकी महानता के बारे में गलत नहीं हो सकता था।\n\n“भौतिक दुनिया से अनासक्त व्यक्ति के सुखी जीवन की कल्पना करें; कपड़ों की समस्या से मुक्त; भोजन की लालसा से मुक्त, कभी भी भीख नहीं माँगना, कभी भी दूसरे दिन के अलावा पके हुए भोजन को नहीं छूना, कभी भी भिक्षापात्र नहीं ले जाना; सभी धन उलझनों से मुक्त, कभी भी पैसे को नहीं संभालना, कभी भी सामान जमा नहीं करना, हमेशा भगवान पर भरोसा करना; परिवहन की चिंताओं से मुक्त, कभी भी वाहनों में सवारी नहीं करना, बल्कि हमेशा पवित्र नदियों के तट पर चलना; किसी भी तरह की आसक्ति को बढ़ने से रोकने के लिए एक सप्ताह से अधिक समय तक एक स्थान पर नहीं रहना।","type":"default","passage":"मेरे गुरु के साथ अंतिम दिन","commentary":"","meaning":""},{"id":"16","title":"42.16","content":"> बहुत विनम्र आत्मा! वेदों में असाधारण रूप से पारंगत, और बनारस विश्वविद्यालय से एम.ए. की डिग्री और शास्त्री  \n***(शास्त्रों के स्वामी)***\n की उपाधि प्राप्त।\n\nजब मैं उनके चरणों में बैठा तो मेरे अंदर एक उदात्त भावना व्याप्त हो गई; यह सब वास्तविक, प्राचीन भारत को देखने की मेरी इच्छा का उत्तर प्रतीत हुआ, क्योंकि वे आध्यात्मिक दिग्गजों की इस भूमि के सच्चे प्रतिनिधि हैं।\n\n मैंने कारा पात्री से उनके घुमक्कड़ जीवन के बारे में पूछा।\n\n> क्या आपके पास सर्दियों के लिए कोई अतिरिक्त कपड़े नहीं हैं?\n  \n> नहीं, यह पर्याप्त है।\n\n  \n> क्या आप कोई किताबें रखते हैं?\n  \n> नहीं, मैं उन लोगों को स्मृति से पढ़ाता हूँ जो मुझे सुनना चाहते हैं।\n\n  \n> आप और क्या करते हैं?\n  \n> मैं गंगा के किनारे घूमता हूँ।","type":"default","passage":"मेरे गुरु के साथ अंतिम दिन","commentary":"","meaning":""},{"id":"17","title":"42.17","content":"इन शांत शब्दों को सुनकर, मैं उनके जीवन की सादगी के लिए तड़प उठा।\n\nमुझे अमेरिका और मेरे कंधों पर पड़ी सारी ज़िम्मेदारियाँ याद आ गईं।\n\n> नहीं, योगानंद,  \n मैंने एक पल के लिए दुखी होकर सोचा,  \n> इस जीवन में गंगा किनारे घूमना तुम्हारे लिए नहीं है।\n\n साधु ने मुझे अपनी कुछ आध्यात्मिक अनुभूतियों के बारे में बताने के बाद, मैंने अचानक एक सवाल दागा।\n\n> क्या आप ये वर्णन शास्त्रों की शिक्षा से दे रहे हैं, या आंतरिक अनुभव से?\n  \n> आधा किताबों से,  \n उन्होंने एक सीधी मुस्कान के साथ उत्तर दिया,  \n> और आधा अनुभव से।\n\n हम कुछ देर तक ध्यानपूर्ण मौन में खुशी से बैठे रहे।\n\nउनके पवित्र सान्निध्य से विदा होने के बाद, मैंने मि. राइट से कहा,  \n> वे सुनहरे भूसे के सिंहासन पर बैठे एक राजा हैं।","type":"default","passage":"मेरे गुरु के साथ अंतिम दिन","commentary":"","meaning":""},{"id":"18","title":"42.18","content":"उस रात हमने अपना भोजन मेला मैदान में तारों के नीचे, पत्तों की प्लेटों में खाया, जिन्हें डंडियों से पिन किया गया था।\n\nभारत में बर्तन धोने का काम बहुत कम हो गया है! आकर्षक कुंभ के दो और दिन; फिर यमुना के किनारे उत्तर-पश्चिम में आगरा की ओर।\n\nएक बार फिर मैंने ताजमहल को देखा; स्मृति में जीतेंद्र मेरे बगल में खड़ा था, संगमरमर में सपने को देखकर आश्चर्यचकित था।\n\nफिर स्वामी केशवानंद के वृंदावन आश्रम में।\n\nकेशवानंद की खोज में मेरा उद्देश्य इस पुस्तक से जुड़ा था।\n\nमैं श्रीयुक्तेश्वर के उस अनुरोध को कभी नहीं भूला था कि मैं लाहिड़ी महाशय का जीवन लिखूं।\n\nभारत में अपने प्रवास के दौरान मैं योगावतार के प्रत्यक्ष शिष्यों और रिश्तेदारों से संपर्क करने का हर अवसर लेता रहा।\n\nमैंने उनके वार्तालापों को बड़े-बड़े नोटों में दर्ज किया, तथ्यों और तिथियों की पुष्टि की, और तस्वीरें, पुराने पत्र और दस्तावेज एकत्र किए।\n\nमेरा लाहिड़ी महाशय पोर्टफोलियो बढ़ने लगा; मुझे निराशा के साथ एहसास हुआ कि मेरे आगे लेखक बनने का कठिन काम है।\n\nमैंने प्रार्थना की कि मैं महान गुरु के जीवनीकार के रूप में अपनी भूमिका के बराबर रहूँ।\n\nउनके कई शिष्यों को डर था कि लिखित विवरण में उनके गुरु को कमतर आंका जा सकता है या गलत व्याख्या की जा सकती है।","type":"default","passage":"मेरे गुरु के साथ अंतिम दिन","commentary":"","meaning":""},{"id":"19","title":"42.19","content":"पंचानन भट्टाचार्य ने एक बार मुझसे कहा था,  \n> कोई भी व्यक्ति ईश्वरीय अवतार के जीवन को ठंडे शब्दों में न्याय नहीं दे सकता।\n\n अन्य करीबी शिष्य भी योगावतार को अमर गुरु के रूप में अपने हृदय में छिपाकर रखने में इसी तरह संतुष्ट थे।\n\nफिर भी, लाहिड़ी महाशय की जीवनी के बारे में उनकी भविष्यवाणी को ध्यान में रखते हुए, मैंने उनके बाहरी जीवन के तथ्यों को सुरक्षित करने और प्रमाणित करने में कोई कसर नहीं छोड़ी।\n\nस्वामी केशवानंद ने बृंदावन में अपने कात्यायनी पीठ आश्रम में हमारे दल का गर्मजोशी से स्वागत किया, जो एक सुंदर बगीचे में स्थित विशाल काले स्तंभों वाली एक भव्य ईंट की इमारत है।\n\nउन्होंने हमें तुरंत लाहिड़ी महाशय के चित्र के विस्तार से सजे बैठक कक्ष में ले गए।\n\nस्वामी नब्बे वर्ष की आयु के करीब थे, लेकिन उनके मांसल शरीर से शक्ति और स्वास्थ्य झलक रहा था।\n\nलंबे बाल और बर्फ-सी सफेद दाढ़ी, खुशी से चमकती आँखों के साथ, वे एक सच्चे पितृसत्तात्मक अवतार थे।\n\nमैंने उन्हें बताया कि मैं भारत के गुरुओं पर अपनी पुस्तक में उनका नाम उल्लेख करना चाहता हूँ।","type":"default","passage":"मेरे गुरु के साथ अंतिम दिन","commentary":"","meaning":""},{"id":"20","title":"42.20","content":"> कृपया मुझे अपने पिछले जीवन के बारे में बताइए।\n\n मैंने विनती करते हुए मुस्कुराया; महान योगी अक्सर संवादहीन होते हैं।\n\nकेशवानंद ने विनम्रता का भाव दिखाया।\n\n> बाहरी महत्व बहुत कम है।\n\nव्यावहारिक रूप से मेरा पूरा जीवन हिमालय के एकांत में बीता है, एक शांत गुफा से दूसरी गुफा तक पैदल यात्रा करते हुए।\n\nकुछ समय के लिए मैंने हरिद्वार के बाहर एक छोटा सा आश्रम बनाया, जो चारों ओर से ऊंचे पेड़ों के झुरमुट से घिरा हुआ था।\n\nयह एक शांत जगह थी, जहाँ यात्री बहुत कम आते थे, क्योंकि यहाँ हर जगह नागों की मौजूदगी थी।\n\n केशवानंद ने ठहाका लगाया।\n\n> बाद में गंगा की बाढ़ ने आश्रम और नागों को बहा दिया।\n\nफिर मेरे शिष्यों ने मुझे यह वृंदावन आश्रम बनाने में मदद की।","type":"default","passage":"मेरे गुरु के साथ अंतिम दिन","commentary":"","meaning":""},{"id":"21","title":"42.21","content":"हमारे दल के एक सदस्य ने स्वामी से पूछा कि उन्होंने हिमालय के बाघों से अपनी रक्षा कैसे की।\n\n{FN42-9} केशवानंद ने अपना सिर हिलाया।\n\nउन्होंने कहा,  \n> उन उच्च आध्यात्मिक ऊंचाइयों पर, जंगली जानवर शायद ही कभी योगियों को परेशान करते हैं।\n\nएक बार जंगल में मेरा आमना-सामना एक बाघ से हुआ।\n\nमेरे अचानक स्खलन से, वह जानवर पत्थर में बदल गया।\n\n स्वामी फिर से अपनी यादों पर हंसे।\n\n> कभी-कभी मैं बनारस में अपने गुरु से मिलने के लिए अपना एकांत छोड़ देता था।\n\nवे हिमालय के जंगलों में मेरी निरंतर यात्राओं के बारे में मुझसे मज़ाक करते थे।\n\n**तुम्हारे पैरों पर घुमक्कड़ी के निशान हैं, ** उन्होंने मुझसे एक बार कहा था।\n\n**मुझे खुशी है कि पवित्र हिमालय इतना विस्तृत है कि तुम उसमें रम सकते हो।\n\n**","type":"default","passage":"मेरे गुरु के साथ अंतिम दिन","commentary":"","meaning":""},{"id":"22","title":"42.22","content":"केशवानंद ने कहा,  \n> कई बार, अपने देहावसान से पहले और बाद में, लाहिड़ी महाशय मेरे सामने सशरीर प्रकट हुए हैं।\n\nउनके लिए हिमालय की कोई भी ऊँचाई दुर्गम नहीं है!\n दो घंटे बाद वे हमें भोजन कक्ष में ले गए।\n\nमैंने मौन निराशा में आह भरी।\n\nएक और पंद्रह-कोर्स वाला भोजन! भारतीय आतिथ्य का एक साल से भी कम समय में, और मेरा वजन पचास पाउंड बढ़ गया था! फिर भी मेरे सम्मान में अंतहीन भोज के लिए सावधानी से तैयार किए गए किसी भी व्यंजन को अस्वीकार करना अशिष्टता की पराकाष्ठा मानी जाती।\n\nभारत में  \n***(अफसोस, कहीं और नहीं!)***\n एक अच्छी तरह से गद्देदार स्वामी को एक रमणीय दृश्य माना जाता है।\n\n{FN42-10} [चित्रण: मि. राइट, मैं, मिस ब्लेच - मिस्र में - कैमल देखें.jpg]","type":"default","passage":"मेरे गुरु के साथ अंतिम दिन","commentary":"","meaning":""},{"id":"23","title":"42.23","content":"[चित्रण: रवींद्रनाथ टैगोर, बंगाल के प्रेरित कवि और साहित्य में नोबेल पुरस्कार विजेता - देखें टैगोर.jpg] [चित्रण: श्री राइट और मैं आदरणीय स्वामी केशवानंद और उनके एक शिष्य के साथ वृंदावन के भव्य आश्रम में पोज़ देते हुए - देखें केशवानंद.jpg] रात के खाने के बाद, केशवानंद मुझे एक सुनसान कोने में ले गए।\n\n> आपका आगमन अप्रत्याशित नहीं है,  \n उन्होंने कहा।\n\n> मेरे पास आपके लिए एक संदेश है।\n\n मैं हैरान था; केशवानंद से मिलने की मेरी योजना के बारे में किसी को पता नहीं था।\n\nस्वामी ने आगे कहा, \"पिछले साल बद्रीनारायण के पास उत्तरी हिमालय में घूमते समय, मैं रास्ता भटक गया।\n\nएक विशाल गुफा में आश्रय दिखाई दिया, जो खाली थी, \n\nहालांकि चट्टानी फर्श में एक छेद में आग की अंगारे चमक रहे थे।","type":"default","passage":"मेरे गुरु के साथ अंतिम दिन","commentary":"","meaning":""},{"id":"24","title":"42.24","content":"> केशवानंद, मुझे खुशी है कि तुम यहाँ हो।\n\n ये शब्द मेरे पीछे से आए।\n\nमैं चौंका और बाबाजी को देखकर चकित रह गया! महान गुरु गुफा के एक कोने में प्रकट हुए थे।\n\nकई वर्षों के बाद उन्हें फिर से देखकर बहुत खुश हुआ और मैंने उनके पवित्र चरणों में प्रणाम किया।\n\n> **मैंने तुम्हें यहाँ बुलाया है, ** बाबाजी ने कहा।\n\n**इसीलिए तुम अपना रास्ता भूल गए और इस गुफा में मेरे अस्थायी निवास पर आ गए।\n\nहमारी पिछली मुलाकात को बहुत समय हो गया है; मुझे एक बार फिर तुम्हारा स्वागत करते हुए खुशी हो रही है।\n\n**  \nअमर गुरु ने मुझे आध्यात्मिक मदद के कुछ शब्दों के साथ आशीर्वाद दिया, फिर कहा: **मैं तुम्हें योगानंद के लिए एक संदेश देता हूँ।\n\nवे भारत लौटने पर तुमसे मिलने आएंगे।\n\nअपने गुरु और लाहिड़ी के जीवित शिष्यों से जुड़े कई मामले योगानंद को पूरी तरह से व्यस्त रखेंगे।\n\nतो, उन्हें बता दें कि मैं उन्हें इस बार नहीं देख पाऊँगा, जैसा कि वे उत्सुकता से उम्मीद कर रहे हैं; लेकिन मैं उन्हें किसी अन्य अवसर पर देखूँगा।\n\n**\"","type":"default","passage":"मेरे गुरु के साथ अंतिम दिन","commentary":"","meaning":""},{"id":"25","title":"42.25","content":"केशवानंद के मुख से बाबाजी की यह सांत्वनापूर्ण प्रतिज्ञा पाकर मैं बहुत भावुक हो गया।\n\nमेरे हृदय में एक प्रकार की पीड़ा गायब हो गई; मुझे \n\nअब यह दुख नहीं रहा कि, जैसा कि श्रीयुक्तेश्वर ने संकेत दिया था, बाबाजी कुंभ मेले में नहीं आए।\n\nआश्रम में अतिथि के रूप में एक रात बिताने के बाद, हमारा दल अगले दिन दोपहर को कलकत्ता के लिए रवाना हुआ।\n\nयमुना नदी के पुल पर सवार होकर, हमने वृंदावन के क्षितिज का एक शानदार दृश्य देखा, ठीक उसी समय जब सूर्य ने आकाश में आग लगा दी थी - एक वास्तविक वल्कन रंग की भट्टी, जो हमारे नीचे शांत जल में प्रतिबिंबित हो रही थी।\n\nयमुना तट बालक श्री कृष्ण की यादों से पवित्र है।\n\nयहाँ उन्होंने गोपियों के साथ अपनी लीलाओं में मासूम मिठास के साथ भाग लिया, जो एक दिव्य अवतार और उनके भक्तों के बीच मौजूद अलौकिक प्रेम का उदाहरण है।\n\nभगवान कृष्ण के जीवन को कई पश्चिमी टीकाकारों ने गलत समझा है।\n\nशास्त्रों में वर्णित रूपक शाब्दिक मन को भ्रमित कर सकते हैं।\n\nएक अनुवादक द्वारा की गई एक हास्यास्पद भूल इस बात को स्पष्ट करती है।\n\nयह कहानी एक प्रेरित मध्ययुगीन संत, मोची रविदास से संबंधित है, जिन्होंने अपने पेशे के सरल शब्दों में सभी मानव जाति में छिपी आध्यात्मिक महिमा का बखान किया:","type":"default","passage":"मेरे गुरु के साथ अंतिम दिन","commentary":"","meaning":""},{"id":"26","title":"42.26","content":"नीले रंग की विशाल तिजोरी के नीचे खाल से लिपटे देवता रहते हैं।\n\nरविदास की कविता की पश्चिमी लेखक द्वारा की गई सामान्य व्याख्या को सुनकर कोई भी व्यक्ति अपनी मुस्कान छिपाने के लिए दूसरी ओर मुड़ जाता है:  \n> उसने बाद में एक झोपड़ी बनाई, उसमें एक मूर्ति स्थापित की जिसे उसने खाल से बनाया था, और खुद उसकी पूजा करने लगा।\n\n रविदास महान कबीर के भाई शिष्य थे।\n\nरविदास के महान शिष्यों में से एक चित्तौड़ की रानी थी।\n\nउसने अपने गुरु के सम्मान में एक भोज में बड़ी संख्या में ब्राह्मणों को आमंत्रित किया, लेकिन उन्होंने एक तुच्छ मोची के साथ खाने से इनकार कर दिया।\n\nजब वे अपने स्वयं के शुद्ध भोजन को खाने के लिए गरिमापूर्ण अलगाव में बैठे, तो देखो! प्रत्येक ब्राह्मण ने अपने पास रविदास का रूप पाया।\n\nइस सामूहिक दर्शन ने चित्तौड़ में व्यापक आध्यात्मिक पुनरुत्थान को पूरा किया।","type":"default","passage":"मेरे गुरु के साथ अंतिम दिन","commentary":"","meaning":""},{"id":"27","title":"42.27","content":"कुछ ही दिनों में हमारा छोटा-सा समूह कलकत्ता पहुँच गया।\n\nश्रीयुक्तेश्वर को देखने के लिए उत्सुक, मैं यह सुनकर निराश हो गया कि वे सेरामपुर छोड़कर \n\nअब पुरी में हैं, जो लगभग तीन सौ मील दक्षिण में है।\n\n> तुरंत पुरी आश्रम आ जाओ।\n\n यह तार 8 मार्च को एक भाई शिष्य ने कलकत्ता में गुरु के एक शिष्य अतुल चंद्र रॉय चौधरी को भेजा था।\n\nसंदेश की खबर मेरे कानों तक पहुँची; इसके निहितार्थ से व्यथित होकर, मैं अपने घुटनों पर गिर गया और भगवान से प्रार्थना की कि मेरे गुरु का जीवन बच जाए।\n\nजब मैं ट्रेन के लिए पिता के घर से निकलने वाला था, तो एक दिव्य आवाज़ मेरे भीतर से बोली।\n\n> आज रात पुरी मत जाओ।\n\nतुम्हारी प्रार्थना स्वीकार नहीं की जा सकती।","type":"default","passage":"मेरे गुरु के साथ अंतिम दिन","commentary":"","meaning":""},{"id":"28","title":"42.28","content":"> प्रभु,  \n मैंने दुःखी होकर कहा,  \n> आप पुरी में मेरे साथ रस्साकशी में शामिल नहीं होना चाहते, जहाँ आपको गुरु के जीवन के लिए मेरी निरंतर प्रार्थनाओं को अस्वीकार करना पड़ेगा।\n\nतो क्या उन्हें आपके आदेश पर उच्चतर कर्तव्यों के लिए प्रस्थान करना चाहिए?\n आंतरिक आदेश का पालन करते हुए, मैंने उस रात पुरी के लिए प्रस्थान नहीं किया।\n\nअगली शाम मैं ट्रेन के लिए निकल पड़ा; रास्ते में, सात बजे, एकाएक आकाश में एक काला आकाशीय बादल छा गया।\n\n{FN42-11} बाद में, जब ट्रेन पुरी की ओर बढ़ रही थी, तो मेरे सामने श्रीयुक्तेश्वर का एक दृश्य प्रकट हुआ।\n\nवे बहुत गंभीर चेहरे वाले, दोनों ओर एक-एक प्रकाश के साथ बैठे थे।\n\n> क्या सब कुछ खत्म हो गया है?\n मैंने प्रार्थना करते हुए अपने हाथ उठाए।","type":"default","passage":"मेरे गुरु के साथ अंतिम दिन","commentary":"","meaning":""},{"id":"29","title":"42.29","content":"उन्होंने सिर हिलाया, फिर धीरे-धीरे गायब हो गए।\n\nअगली सुबह जब मैं पुरी ट्रेन प्लेटफ़ॉर्म पर खड़ा था, तब भी उम्मीद के विपरीत उम्मीद लगाए हुए, एक अनजान आदमी मेरे पास आया।\n\n> क्या तुमने सुना है कि तुम्हारे गुरु चले गए हैं?\n उसने मुझे बिना एक और शब्द कहे छोड़ दिया; मुझे कभी पता नहीं चला कि वह कौन था और न ही उसे कैसे पता चला कि मुझे कहाँ ढूँढना है।\n\nस्तब्ध, मैं प्लेटफ़ॉर्म की दीवार से सटकर झूलने लगा, यह महसूस करते हुए कि मेरे गुरु विभिन्न तरीकों से मुझे विनाशकारी समाचार बताने की कोशिश कर रहे थे।\n\nविद्रोह से उबलती हुई, मेरी आत्मा ज्वालामुखी की तरह थी।\n\nजब तक मैं पुरी आश्रम पहुँचा, मैं टूटने के करीब था।\n\nआंतरिक आवाज़ कोमलता से दोहरा रही थी:  \n> अपने आप को संभालो।\n\nशांत रहो।","type":"default","passage":"मेरे गुरु के साथ अंतिम दिन","commentary":"","meaning":""},{"id":"30","title":"42.30","content":"मैं आश्रम के कमरे में दाखिल हुआ जहाँ गुरु का शरीर, अकल्पनीय रूप से सजीव, कमल मुद्रा में बैठा था-स्वास्थ्य और सुंदरता की एक तस्वीर।\n\nअपने निधन से कुछ समय पहले, मेरे गुरु बुखार से थोड़ा बीमार थे, लेकिन अनंत में उनके उत्थान के दिन से पहले, उनका शरीर पूरी तरह से ठीक हो गया था।\n\nचाहे मैं कितनी भी बार उनके प्यारे रूप को देखता, मुझे एहसास नहीं होता था कि उनका जीवन चला गया था।\n\nउनकी त्वचा चिकनी और मुलायम थी; उनके चेहरे पर शांति की एक दिव्य अभिव्यक्ति थी।\n\nउन्होंने रहस्यवादी आह्वान के समय सचेत रूप से अपना शरीर त्याग दिया था।\n\n> बंगाल का शेर चला गया!\n मैं अचंभित होकर चिल्लाया।","type":"default","passage":"मेरे गुरु के साथ अंतिम दिन","commentary":"","meaning":""},{"id":"31","title":"42.31","content":"मैंने 10 मार्च को पवित्र अनुष्ठान संपन्न कराए।\n\nश्री युक्तेश्वर को पुरी आश्रम के बगीचे में स्वामियों के प्राचीन अनुष्ठानों के साथ दफना दिया गया।\n\nबाद में उनके शिष्य वसंत विषुव स्मारक सेवा में अपने गुरु को सम्मानित करने के लिए दूर-दूर से आए।\n\nकलकत्ता के प्रमुख समाचार पत्र अमृत बाजार पत्रिका में उनकी तस्वीर और निम्नलिखित रिपोर्ट छपी: श्रीमत् स्वामी श्री युक्तेश्वर गिरि महाराज, उम्र 81, का मृत्यु भंडारा समारोह 21 मार्च को पुरी में हुआ।\n\nकई शिष्य अनुष्ठान के लिए पुरी आए।\n\nभगवद गीता के सबसे महान व्याख्याताओं में से एक, स्वामी महाराज बनारस के योगीराज श्री श्यामा चरण लाहिड़ी महाशय के महान शिष्य थे।\n\nस्वामी महाराज भारत में कई योगदा सत्संग  \n***(सेल्फ-रियलाइज़ेशन फेलोशिप)***\n केंद्रों के संस्थापक थे यह श्रीयुक्तेश्वरजी की भविष्यसूचक शक्ति और गहन अनुभूति ही थी जिसने स्वामी योगानंद को महासागर पार करने और अमेरिका में भारत के गुरुओं का संदेश फैलाने के लिए प्रेरित किया।","type":"default","passage":"मेरे गुरु के साथ अंतिम दिन","commentary":"","meaning":""},{"id":"32","title":"42.32","content":"भगवद्गीता और अन्य धर्मग्रंथों की उनकी व्याख्याएँ श्री युक्तेश्वरजी की पूर्वी और पश्चिमी दोनों दर्शनशास्त्रों पर गहरी पकड़ की गवाही देती हैं, और वे पूर्व और पश्चिम के बीच एकता के लिए एक आँख खोलने वाले के रूप में बने हुए हैं।\n\nचूँकि वे सभी धार्मिक विश्वासों की एकता में विश्वास करते थे, \n\nइसलिए श्री युक्तेश्वर महाराज ने धर्म में वैज्ञानिक भावना को विकसित करने के लिए विभिन्न संप्रदायों और धर्मों के नेताओं के सहयोग से साधु सभा  \n***(संतों का समाज)***\n की स्थापना की।\n\nअपने निधन के समय उन्होंने स्वामी योगानंद को साधु सभा के अध्यक्ष के रूप में अपना उत्तराधिकारी नामित किया।\n\nऐसे महान व्यक्ति के निधन से आज भारत वास्तव में गरीब है।\n\nउनके पास आने वाले सभी भाग्यशाली लोग अपने अंदर भारत की संस्कृति और साधना की सच्ची भावना को विकसित करें, जो उनमें व्यक्त की गई थी।","type":"default","passage":"मेरे गुरु के साथ अंतिम दिन","commentary":"","meaning":""},{"id":"33","title":"42.33","content":"मैं कलकत्ता लौट आया।\n\nअभी तक खुद पर भरोसा न करते हुए कि मैं श्रीरामपुर आश्रम में जाकर उसकी पवित्र यादों को याद कर पाऊंगा, मैंने श्रीरामपुर में श्रीयुक्तेश्वर के छोटे शिष्य प्रफुल्ल को बुलाया और रांची स्कूल में उसके दाखिले की व्यवस्था की।\n\nप्रफुल्ल ने मुझे बताया,  \n> जिस सुबह तुम इलाहाबाद मेले के लिए निकले, गुरु ने प्रार्थना-द्वार पर जोरदार प्रहार किया।\n\n**योगानंद चले गए!** वे चिल्लाए।\n\n**योगानंद चले गए!** उन्होंने रहस्यमय ढंग से कहा, **मुझे उन्हें किसी और तरीके से बताना होगा।\n\n** इसके बाद वे घंटों मौन बैठे रहे।\n\n मेरे दिन व्याख्यानों, कक्षाओं, साक्षात्कारों और पुराने दोस्तों के साथ पुनर्मिलन से भरे हुए थे।\n\nएक खोखली मुस्कान और निरंतर गतिविधि के जीवन के नीचे, काले चिंतन की एक धारा ने आनंद की आंतरिक नदी को प्रदूषित कर दिया, जो इतने सालों से मेरी सभी धारणाओं की रेत के नीचे बह रही थी।","type":"default","passage":"मेरे गुरु के साथ अंतिम दिन","commentary":"","meaning":""},{"id":"34","title":"42.34","content":"> वह दिव्य ऋषि कहाँ चले गए?\n मैंने मन ही मन पीड़ा से चिल्लाते हुए कहा।\n\nकोई उत्तर नहीं आया।\n\n> यह सबसे अच्छा है कि गुरु ने ब्रह्मांडीय प्रियतम के साथ अपना मिलन पूरा कर लिया है,  \n मेरे मन ने मुझे आश्वस्त किया।\n\n> वह अमरता के साम्राज्य में हमेशा चमक रहे हैं।\n\n  \n> \n\nअब आप उन्हें पुराने सेरामपुर हवेली में कभी नहीं देख पाएंगे,  \n मेरे दिल ने विलाप किया।\n\n> \n\nअब आप अपने दोस्तों को उनसे मिलने नहीं ला सकते, या गर्व से नहीं कह सकते: **देखो, भारत का ज्ञानावतार वहाँ बैठा है!**\n श्री राइट ने जून की शुरुआत में हमारे दल के लिए बंबई से पश्चिम की ओर रवाना होने की व्यवस्था की।\n\nमई में कलकत्ता में विदाई भोज और भाषणों के एक पखवाड़े के बाद, मिस ब्लेच, श्री राइट और मैं फोर्ड में बंबई के लिए रवाना हुए।\n\nहमारे आगमन पर, जहाज के अधिकारियों ने हमें अपना सफर रद्द करने के लिए कहा, क्योंकि फोर्ड के लिए कोई जगह नहीं मिल सकी, जिसकी हमें यूरोप में फिर से आवश्यकता होगी।","type":"default","passage":"मेरे गुरु के साथ अंतिम दिन","commentary":"","meaning":""},{"id":"35","title":"42.35","content":"> कोई बात नहीं,  \n मैंने उदास होकर मिस्टर राइट से कहा।\n\n> मैं एक बार फिर पुरी लौटना चाहता हूँ।\n\n मैंने मन ही मन कहा,  \n> मेरे आँसू एक बार फिर मेरे गुरु की कब्र को सींच दें।\n\n {FN42-1} शाब्दिक रूप से, परम, सर्वोच्च; हंस, हंस।\n\nहंस को शास्त्रों में ब्रह्म, सर्वोच्च आत्मा के वाहन के रूप में दर्शाया गया है; विवेक के प्रतीक के रूप में, सफ़ेद हंस हंस को दूध और पानी के मिश्रण से असली सोम अमृत को अलग करने में सक्षम माना जाता है।\n\nहम-सा  \n***(उच्चारण होंग-सौ)***\n दो पवित्र संस्कृत मंत्र हैं जिनका आने वाली और जाने वाली सांस के साथ एक कंपन संबंध है।\n\nअहम-सा का शाब्दिक अर्थ है  \n> मैं वह हूँ।","type":"default","passage":"मेरे गुरु के साथ अंतिम दिन","commentary":"","meaning":""},{"id":"36","title":"42.36","content":"{FN42-2} वे आम तौर पर मुझे सर कहकर संबोधित करके इस कठिनाई से बच जाते हैं।\n\n{FN42-3} पुरी आश्रम में, स्वामी सेबानंद अभी भी लड़कों के लिए एक छोटा, समृद्ध योग विद्यालय और वयस्कों के लिए ध्यान समूह संचालित कर रहे हैं।\n\nसंतों और पंडितों की बैठकें समय-समय पर वहां आयोजित होती हैं।\n\n{FN42-4} कलकत्ता का एक भाग।\n\n{FN42-5} सूत्र: II:9. {FN42-6} प्राचीन महाभारत में धार्मिक मेलों का उल्लेख है।\n\nचीनी यात्री ह्वेन त्सांग ने इलाहाबाद में ए.डी. 644 में आयोजित एक विशाल कुंभ मेले का विवरण छोड़ा है।\n\nसबसे बड़ा मेला हर बारहवें वर्ष आयोजित किया जाता है; अगला सबसे बड़ा  \n***(अर्ध या आधा)***\n कुंभ हर छठे वर्ष होता है।\n\nछोटे मेले हर तीसरे वर्ष आयोजित होते हैं,","type":"default","passage":"मेरे गुरु के साथ अंतिम दिन","commentary":"","meaning":""},{"id":"37","title":"42.37","content":"शुरुआती चीनी यात्रियों ने हमें भारतीय समाज की कई आकर्षक तस्वीरें छोड़ी हैं।\n\nचीनी पुजारी, फा-ह्सियन ने चंद्रगुप्त द्वितीय  \n***(4वीं शताब्दी की शुरुआत)***\n के शासनकाल के दौरान भारत में अपने ग्यारह वर्षों का लेखा-जोखा लिखा।\n\nचीनी लेखक बताते हैं:  \n> पूरे देश में कोई भी किसी भी जीवित प्राणी को नहीं मारता, न ही शराब पीता है।\n\n. . . वे सूअर या पक्षी नहीं पालते; मवेशियों का कोई लेन-देन नहीं होता, कोई कसाई की दुकान या शराब की भट्टी नहीं है।\n\nबिस्तर और गद्दे, भोजन और कपड़े वाले कमरे, निवासी और यात्रा करने वाले पुजारियों के लिए निश्चित रूप से उपलब्ध कराए जाते हैं, और यह सभी जगहों पर एक जैसा है।\n\nपुजारी खुद को परोपकारी सेवाओं और मंत्रोच्चार में व्यस्त रखते हैं; या वे ध्यान में बैठते हैं।\n\n फा-ह्सियन हमें बताते हैं कि भारतीय लोग खुश और ईमानदार थे; मृत्युदंड अज्ञात था।","type":"default","passage":"मेरे गुरु के साथ अंतिम दिन","commentary":"","meaning":""},{"id":"38","title":"42.38","content":"{FN42-7} मैं अपनी मां, बड़े भाई अनंत, सबसे बड़ी बहन रोमा, गुरु, पिता या कई करीबी शिष्यों की मृत्यु के समय मौजूद नहीं था।\n\n***(पिता का निधन 1942 में कलकत्ता में अस्सी-नौ वर्ष की आयु में हुआ था।\n\n)***\n {FN42-8} लाखों भारतीय साधुओं को सात नेताओं की एक कार्यकारी समिति द्वारा नियंत्रित किया जाता है, जो भारत के सात बड़े क्षेत्रों का प्रतिनिधित्व करती है।\n\nवर्तमान महामंडलेश्वर या अध्यक्ष जयेंद्र पुरी हैं।\n\nयह संत पुरुष अत्यंत संयमी है, अक्सर अपने भाषण को तीन शब्दों तक सीमित रखता है- सत्य, प्रेम और कार्य।\n\nपर्याप्त बातचीत! {FN42-9} ऐसा प्रतीत होता है कि बाघ को चकमा देने के कई तरीके हैं।\n\nएक ऑस्ट्रेलियाई खोजकर्ता, फ्रांसिस बर्टल्स ने बताया है कि उन्होंने भारतीय जंगलों को  \n> विविध, सुंदर और सुरक्षित\n पाया।\n\nउनका सुरक्षा ताबीज फ्लाईपेपर था।\n\n> हर रात मैं अपने शिविर के चारों ओर कुछ चादरें बिछाता था और कभी भी मुझे परेशान नहीं किया जाता था,  \n उन्होंने समझाया।\n\n> कारण मनोवैज्ञानिक है।\n\nबाघ बहुत सचेत गरिमा वाला जानवर है।\n\nवह इधर-उधर घूमता है और आदमी को तब तक चुनौती देता है जब तक वह फ्लाईपेपर के पास नहीं पहुंच जाता; फिर वह चुपचाप भाग जाता है।\n\nकोई भी गरिमापूर्ण बाघ चिपचिपे फ्लाईपेपर पर बैठकर किसी इंसान का सामना करने की हिम्मत नहीं करेगा!","type":"default","passage":"मेरे गुरु के साथ अंतिम दिन","commentary":"","meaning":""},{"id":"39","title":"42.39","content":"{FN42-10} अमेरिका लौटने के बाद मैंने पैंसठ पाउंड वजन कम कर लिया।\n\n{FN42-11} श्रीयुक्तेश्वर का निधन इसी समय हुआ- 9 मार्च, 1936 को शाम 7:00 बजे।\n\n{FN42-12} भारत में अंतिम संस्कार की परंपराओं के अनुसार गृहस्थों के लिए दाह संस्कार किया जाता है; स्वामियों और अन्य संप्रदायों के भिक्षुओं का दाह संस्कार नहीं किया जाता, बल्कि उन्हें दफनाया जाता है।\n\n***(कभी-कभी अपवाद भी होते हैं।\n\n)***\n भिक्षुओं के शवों को प्रतीकात्मक रूप से मठवासी व्रत लेने के समय ज्ञान की अग्नि में दाह संस्कार किया गया माना जाता है।","type":"default","passage":"मेरे गुरु के साथ अंतिम दिन","commentary":"","meaning":""}]}