{"id":45,"title":"बंगाली 'आनंद से भरी माँ' (आनंदमयी माँ)","description":"बंगाली 'आनंद से भरी माँ' (आनंदमयी माँ)","sectionCount":15,"tags":null,"contentId":"AoY02","sections":[{"id":"1","title":"45.1","content":"बंगाली  \n> आनंद-प्रचुर\n माँ  \n> सर, कृपया निर्मला देवी के दर्शन किए बिना भारत न छोड़ें।\n\nउनकी पवित्रता बहुत तीव्र है; वे दूर-दूर तक आनंद मोई माँ  \n***(आनंद-प्रचुर माँ)***\n के नाम से जानी जाती हैं।\n\n मेरी भतीजी, अमियो बोस ने मेरी ओर गंभीरता से देखा।\n\n> बेशक! मैं उस महिला संत को देखने के लिए बहुत उत्सुक हूँ।\n\n मैंने कहा,  \n> मैंने उनकी ईश्वर-प्राप्ति की उन्नत अवस्था के बारे में पढ़ा है।\n\nउनके बारे में एक छोटा लेख कई साल पहले ईस्ट-वेस्ट में छपा था।\n\n  \n> मैं उनसे मिल चुका हूँ,  \n अमियो ने कहा।\n\n> वे हाल ही में मेरे अपने छोटे से शहर जमशेदपुर आई थीं।\n\nएक शिष्य के आग्रह पर, आनंद मोई माँ एक मरते हुए आदमी के घर गईं।\n\nवे उसके बिस्तर के पास खड़ी रहीं; जैसे ही उनका हाथ उसके माथे पर पड़ा, उसकी मृत्यु की खड़खड़ाहट बंद हो गई।\n\nबीमारी तुरंत गायब हो गई; उस आदमी को खुशी और आश्चर्य हुआ कि वह ठीक हो गया।","type":"default","passage":"बंगाली 'आनंद से भरी माँ' (आनंदमयी माँ)","commentary":"","meaning":""},{"id":"2","title":"45.2","content":"कुछ दिनों बाद मुझे पता चला कि आनंदमयी माँ कलकत्ता के भवानीपुर खंड में एक शिष्य के घर पर ठहरी हुई हैं।\n\nश्री राइट और मैं तुरंत अपने पिता के कलकत्ता स्थित घर से निकल पड़े।\n\nजैसे ही फोर्ड भवानीपुर के घर के पास पहुंची, मेरे साथी और मैंने सड़क पर एक असामान्य दृश्य देखा।\n\nआनंद मोई माँ एक खुली छत वाली कार में खड़ी थीं और लगभग सौ शिष्यों की भीड़ को आशीर्वाद दे रही थीं।\n\nजाहिर है कि वह प्रस्थान करने वाली थीं।\n\nश्री राइट ने फोर्ड को कुछ दूरी पर पार्क किया और मेरे साथ पैदल ही शांत सभा की ओर चल पड़े।\n\nमहिला संत ने हमारी ओर देखा; वह अपनी कार से उतरीं और हमारी ओर चल दीं।","type":"default","passage":"बंगाली 'आनंद से भरी माँ' (आनंदमयी माँ)","commentary":"","meaning":""},{"id":"3","title":"45.3","content":"> पिताजी, आप आ गए!\n इन भावपूर्ण शब्दों के साथ उन्होंने अपनी बाँह मेरे गले में डाल दी और अपना सिर मेरे कंधे पर रख दिया।\n\nमि. राइट, जिनसे मैंने अभी-अभी कहा था कि मैं संत को नहीं जानता, इस असाधारण स्वागत का भरपूर आनंद ले रहे थे।\n\nसौ शिष्यों की आँखें भी स्नेहमयी चित्र पर आश्चर्य से टिकी हुई थीं।\n\nमैंने तुरन्त देखा कि संत समाधि की उच्च अवस्था में थे।\n\nएक महिला के रूप में अपने बाहरी वेश से पूरी तरह बेखबर, वे स्वयं को अपरिवर्तनशील आत्मा के रूप में जानती थीं; उस स्तर से वे भगवान के एक अन्य भक्त का हर्षपूर्वक अभिवादन कर रही थीं।\n\nउन्होंने मेरा हाथ पकड़कर मुझे अपनी कार में बिठाया।","type":"default","passage":"बंगाली 'आनंद से भरी माँ' (आनंदमयी माँ)","commentary":"","meaning":""},{"id":"4","title":"45.4","content":"> आनंद मोई माँ, मैं आपकी यात्रा में देरी कर रहा हूँ!\n मैंने विरोध किया।\n\n> पिताजी, मैं आपसे इस जीवन में पहली बार मिल रही हूँ, युगों के बाद!\n उन्होंने कहा।\n\n> कृपया अभी मत जाइए।\n\n हम कार की पिछली सीटों पर एक साथ बैठे।\n\nआनंदमय माँ जल्द ही स्थिर आनंदमय अवस्था में पहुँच गईं।\n\nउनकी सुंदर आँखें स्वर्ग की ओर देखती थीं और आधी खुली हुई, शांत हो जाती थीं, निकट-दूर आंतरिक नितम्ब में देखती थीं।\n\nशिष्यों ने धीरे से मंत्रोच्चार किया:  \n> दिव्य माँ की जय!\n मैंने भारत में ईश्वर-साक्षात्कार वाले कई पुरुषों को देखा था, लेकिन इससे पहले मुझे ऐसी महान महिला संत कभी नहीं मिली थी।\n\nउनका कोमल चेहरा उस अवर्णनीय आनंद से चमक रहा था जिसने उन्हें आनंदमय माँ का नाम दिया था।\n\nउनके खुले सिर के पीछे लंबे काले बाल खुले हुए थे।\n\nउनके माथे पर चंदन के लेप का लाल बिंदु उनके भीतर हमेशा खुले रहने वाले आध्यात्मिक नेत्र का प्रतीक था।\n\nछोटा चेहरा, छोटे हाथ, छोटे पैर-उनकी आध्यात्मिक विशालता के विपरीत!","type":"default","passage":"बंगाली 'आनंद से भरी माँ' (आनंदमयी माँ)","commentary":"","meaning":""},{"id":"5","title":"45.5","content":"मैंने पास की एक महिला शिष्या से कुछ प्रश्न पूछे, जबकि आनंद मोई माँ मंत्रमुग्ध थीं।\n\n“आनंदमयी माँ भारत में व्यापक रूप से यात्रा करती हैं; कई भागों में उनके सैकड़ों शिष्य हैं, ” शिष्य ने मुझे बताया।\n\n“उनके साहसी प्रयासों ने कई वांछनीय सामाजिक सुधार लाए हैं।\n\nएक ब्राह्मण होने के बावजूद, संत जाति के भेदभाव को नहीं मानते।\n\n{FN45-1} हम लोगों का एक समूह हमेशा उनके साथ यात्रा करता है, उनकी सुख-सुविधाओं का ध्यान रखता है।\n\nहमें उनका पालन-पोषण करना पड़ता है; वह अपने शरीर पर बिल्कुल ध्यान नहीं देतीं।\n\nअगर कोई उन्हें भोजन नहीं देता, तो वह न तो खाती हैं, न ही कोई पूछताछ करती हैं।\n\nयहां तक कि जब उनके सामने भोजन रखा जाता है, तो भी वह उसे छूती नहीं हैं।\n\nउन्हें इस दुनिया से गायब होने से बचाने के लिए, हम शिष्य उन्हें अपने हाथों से खाना खिलाते हैं।\n\nकई दिनों तक वह अक्सर दिव्य समाधि में रहती हैं, मुश्किल से सांस लेती हैं, उनकी आंखें बंद रहती हैं।\n\nउनके प्रमुख शिष्यों में से एक उनके पति हैं।\n\nकई साल पहले, उनकी शादी के तुरंत बाद, उन्होंने मौन व्रत ले लिया था।\n\n”","type":"default","passage":"बंगाली 'आनंद से भरी माँ' (आनंदमयी माँ)","commentary":"","meaning":""},{"id":"6","title":"45.6","content":"चेले ने एक चौड़े कंधों वाले, लंबे बालों और सफेद दाढ़ी वाले सुंदर चेहरे वाले व्यक्ति की ओर इशारा किया।\n\nवह एक शिष्य की तरह श्रद्धापूर्वक हाथ जोड़कर सभा के बीच में चुपचाप खड़ा था।\n\nअनंत में डुबकी लगाने से तरोताजा होकर, आनंद मोई माँ \n\nअब अपनी चेतना को भौतिक दुनिया पर केंद्रित कर रही थी।\n\n> पिताजी, कृपया मुझे बताएं कि आप कहाँ रहते हैं।\n\n उनकी आवाज़ स्पष्ट और मधुर थी।\n\n> फ़िलहाल, कलकत्ता या रांची में; लेकिन जल्द ही मैं अमेरिका लौट जाऊँगी।\n\n  \n> अमेरिका?\n  \n> हाँ।\n\nएक भारतीय महिला संत की वहाँ आध्यात्मिक साधकों द्वारा ईमानदारी से सराहना की जाएगी।\n\nक्या आप जाना चाहेंगे?\n  \n> अगर पिता जी मुझे ले जा सकते हैं, तो मैं जाऊँगी।","type":"default","passage":"बंगाली 'आनंद से भरी माँ' (आनंदमयी माँ)","commentary":"","meaning":""},{"id":"7","title":"45.7","content":"इस उत्तर से उनके आस-पास के शिष्यों में खलबली मच गई।\n\nउनमें से एक ने मुझे दृढ़ता से कहा,  \n> हममें से बीस या उससे ज़्यादा लोग हमेशा परमानंदमयी माता के साथ यात्रा करते हैं।\n\n  \n> हम उनके बिना नहीं रह सकते।\n\nवे जहाँ भी जाएँ, हमें भी जाना होगा।\n\n अनिच्छा से मैंने योजना को त्याग दिया, क्योंकि उसमें स्वतःस्फूर्त विस्तार की अव्यवहारिक विशेषता थी! संत से विदा लेते हुए मैंने कहा,  \n> कृपया अपने शिष्यों के साथ कम से कम रांची तो आएँ।\n\n  \n> आप स्वयं एक दिव्य बालक हैं, \n\nइसलिए मेरे विद्यालय में छोटे बच्चों का आनंद लेंगे।\n\n  \n> जब भी पिताजी मुझे ले जाएँगे, मैं खुशी-खुशी जाऊँगा।\n\n कुछ ही समय बाद संत के वादा किए गए आगमन के लिए रांची विद्यालय में भव्य सजावट की गई।\n\nबच्चे उत्सव के किसी भी दिन का इंतज़ार कर रहे थे-कोई पाठ नहीं, घंटों संगीत और चरमोत्कर्ष के लिए दावत!","type":"default","passage":"बंगाली 'आनंद से भरी माँ' (आनंदमयी माँ)","commentary":"","meaning":""},{"id":"8","title":"45.8","content":"> विजय! आनंद मोई माँ की जय!\n उत्साही नन्हे-मुन्नों के गले से यह दोहराया गया मंत्र संत के दल का स्वागत करता है, जब वे विद्यालय के द्वार पर प्रवेश करते हैं।\n\nगेंदे के फूलों की वर्षा, झांझ की झंकार, शंखों की मधुर ध्वनि और मृदंग की थाप! आनंदमयी माँ धूप से भरे विद्यालय के मैदान में मुस्कुराती हुई विचरण कर रही थीं, हमेशा अपने भीतर पोर्टेबल स्वर्ग को लेकर।\n\n> यहाँ बहुत सुंदर है,  \n आनंद मोई माँ ने विनम्रतापूर्वक कहा, जब मैं उन्हें मुख्य भवन में ले जा रहा था।\n\nवे मेरे बगल में एक बच्चे जैसी मुस्कान के साथ बैठ गईं।\n\nउन्होंने मुझे सबसे करीबी दोस्त होने का एहसास कराया, फिर भी उनके चारों ओर हमेशा एक दूरी का आभास था-सर्वव्यापीता का विरोधाभासी अलगाव।","type":"default","passage":"बंगाली 'आनंद से भरी माँ' (आनंदमयी माँ)","commentary":"","meaning":""},{"id":"9","title":"45.9","content":"“कृपया मुझे अपने जीवन के बारे में कुछ बताओ।\n\n” “पिताजी को सब पता है; इसे क्यों दोहराना?” जाहिर है कि उसे लगा कि एक छोटे से अवतार का वास्तविक इतिहास ध्यान देने योग्य नहीं था।\n\nमैंने हँसते हुए धीरे से अपना प्रश्न दोहराया।\n\n“पिताजी, बताने के लिए बहुत कम है।\n\n” उसने अपने सुंदर हाथों को तिरस्कारपूर्ण मुद्रा में फैलाया।\n\n“मेरी चेतना ने कभी भी इस अस्थायी शरीर के साथ खुद को नहीं जोड़ा है।\n\nइस धरती पर आने से पहले, पिता, ‘मैं वही थी।\n\n’ एक छोटी लड़की के रूप में, ‘मैं वही थी।\n\n’ मैं बड़ी हो गई, लेकिन फिर भी ‘मैं वही थी।\n\n’ जब जिस परिवार में मैं पैदा हुई थी, उन्होंने इस शरीर का विवाह करने की व्यवस्था की, ‘मैं वही थी।\n\n’ और जब, काम-मग्न, मेरे पति मेरे पास आए और मेरे शरीर को हल्के से छूते हुए, स्नेह भरे शब्द बोले, तो उन्हें एक जोरदार झटका लगा, जैसे बिजली गिर गई हो, क्योंकि तब भी ‘मैं वही थी।\n\n’","type":"default","passage":"बंगाली 'आनंद से भरी माँ' (आनंदमयी माँ)","commentary":"","meaning":""},{"id":"10","title":"45.10","content":"“मेरे पति ने मेरे सामने घुटने टेके, हाथ जोड़े और मुझसे क्षमा मांगी।\n\n“‘माँ, ’ उन्होंने कहा, ‘क्योंकि मैंने वासना के विचार से आपके शारीरिक मंदिर को छूकर अपवित्र किया है - यह न जानते हुए कि इसके भीतर मेरी पत्नी नहीं बल्कि दिव्य माँ निवास करती है - मैं यह गंभीर प्रतिज्ञा करता हूँ: मैं आपका शिष्य, एक ब्रह्मचारी अनुयायी बनूँगा, एक सेवक की तरह हमेशा चुपचाप आपकी देखभाल करूँगा, जब तक मैं जीवित रहूँगा, फिर कभी किसी से बात नहीं करूँगा।\n\nमैं इस प्रकार आपके विरुद्ध आज किए गए पाप का प्रायश्चित करूँ, मेरे गुरु।\n\n’ “जब मैंने अपने पति के इस प्रस्ताव को चुपचाप स्वीकार कर लिया, तब भी ‘मैं वही थी।\n\n’ और, पिताजी, \n\nअब आपके सामने, ‘मैं वही हूँ।\n\n’ उसके बाद भी, भले ही अनंत काल के हॉल में मेरे चारों ओर सृष्टि का नृत्य बदल जाए, ‘मैं वही रहूँगा।\n\n’”","type":"default","passage":"बंगाली 'आनंद से भरी माँ' (आनंदमयी माँ)","commentary":"","meaning":""},{"id":"11","title":"45.11","content":"आनंद मोई मा एक गहरी ध्यान अवस्था में डूब गईं।\n\nउनका रूप मूर्ति-सा था; वे अपने सदा-आह्वान करने वाले राज्य में भाग गई थीं।\n\nउनकी आँखों के काले पोखर बेजान और कांच जैसे लग रहे थे।\n\nयह भाव अक्सर तब दिखाई देता है जब संत अपनी चेतना को भौतिक शरीर से हटा लेते हैं, जो तब आत्माविहीन मिट्टी के टुकड़े से ज़्यादा कुछ नहीं होता।\n\nहम एक घंटे तक परमानंद की अवस्था में साथ बैठे रहे।\n\nवे एक छोटी सी हंसी के साथ इस दुनिया में लौट आईं।\n\n> कृपया, आनंद मोई मा,  \n मैंने कहा,  \n> मेरे साथ बगीचे में चलो।\n\nमि. राइट कुछ तस्वीरें लेंगे।\n\n  \n> बेशक, पिताजी।\n\nआपकी इच्छा ही मेरी इच्छा है।\n\n कई तस्वीरों के लिए पोज देते समय उनकी शानदार आँखों में हमेशा की तरह दिव्य चमक बनी रही।","type":"default","passage":"बंगाली 'आनंद से भरी माँ' (आनंदमयी माँ)","commentary":"","meaning":""},{"id":"12","title":"45.12","content":"भोज का समय! आनंद मोई माँ अपनी कम्बल-सीट पर बैठी थीं, एक शिष्य उन्हें भोजन कराने के लिए उनकी कोहनी पर था।\n\nएक शिशु की तरह, चेले द्वारा भोजन को उनके होठों तक लाने के बाद संत ने आज्ञाकारी ढंग से भोजन निगल लिया।\n\nयह स्पष्ट था कि आनंदमयी माँ करी और मिठाइयों में कोई अंतर नहीं पहचानती थीं! जैसे-जैसे शाम ढलती गई, संत अपने दल के साथ गुलाब की पंखुड़ियों की वर्षा के बीच विदा हुईं, उनके हाथ छोटे बालकों को आशीर्वाद देने के लिए उठे हुए थे।\n\nउनके चेहरे उस स्नेह से चमक रहे थे जिसे उन्होंने सहजता से जगाया था।\n\n> तू अपने प्रभु परमेश्वर से अपने पूरे दिल, और अपनी पूरी आत्मा, और अपनी पूरी बुद्धि, और अपनी पूरी शक्ति से प्रेम करना:\n मसीह ने घोषणा की है,  \n> यह पहली आज्ञा है।\n\n {FN45-2}","type":"default","passage":"बंगाली 'आनंद से भरी माँ' (आनंदमयी माँ)","commentary":"","meaning":""},{"id":"13","title":"45.13","content":"आनंद मोई माँ ने प्रत्येक हीन आसक्ति को त्यागकर, भगवान के प्रति अपनी एकमात्र निष्ठा प्रस्तुत की।\n\nविद्वानों के तीखे भेदों से नहीं, बल्कि विश्वास के सुनिश्चित तर्क से, बालसुलभ संत ने मानव जीवन की एकमात्र समस्या का समाधान किया है- ईश्वर के साथ एकता की स्थापना।\n\nमनुष्य इस नितांत सरलता को भूल गया है, जो \n\nअब लाखों समस्याओं से घिर गई है।\n\nईश्वर के प्रति एकेश्वरवादी प्रेम को अस्वीकार करते हुए, राष्ट्र दान के बाहरी मंदिरों के सामने सजग सम्मान द्वारा अपनी बेवफाई को छिपाते हैं।\n\nये मानवीय इशारे पुण्य हैं, क्योंकि एक पल के लिए वे मनुष्य का ध्यान खुद से हटा देते हैं, लेकिन वे उसे जीवन में उसकी एकमात्र जिम्मेदारी से मुक्त नहीं करते हैं, जिसे यीशु ने पहली आज्ञा के रूप में संदर्भित किया है।\n\nईश्वर से प्रेम करने का उत्थानकारी दायित्व मनुष्य द्वारा अपने एकमात्र उपकारकर्ता द्वारा मुफ्त में दी गई हवा की पहली सांस के साथ ग्रहण किया जाता है।","type":"default","passage":"बंगाली 'आनंद से भरी माँ' (आनंदमयी माँ)","commentary":"","meaning":""},{"id":"14","title":"45.14","content":"रांची यात्रा के बाद एक अन्य अवसर पर मुझे आनंद मोई मां से मिलने का अवसर मिला।\n\nकुछ महीनों बाद वे अपने शिष्यों के बीच सेरामपुर स्टेशन के प्लेटफार्म पर ट्रेन का इंतजार कर रही थीं।\n\nउन्होंने मुझसे कहा,  \n> पिताजी, मैं हिमालय जा रही हूं।\n\n  \n> उदार शिष्यों ने मेरे लिए देहरादून में एक आश्रम बनवाया है।\n\n जब वे ट्रेन में चढ़ीं, तो मुझे यह देखकर आश्चर्य हुआ कि चाहे भीड़ में हों, ट्रेन में हों, दावत कर रही हों या चुपचाप बैठी हों, उनकी आंखें कभी भी ईश्वर से दूर नहीं जाती थीं।\n\nमेरे भीतर मैं अभी भी उनकी आवाज सुनता हूं, असीम मधुरता की प्रतिध्वनि:  \n> देखो, अभी और हमेशा शाश्वत के साथ एक, **मैं हमेशा एक ही हूं।\n\n**\n {FN45-1} मुझे ईस्ट-वेस्ट में छपी आनंद मोई मां के जीवन के कुछ और तथ्य मिले।\n\nसंत का जन्म 1893 में मध्य बंगाल के ढाका में हुआ था।\n\nअनपढ़ होने के बावजूद उन्होंने अपने ज्ञान से बुद्धिजीवियों को चकित कर दिया है।\n\nसंस्कृत में उनके श्लोकों ने विद्वानों को आश्चर्यचकित कर दिया है।\n\nउन्होंने अपनी उपस्थिति मात्र से ही शोकग्रस्त व्यक्तियों को सांत्वना प्रदान की है तथा चमत्कारिक उपचार किए हैं।","type":"default","passage":"बंगाली 'आनंद से भरी माँ' (आनंदमयी माँ)","commentary":"","meaning":""},{"id":"15","title":"45.15","content":"{FN45-2} मरकुस 12:30.","type":"default","passage":"बंगाली 'आनंद से भरी माँ' (आनंदमयी माँ)","commentary":"","meaning":""}]}