{"id":46,"title":"वह महिला योगी जो कभी नहीं खाती (गिरी बाला)","description":"वह महिला योगी जो कभी नहीं खाती (गिरी बाला)","sectionCount":31,"tags":null,"contentId":"AoY02","sections":[{"id":"1","title":"46.1","content":"वह महिला योगी जो कभी नहीं खाती  \n> सर, आज सुबह हम कहाँ जा रहे हैं?\n मि. राइट फोर्ड चला रहे थे; उन्होंने अपनी आँखें सड़क से हटा लीं और मुझे प्रश्नवाचक दृष्टि से देखने लगे।\n\nदिन-प्रतिदिन उन्हें शायद ही पता होता था कि बंगाल के किस हिस्से की अगली खोज वे करेंगे।\n\n> ईश्वर की इच्छा से,  \n मैंने श्रद्धापूर्वक उत्तर दिया,  \n> हम दुनिया के आठवें आश्चर्य को देखने जा रहे हैं-एक महिला संत जिसका आहार केवल हवा है!\n  \n> चमत्कारों की पुनरावृत्ति-थेरेसा न्यूमैन के बाद।\n\n लेकिन मि. राइट वैसे ही उत्सुकता से हँसे; उन्होंने कार की गति भी बढ़ा दी।\n\nउनकी यात्रा डायरी के लिए और भी असाधारण सामग्री! वह एक औसत पर्यटक नहीं था!","type":"default","passage":"वह महिला योगी जो कभी नहीं खाती (गिरी बाला)","commentary":"","meaning":""},{"id":"2","title":"46.2","content":"रांची स्कूल अभी-अभी हमारे पीछे छूटा था; हम सूरज उगने से पहले ही उठ गए थे।\n\nमेरे सचिव और मेरे अलावा, तीन बंगाली दोस्त भी पार्टी में थे।\n\nहम सुबह की प्राकृतिक शराब, उत्साहपूर्ण हवा में मदिरा का आनंद ले रहे थे।\n\nहमारे ड्राइवर ने सावधानी से सुबह के किसानों और दो-पहिया गाड़ियों के बीच से गाड़ी को आगे बढ़ाया, जिन्हें धीरे-धीरे जुते हुए, कूबड़ वाले कंधों वाले बैलों द्वारा खींचा जा रहा था, जो किसी शोर मचाने वाले घुसपैठिए से सड़क पर विवाद करने के लिए तैयार थे।\n\n> सर, हम उपवास करने वाले संत के बारे में और जानना चाहते हैं।\n\n  \n> उनका नाम गिरी बाला है,  \n मैंने अपने साथियों को बताया।\n\n> मैंने पहली बार उनके बारे में सालों पहले एक विद्वान सज्जन, स्थिति लाल नंदी से सुना था।\n\nवे अक्सर मेरे भाई बिष्णु को पढ़ाने के लिए गुरपार रोड स्थित घर आते थे।","type":"default","passage":"वह महिला योगी जो कभी नहीं खाती (गिरी बाला)","commentary":"","meaning":""},{"id":"3","title":"46.3","content":"स्थिति बाबू ने मुझसे कहा, **मैं गिरि बाला को अच्छी तरह से जानता हूं।\n\nवह एक खास योग तकनीक का इस्तेमाल करती है, जिससे वह बिना खाए रह सकती है।\n\nमैं इच्छापुर के पास नवाबगंज में उसका करीबी पड़ोसी था।\n\n{FN46-1} मैंने उसे करीब से देखने का फैसला किया; मुझे कभी भी इस बात का सबूत नहीं मिला कि वह कुछ खा रही थी या पी रही थी।\n\nमेरी दिलचस्पी आखिरकार इतनी बढ़ गई कि मैं बर्दवान के महाराजा {FN46-2} के पास गया और उनसे जांच करने को कहा।\n\nकहानी सुनकर हैरान होकर उन्होंने उसे अपने महल में आमंत्रित किया।\n\nवह एक परीक्षण के लिए सहमत हो गई और दो महीने तक उनके घर के एक छोटे से हिस्से में बंद रही।\n\nबाद में वह बीस दिनों के लिए महल में आई; और फिर पंद्रह दिनों के तीसरे परीक्षण के लिए।\n\nमहाराजा ने खुद मुझे बताया कि इन तीन कठोर जांचों ने उन्हें उसके खाने-पीने से इनकार करने की स्थिति के बारे में संदेह से परे आश्वस्त कर दिया था।\n\n**","type":"default","passage":"वह महिला योगी जो कभी नहीं खाती (गिरी बाला)","commentary":"","meaning":""},{"id":"4","title":"46.4","content":"> स्थिति बाबू की यह कहानी पच्चीस साल से मेरे दिमाग में है,  \n मैंने निष्कर्ष निकाला।\n\n> कभी-कभी अमेरिका में मैं सोचता था कि समय की नदी कहीं योगिनी को निगल न ले, इससे पहले कि मैं उससे मिलूँ।\n\nवह \n\nअब काफी बूढ़ी हो गई होगी।\n\nमुझे यह भी नहीं पता कि वह कहाँ रहती है या रहती भी है या नहीं।\n\nलेकिन कुछ ही घंटों में हम पुरुलिया पहुँच जाएँगे; उसके भाई का घर वहाँ है।\n\n साढ़े दस बजे तक हमारा छोटा-सा समूह पुरुलिया के वकील भाई लंबोदर डे से बातचीत कर रहा था।\n\n> हाँ, मेरी बहन रह रही है।\n\nवह कभी-कभी मेरे साथ यहाँ रहती है, लेकिन इस समय वह हमारे बिउर स्थित पारिवारिक घर में है।\n\n लंबोदर बाबू ने फोर्ड की ओर संदेह भरी दृष्टि से देखा।\n\n> स्वामीजी, मुझे नहीं लगता कि बिउर तक कभी कोई मोटरगाड़ी भीतरी इलाकों में पहुँची होगी।\n\nबेहतर होगा कि आप सब बैलगाड़ी की पुरानी धक्कों को सह लें!","type":"default","passage":"वह महिला योगी जो कभी नहीं खाती (गिरी बाला)","commentary":"","meaning":""},{"id":"5","title":"46.5","content":"एक स्वर में हमारे दल ने डेट्रॉयट के गौरव के प्रति वफादारी की शपथ ली।\n\nमैंने वकील से कहा, “फोर्ड अमेरिका से आता है।\n\nउसे बंगाल के दिल से परिचित होने के अवसर से वंचित करना शर्म की बात होगी!” “गणेश {FN46-4} आपके साथ चलें!” लंबोदर बाबू ने हँसते हुए कहा।\n\nउन्होंने विनम्रता से कहा, “यदि आप कभी वहाँ जाएँ, तो मुझे यकीन है कि गिरि बाला आपको देखकर प्रसन्न होंगी।\n\nवह सत्तर के करीब पहुँच रही हैं, लेकिन अभी भी बहुत स्वस्थ हैं।\n\n” “कृपया मुझे बताएं, सर, क्या यह बिल्कुल सच है कि वह कुछ नहीं खाती हैं?” मैंने सीधे उनकी आँखों में देखा, मन की वे सूचक खिड़कियाँ।\n\n[चित्रण: गिरि बाला, इस महान महिला योगी ने १८८० से भोजन या जल नहीं लिया है।\n\nमैं उनके साथ १९३६ में, बंगाल के बिउर के एकांत गाँव में उनके घर में चित्रित हूँ वह अपने शरीर को आकाश, सूर्य और वायु से प्राप्त ब्रह्मांडीय ऊर्जा से पुनः चार्ज करने के लिए एक विशेष योग तकनीक का उपयोग करती हैं।\n\n—देखें giribala.jpg]","type":"default","passage":"वह महिला योगी जो कभी नहीं खाती (गिरी बाला)","commentary":"","meaning":""},{"id":"6","title":"46.6","content":"> यह सच है।\n\n उनकी नज़र खुली और सम्मानपूर्ण थी।\n\n> पांच दशक से ज़्यादा समय से मैंने उसे कभी एक निवाला खाते नहीं देखा।\n\nअगर दुनिया अचानक खत्म हो जाए, तो मैं अपनी बहन को खाना खाते देखकर जितना हैरान हो सकता था, उतना और क्या हो सकता था!\n हम दोनों ने इन दो ब्रह्मांडीय घटनाओं की असंभावना पर एक साथ ठहाके लगाए।\n\n> गिरि बाला ने कभी भी अपने योग अभ्यास के लिए दुर्गम एकांत की तलाश नहीं की,  \n लंबोदर बाबू ने कहा।\n\n> उसने अपना पूरा जीवन अपने परिवार और दोस्तों के साथ बिताया है।\n\nवे सभी \n\nअब उसकी अजीबोगरीब स्थिति के आदी हो चुके हैं।\n\nउनमें से कोई भी ऐसा नहीं होगा जो गिरि बाला के अचानक कुछ खाने का फैसला करने पर अचंभित न हो! बहन स्वाभाविक रूप से एकांत में जा रही है, जैसा कि एक हिंदू विधवा के लिए होता है, लेकिन पुरुलिया और बिउर में हमारे छोटे से समूह को पता है कि वह सचमुच एक **असाधारण** महिला है।","type":"default","passage":"वह महिला योगी जो कभी नहीं खाती (गिरी बाला)","commentary":"","meaning":""},{"id":"7","title":"46.7","content":"भाई की ईमानदारी स्पष्ट थी।\n\nहमारे छोटे से दल ने उनका हार्दिक धन्यवाद किया और बिउर की ओर चल पड़े।\n\nहम करी और लूचिस के लिए एक सड़क की दुकान पर रुके, जिससे कुछ छोटे बच्चे आकर्षित हुए जो श्री राइट को सरल हिंदू तरीके से अपनी उंगलियों से खाते हुए देखने के लिए इकट्ठे हो गए।\n\n{FN46-5} पेट की भूख ने हमें उस दोपहर के लिए खुद को मजबूत करने के लिए प्रेरित किया, जो उस समय अज्ञात थी, लेकिन काफी थका देने वाली साबित होने वाली थी।\n\nअब हमारा रास्ता धूप में पके चावल के खेतों से होते हुए पूर्व की ओर बंगाल के बर्दवान खंड में चला गया।\n\nघनी वनस्पतियों से भरी सड़कों से होते हुए; विशाल, छतरी जैसी शाखाओं वाले पेड़ों से मायना और धारीदार गले वाले बुलबुल के गीत निकलते थे।\n\nकभी-कभी एक बैलगाड़ी, उसके धुरी और लोहे के बने लकड़ी के पहियों की रिनी, रिनी, मंजू, मंजू की चरमराहट मन में शहरों के कुलीन डामर पर ऑटो टायरों की स्विश, स्विश की ध्वनि के साथ तीव्र रूप से विपरीत होती है।","type":"default","passage":"वह महिला योगी जो कभी नहीं खाती (गिरी बाला)","commentary":"","meaning":""},{"id":"8","title":"46.8","content":"> डिक, रुक जाओ!\n मेरे अचानक अनुरोध पर फोर्ड से एक जोरदार विरोध आया।\n\n> वह बोझ से दबा आम का पेड़ वास्तव में निमंत्रण दे रहा है!\n हम पाँचों आम से लदे हुए मैदान की ओर बच्चों की तरह दौड़े; पेड़ ने अपने फल पकने के बाद कृपापूर्वक गिरा दिए थे।\n\n> बहुत सारे आम ऐसे पैदा होते हैं जो बिना देखे पड़े रहते हैं,  \n मैंने दूसरे शब्दों में कहा,  \n> और अपनी मिठास को पथरीली ज़मीन पर बरबाद कर देते हैं।\n\n  \n> अमेरिका में ऐसा कुछ नहीं है, स्वामीजी, है न?\n मेरे बंगाली छात्रों में से एक शैलेश मजूमदार ने हँसते हुए कहा।\n\n> नहीं,  \n मैंने स्वीकार किया, आम के रस और संतोष से लथपथ।\n\n> मैं पश्चिम में इस फल को कितना याद करता हूँ! आम के बिना एक हिंदू का स्वर्ग अकल्पनीय है!","type":"default","passage":"वह महिला योगी जो कभी नहीं खाती (गिरी बाला)","commentary":"","meaning":""},{"id":"9","title":"46.9","content":"मैंने एक पत्थर उठाया और सबसे ऊंची शाखा पर छिपी एक गर्वित सुंदरता को नीचे गिरा दिया।\n\n> डिक,  \n मैंने अमृत के घूंटों के बीच पूछा, उष्णकटिबंधीय सूरज की गर्मी से गर्म,  \n> क्या सभी कैमरे कार में हैं?\n  \n> हाँ, सर; सामान के डिब्बे में।\n\n  \n> अगर गिरि बाला एक सच्ची संत साबित होती हैं, तो मैं उनके बारे में पश्चिम में लिखना चाहता हूँ।\n\nऐसी प्रेरक शक्तियों वाली एक हिंदू योगिनी को इन आमों की तरह गुमनाम नहीं रहना चाहिए और मरना चाहिए।\n\n आधे घंटे बाद मैं अभी भी जंगल की शांति में टहल रहा था।\n\n> सर,  \n श्री राइट ने टिप्पणी की,  \n> हमें सूर्यास्त से पहले गिरि बाला तक पहुँच जाना चाहिए, ताकि तस्वीरों के लिए पर्याप्त रोशनी हो।\n\n उन्होंने मुस्कुराते हुए कहा,  \n> पश्चिमी लोग बहुत संशयवादी हैं; हम उनसे बिना किसी तस्वीर के महिला पर विश्वास करने की उम्मीद नहीं कर सकते!","type":"default","passage":"वह महिला योगी जो कभी नहीं खाती (गिरी बाला)","commentary":"","meaning":""},{"id":"10","title":"46.10","content":"यह ज्ञान की बात निर्विवाद थी; मैंने प्रलोभन से मुंह मोड़ लिया और कार में वापस बैठ गया।\n\n> तुम सही कह रहे हो, डिक,  \n मैंने आह भरते हुए कहा,  \n> मैं पश्चिमी यथार्थवाद की वेदी पर आम के स्वर्ग की बलि चढ़ाता हूं।\n\nहमें तस्वीरें तो लेनी ही चाहिए!\n सड़क और भी बीमार होती जा रही थी: गड्ढों की झुर्रियाँ, सख्त मिट्टी के फोड़े, बुढ़ापे की दुखद दुर्बलताएँ! हमारा समूह कभी-कभी उतर जाता था ताकि मिस्टर राइट आसानी से फोर्ड को चला सकें, जिसे हम चारों ने पीछे से धक्का दिया।\n\n> लंबादर बाबू ने सच कहा,  \n शैलेश ने स्वीकार किया।\n\n> कार हमें नहीं ले जा रही है; हम कार को ले जा रहे हैं!\n हमारी चढ़ाई-उतरती कार की नीरसता को बीच-बीच में एक गाँव के रूप में देखा जा सकता था, हर एक दृश्य में विचित्र सादगी थी।","type":"default","passage":"वह महिला योगी जो कभी नहीं खाती (गिरी बाला)","commentary":"","meaning":""},{"id":"11","title":"46.11","content":"“हमारा रास्ता जंगल की छाया में बसे प्राचीन, अदूषित गांवों के बीच ताड़ के पेड़ों के बागों से होकर घुमावदार रास्ते से गुजरा, ” श्री राइट ने 5 मई, 1936 की तारीख के तहत अपनी यात्रा डायरी में दर्ज किया है।\n\n“ये मिट्टी की फूस की झोपड़ियों के समूह बहुत ही आकर्षक हैं, जिनके दरवाजे पर भगवान के नामों में से एक लिखा हुआ है; कई छोटे, नग्न बच्चे मासूमियत से खेल रहे हैं, घूरने के लिए रुकते हैं या इस बड़ी, काली, बिना बैल की गाड़ी से बेतहाशा भागते हैं जो उनके गांव से पागलों की तरह भाग रही है।\n\nऔरतें बस परछाई से झांकती हैं, जबकि पुरुष सड़क के किनारे पेड़ों के नीचे आलसी ढंग से लेटे रहते हैं, उनकी लापरवाही के नीचे उत्सुकता से।\n\nएक जगह, सभी ग्रामीण बड़े से टैंक में  \n***(अपने कपड़ों में, अपने शरीर के चारों ओर सूखे कपड़े लपेट कर और गीले कपड़े गिरा कर)***\n खुशी से नहा रहे","type":"default","passage":"वह महिला योगी जो कभी नहीं खाती (गिरी बाला)","commentary":"","meaning":""},{"id":"12","title":"46.12","content":"“सड़क हमें पहाड़ों और पहाड़ियों के बीच से गुज़ारती रही; हम उछलते-कूदते, छोटी-छोटी धाराओं में गिरते-पड़ते, एक अधूरे पुल से रास्ता बदलते, सूखी रेतीली नदियों के बीच से गुज़रते और आखिरकार शाम के 5 बजे हम अपनी मंज़िल बिउर के करीब पहुँच गए।\n\nबांकुड़ा जिले के अंदरूनी हिस्से में बसा यह छोटा-सा गाँव, घने पेड़ों की ओट में छिपा हुआ है।\n\nबारिश के मौसम में जब नदियाँ तेज़ बहाव में बह रही होती हैं और सड़कें सर्प की तरह कीचड़ उगल रही होती हैं, तो यात्रियों के लिए यहाँ पहुँचना मुश्किल हो जाता है।\n\n“मंदिर से प्रार्थना करके घर लौट रहे श्रद्धालुओं के एक समूह के बीच  \n***(एकांत मैदान में)***\n जब हमने गाइड के लिए पूछा, तो हमें एक दर्जन कम कपड़े पहने लड़कों ने घेर लिया, जो कार की साइड में चढ़ गए और हमें गिरि बाला तक ले जाने के लिए उत्सुक थे।","type":"default","passage":"वह महिला योगी जो कभी नहीं खाती (गिरी बाला)","commentary":"","meaning":""},{"id":"13","title":"46.13","content":"“सड़क खजूर के पेड़ों के एक बाग की ओर जाती थी, जिसमें मिट्टी की झोपड़ियों का एक समूह छाया हुआ था, लेकिन हमारे वहां पहुंचने से पहले, फोर्ड क्षण भर के लिए एक खतरनाक कोण पर झुक गई, ऊपर-नीचे गिर गई।\n\nसंकरी पगडंडी पेड़ों और तालाबों के बीच से, पहाड़ियों से होते हुए, गड्ढों और गहरे गड्ढों में जाती थी।\n\nकार झाड़ियों के एक झुंड पर फंस गई, फिर एक पहाड़ी पर जा गिरी, जिससे मिट्टी के ढेले उठाने पड़े; हम धीरे-धीरे और सावधानी से आगे बढ़े; अचानक गाड़ी के ट्रैक के बीच में झाड़ियों के ढेर ने रास्ता रोक दिया, जिससे एक खड़ी चट्टान से नीचे एक सूखे तालाब में जाने के लिए चक्कर लगाना पड़ा, जिससे बचाव के लिए कुछ खुरचने, कुदाल चलाने और फावड़े चलाने की ज़रूरत पड़ी।\n\nबार-बार सड़क अगम्य लगती थी, लेकिन तीर्थयात्रा जारी रहनी चाहिए थी; मददगार लड़कों ने कुदालें लीं और बाधाओं  \n***(गणेश की छाया!)***\n को तोड़ दिया, जबकि सैकड़ों बच्चे और माता-पिता देखते रह गए।","type":"default","passage":"वह महिला योगी जो कभी नहीं खाती (गिरी बाला)","commentary":"","meaning":""},{"id":"14","title":"46.14","content":"“जल्द ही हम प्राचीनता के दो गड्ढों के बीच से अपना रास्ता बना रहे थे, महिलाएँ अपनी झोपड़ियों के दरवाज़ों से आँखें फाड़े देख रही थीं, पुरुष हमारे साथ-साथ और पीछे चल रहे थे, बच्चे जुलूस में शामिल होने के लिए भाग रहे थे।\n\nशायद हमारी गाड़ी इन सड़कों पर चलने वाली पहली गाड़ी थी; यहाँ ‘बैलगाड़ी संघ’ का बोलबाला होना चाहिए! हमने क्या सनसनी मचा दी- एक समूह जिसका नेतृत्व एक अमेरिकी कर रहा था और एक तेज़ कार में सवार होकर सीधे उनके गाँव की किलेबंदी में घुस गया, प्राचीन गोपनीयता और पवित्रता पर आक्रमण करते हुए! “एक संकरी गली में रुककर हमने खुद को गिरि बाला के पैतृक घर से सौ फ़ीट की दूरी पर पाया।\n\nहमने एक लंबी सड़क यात्रा के बाद संतुष्टि का रोमांच महसूस किया, जो एक कठिन अंत से भी बदतर थी।\n\nहम ईंट और प्लास्टर की एक बड़ी, दो मंज़िला इमारत के पास पहुँचे, जो आस-पास की मिट्टी की झोपड़ियों पर हावी थी; घर की मरम्मत चल रही थी, क्योंकि उसके चारों ओर बांस की खास उष्णकटिबंधीय रूपरेखा थी।","type":"default","passage":"वह महिला योगी जो कभी नहीं खाती (गिरी बाला)","commentary":"","meaning":""},{"id":"15","title":"46.15","content":"“हम उत्सुकता और दबी हुई खुशी के साथ भगवान के ‘भूख रहित’ स्पर्श से धन्य हुए द्वार के सामने खड़े थे।\n\nगांव के लोग, युवा और बूढ़े, नंगे और सजे-धजे, महिलाएं कुछ हद तक अलग लेकिन जिज्ञासु भी, पुरुष और लड़के बेखौफ होकर हमारे पीछे-पीछे इस अभूतपूर्व तमाशे को निहार रहे थे।\n\n“जल्द ही द्वार पर एक छोटी सी आकृति दिखाई दी-गिरि बाला! वह मटमैले सुनहरे रेशमी कपड़े में लिपटी हुई थी; ठेठ भारतीय अंदाज में, वह विनम्रता और झिझक के साथ आगे बढ़ी, अपने स्वदेशी कपड़े की ऊपरी तह के नीचे से थोड़ा झांक रही थी।\n\nउसकी आंखें उसके सिर के गहने की छाया में सुलगते अंगारों की तरह चमक रही थीं","type":"default","passage":"वह महिला योगी जो कभी नहीं खाती (गिरी बाला)","commentary":"","meaning":""},{"id":"16","title":"46.16","content":"“वह विनम्रतापूर्वक हमारे पास आई और हमारे ‘स्टिल’ और ‘मूवी’ कैमरों से कई तस्वीरें खींचने के लिए चुपचाप सहमति दे दी।\n\n{FN46-6} धैर्य और शर्म के साथ उसने मुद्रा समायोजन और प्रकाश व्यवस्था की हमारी फोटो तकनीक को सहन किया।\n\nअंततः हमने दुनिया की एकमात्र महिला की कई तस्वीरें भावी पीढ़ी के लिए रिकॉर्ड कीं, जो पचास वर्षों से अधिक समय तक बिना भोजन या पानी के रहने के लिए जानी जाती है।\n\n***(थेरेसा न्यूमैन, निश्चित रूप से, 1923 से उपवास कर रही हैं।\n\n)***\n गिरि बाला की अभिव्यक्ति सबसे मातृत्वपूर्ण थी जब वह हमारे सामने खड़ी थी, पूरी तरह से ढीले-ढाले कपड़े में ढकी हुई, उसके शरीर का कुछ भी दिखाई नहीं दे रहा था, सिवाय उसके चेहरे पर झुकी हुई आँखों, उसके हाथों और उसके छोटे पैरों के।\n\nदुर्लभ शांति और मासूम संतुलन वाला चेहरा-एक चौड़ा, बच्चों जैसा, कांपता हुआ होंठ, एक स्त्रैण नाक, संकीर्ण, चमकती हुई आँखें और एक उदास मुस्कान।\n\n”","type":"default","passage":"वह महिला योगी जो कभी नहीं खाती (गिरी बाला)","commentary":"","meaning":""},{"id":"17","title":"46.17","content":"गिरि बाला के बारे में श्री राइट की धारणा मेरे साथ भी थी; आध्यात्मिकता ने उन्हें उनके कोमल चमकते घूंघट की तरह ढँक लिया था।\n\nउन्होंने गृहस्थ से संन्यासी को अभिवादन करने की प्रथागत मुद्रा में मेरे सामने नाम लिया।\n\nउनके सरल आकर्षण और शांत मुस्कान ने हमें मधुर वाक्पटुता से परे स्वागत किया; हमारी कठिन, धूल भरी यात्रा भूल गई थी।\n\nछोटी संत बरामदे में पालथी मारकर बैठी थीं।\n\nउम्र के निशान होने के बावजूद वे दुबली-पतली नहीं थीं; उनकी जैतूनी त्वचा साफ और स्वस्थ थी।\n\n> माँ,  \n मैंने बंगाली में कहा,  \n> पच्चीस साल से भी अधिक समय से मैं इस तीर्थयात्रा के बारे में उत्सुकता से सोच रहा हूँ! मैंने आपके पवित्र जीवन के बारे में स्थिति लाल नंदी बाबू से सुना था।","type":"default","passage":"वह महिला योगी जो कभी नहीं खाती (गिरी बाला)","commentary":"","meaning":""},{"id":"18","title":"46.18","content":"उसने स्वीकृति में सिर हिलाया।\n\n> हाँ, नवाबगंज में मेरी अच्छी पड़ोसी।\n\n  \n> उन वर्षों के दौरान मैंने महासागरों को पार किया है, लेकिन मैं कभी भी आपसे मिलने की अपनी प्रारंभिक योजना को नहीं भूली।\n\nआप यहाँ जो शानदार नाटक इतने गुप्त रूप से कर रहे हैं, उसे उस दुनिया के सामने उजागर किया जाना चाहिए जिसने आंतरिक भोजन दिव्य को बहुत पहले ही भूला दिया है।\n\n संत ने एक मिनट के लिए अपनी आँखें उठाईं, शांत रुचि के साथ मुस्कुराते हुए।\n\n> बाबा  \n***(आदरणीय पिता)***\n सबसे अच्छा जानते हैं,  \n उसने विनम्रतापूर्वक उत्तर दिया।\n\nमैं खुश था कि उसने कोई अपराध नहीं किया; कोई नहीं जानता कि महान योगी या योगिनियाँ प्रचार के विचार पर कैसी प्रतिक्रिया देंगी।\n\nवे इसे, एक नियम के रूप में, चुपचाप गहन आत्मा अनुसंधान करने की इच्छा रखते हुए टालते हैं।\n\nएक आंतरिक स्वीकृति उन्हें तब मिलती है जब खोजी मन के लाभ के लिए अपने जीवन को खुले तौर पर प्रदर्शित करने का उचित समय आता है।","type":"default","passage":"वह महिला योगी जो कभी नहीं खाती (गिरी बाला)","commentary":"","meaning":""},{"id":"19","title":"46.19","content":"> माँ,  \n मैंने कहा,  \n> तो फिर, मुझे माफ़ कर दो, क्योंकि मैंने तुम्हें बहुत सारे सवालों से परेशान कर दिया है।\n\nकृपया केवल उन्हीं सवालों का जवाब दो जो तुम्हें पसंद हों; मैं तुम्हारी चुप्पी को भी समझूँगा।\n\n उसने अपने हाथ फैलाकर विनम्रता से कहा।\n\n> मुझे जवाब देने में खुशी होगी, जहाँ तक कि मेरे जैसा तुच्छ व्यक्ति संतोषजनक जवाब दे सकता है।\n\n  \n> ओह, नहीं, तुच्छ नहीं!\n मैंने ईमानदारी से विरोध किया।\n\n> आप एक महान आत्मा हैं।\n\n  \n> मैं सभी का विनम्र सेवक हूँ।\n\n उसने विचित्र ढंग से कहा,  \n> मुझे खाना बनाना और लोगों को खिलाना पसंद है।\n\n मैंने सोचा, एक गैर-खाने वाले संत के लिए यह एक अजीब शगल है!  \n> मुझे बताओ, माँ, अपने होठों से-क्या तुम बिना भोजन के रहती हो?\n  \n> यह सच है।\n\n वह कुछ क्षणों के लिए चुप रही; उसकी अगली टिप्पणी से पता चला कि वह मानसिक गणित से जूझ रही थी।\n\n> बारह साल चार महीने की उम्र से लेकर मेरी वर्तमान अड़सठ साल की उम्र तक - छप्पन साल से अधिक की अवधि - मैंने भोजन नहीं किया है या तरल पदार्थ नहीं लिया है।","type":"default","passage":"वह महिला योगी जो कभी नहीं खाती (गिरी बाला)","commentary":"","meaning":""},{"id":"20","title":"46.20","content":"> क्या तुम्हें कभी खाने का मन नहीं करता?\n  \n> अगर मुझे खाने की तलब लगती, तो मुझे खाना पड़ता।\n\n उसने सरलता से लेकिन शाही अंदाज में यह स्वयंसिद्ध सत्य कहा, जिसे दुनिया भर में तीन बार भोजन करने वाले लोग भली-भाँति जानते हैं!  \n> लेकिन तुम कुछ तो खाते ही हो!\n मेरे लहजे में विरोध का भाव था।\n\n> बेशक!\n वह तुरंत समझकर मुस्कुराई।\n\n> तुम्हारा पोषण हवा और सूरज की रोशनी की सूक्ष्म ऊर्जाओं से होता है, {FN46-7} और ब्रह्मांडीय शक्ति से जो मेडुला ऑब्लांगेटा के माध्यम से तुम्हारे शरीर को रिचार्ज करती है।\n\n  \n> बाबा जानते हैं।\n\n उसने फिर से सहमति जताई, उसका तरीका शांत और स्पष्ट था।\n\n> माँ, कृपया मुझे अपने शुरुआती जीवन के बारे में बताइए।\n\nयह पूरे भारत के लिए और यहाँ तक कि समुद्र पार हमारे भाइयों और बहनों के लिए भी गहरी दिलचस्पी रखता है।","type":"default","passage":"वह महिला योगी जो कभी नहीं खाती (गिरी बाला)","commentary":"","meaning":""},{"id":"21","title":"46.21","content":"गिरि बाला ने अपनी आदतन संकोची मुद्रा को त्याग दिया और बातचीत करने के मूड में आ गई।\n\n“ऐसा ही हो।\n\n” उसकी आवाज धीमी और दृढ़ थी।\n\n“मैं इन वन प्रदेशों में पैदा हुई।\n\nमेरा बचपन बहुत साधारण था, सिवाय इसके कि मुझे कभी न मिटने वाली भूख लगी थी।\n\nबचपन में ही मेरी सगाई कर दी गई थी।\n\n“‘बेटा, ’ मेरी माँ अक्सर मुझे चेताती थी, ‘अपने लालच पर काबू रखना।\n\nजब तुम्हारे पति के परिवार में अजनबियों के बीच रहने का समय आएगा, तो वे तुम्हारे बारे में क्या सोचेंगे, अगर तुम्हारा दिन खाने-पीने में ही बीत जाए?’ “जिस विपत्ति की उन्होंने पहले से कल्पना कर ली थी, वह घटित हो गई।\n\nमैं केवल बारह वर्ष की थी, जब मैं नवाबगंज में अपने पति के लोगों के पास आ गई।\n\nमेरी सास मेरी पेटू आदतों के बारे में सुबह, दोपहर और रात को मुझे शर्मिंदा करती थीं।\n\nहालाँकि, उनकी डांट-फटकार एक छिपे हुए आशीर्वाद की तरह थी; उन्होंने मेरी निष्क्रिय आध्यात्मिक प्रवृत्तियों को जगा दिया।\n\nएक सुबह उनका उपहास निर्दयतापूर्वक था।","type":"default","passage":"वह महिला योगी जो कभी नहीं खाती (गिरी बाला)","commentary":"","meaning":""},{"id":"22","title":"46.22","content":"> मैं जल्द ही आपको साबित कर दूंगी,  \n मैंने कहा, जो मेरे अंदर चुभ रहा था,  \n> कि जब तक मैं जीवित हूं, तब तक मैं कभी भी भोजन को हाथ नहीं लगाऊंगी।\n\n  \n> मेरी सास ने उपहास में हंसी।\n\n**तो!** उसने कहा, **जब आप बिना खाए नहीं रह सकते, तो आप बिना खाए कैसे रह सकते हैं?**  \nयह टिप्पणी अनुत्तरित थी! फिर भी एक दृढ़ संकल्प ने मेरी आत्मा को सहारा दिया।\n\nएकांत स्थान में मैंने अपने स्वर्गीय पिता की तलाश की।\n\n> **भगवान, ** मैंने लगातार प्रार्थना की, **कृपया मुझे एक गुरु भेजें, जो मुझे भोजन से नहीं, बल्कि आपकी रोशनी से जीना सिखा सके।\n\n**  \nएक दिव्य परमानंद मुझ पर छा गया।\n\nएक दिव्य मंत्र से प्रेरित होकर, मैं गंगा के नवाबगंज घाट के लिए निकल पड़ी","type":"default","passage":"वह महिला योगी जो कभी नहीं खाती (गिरी बाला)","commentary":"","meaning":""},{"id":"23","title":"46.23","content":"> **आदरणीय महोदय, ** मैंने विश्वासपूर्वक कहा, **कृपया मुझे बताएं कि बिना खाए कैसे जीना है।\n\n**  \nउन्होंने बिना उत्तर दिए मेरी ओर देखा।\n\nअंत में उन्होंने सांत्वना भरे अंदाज में कहा।\n\n**बच्चे, ** उन्होंने कहा, **आज शाम को मंदिर में आओ; मैं तुम्हारे लिए एक विशेष वैदिक अनुष्ठान आयोजित करूंगा।\n\n**  \n> यह अस्पष्ट उत्तर वह नहीं था जिसकी मुझे तलाश थी; मैं घाट की ओर बढ़ता रहा।\n\nसुबह का सूरज पानी को भेद रहा था; मैंने गंगा में खुद को पवित्र किया, मानो किसी पवित्र दीक्षा के लिए।\n\nजैसे ही मैंने नदी के किनारे से बाहर निकला, मेरे चारों ओर मेरा गीला कपड़ा था, दिन के उजाले में मेरे गुरु मेरे सामने प्रकट हुए!  \n**प्यारे छोटे, ** उन्होंने प्रेमपूर्ण करुणा की आवाज़ में कहा, **मैं भगवान द्वारा आपकी ज़रूरी प्रार्थना को पूरा करने के लिए यहाँ भेजा गया गुरु हूँ।\n\nवे इसकी बहुत ही असामान्य प्रकृति से बहुत प्रभावित हुए! आज से तुम सूक्ष्म प्रकाश से जीओगे, तुम्हारे शरीर के परमाणु अनंत धारा से पोषित होंगे।\n\n**\"","type":"default","passage":"वह महिला योगी जो कभी नहीं खाती (गिरी बाला)","commentary":"","meaning":""},{"id":"24","title":"46.24","content":"गिरि बाला चुप हो गए।\n\nमैंने मिस्टर राइट की पेंसिल और पैड लिया और उनकी जानकारी के लिए कुछ चीजों का अंग्रेजी में अनुवाद किया।\n\nसंत ने कहानी फिर से शुरू की, उनकी कोमल आवाज़ मुश्किल से सुनाई दे रही थी।\n\n> घाट सुनसान था, लेकिन मेरे गुरु ने हमारे चारों ओर एक सुरक्षा प्रकाश की आभा फैला दी, ताकि बाद में कोई भटका हुआ स्नान करने वाला हमें परेशान न करे।\n\nउन्होंने मुझे एक क्रिया तकनीक में दीक्षित किया जो शरीर को नश्वर लोगों के स्थूल भोजन पर निर्भरता से मुक्त करती है।\n\nइस तकनीक में एक खास मंत्र {FN46-8} का उपयोग और एक श्वास व्यायाम शामिल है जो औसत व्यक्ति की तुलना में अधिक कठिन है।\n\nइसमें कोई दवा या जादू शामिल नहीं है; क्रिया से परे कुछ भी नहीं है।","type":"default","passage":"वह महिला योगी जो कभी नहीं खाती (गिरी बाला)","commentary":"","meaning":""},{"id":"25","title":"46.25","content":"अमेरिकी अखबार के रिपोर्टर की तरह, जिसने अनजाने में मुझे अपनी प्रक्रिया सिखा दी थी, मैंने गिरि बाला से कई मामलों पर सवाल पूछे, जो मुझे लगा कि दुनिया के लिए दिलचस्प होंगे।\n\nउसने मुझे, धीरे-धीरे, निम्नलिखित जानकारी दी:  \n> मेरे कोई बच्चे नहीं हैं; कई साल पहले मैं विधवा हो गई।\n\nमैं बहुत कम सोती हूँ, क्योंकि मेरे लिए सोना और जागना एक ही बात है।\n\nमैं रात में ध्यान करती हूँ, दिन में अपने घरेलू काम निपटाती हूँ।\n\nमैं मौसम के हिसाब से मौसम में होने वाले बदलाव को थोड़ा-बहुत महसूस करती हूँ।\n\nमैं कभी बीमार नहीं हुई या किसी बीमारी का सामना नहीं किया।\n\nमुझे केवल तब हल्का दर्द होता है जब मैं गलती से चोटिल हो जाती हूँ।\n\nमेरे शरीर से मल-मूत्र नहीं निकलता।\n\nमैं अपने दिल और साँस को नियंत्रित कर सकती हूँ।\n\nमैं अक्सर अपने गुरु के साथ-साथ अन्य महान आत्माओं को भी देखती हूँ।","type":"default","passage":"वह महिला योगी जो कभी नहीं खाती (गिरी बाला)","commentary":"","meaning":""},{"id":"26","title":"46.26","content":"> माँ,  \n मैंने पूछा,  \n> आप दूसरों को बिना खाए जीने का तरीका क्यों नहीं सिखातीं?\n दुनिया के लाखों भूखे लोगों के लिए मेरी महत्वाकांक्षी उम्मीदें कली में ही खत्म हो गईं।\n\n> नहीं।\n\n उसने अपना सिर हिलाया।\n\n> मेरे गुरु ने मुझे सख्त आदेश दिया था कि मैं रहस्य न बताऊँ।\n\nभगवान की सृष्टि के नाटक से छेड़छाड़ करना उनकी इच्छा नहीं है।\n\nअगर मैं बहुत से लोगों को बिना खाए जीना सिखाऊँ तो किसान मुझे धन्यवाद नहीं देंगे! रसीले फल बेकार ही ज़मीन पर पड़े रहेंगे।\n\nऐसा लगता है कि दुख, भुखमरी और बीमारी हमारे कर्मों की मार हैं जो अंततः हमें जीवन का सही अर्थ खोजने के लिए प्रेरित करती हैं।\n\n  \n> माँ,  \n मैंने धीरे से कहा,  \n> आपको बिना खाए जीने के लिए चुना जाना किस काम का?","type":"default","passage":"वह महिला योगी जो कभी नहीं खाती (गिरी बाला)","commentary":"","meaning":""},{"id":"27","title":"46.27","content":"> यह साबित करने के लिए कि मनुष्य आत्मा है।\n\n उसका चेहरा ज्ञान से चमक उठा।\n\n> यह दिखाने के लिए कि दिव्य उन्नति से वह धीरे-धीरे भोजन से नहीं बल्कि शाश्वत प्रकाश से जीना सीख सकता है।\n\n संत एक गहरी ध्यान अवस्था में डूब गए।\n\nउनकी निगाह भीतर की ओर थी; उनकी आँखों की कोमल गहराई भावहीन हो गई।\n\nउन्होंने एक निश्चित आह भरी, जो आनंदित साँसहीन समाधि की प्रस्तावना थी।\n\nकुछ समय के लिए वह प्रश्नहीन क्षेत्र, आंतरिक आनंद के स्वर्ग में भाग गई थी।\n\nउष्णकटिबंधीय अंधकार छा गया था।\n\nछाया में चुपचाप बैठे दर्जनों ग्रामीणों के चेहरों पर एक छोटे से मिट्टी के तेल के दीपक की रोशनी टिमटिमा रही थी।\n\nझोंपड़ियों के दूर से चमकते हुए जुगनू और तेल के लालटेन मखमली रात में चमकीले भयानक पैटर्न बुन रहे थे।\n\nयह बिछड़ने की दर्दनाक घड़ी थी; हमारी छोटी सी पार्टी के सामने एक धीमी, थकाऊ यात्रा थी।","type":"default","passage":"वह महिला योगी जो कभी नहीं खाती (गिरी बाला)","commentary":"","meaning":""},{"id":"28","title":"46.28","content":"> गिरि बाला,  \n मैंने कहा जैसे ही संत ने अपनी आँखें खोलीं,  \n> कृपया मुझे एक स्मृति-चिह्न दे दीजिए-आपकी एक साड़ी का एक टुकड़ा।\n\n वह जल्दी ही बनारस रेशम का एक टुकड़ा लेकर लौटी, और उसे अपने हाथ में लेकर अचानक ज़मीन पर गिर पड़ी।\n\n> माँ,  \n मैंने श्रद्धापूर्वक कहा,  \n> बल्कि मुझे अपने पवित्र चरण छूने दीजिए!\n {FN46-1} उत्तरी बंगाल में।\n\n{FN46-2} परम पूज्य सर बिजय चंद महताब, \n\nअब दिवंगत हो चुके हैं।\n\nउनके परिवार के पास निस्संदेह महाराजा द्वारा गिरि बाला के तीन निरीक्षणों का कुछ रिकॉर्ड है।\n\n{FN46-3} महिला योगी।\n\n{FN46-4}  \n> बाधाओं को दूर करने वाली,  \n सौभाग्य की देवी।\n\n{FN46-5} श्री युक्तेश्वर कहा करते थे:  \n> भगवान ने हमें अच्छी धरती के फल दिए हैं।\n\nहम अपना भोजन देखना, उसे सूँघना, उसका स्वाद लेना पसंद करते हैं - हिंदू उसे छूना भी पसंद करते हैं!\n यदि भोजन के समय कोई और मौजूद न हो, तो भी इसे सुनने में कोई आपत्ति नहीं होती!","type":"default","passage":"वह महिला योगी जो कभी नहीं खाती (गिरी बाला)","commentary":"","meaning":""},{"id":"29","title":"46.29","content":"{FN46-6} श्री राइट ने सेरामपुर में अपने अंतिम शीतकालीन संक्रांति महोत्सव के दौरान श्री युक्तेश्वर की चलती तस्वीरें भी लीं।\n\n{FN46-7} “हम जो खाते हैं वह विकिरण है; हमारा भोजन ऊर्जा का इतना बड़ा क्वांटा है, ” क्लीवलैंड के डॉ जॉर्ज डब्ल्यू क्राइल ने 17 मई, 1933 को मेम्फिस में चिकित्सकों की एक सभा में कहा।\n\n“यह अत्यंत महत्वपूर्ण विकिरण, जो शरीर के विद्युत परिपथ, तंत्रिका तंत्र के लिए विद्युत धाराएं छोड़ता है, सूर्य की किरणों द्वारा भोजन को दिया जाता है।\n\nडॉ क्राइल कहते हैं कि परमाणु सौर मंडल हैं।\n\nपरमाणु वाहन हैं जो कई कुंडलित स्प्रिंग्स के रूप में सौर चमक से भरे होते हैं।\n\nऊर्जा के ये असंख्य परमाणु भोजन के रूप में ग्रहण किए जाते हैं।\n\nएक बार मानव शरीर में, ‘वे आपकी मांसपेशियाँ, मस्तिष्क और संवेदी अंग हैं, जैसे कि आँखें और कान।\n\n’”","type":"default","passage":"वह महिला योगी जो कभी नहीं खाती (गिरी बाला)","commentary":"","meaning":""},{"id":"30","title":"46.30","content":"किसी दिन वैज्ञानिक यह पता लगा लेंगे कि मनुष्य सीधे सौर ऊर्जा पर कैसे जीवित रह सकता है।\n\n> क्लोरोफिल प्रकृति में ज्ञात एकमात्र पदार्थ है जो किसी तरह **सूर्य के प्रकाश के जाल** के रूप में कार्य करने की शक्ति रखता है,  \n विलियम एल. लॉरेंस ने न्यू यॉर्क टाइम्स में लिखा है।\n\n> यह सूर्य के प्रकाश की ऊर्जा को **पकड़ता** है और इसे पौधे में संग्रहीत करता है।\n\nइसके बिना कोई जीवन अस्तित्व में नहीं रह सकता।\n\nहमें जीवित रहने के लिए आवश्यक ऊर्जा पौधों के भोजन में संग्रहीत सौर ऊर्जा से मिलती है जो हम खाते हैं या पौधों को खाने वाले जानवरों के मांस में।\n\nकोयले या तेल से हमें जो ऊर्जा मिलती है वह लाखों साल पहले पौधों के जीवन में क्लोरोफिल द्वारा फंसी हुई सौर ऊर्जा है।\n\nहम क्लोरोफिल की एजेंसी के माध्यम से सूर्य द्वारा जीवित रहते हैं।","type":"default","passage":"वह महिला योगी जो कभी नहीं खाती (गिरी बाला)","commentary":"","meaning":""},{"id":"31","title":"46.31","content":"{FN46-8} शक्तिशाली कंपन मंत्र।\n\nसंस्कृत मंत्र का शाब्दिक अनुवाद  \n> विचार का साधन\n है, जो आदर्श, अश्रव्य ध्वनियों को दर्शाता है जो सृजन के एक पहलू का प्रतिनिधित्व करते हैं; जब अक्षरों के रूप में उच्चारित किया जाता है, तो मंत्र एक सार्वभौमिक शब्दावली का निर्माण करता है।\n\nध्वनि की अनंत शक्तियाँ ओम से प्राप्त होती हैं, जो ब्रह्मांडीय मोटर का  \n> शब्द\n या रचनात्मक गुनगुनाहट है।","type":"default","passage":"वह महिला योगी जो कभी नहीं खाती (गिरी बाला)","commentary":"","meaning":""}]}