{"id":48,"title":"कैलिफोर्निया के एनकिनिटास में","description":"कैलिफोर्निया के एनकिनिटास में","sectionCount":21,"tags":null,"contentId":"AoY02","sections":[{"id":"1","title":"48.1","content":"कैलिफोर्निया के एनसिनिटास में  \n> सर, आश्चर्य की बात है! विदेश में आपकी अनुपस्थिति के दौरान हमने एनसिनिटास में यह आश्रम बनवाया है; यह एक **स्वागत-गृह** उपहार है!\n बहन ज्ञानमाता ने मुस्कुराते हुए मुझे एक गेट से होते हुए पेड़ों की छाया में एक रास्ते पर ले गईं।\n\nमैंने एक इमारत देखी जो नीले समुद्र की ओर एक विशाल सफेद समुद्री जहाज की तरह उभरी हुई थी।\n\nपहले तो बिना कुछ कहे, फिर  \n> ओह!\n और  \n> आह!\n के साथ, \n\nअंत में खुशी और कृतज्ञता की अपर्याप्त शब्दावली के साथ, मैंने आश्रम की जांच की- सोलह असामान्य रूप से बड़े कमरे, जिनमें से प्रत्येक आकर्षक रूप से सजा हुआ था।\n\nआलीशान केंद्रीय हॉल, जिसमें विशाल छत जितनी ऊंची खिड़कियाँ हैं, घास, समुद्र, आकाश की एक संयुक्त वेदी पर दिखता है- पन्ना, ओपल, नीलम में एक सिम्फनी।\n\nहॉल की विशाल चिमनी के ऊपर एक मंटल में लाहिड़ी महाशय की फ़्रेमयुक्त प्रतिमा है, जो इस सुदूर प्रशांत स्वर्ग पर अपना आशीर्वाद देते हुए मुस्कुरा रही है।","type":"default","passage":"कैलिफोर्निया के एनकिनिटास में","commentary":"","meaning":""},{"id":"2","title":"48.2","content":"हॉल के ठीक नीचे, बिल्कुल पहाड़ी पर बनी, दो एकांत ध्यान गुफाएँ आकाश और समुद्र की अनंतता का सामना करती हैं।\n\nबरामदे, धूप सेंकने के कोने, कई एकड़ में फैला बाग, नीलगिरी का बाग, गुलाब और लिली के बीच से शांत कुंजों तक जाने वाले पत्थर के रास्ते, एकांत समुद्र तट और विशाल जल पर समाप्त होने वाली सीढ़ियों की एक लंबी उड़ान! क्या सपना कभी इतना ठोस था?  \n> संतों की अच्छी और वीर और उदार आत्माएँ यहाँ आ सकती हैं,  \n ज़ेंड-अवेस्ता से  \n> एक प्रार्थना के लिए एक प्रार्थना\n में लिखा है, जो आश्रम के एक दरवाज़े पर लगी हुई है, \"और वे हमारे साथ हाथ से हाथ मिला कर चलें, अपने आशीर्वाद के गुणों को पृथ्वी की तरह व्यापक, नदियों की तरह दूर-दूर तक, सूरज की तरह ऊँचा पहुँचाते हुए, बेहतर लोगों के विकास के लिए, प्रचुरता और महिमा की वृद्धि के लिए।","type":"default","passage":"कैलिफोर्निया के एनकिनिटास में","commentary":"","meaning":""},{"id":"3","title":"48.3","content":"“इस घर में आज्ञाकारिता अवज्ञा पर विजय प्राप्त करे; यहाँ कलह पर शांति की विजय हो; लोभ पर मुक्त हृदय से दिया गया दान, छल पर सत्य वचन, अवमानना पर श्रद्धा।\n\nहमारा मन प्रसन्न हो, हमारी आत्मा उन्नत हो, हमारे शरीर भी महिमावान हों; और हे दिव्य प्रकाश, हम आपको देखें, और हम आपके निकट पहुँचें, आपके चारों ओर घूमें, और आपकी संपूर्ण संगति प्राप्त करें!” [चित्रण: एनसिनिटास, कैलिफोर्निया, प्रशांत महासागर की ओर।\n\nसेल्फ़-रियलाइज़ेशन फ़ेलोशिप का मुख्य भवन और मैदान का एक हिस्सा—देखें encinitas.jpg] यह सेल्फ़-रियलाइज़ेशन फ़ेलोशिप आश्रम कुछ अमेरिकी शिष्यों, अंतहीन ज़िम्मेदारियों वाले अमेरिकी व्यापारियों की उदारता के कारण संभव हुआ था, जो फिर भी अपने क्रिया योग के लिए प्रतिदिन समय निकालते हैं।\n\nभारत और यूरोप में रहने के दौरान आश्रम निर्माण के बारे में एक शब्द भी मुझे नहीं बताया गया।\n\nआश्चर्य, प्रसन्नता!","type":"default","passage":"कैलिफोर्निया के एनकिनिटास में","commentary":"","meaning":""},{"id":"4","title":"48.4","content":"अमेरिका में अपने शुरुआती वर्षों के दौरान मैंने समुद्र तट पर आश्रम के लिए एक छोटी सी जगह की तलाश में कैलिफोर्निया के तट की खाक छानी थी; जब भी मुझे कोई उपयुक्त स्थान मिला, तो हमेशा कोई न कोई बाधा मुझे रोकने के लिए खड़ी हो गई।\n\nअब एनसिनिटास के विस्तृत एकड़ को देखते हुए, {FN48-1} मैंने विनम्रतापूर्वक श्रीयुक्तेश्वर की बहुत पहले की भविष्यवाणी की सहज पूर्ति देखी:  \n> समुद्र के किनारे एक आश्रम।\n\n कुछ महीने बाद, 1937 के ईस्टर पर, मैंने एनसिनिटास के चिकने लॉन पर कई सूर्योदय सेवाओं में से पहली सेवा आयोजित की।\n\nपुराने समय के जादूगरों की तरह, कई सौ छात्र दैनिक चमत्कार, पूर्वी आकाश में प्रारंभिक सौर अग्नि अनुष्ठान को भक्तिमय विस्मय में देखते थे।\n\nपश्चिम में अटूट प्रशांत महासागर था, जो अपनी गंभीर प्रशंसा को गूँज रहा था; दूरी पर, एक छोटी सी सफेद पाल वाली नाव, और एक सीगल की एकाकी उड़ान।\n\n> मसीह, तुम जी उठे हो!\n वसंत के सूरज के साथ ही नहीं, बल्कि आत्मा की शाश्वत भोर में!","type":"default","passage":"कैलिफोर्निया के एनकिनिटास में","commentary":"","meaning":""},{"id":"5","title":"48.5","content":"कई खुशनुमा महीने बीत गए; परम सौंदर्य की शांति में मैं आश्रम में एक लंबे समय से प्रकल्पित रचना, कॉस्मिक चैंट्स को पूरा करने में सक्षम हो गया।\n\nमैंने अंग्रेजी शब्दों और पश्चिमी संगीत संकेतन के साथ लगभग चालीस गाने तैयार किए, कुछ मूल, अन्य मेरी प्राचीन धुनों के रूपांतर।\n\nइसमें शंकराचार्य का मंत्र,  \n> नो बर्थ, नो डेथ\n शामिल था; श्रीयुक्तेश्वर के दो पसंदीदा:  \n> वेक, येट वेक, ओ माई सेंट!\n और  \n> इच्छा, माई ग्रेट एनिमी\n; पुराना संस्कृत  \n> ब्रह्मा का भजन\n; पुराने बंगाली गीत,  \n> व्हाट लाइटनिंग फ्लैश!\n और  \n> दे हैव हर्ड थि नेम\n; टैगोर का  \n> हू इज इन माई टेंपल?\n; और मेरी कई रचनाएँ:  \n> आई विल बी थिन ऑलवेज\n,  \n> इन द लैंड बियॉन्ड माई ड्रीम्स\n,  \n> कम आउट ऑफ द साइलेंट स्काई\n,  \n> लिसन टू माई सोल कॉल\n,  \n> इन द टेंपल ऑफ साइलेंस\n और  \n> थू आर माई लाइफ।","type":"default","passage":"कैलिफोर्निया के एनकिनिटास में","commentary":"","meaning":""},{"id":"6","title":"48.6","content":"गीत-पुस्तक की प्रस्तावना के लिए मैंने पूर्व की अनोखी भक्तिमय हवाओं के प्रति पश्चिमी लोगों की ग्रहणशीलता के साथ अपने पहले असाधारण अनुभव का वर्णन किया।\n\nअवसर एक सार्वजनिक व्याख्यान का था; समय, 18 अप्रैल, 1926; स्थान, न्यूयॉर्क में कार्नेगी हॉल।\n\n> श्री हंसिकर,  \n मैंने एक अमेरिकी छात्र से कहा था,  \n> मैं श्रोताओं से एक प्राचीन हिंदू मंत्र, **हे भगवान सुंदर!** गाने के लिए कहने की योजना बना रहा हूँ।\n\n  \n> सर,  \n श्री हंसिकर ने विरोध किया था,  \n> ये प्राच्य गीत अमेरिकी समझ के लिए विदेशी हैं।\n\nक्या शर्म की बात है अगर व्याख्यान को अधिक पके हुए टमाटरों की टिप्पणी से खराब कर दिया जाए!\n मैंने हँसते हुए असहमति जताई थी।\n\n> संगीत एक सार्वभौमिक भाषा है।\n\nअमेरिकी इस उदात्त मंत्र में आत्मा-आकांक्षा को महसूस करने में विफल नहीं होंगे।\n\n {FN48-2}","type":"default","passage":"कैलिफोर्निया के एनकिनिटास में","commentary":"","meaning":""},{"id":"7","title":"48.7","content":"व्याख्यान के दौरान मि. हंसिकर मंच पर मेरे पीछे बैठे थे, शायद मेरी सुरक्षा के लिए डर रहे थे।\n\nउनके संदेह निराधार थे; न केवल अवांछित सब्जियाँ गायब थीं, बल्कि एक घंटे पच्चीस मिनट तक तीन हज़ार लोगों के कंठों से  \n> हे भगवान सुंदर!\n की ध्वनि निरंतर गूंजती रही थी।\n\nप्रिय न्यू यॉर्कवासियों, \n\nअब कोई उदासी नहीं रही; आपके दिल खुशी के एक सरल स्तुतिगान में बह गए थे! उस शाम भगवान के धन्य नाम का प्रेमपूर्वक जाप करने वाले भक्तों के बीच दिव्य उपचार हुए थे।\n\nएक साहित्यिक गायक का एकांत जीवन लंबे समय तक मेरी भूमिका नहीं थी।\n\nजल्द ही मैं लॉस एंजिल्स और एनसिनिटास के बीच हर पखवाड़े को विभाजित करने लगा।\n\nरविवार की सेवाएँ, कक्षाएँ, क्लबों और कॉलेजों में व्याख्यान, छात्रों के साथ साक्षात्कार, पत्राचार की निरंतर धाराएँ, ईस्ट-वेस्ट के लिए लेख, भारत में गतिविधियों की दिशा और अमेरिकी शहरों में कई छोटे केंद्र।\n\nदूरस्थ योग साधकों के लिए क्रिया और अन्य सेल्फ-रियलाइज़ेशन फेलोशिप शिक्षाओं को अध्ययन की एक श्रृंखला में व्यवस्थित करने के लिए भी काफी समय दिया गया, जिनके उत्साह ने स्थान की किसी सीमा को नहीं पहचाना।","type":"default","passage":"कैलिफोर्निया के एनकिनिटास में","commentary":"","meaning":""},{"id":"8","title":"48.8","content":"1938 में वाशिंगटन, डी.सी. में सभी धर्मों के एक सेल्फ-रियलाइज़ेशन चर्च का हर्षोल्लासपूर्वक समर्पण हुआ।\n\nभू-दृश्य वाले मैदानों के बीच बना यह आलीशान चर्च शहर के एक हिस्से में स्थित है, जिसे “फ्रेंडशिप हाइट्स” कहा जाता है।\n\nवाशिंगटन के नेता स्वामी प्रेमानंद हैं, जिन्होंने रांची स्कूल और कलकत्ता विश्वविद्यालय से शिक्षा प्राप्त की है।\n\nमैंने उन्हें 1928 में वाशिंगटन सेल्फ-रियलाइज़ेशन फ़ेलोशिप केंद्र का नेतृत्व संभालने के लिए बुलाया था।\n\n“प्रेमानंद, ” मैंने उनके नए मंदिर की यात्रा के दौरान उनसे कहा, “यह पूर्वी मुख्यालय आपकी अथक भक्ति का पत्थर में बना स्मारक है।\n\nयहाँ देश की राजधानी में आपने लाहिड़ी महाशय के आदर्शों की रोशनी को ऊपर उठाया है।\n\n”","type":"default","passage":"कैलिफोर्निया के एनकिनिटास में","commentary":"","meaning":""},{"id":"9","title":"48.9","content":"प्रेमानंद मेरे साथ वाशिंगटन से बोस्टन में सेल्फ-रियलाइज़ेशन फ़ेलोशिप सेंटर की एक संक्षिप्त यात्रा पर आए थे।\n\n1920 से ही अडिग रहने वाले क्रिया योग बैंड को फिर से देखकर मुझे कितनी खुशी हुई! बोस्टन के नेता, डॉ. एम. डब्ल्यू. लुईस ने मुझे और मेरे साथी को एक आधुनिक, कलात्मक रूप से सजाए गए कमरे में ठहराया।\n\n> सर,  \n डॉ. लुईस ने मुस्कुराते हुए मुझसे कहा,  \n> अमेरिका में अपने शुरुआती वर्षों के दौरान आप इस शहर में एक कमरे में रहते थे, जिसमें स्नानघर नहीं था।\n\nमैं आपको बताना चाहता था कि बोस्टन में कुछ शानदार अपार्टमेंट हैं!\n दुनिया भर में आसन्न नरसंहार की छायाएँ लंबी होती जा रही थीं; पहले से ही तेज कान युद्ध के भयावह नगाड़ों को सुन सकते थे।\n\nकैलिफ़ोर्निया में हज़ारों लोगों के साथ साक्षात्कार के दौरान, और दुनिया भर में पत्राचार के माध्यम से, मैंने पाया कि पुरुष और महिलाएँ अपने दिलों की गहराई से खोज कर रहे थे; दुखद बाहरी असुरक्षा ने शाश्वत आश्रय की आवश्यकता पर ज़ोर दिया था।","type":"default","passage":"कैलिफोर्निया के एनकिनिटास में","commentary":"","meaning":""},{"id":"10","title":"48.10","content":"लंदन सेल्फ-रियलाइज़ेशन फ़ेलोशिप सेंटर के नेता ने 1941 में मुझे लिखा,  \n> हमने वास्तव में ध्यान के महत्व को सीखा है, और जानते हैं कि कुछ भी हमारी आंतरिक शांति को भंग नहीं कर सकता है।\n\nपिछले कुछ हफ़्तों में बैठकों के दौरान हमने हवाई हमले की चेतावनियाँ सुनी हैं और विलंबित-कार्रवाई वाले बमों के विस्फोटों को सुना है, लेकिन हमारे छात्र अभी भी इकट्ठा होते हैं और हमारी सुंदर सेवा का पूरा आनंद लेते हैं।\n\n अमेरिका के युद्ध में प्रवेश करने से ठीक पहले युद्धग्रस्त इंग्लैंड से मुझे एक और पत्र मिला।\n\nद विजडम ऑफ़ द ईस्ट सीरीज़ के प्रसिद्ध संपादक डॉ. एल. क्रैनमर बिंग ने बहुत ही दयनीय शब्दों में लिखा: \"जब मैंने ईस्ट-वेस्ट पढ़ा तो मुझे एहसास हुआ कि हम कितने अलग-अलग लग रहे थे, जाहिर तौर पर दो अलग-अलग दुनिया में रह रहे थे।\n\nसुंदरता, व्यवस्था, शांति और शांति लॉस एंजिल्स से मेरे पास आती है, एक जहाज़ की तरह पवित्र ग्रिल के आशीर्वाद और आराम से लदे हुए एक घिरे हुए शहर में बंदरगाह की ओर बढ़ते हुए।","type":"default","passage":"कैलिफोर्निया के एनकिनिटास में","commentary":"","meaning":""},{"id":"11","title":"48.11","content":"> मैं आपके खजूर के पेड़ों के बाग़ और समुद्र के किनारे और पहाड़ों के नज़ारों वाले एनसिनिटास के मंदिर को एक सपने की तरह देखता हूँ, और सबसे बढ़कर आध्यात्मिक सोच वाले पुरुषों और महिलाओं की संगति, एकता में समाहित, रचनात्मक काम में लीन और चिंतन में भरपूर समुदाय।\n\nयह मेरी अपनी दृष्टि की दुनिया है, जिसके निर्माण में मैंने अपना छोटा सा हिस्सा निभाने की उम्मीद की थी, और \n\nअब...  \nशायद शरीर में मैं कभी आपके सुनहरे तटों तक नहीं पहुँच पाऊँगा और न ही आपके मंदिर में पूजा कर पाऊँगा।\n\nलेकिन यह कुछ और है, यह देखना और यह जानना कि युद्ध के बीच में भी आपके बंदरगाहों और पहाड़ियों के बीच एक शांति है।\n\nएक आम सैनिक की ओर से सभी साथियों को नमस्कार, भोर का इंतज़ार कर रहे वॉचटावर पर लिखा गया।\n\n\"","type":"default","passage":"कैलिफोर्निया के एनकिनिटास में","commentary":"","meaning":""},{"id":"12","title":"48.12","content":"युद्ध के वर्षों ने उन लोगों में आध्यात्मिक जागृति ला दी, जिनके मनोरंजन में पहले कभी न्यू टेस्टामेंट का अध्ययन शामिल नहीं था।\n\nयुद्ध की कड़वी जड़ी-बूटियों से एक मीठा आसवन! बढ़ती हुई ज़रूरत को पूरा करने के लिए, हॉलीवुड में 1942 में एक प्रेरणादायक छोटा सा सेल्फ़-रियलाइज़ेशन चर्च ऑफ़ ऑल रिलिजन बनाया गया और उसे समर्पित किया गया।\n\nयह साइट ऑलिव हिल और दूर लॉस एंजिल्स प्लेनेटेरियम के सामने है।\n\nनीले, सफ़ेद और सुनहरे रंग में तैयार यह चर्च एक बड़े तालाब में जलकुंभी के बीच में दिखाई देता है।\n\nबगीचे फूलों से भरे हुए हैं, कुछ चौंका देने वाले पत्थर के हिरण, एक रंगीन कांच का पेर्गोला और एक विचित्र इच्छा कुआँ है।\n\nपैसे और मनुष्य की बहुरूपदर्शक इच्छाओं के साथ आत्मा के एकमात्र खजाने के लिए कई शुद्ध आकांक्षाएँ जुड़ी हुई हैं! लाहिड़ी महाशय और श्री युक्तेश्वर, और कृष्ण, बुद्ध, कन्फ्यूशियस, सेंट फ्रांसिस और अंतिम भोज में मसीह की एक सुंदर मोती की प्रतिकृति की मूर्तियों के साथ छोटे-छोटे आलों से एक सार्वभौमिक दयालुता बहती है।","type":"default","passage":"कैलिफोर्निया के एनकिनिटास में","commentary":"","meaning":""},{"id":"13","title":"48.13","content":"1943 में सैन डिएगो में सभी धर्मों का एक और सेल्फ-रियलाइज़ेशन चर्च स्थापित किया गया था।\n\nयह एक शांत पहाड़ी की चोटी पर स्थित मंदिर है, जो यूकेलिप्टस की ढलान वाली घाटी में स्थित है, जहाँ से सैन डिएगो खाड़ी की चमक दिखाई देती है।\n\nएक शाम इस शांत आश्रय में बैठकर, मैं अपने दिल की बात गाने में उड़ेल रहा था।\n\nमेरी उंगलियों के नीचे चर्च का मधुर स्वर वाला ऑर्गन था, मेरे होठों पर एक प्राचीन बंगाली भक्त की तड़पती हुई शिकायत थी, जिसने शाश्वत सांत्वना की तलाश की थी: इस दुनिया में, माँ, कोई भी मुझसे प्यार नहीं कर सकता; इस दुनिया में वे ईश्वरीय प्रेम को नहीं जानते।\n\nशुद्ध प्रेम कहाँ है? सच्चा प्रेम कहाँ है? मेरा दिल वहाँ रहने के लिए तरसता है।","type":"default","passage":"कैलिफोर्निया के एनकिनिटास में","commentary":"","meaning":""},{"id":"14","title":"48.14","content":"चैपल में मेरे साथी, सैन डिएगो सेंटर लीडर डॉ. लॉयड केनेल, गीत के शब्दों पर थोड़ा मुस्कुरा रहे थे।\n\n> सच बताइए, परमहंसजी, क्या यह इसके लायक था?\n उन्होंने मुझे एक गंभीर ईमानदारी के साथ देखा।\n\nमैं उनके संक्षिप्त प्रश्न को समझ गया:  \n> क्या आप अमेरिका में खुश रहे हैं? मोहभंग, दिल के दर्द, केंद्र के नेता जो नेतृत्व नहीं कर सके, छात्रों को जो पढ़ाया नहीं जा सका, उनके बारे में क्या?\n  \n> धन्य है वह व्यक्ति जिसे भगवान ने परखा है, डॉक्टर! उसने मुझे कभी-कभी बोझ डालने के लिए याद किया है!\n फिर मैंने सभी वफादार लोगों के बारे में सोचा, उस प्रेम, भक्ति और समझ के बारे में जो अमेरिका के दिल में है।\n\nधीरे-धीरे जोर देते हुए मैंने कहा,  \n> लेकिन मेरा जवाब है: हाँ, एक हजार बार हाँ! यह सार्थक रहा है; यह एक निरंतर प्रेरणा रही है, जितना मैंने कभी सपना देखा था, पश्चिम और पूर्व को एकमात्र स्थायी बंधन, आध्यात्मिकता में करीब आते देखना!","type":"default","passage":"कैलिफोर्निया के एनकिनिटास में","commentary":"","meaning":""},{"id":"15","title":"48.15","content":"मैंने मन ही मन एक प्रार्थना भी जोड़ी:  \n> बाबाजी और श्रीयुक्तेश्वरजी को लगे कि मैंने अपना काम पूरा कर दिया है, और जिस उच्च आशा के साथ उन्होंने मुझे भेजा था, उसे निराश नहीं किया है।\n\n मैं फिर से ऑर्गन की ओर मुड़ा; इस बार मेरे गीत में युद्ध की वीरता का रंग था: समय का चक्का चाँद और सितारों के कई जीवन को और कई चमकती हुई सुबहों को नष्ट कर देता है - लेकिन फिर भी मेरी आत्मा आगे बढ़ रही है! अंधकार, मृत्यु और असफलताएँ होड़ कर रही थीं; मेरा रास्ता रोकने के लिए उन्होंने जमकर कोशिश की; ईर्ष्यालु प्रकृति के साथ मेरी लड़ाई मजबूत है - लेकिन फिर भी मेरी आत्मा आगे बढ़ रही है! 1945 के नए साल के सप्ताह में मैं अपने एनसिनिटास अध्ययन कक्ष में इस पुस्तक की पांडुलिपि को संशोधित करते हुए काम कर रहा था।","type":"default","passage":"कैलिफोर्निया के एनकिनिटास में","commentary":"","meaning":""},{"id":"16","title":"48.16","content":"> परमहंसजी, कृपया बाहर आइए।\n\n बोस्टन से आए डॉ. लुईस ने मेरी खिड़की के बाहर से मुझे विनती भरी मुस्कान दी।\n\nजल्द ही हम धूप में टहल रहे थे।\n\nमेरे साथी ने तट राजमार्ग से सटे फेलोशिप प्रॉपर्टी के किनारे निर्माणाधीन नए टावरों की ओर इशारा किया।\n\n> सर, मैं अपनी पिछली यात्रा के बाद से यहाँ कई सुधार देख रहा हूँ।\n\n डॉ. लुईस साल में दो बार बोस्टन से एनसिनिटास आते हैं।\n\n> हाँ, डॉक्टर, एक परियोजना जिस पर मैं लंबे समय से विचार कर रहा था, वह निश्चित रूप लेने लगी है।\n\nइन खूबसूरत परिवेश में मैंने एक लघु विश्व कॉलोनी शुरू की है।\n\nभाईचारा एक आदर्श है जिसे उपदेश से बेहतर उदाहरण से समझा जा सकता है! यहाँ एक छोटा सा सामंजस्यपूर्ण समूह पृथ्वी पर अन्य आदर्श समुदायों को प्रेरित कर सकता है।","type":"default","passage":"कैलिफोर्निया के एनकिनिटास में","commentary":"","meaning":""},{"id":"17","title":"48.17","content":"> बहुत बढ़िया विचार है, सर! अगर हर कोई ईमानदारी से अपना काम करे तो कॉलोनी ज़रूर सफल होगी!\n  \n> **विश्व** एक बड़ा शब्द है, लेकिन मनुष्य को अपनी निष्ठा को बढ़ाना चाहिए, खुद को एक विश्व नागरिक के रूप में देखना चाहिए,  \n मैंने आगे कहा।\n\n> एक व्यक्ति जो वास्तव में महसूस करता है: **विश्व मेरी मातृभूमि है; यह मेरा अमेरिका, मेरा भारत, मेरा फिलीपींस, मेरा इंग्लैंड, मेरा अफ्रीका है, ** उसके पास उपयोगी और खुशहाल जीवन के लिए कभी भी गुंजाइश नहीं होगी।\n\nउसका स्वाभाविक स्थानीय गौरव असीम विस्तार को जान पाएगा; वह रचनात्मक सार्वभौमिक धाराओं के संपर्क में रहेगा।\n\n डॉ. लुईस और मैं आश्रम के पास कमल के तालाब के ऊपर रुके।\n\nहमारे नीचे असीम प्रशांत महासागर था।","type":"default","passage":"कैलिफोर्निया के एनकिनिटास में","commentary":"","meaning":""},{"id":"18","title":"48.18","content":"> ये वही जल पश्चिम और पूर्व के तटों पर, कैलिफोर्निया और चीन में समान रूप से टूटते हैं।\n\n मेरे साथी ने महासागर के सत्तर मिलियन वर्ग मील के पहले भाग में एक छोटा सा पत्थर फेंका।\n\n> एनसिनिटास एक विश्व उपनिवेश के लिए एक प्रतीकात्मक स्थान है।\n\n  \n> यह सच है, डॉक्टर।\n\nहम यहाँ कई सम्मेलनों और धर्म सम्मेलनों का आयोजन करेंगे, जिसमें सभी देशों से प्रतिनिधियों को आमंत्रित किया जाएगा।\n\nहमारे हॉल में राष्ट्रों के झंडे फहराए जाएँगे।\n\nदुनिया के प्रमुख धर्मों को समर्पित, मैदान पर छोटे-छोटे मंदिर बनाए जाएँगे।\n\nजितनी जल्दी हो सके,  \n>  मैंने कहा,  \nमैं यहाँ एक योग संस्थान खोलने की योजना बना रहा हूँ।\n\nपश्चिम में क्रिया योग की धन्य भूमिका अभी शुरू ही हुई है।\n\nसभी लोगों को पता चले कि सभी मानवीय दुखों पर काबू पाने के लिए आत्म-साक्षात्कार की एक निश्चित, वैज्ञानिक तकनीक है!\"","type":"default","passage":"कैलिफोर्निया के एनकिनिटास में","commentary":"","meaning":""},{"id":"19","title":"48.19","content":"[चित्रण: शांति सम्मेलन के आयोजन के दौरान सैन फ्रांसिस्को में 1945 में अंतरजातीय बैठक में वक्ता।\n\n***(बाएं से दाएं)***\n डॉ. मानेक अंकलेसरिया, जॉन कोही, मैं, ह्यूग ई. मैकबेथ, विंस एम. टाउनसेंड, जूनियर, रिचर्ड बी. मूर—देखें sanfr.jpg] [चित्रण: वाशिंगटन, डी.सी. में सभी धर्मों का सेल्फ-रियलाइज़ेशन चर्च, जिसके नेता, स्वामी प्रेमानंद, यहाँ मेरे साथ चित्रित हैं—देखें premananda.jpg] [चित्रण: मेरे आदरणीय पिता, शांत कमल मुद्रा में बैठे, कलकत्ता, 1936—देखें father2.jpg] देर रात तक मेरे प्रिय मित्र-अमेरिका में पहले क्रिया योगी-ने मेरे साथ आध्यात्मिक आधार पर स्थापित विश्व उपनिवेशों की आवश्यकता पर चर्चा की।\n\n> समाज\n नामक मानवरूपी अमूर्तता के लिए जिम्मेदार बुराइयों को अधिक यथार्थवादी रूप से हर व्यक्ति के दरवाजे पर रखा जा सकता है।\n\nयूटोपिया को नागरिक सद्गुणों में खिलने से पहले निजी हृदय में पनपना चाहिए।\n\nमनुष्य एक आत्मा है, संस्था नहीं; उसके आंतरिक सुधार ही बाहरी सुधारों को स्थायित्व प्रदान कर सकते हैं।\n\nआध्यात्मिक मूल्यों, आत्म-साक्षात्कार पर जोर देकर, विश्व बंधुत्व का उदाहरण प्रस्तुत करने वाली कॉलोनी को अपने क्षेत्र से कहीं आगे तक प्रेरक कंपन भेजने का अधिकार दिया जाता है।","type":"default","passage":"कैलिफोर्निया के एनकिनिटास में","commentary":"","meaning":""},{"id":"20","title":"48.20","content":"15 अगस्त, 1945, द्वितीय विश्व युद्ध का अंत! एक दुनिया का अंत; एक रहस्यमय परमाणु युग की शुरुआत! आश्रम के निवासी धन्यवाद की प्रार्थना के लिए मुख्य हॉल में एकत्र हुए।\n\n> स्वर्गीय पिता, ऐसा फिर कभी न हो! आपके बच्चे \n\nअब से भाइयों की तरह रहेंगे!\n युद्ध के वर्षों का तनाव चला गया था; हमारी आत्माएँ शांति के सूरज में गुनगुना रही थीं।\n\nमैंने अपने प्रत्येक अमेरिकी साथी को खुशी से देखा।\n\n> भगवान,  \n मैंने कृतज्ञतापूर्वक सोचा,  \n> आपने इस भिक्षु को एक बड़ा परिवार दिया है!\n {FN48-1} कोस्ट हाईवे 101 पर एक छोटा सा शहर, एनसिनिटास लॉस एंजिल्स से 100 मील दक्षिण में और सैन डिएगो से 25 मील उत्तर में है।\n\n{FN48-2} मैं यहाँ गुरु नानक के गीत के शब्दों का अनुवाद करता हूँ:","type":"default","passage":"कैलिफोर्निया के एनकिनिटास में","commentary":"","meaning":""},{"id":"21","title":"48.21","content":"हे ईश्वर सुन्दर! हे ईश्वर सुन्दर! जंगल में तुम हरे हो, पहाड़ में तुम ऊँचे हो, नदी में तुम बेचैन हो, समुद्र में तुम गंभीर हो! सेवा करने वालों के लिए तुम सेवा हो, प्रेमी के लिए तुम प्रेम हो, दुखी के लिए तुम सहानुभूति हो, योगी के लिए तुम आनंद हो! हे ईश्वर सुन्दर! हे ईश्वर सुन्दर! मैं तुम्हारे चरणों में नतमस्तक हूँ! ","type":"default","passage":"कैलिफोर्निया के एनकिनिटास में","commentary":"","meaning":""}]}