{"id":5,"title":"एक 'इत्र संत' ने अपना चमत्कार दिखाया","description":"एक 'इत्र संत' ने अपना चमत्कार दिखाया","sectionCount":22,"tags":null,"contentId":"AoY02","sections":[{"id":"1","title":"5.1","content":"एक “सुगंधित संत” अपने चमत्कारों को प्रदर्शित करता है “हर चीज़ के लिए एक मौसम होता है, और आकाश के नीचे हर उद्देश्य के लिए एक समय होता है।\n\n” मेरे पास सुलैमान का यह ज्ञान नहीं था जो मुझे सांत्वना दे सके; मैं घर से किसी भी यात्रा पर अपने नियत गुरु के चेहरे की तलाश में अपने आस-पास खोजी निगाहों से देखता था।\n\nलेकिन मेरी राह हाई स्कूल की पढ़ाई पूरी होने तक उनके रास्ते से नहीं मिली।\n\nअमर के साथ हिमालय की ओर मेरी उड़ान और मेरे जीवन में श्रीयुक्तेश्वर के आगमन के महान दिन के बीच दो साल बीत गए।\n\nउस अंतराल के दौरान मैं कई संतों से मिला- “सुगंधित संत”, “टाइगर स्वामी”, नागेंद्र नाथ भादुड़ी, मास्टर महाशय और प्रसिद्ध बंगाली वैज्ञानिक, जगदीश चंद्र बोस।","type":"default","passage":"एक 'इत्र संत' ने अपना चमत्कार दिखाया","commentary":"","meaning":""},{"id":"2","title":"5.2","content":"> परफ्यूम सेंट\n के साथ मेरी मुलाकात में दो प्रस्तावनाएँ थीं, एक सामंजस्यपूर्ण और दूसरी विनोदी।\n\n> ईश्वर सरल है।\n\nबाकी सब कुछ जटिल है।\n\nप्रकृति की सापेक्ष दुनिया में निरपेक्ष मूल्यों की तलाश मत करो।\n\n ये दार्शनिक अंतिम बातें धीरे-धीरे मेरे कानों में घुस गईं, जब मैं काली की एक मंदिर की छवि के सामने चुपचाप खड़ा था।\n\nमुड़ते हुए, मेरा सामना एक लंबे आदमी से हुआ, जिसकी वेशभूषा या उसके अभाव से पता चलता था कि वह एक भटकता हुआ साधु था।\n\n> आपने वास्तव में मेरे विचारों की उलझन को भेद दिया है!\n मैं कृतज्ञतापूर्वक मुस्कुराया।\n\n> प्रकृति में सौम्य और भयानक पहलुओं की उलझन, जैसा कि काली द्वारा प्रतीक है, {FN5-1} ने मुझसे भी अधिक बुद्धिमान लोगों को हैरान कर दिया है!","type":"default","passage":"एक 'इत्र संत' ने अपना चमत्कार दिखाया","commentary":"","meaning":""},{"id":"3","title":"5.3","content":"> बहुत कम लोग हैं जो उसके रहस्य को सुलझा पाते हैं! अच्छाई और बुराई एक चुनौतीपूर्ण पहेली है जिसे जीवन हर बुद्धि के सामने स्फिंक्स की तरह रखता है।\n\nकोई समाधान न खोज पाने के कारण, अधिकांश लोग अपनी जान गँवा देते हैं, आज भी थेब्स के दिनों की तरह ही।\n\nयहाँ-वहाँ, एक विशाल अकेला व्यक्ति कभी हार नहीं मानता।\n\nद्वैत की माया से वह एकता के अखंड सत्य को निकालता है।\n\n  \n> आप दृढ़ विश्वास के साथ बोलते हैं, सर।\n\n  \n> मैंने लंबे समय से एक ईमानदार आत्मनिरीक्षण किया है, ज्ञान के लिए अत्यंत दर्दनाक दृष्टिकोण।\n\nआत्म-परीक्षण, अपने विचारों का निरंतर अवलोकन, एक कठोर और चकनाचूर करने वाला अनुभव है।\n\nयह सबसे कठोर अहंकार को चूर-चूर कर देता है।\n\nलेकिन सच्चा आत्म-विश्लेषण गणितीय रूप से द्रष्टाओं को उत्पन्न करने के लिए काम करता है।\n\n**आत्म-अभिव्यक्ति** का तरीका, व्यक्तिगत स्वीकारोक्ति, अहंकारियों को जन्म देती है, जो ईश्वर और ब्रह्मांड की अपनी निजी व्याख्याओं के अधिकार के बारे में सुनिश्चित होते हैं।","type":"default","passage":"एक 'इत्र संत' ने अपना चमत्कार दिखाया","commentary":"","meaning":""},{"id":"4","title":"5.4","content":"> सत्य, निस्संदेह, ऐसी अहंकारी मौलिकता के सामने विनम्रतापूर्वक पीछे हट जाता है।\n\n मैं चर्चा का आनंद ले रहा था।\n\n> मनुष्य जब तक अपने आपको दिखावटीपन से मुक्त नहीं कर लेता, तब तक वह शाश्वत सत्य को नहीं समझ सकता।\n\nसैकड़ों वर्षों से कीचड़ में लिपटा मानव मन, असंख्य संसार-भ्रमों के घृणित जीवन से भरा हुआ है।\n\nयुद्ध के मैदानों के संघर्ष यहाँ महत्वहीन हो जाते हैं, जब मनुष्य पहले आंतरिक शत्रुओं से जूझता है! ये कोई प्राणघातक शत्रु नहीं हैं, जिन्हें शक्ति की भयंकर सेना से पराजित किया जा सके! सर्वव्यापी, अशांत, सोते हुए भी मनुष्य का पीछा करते हुए, सूक्ष्म रूप से एक भयावह हथियार से सुसज्जित, ये अज्ञानी वासनाओं के सैनिक हम सभी को मार डालना चाहते हैं।\n\nवह मनुष्य विचारहीन है जो अपने आदर्शों को दफना देता है, सामान्य नियति के सामने आत्मसमर्पण कर देता है।\n\nक्या वह नपुंसक, लकड़ी जैसा, अपमानजनक के अलावा कुछ और लग सकता है?","type":"default","passage":"एक 'इत्र संत' ने अपना चमत्कार दिखाया","commentary":"","meaning":""},{"id":"5","title":"5.5","content":"“आदरणीय महोदय, क्या आपको भ्रमित जनता के प्रति कोई सहानुभूति नहीं है?” ऋषि एक क्षण के लिए चुप रहे, फिर तिरछे ढंग से उत्तर दिया।\n\n“सभी गुणों के भण्डार, अदृश्य ईश्वर और प्रत्यक्ष मनुष्य, जिसमें कोई गुण नहीं है, दोनों से प्रेम करना अक्सर उलझन भरा होता है! लेकिन सरलता भूलभुलैया के बराबर होती है।\n\nआंतरिक शोध जल्द ही सभी मानव मन में एकता को उजागर करता है- स्वार्थी उद्देश्य की दृढ़ रिश्तेदारी।\n\nकम से कम एक अर्थ में, मनुष्य का भाईचारा प्रकट होता है।\n\nइस समतल खोज के बाद एक हतप्रभ विनम्रता आती है।\n\nयह अपने साथियों के लिए करुणा में परिपक्व होती है, जो अन्वेषण की प्रतीक्षा कर रही आत्मा की उपचार शक्तियों के प्रति अंधी होती है।\n\n”","type":"default","passage":"एक 'इत्र संत' ने अपना चमत्कार दिखाया","commentary":"","meaning":""},{"id":"6","title":"5.6","content":"> हर युग के संतों ने, श्रीमान, दुनिया के दुखों के लिए आपकी तरह ही महसूस किया है।\n\n  \n> केवल उथला आदमी ही दूसरों के जीवन के दुखों के प्रति संवेदनशीलता खो देता है, क्योंकि वह अपने स्वयं के संकीर्ण दुखों में डूब जाता है।\n\n साधु का कठोर चेहरा स्पष्ट रूप से नरम हो गया था।\n\n> जो व्यक्ति स्केलपेल से आत्म-विच्छेदन का अभ्यास करता है, वह सार्वभौमिक दया का विस्तार जान जाएगा।\n\nउसे अपने अहंकार की बहरी मांगों से मुक्ति मिलती है।\n\nईश्वर का प्रेम ऐसी धरती पर खिलता है।\n\nप्राणी अंततः अपने निर्माता की ओर मुड़ता है, अगर किसी अन्य कारण से नहीं तो पीड़ा में पूछने के लिए: **क्यों, भगवान, क्यों?** दर्द के नीच कोड़ों द्वारा, मनुष्य अंततः अनंत उपस्थिति में चला जाता है, जिसकी सुंदरता ही उसे लुभाती है।","type":"default","passage":"एक 'इत्र संत' ने अपना चमत्कार दिखाया","commentary":"","meaning":""},{"id":"7","title":"5.7","content":"मैं और ऋषि कलकत्ता के कालीघाट मंदिर में मौजूद थे, जहाँ मैं इसकी प्रसिद्ध भव्यता को देखने गया था।\n\nएक व्यापक इशारे के साथ, मेरे संयोगवश साथी ने अलंकृत गरिमा को खारिज कर दिया।\n\n> ईंटें और मोर्टार हमें कोई श्रव्य धुन नहीं सुनाते हैं; हृदय केवल मानव के अस्तित्व के मंत्र के लिए खुलता है।\n\n हम प्रवेश द्वार पर आमंत्रित धूप की ओर चले गए, जहाँ भक्तों की भीड़ इधर-उधर जा रही थी।\n\n> आप युवा हैं।\n\n ऋषि ने मुझे विचारपूर्वक देखा।\n\n> भारत भी युवा है।\n\nप्राचीन ऋषियों ने आध्यात्मिक जीवन के अमिट पैटर्न निर्धारित किए हैं।\n\nउनके पुराने कथन आज और देश के लिए पर्याप्त हैं।\n\nभौतिकवाद के छल के खिलाफ पुराने नहीं, अपरिष्कृत नहीं, अनुशासनात्मक नियम अभी भी भारत को ढालते हैं।\n\nसहस्राब्दियों से - शर्मिंदा विद्वानों की गणना से भी अधिक! - संशयवादी समय ने वैदिक मूल्य को मान्य किया है।\n\nइसे अपनी विरासत के रूप में लें।","type":"default","passage":"एक 'इत्र संत' ने अपना चमत्कार दिखाया","commentary":"","meaning":""},{"id":"8","title":"5.8","content":"जब मैं उस वाक्पटु साधु को श्रद्धापूर्वक विदा दे रहा था, तो उसने एक दिव्य दृष्टि प्रकट की:  \n> आज यहाँ से जाने के बाद, एक असामान्य अनुभव तुम्हारे साथ होगा।\n\n मैंने मंदिर परिसर छोड़ दिया और लक्ष्यहीन होकर इधर-उधर भटकने लगा।\n\nएक कोने में मुड़ते हुए, मैं एक पुराने परिचित से मिला- उन लंबे-चौड़े लोगों में से एक, जिनकी बातचीत की शक्ति समय को अनदेखा करके अनंत काल को गले लगाती है।\n\n> मैं तुम्हें बहुत ही कम समय में जाने दूँगा, अगर तुम मुझे वह सब बता दोगे जो हमारे अलगाव के छह वर्षों के दौरान हुआ था।\n\n  \n> क्या विरोधाभास है! मुझे \n\nअब तुम्हें छोड़ना चाहिए।\n\n लेकिन उसने मेरा हाथ पकड़ लिया, और जानकारी के कुछ अंश जबरन उगलवाए।\n\nवह एक भूखे भेड़िये की तरह था, मैंने मनोरंजन में सोचा; जितना अधिक मैं बोलता, उतनी ही अधिक भूख से वह समाचारों को सूँघता।\n\nमन ही मन मैंने देवी काली से बचने का एक सुंदर तरीका निकालने की प्रार्थना की।","type":"default","passage":"एक 'इत्र संत' ने अपना चमत्कार दिखाया","commentary":"","meaning":""},{"id":"9","title":"5.9","content":"मेरा साथी अचानक मुझे छोड़कर चला गया।\n\nमैंने राहत की सांस ली और अपनी गति दोगुनी कर दी, इस डर से कि कहीं फिर से बातूनी बुखार न आ जाए।\n\nअपने पीछे तेज़ कदमों की आवाज़ सुनकर मैंने अपनी गति बढ़ा दी।\n\nमैं पीछे मुड़कर देखने की हिम्मत नहीं जुटा पाया।\n\nलेकिन एक झटके में वह युवक मेरे कंधे पर हाथ रखकर फिर से मेरे पास आ गया।\n\n> मैं आपको गंध बाबा  \n***(परफ्यूम संत)***\n के बारे में बताना भूल गया, जो उस घर की शोभा बढ़ा रहे हैं।\n\n उसने कुछ गज दूर एक घर की ओर इशारा किया।\n\n> उनसे ज़रूर मिलें; वे दिलचस्प हैं।\n\nआपको कोई असामान्य अनुभव हो सकता है।\n\nअलविदा,  \n और वह वास्तव में मुझे छोड़कर चला गया।\n\nकालीघाट मंदिर के साधु की इसी तरह की भविष्यवाणी मेरे दिमाग में कौंध गई।\n\nनिश्चित रूप से उत्सुक होकर, मैं घर में दाखिल हुआ और मुझे एक शानदार बैठक में ले जाया गया।\n\nएक मोटी नारंगी रंग की कालीन पर यहाँ-वहाँ ओरिएंट के हिसाब से लोगों की भीड़ बैठी हुई थी।\n\nएक विस्मयकारी फुसफुसाहट मेरे कानों में पड़ी:","type":"default","passage":"एक 'इत्र संत' ने अपना चमत्कार दिखाया","commentary":"","meaning":""},{"id":"10","title":"5.10","content":"> देखो, तेंदुए की खाल पर गंध बाबा।\n\nवे किसी भी फूल की प्राकृतिक खुशबू को किसी भी गंधहीन फूल में डाल सकते हैं, या किसी मुरझाए हुए फूल को फिर से जीवित कर सकते हैं, या किसी व्यक्ति की त्वचा से सुखद खुशबू निकाल सकते हैं।\n\n मैंने सीधे संत की ओर देखा; उनकी त्वरित निगाहें मेरी ओर टिकी हुई थीं।\n\nवे मोटे और दाढ़ी वाले थे, उनकी त्वचा काली और बड़ी, चमकती हुई आँखें थीं।\n\n> बेटा, मुझे तुम्हें देखकर खुशी हुई।\n\nकहो कि तुम्हें क्या चाहिए।\n\nक्या तुम कुछ इत्र लेना चाहोगे?\n  \n> किस लिए?\n मुझे उसकी टिप्पणी बचकानी लगी।\n\n> इत्र का आनंद लेने के चमत्कारी तरीके का अनुभव करने के लिए।\n\n  \n> ईश्वर को गंध बनाने के लिए इस्तेमाल करना?\n  \n> इससे क्या? ईश्वर वैसे भी इत्र बनाता है।\n\n  \n> हाँ, लेकिन वह पंखुड़ियों की कमज़ोर बोतलें बनाता है, जिन्हें ताज़ा इस्तेमाल करके फेंक दिया जाता है।\n\nक्या तुम फूलों को मूर्त रूप दे सकते हो?","type":"default","passage":"एक 'इत्र संत' ने अपना चमत्कार दिखाया","commentary":"","meaning":""},{"id":"11","title":"5.11","content":"> मैं इत्र को मूर्त रूप देता हूँ, छोटे दोस्त।\n\n  \n> फिर सुगंध बनाने वाली फैक्ट्रियाँ बंद हो जाएँगी।\n\n  \n> मैं उन्हें अपना व्यापार जारी रखने दूँगा! मेरा अपना उद्देश्य ईश्वर की शक्ति को प्रदर्शित करना है।\n\n  \n> सर, क्या ईश्वर को सिद्ध करना ज़रूरी है? क्या वह हर जगह, हर चीज़ में चमत्कार नहीं कर रहा है?\n  \n> हाँ, लेकिन हमें भी उसकी अनंत रचनात्मक विविधता को प्रकट करना चाहिए।\n\n  \n> अपनी कला में निपुणता हासिल करने में आपको कितना समय लगा?\n  \n> बारह साल।\n\n  \n> सूक्ष्म साधनों द्वारा सुगंध बनाने के लिए! ऐसा लगता है, मेरे आदरणीय संत, आप उन सुगंधों के लिए एक दर्जन साल बर्बाद कर रहे हैं जिन्हें आप फूलों की दुकान से कुछ रुपयों में प्राप्त कर सकते हैं।\n\n  \n> फूलों के साथ ही इत्र भी फीका पड़ जाता है।","type":"default","passage":"एक 'इत्र संत' ने अपना चमत्कार दिखाया","commentary":"","meaning":""},{"id":"12","title":"5.12","content":"> मृत्यु के साथ सुगंधें फीकी पड़ जाती हैं।\n\nमैं केवल शरीर को प्रसन्न करने वाली वस्तु की इच्छा क्यों करूँ?\n  \n> श्रीमान दार्शनिक, आप मेरे मन को प्रसन्न करते हैं।\n\nअब अपना दाहिना हाथ आगे बढ़ाएँ।\n\n उन्होंने आशीर्वाद देने का इशारा किया।\n\nमैं गंधबाबा से कुछ फीट की दूरी पर था; मेरे शरीर को छूने के लिए कोई और इतना निकट नहीं था।\n\nमैंने अपना हाथ आगे बढ़ाया, जिसे योगी ने नहीं छुआ।\n\n> आप कौन सी सुगंध चाहते हैं?\n  \n> गुलाब।\n\n  \n> ऐसा ही हो।\n\n मुझे बहुत आश्चर्य हुआ, गुलाब की मनमोहक सुगंध मेरी हथेली के बीच से तेज़ी से बह रही थी।\n\nमैंने मुस्कुराते हुए पास के फूलदान से एक बड़ा सफ़ेद गंधहीन फूल लिया।\n\n> क्या इस गंधहीन फूल में चमेली की खुशबू हो सकती है?","type":"default","passage":"एक 'इत्र संत' ने अपना चमत्कार दिखाया","commentary":"","meaning":""},{"id":"13","title":"5.13","content":"> ऐसा ही हो।\n\n पंखुड़ियों से तुरंत चमेली की खुशबू फूट पड़ी।\n\nमैंने चमत्कारी व्यक्ति को धन्यवाद दिया और उनके एक शिष्य के पास बैठ गया।\n\nउसने मुझे बताया कि गंध बाबा, जिनका असली नाम विशुद्धानंद था, ने तिब्बत में एक गुरु से कई आश्चर्यजनक योग रहस्य सीखे थे।\n\nमुझे विश्वास दिलाया गया कि तिब्बती योगी की आयु एक हजार वर्ष से अधिक हो गई थी।\n\n> उनके शिष्य गंध बाबा हमेशा अपने इत्र-करतबों को सरल मौखिक तरीके से नहीं करते हैं, जैसा कि आपने अभी देखा है।\n\n छात्र ने अपने गुरु पर स्पष्ट गर्व के साथ कहा।\n\n> स्वभाव में विविधता के अनुसार उनकी प्रक्रिया बहुत भिन्न होती है।\n\nवे अद्भुत हैं! कलकत्ता के बुद्धिजीवियों के कई सदस्य उनके अनुयायियों में से हैं।","type":"default","passage":"एक 'इत्र संत' ने अपना चमत्कार दिखाया","commentary":"","meaning":""},{"id":"14","title":"5.14","content":"मैंने मन ही मन संकल्प लिया कि मैं खुद को उनकी सूची में शामिल नहीं करूंगा।\n\nएक गुरु जो सचमुच में “अद्भुत” हो, मुझे पसंद नहीं था।\n\nगंध बाबा को विनम्र धन्यवाद देते हुए, मैं चला गया।\n\nघर की ओर लौटते हुए, मैंने दिन में हुई तीन अलग-अलग मुलाकातों के बारे में सोचा।\n\nजब मैं गुरुपार रोड के अपने घर में दाखिल हुआ, तो मेरी बहन उमा मुझसे मिलीं।\n\n“तुम बहुत स्टाइलिश लग रही हो, इत्र लगा रही हो!” बिना कुछ कहे, मैंने उसे मेरा हाथ सूंघने का इशारा किया।\n\n“क्या आकर्षक गुलाब की खुशबू है! यह असामान्य रूप से तेज़ है!” यह सोचते हुए कि यह “बहुत ही असामान्य” है, मैंने चुपचाप उसके नथुने के नीचे आकाशीय सुगंधित फूल रख दिया।\n\n“ओह, मुझे चमेली बहुत पसंद है!” उसने फूल को पकड़ लिया।\n\nउसके चेहरे पर एक हास्यास्पद हैरानी छा गई क्योंकि वह बार-बार एक ऐसे फूल से चमेली की गंध सूँघ रही थी जिसे वह अच्छी तरह से जानती थी कि वह गंधहीन है।\n\nउसकी प्रतिक्रियाओं ने मेरे संदेह को खत्म कर दिया कि गंध बाबा ने एक स्व-संकेतक अवस्था उत्पन्न कर दी थी जिससे केवल मैं ही सुगंधों को पहचान सकता था।","type":"default","passage":"एक 'इत्र संत' ने अपना चमत्कार दिखाया","commentary":"","meaning":""},{"id":"15","title":"5.15","content":"बाद में मैंने एक मित्र अलकनंदा से सुना कि  \n> परफ्यूम संत\n के पास एक ऐसी शक्ति थी जो मैं चाहता हूँ कि एशिया और आज यूरोप के भूख से मर रहे लाखों लोगों के पास भी हो।\n\n> मैं बर्दवान में गंधा बाबा के घर पर सौ अन्य मेहमानों के साथ मौजूद था,  \n अलकनंदा ने मुझे बताया।\n\n> यह एक शानदार अवसर था।\n\nचूँकि योगी के पास हवा से वस्तुओं को निकालने की शक्ति थी, \n\nइसलिए मैंने हँसते हुए उनसे कुछ बेमौसम कीनू बनाने का अनुरोध किया।\n\nतुरंत ही सभी केले के पत्तों की प्लेटों पर मौजूद लूचिस  \n***(FN5-4)***\n फूल गए।\n\nप्रत्येक ब्रेड-लिफाफे में एक छिला हुआ कीनू था।\n\nमैंने कुछ घबराहट के साथ अपने लिफाफे को चखा, लेकिन मुझे यह स्वादिष्ट लगा।","type":"default","passage":"एक 'इत्र संत' ने अपना चमत्कार दिखाया","commentary":"","meaning":""},{"id":"16","title":"5.16","content":"वर्षों बाद मुझे आंतरिक अनुभूति से समझ में आया कि गंध बाबा ने किस तरह से अपने भौतिकीकरण को पूरा किया।\n\nयह विधि, अफसोस! दुनिया के भूखे लोगों की पहुंच से परे है।\n\nविभिन्न संवेदी उत्तेजनाएं जिन पर मनुष्य प्रतिक्रिया करता है- स्पर्श, दृश्य, स्वाद, श्रवण और घ्राण-इलेक्ट्रॉन और प्रोटॉन में कंपन भिन्नताओं द्वारा उत्पन्न होती हैं।\n\nबदले में कंपन को  \n> लाइफट्रॉन\n द्वारा नियंत्रित किया जाता है, सूक्ष्म जीवन शक्तियाँ या परमाणु से भी महीन ऊर्जाएँ जो पाँच विशिष्ट संवेदी विचार-पदार्थों से बुद्धिमानी से चार्ज होती हैं।\n\nगंध बाबा ने कुछ योगिक अभ्यासों द्वारा ब्रह्मांडीय शक्ति के साथ खुद को ट्यून किया, वे लाइफट्रॉन को उनकी कंपन संरचना को पुनर्व्यवस्थित करने और वांछित परिणाम को वस्तुगत बनाने में सक्षम थे।\n\nउनके इत्र, फल और अन्य चमत्कार सांसारिक कंपनों के वास्तविक भौतिकीकरण थे, न कि सम्मोहन द्वारा उत्पन्न आंतरिक संवेदनाएँ।\n\n{FN5-5}","type":"default","passage":"एक 'इत्र संत' ने अपना चमत्कार दिखाया","commentary":"","meaning":""},{"id":"17","title":"5.17","content":"> इत्र संत\n द्वारा दिखाए गए चमत्कारों का प्रदर्शन शानदार है, लेकिन आध्यात्मिक रूप से बेकार है।\n\nमनोरंजन से परे कोई उद्देश्य न होने के कारण, वे ईश्वर की गंभीर खोज से भटकाव हैं।\n\nचिकित्सकों द्वारा छोटे-मोटे ऑपरेशनों में सम्मोहन का उपयोग एक प्रकार के मानसिक क्लोरोफॉर्म के रूप में किया जाता है, जो उन व्यक्तियों के लिए होता है जिन्हें एनेस्थेटिक से खतरा हो सकता है।\n\nलेकिन सम्मोहन की स्थिति उन लोगों के लिए हानिकारक है जो अक्सर इसके अधीन होते हैं; एक नकारात्मक मनोवैज्ञानिक प्रभाव उत्पन्न होता है जो समय के साथ मस्तिष्क कोशिकाओं को विकृत कर देता है।\n\nसम्मोहन दूसरे की चेतना के क्षेत्र में अतिक्रमण है।\n\nइसकी अस्थायी घटनाओं का दिव्य अनुभूति वाले लोगों द्वारा किए गए चमत्कारों से कोई लेना-देना नहीं है।\n\nईश्वर में जागृत, सच्चे संत रचनात्मक ब्रह्मांडीय स्वप्नदर्शी के साथ सामंजस्यपूर्ण रूप से जुड़ी इच्छा के माध्यम से इस स्वप्न-जगत में परिवर्तन लाते हैं।","type":"default","passage":"एक 'इत्र संत' ने अपना चमत्कार दिखाया","commentary":"","meaning":""},{"id":"18","title":"5.18","content":"असाधारण शक्तियों के दिखावटी प्रदर्शन की निंदा गुरुओं द्वारा की जाती है।\n\nफारसी रहस्यवादी \n\nअबू सईद ने एक बार कुछ फकीरों पर हंसा था, जो पानी, हवा और अंतरिक्ष पर अपनी चमत्कारी शक्तियों पर गर्व करते थे।\n\nअबू सईद ने हल्के से उपहास करते हुए कहा, “एक मेंढक भी पानी में आराम से रह सकता है!” “कौआ और गिद्ध आसानी से हवा में उड़ सकते हैं; शैतान एक साथ पूर्व और पश्चिम में मौजूद है! एक सच्चा इंसान वह है जो अपने साथियों के बीच धार्मिकता में रहता है, जो खरीदता और बेचता है, फिर भी एक पल के लिए भी ईश्वर को नहीं भूलता!” एक अन्य अवसर पर महान फारसी शिक्षक ने धार्मिक जीवन पर अपने विचार इस प्रकार दिए: “अपने दिमाग में जो कुछ भी है  \n***(स्वार्थी इच्छाएँ और महत्वाकांक्षाएँ)***\n उसे त्याग दो; अपने हाथ में जो कुछ भी है उसे मुक्त रूप से दे दो; और विपत्ति के प्रहारों से कभी पीछे मत हटो!”","type":"default","passage":"एक 'इत्र संत' ने अपना चमत्कार दिखाया","commentary":"","meaning":""},{"id":"19","title":"5.19","content":"न तो कालीघाट मंदिर के निष्पक्ष ऋषि और न ही तिब्बती प्रशिक्षित योगी ने गुरु के लिए मेरी लालसा को संतुष्ट किया।\n\nमेरे दिल को अपनी पहचान के लिए किसी शिक्षक की आवश्यकता नहीं थी, और वह खुद ही “शाबाश!” चिल्लाया, और भी जोरदार तरीके से क्योंकि अक्सर मौन से नहीं बुलाया जाता।\n\nजब मैं आखिरकार अपने गुरु से मिला, तो उन्होंने मुझे केवल उदाहरण की उत्कृष्टता से ही सच्चे मनुष्य का मापदंड सिखाया।\n\n{FN5-1} काली प्रकृति में शाश्वत सिद्धांत का प्रतिनिधित्व करती हैं।\n\nउन्हें पारंपरिक रूप से चार भुजाओं वाली महिला के रूप में चित्रित किया जाता है, जो भगवान शिव या अनंत के रूप में खड़ी होती हैं, क्योंकि प्रकृति या अभूतपूर्व दुनिया नौमेनन में निहित है।\n\nचार भुजाएँ कार्डिनल विशेषताओं का प्रतीक हैं, दो लाभकारी, दो विनाशकारी, जो पदार्थ या सृष्टि के आवश्यक द्वैत को दर्शाती हैं।","type":"default","passage":"एक 'इत्र संत' ने अपना चमत्कार दिखाया","commentary":"","meaning":""},{"id":"20","title":"5.20","content":"{FN5-2} ब्रह्मांडीय भ्रम; शाब्दिक रूप से,  \n> मापनकर्ता।\n\n माया सृष्टि में जादुई शक्ति है जिसके द्वारा सीमाएँ और विभाजन स्पष्ट रूप से अपरिमेय और अविभाज्य में मौजूद हैं।\n\nइमर्सन ने निम्नलिखित कविता लिखी, जिसे उन्होंने माया का शीर्षक दिया: भ्रम अभेद्य कार्य करता है, असंख्य जाल बुनता है, उसके उल्लासमय चित्र कभी विफल नहीं होते, एक दूसरे से भीड़ लगाते हैं, घूंघट पर पर्दा, आकर्षक जिस पर विश्वास किया जाएगा वह मनुष्य जो धोखा खाने के लिए प्यासा है।\n\n{FN5-3} ऋषि, शाब्दिक रूप से  \n> द्रष्टा\n, एक अनिश्चित प्राचीन काल में वेदों के लेखक थे।\n\n{FN5-4} चपटी, गोल भारतीय रोटी।\n\n{FN5-5} आम आदमी बीसवीं सदी के विज्ञान की विशाल प्रगति को शायद ही समझ पाता है।\n\nधातुओं का रूपांतरण और अन्य कीमिया संबंधी सपने दुनिया भर के वैज्ञानिक अनुसंधान केंद्रों में हर दिन पूरे होते दिख रहे हैं।\n\nप्रख्यात फ्रांसीसी रसायनज्ञ, एम. जॉर्जेस क्लाउड ने 1928 में फॉनटेनब्लियू में एक वैज्ञानिक सभा के समक्ष ऑक्सीजन परिवर्तनों के अपने रासायनिक ज्ञान के माध्यम से  \n> चमत्कार\n किए।\n\nउनकी  \n> जादूगर की छड़ी\n साधारण ऑक्सीजन थी, जो एक मेज पर एक ट्यूब में बुदबुदा रही थी।\n\nवैज्ञानिक ने \"एक मुट्ठी रेत को कीमती पत्थरों में बदल दिया, लोहे को पिघली हुई चॉकलेट जैसी अवस्था में बदल दिया और फूलों से उनकी रंगत छीनकर उन्हें कांच की स्थिरता में बदल दिया।","type":"default","passage":"एक 'इत्र संत' ने अपना चमत्कार दिखाया","commentary":"","meaning":""},{"id":"21","title":"5.21","content":"> एम. क्लाउड ने बताया कि कैसे ऑक्सीजन के रूपांतरण से समुद्र को कई मिलियन पाउंड हॉर्सपावर में बदला जा सकता है; कैसे उबलता पानी जरूरी नहीं कि जलता हो; कैसे ऑक्सीजन की नली के एक ही झोंके से रेत के छोटे-छोटे टीलों को नीलम, माणिक और पुखराज में बदला जा सकता है; और उन्होंने उस समय की भविष्यवाणी की जब गोताखोरों के उपकरण के बिना लोगों के लिए समुद्र की तलहटी पर चलना संभव हो जाएगा।\n\nअंत में वैज्ञानिक ने सूर्य की किरणों से लालिमा हटाकर अपने दर्शकों के चेहरे काले करके उन्हें चकित कर दिया।\n\n इस प्रसिद्ध फ्रांसीसी वैज्ञानिक ने विस्तार विधि द्वारा तरल हवा का उत्पादन किया है जिसमें वे हवा की विभिन्न गैसों को अलग करने में सक्षम रहे हैं, और समुद्री जल में तापमान के अंतर के यांत्रिक उपयोग के विभिन्न तरीकों की खोज की है।","type":"default","passage":"एक 'इत्र संत' ने अपना चमत्कार दिखाया","commentary":"","meaning":""},{"id":"22","title":"5.22","content":"","type":"default","passage":"एक 'इत्र संत' ने अपना चमत्कार दिखाया","commentary":"","meaning":""}]}