{"id":6,"title":"बाघ स्वामी","description":"बाघ स्वामी","sectionCount":24,"tags":null,"contentId":"AoY02","sections":[{"id":"1","title":"6.1","content":"बाघ स्वामी  \n> मुझे बाघ स्वामी का पता मिल गया है।\n\nचलो कल उनसे मिलने चलते हैं।\n\n यह स्वागत योग्य सुझाव चंडी ने दिया, जो मेरे हाई स्कूल के दोस्तों में से एक था।\n\nमैं उस संत से मिलने के लिए उत्सुक था, जिसने अपने संन्यासी जीवन में अपने नंगे हाथों से बाघों को पकड़ा और उनसे लड़ा था।\n\nऐसे उल्लेखनीय कारनामों को लेकर मेरे अंदर एक बचकाना उत्साह प्रबल था।\n\nअगला दिन सर्द था, लेकिन चंडी और मैं खुशी-खुशी निकल पड़े।\n\nकलकत्ता के बाहर भवानीपुर में बहुत व्यर्थ खोजबीन के बाद, हम सही घर पर पहुँचे।\n\nदरवाजे पर दो लोहे के छल्ले लगे थे, जिन्हें मैंने जोर से बजाया।\n\nशोरगुल के बावजूद, एक नौकर इत्मीनान से चलता हुआ आया।\n\nउसकी व्यंग्यात्मक मुस्कान से यह संकेत मिलता था कि आगंतुक, अपने शोर के बावजूद, संत के घर की शांति को भंग करने में असमर्थ थे।","type":"default","passage":"बाघ स्वामी","commentary":"","meaning":""},{"id":"2","title":"6.2","content":"मौन फटकार महसूस करते हुए, मैं और मेरा साथी बैठक में बुलाए जाने के लिए आभारी थे।\n\nवहाँ हमारी लंबी प्रतीक्षा ने असहज शंकाएँ पैदा कीं।\n\nसत्य के खोजी के लिए भारत का अलिखित नियम धैर्य है; एक गुरु जानबूझकर उससे मिलने की उत्सुकता का परीक्षण कर सकता है।\n\nयह मनोवैज्ञानिक चाल पश्चिम में डॉक्टरों और दंत चिकित्सकों द्वारा स्वतंत्र रूप से नियोजित की जाती है! \n\nअंत में नौकर द्वारा बुलाए जाने पर, चंडी और मैं एक शयन कक्ष में पहुँचे।\n\nप्रसिद्ध सोहोंग {FN6-1} स्वामी अपने बिस्तर पर बैठे थे।\n\nउनके विशाल शरीर को देखकर हम पर अजीब सा असर हुआ।\n\nउभरी हुई आँखों के साथ, हम अवाक खड़े रहे।\n\nहमने पहले कभी ऐसी छाती या ऐसी फुटबॉल जैसी बाइसेप्स नहीं देखी थी।\n\nविशाल गर्दन पर, स्वामी का उग्र लेकिन शांत चेहरा लहराते बालों, दाढ़ी और मूंछों से सुशोभित था।\n\nउनकी गहरी आँखों में कबूतर और बाघ जैसे गुणों की झलक चमक रही थी।\n\nवे निर्वस्त्र थे, उनकी मांसल कमर के चारों ओर एक बाघ की खाल को छोड़कर।","type":"default","passage":"बाघ स्वामी","commentary":"","meaning":""},{"id":"3","title":"6.3","content":"अपनी आवाज़ ढूँढ़ते हुए, मेरे दोस्त और मैंने भिक्षु का अभिवादन किया, असाधारण बिल्ली के समान क्षेत्र में उनके कौशल के लिए अपनी प्रशंसा व्यक्त की।\n\n“कृपया हमें यह नहीं बताएँगे कि सबसे क्रूर जंगली जानवरों, रॉयल बंगाल को मुट्ठी भर से कैसे वश में किया जा सकता है?” “मेरे बेटों, बाघों से लड़ना मेरे लिए कोई बड़ी बात नहीं है।\n\nअगर ज़रूरत पड़े तो मैं आज ही ऐसा कर सकता हूँ।\n\n” उसने बच्चों जैसी हँसी दी।\n\n“तुम बाघों को बाघ ही समझते हो; मैं उन्हें बिल्ली के समान जानता हूँ।\n\n” “स्वामीजी, मुझे लगता है कि मैं अपने अवचेतन मन में यह विचार भर सकता हूँ कि बाघ बिल्ली के समान होते हैं, लेकिन क्या मैं बाघों को यह विश्वास दिला सकता हूँ?” “बेशक ताकत भी ज़रूरी है! एक बच्चे से जीत की उम्मीद नहीं की जा सकती जो बाघ को घरेलू बिल्ली समझता है! शक्तिशाली हाथ ही मेरे लिए पर्याप्त हथियार हैं।\n\n”","type":"default","passage":"बाघ स्वामी","commentary":"","meaning":""},{"id":"4","title":"6.4","content":"उसने हमें अपने साथ आँगन में चलने को कहा, जहाँ वह दीवार के किनारे से टकराया।\n\nएक ईंट ज़मीन पर गिर पड़ी; आकाश दीवार के खुले हुए दाँत से साहसपूर्वक झाँक रहा था।\n\nमैं आश्चर्य में काफ़ी लड़खड़ा गया; मैंने सोचा कि जो एक झटके में ठोस दीवार से गारे की ईंटों को हटा सकता है, वह निश्चित रूप से बाघों के दाँतों को उखाड़ने में सक्षम होगा! \"बहुत से लोगों के पास मेरी तरह शारीरिक शक्ति होती है, लेकिन फिर भी उनमें आत्मविश्वास की कमी होती है।\n\nजो लोग शारीरिक रूप से तो मज़बूत हैं, लेकिन मानसिक रूप से मज़बूत नहीं हैं, वे जंगल में आज़ादी से उछलते जंगली जानवर को देखकर खुद को बेहोश पा सकते हैं।\n\nअपनी प्राकृतिक क्रूरता और आवास में बाघ अफ़ीम खाने वाले सर्कस के जानवर से बहुत अलग है!","type":"default","passage":"बाघ स्वामी","commentary":"","meaning":""},{"id":"5","title":"6.5","content":"> बहुत से ऐसे लोग हैं जो बहुत ताकतवर हैं, लेकिन फिर भी वे शाही बंगाल के हमले के सामने पूरी तरह से असहाय हो गए हैं।\n\nइस तरह बाघ ने अपने मन में आदमी को बिल्ली की तरह ही निडर बना दिया है।\n\nएक मजबूत शरीर और बेहद दृढ़ निश्चय वाले आदमी के लिए बाघ पर पलटवार करना और उसे बिल्ली की तरह असहाय होने का विश्वास दिलाना संभव है।\n\nमैंने कितनी बार ऐसा किया है!\n मैं यह मानने को तैयार था कि मेरे सामने मौजूद टाइटन बाघ-बिल्ली का कायापलट करने में सक्षम था।\n\nवह उपदेशात्मक मूड में लग रहा था; चंडी और मैंने सम्मानपूर्वक उनकी बात सुनी।","type":"default","passage":"बाघ स्वामी","commentary":"","meaning":""},{"id":"6","title":"6.6","content":"> मन मांसपेशियों का संचालक है।\n\nहथौड़े के प्रहार का बल लगाई गई ऊर्जा पर निर्भर करता है; मनुष्य के शारीरिक उपकरण द्वारा व्यक्त की गई शक्ति उसकी आक्रामक इच्छा और साहस पर निर्भर करती है।\n\nशरीर वस्तुतः मन द्वारा निर्मित और बनाए रखा जाता है।\n\nपिछले जन्मों की सहज प्रवृत्ति के दबाव के माध्यम से, ताकत या कमज़ोरी धीरे-धीरे मानव चेतना में प्रवेश करती है।\n\nवे आदतों के रूप में व्यक्त होते हैं, जो बदले में एक वांछनीय या अवांछनीय शरीर में बदल जाते हैं।\n\nबाहरी कमज़ोरी मानसिक उत्पत्ति की होती है; एक दुष्चक्र में, आदत से बंधा शरीर मन को विफल कर देता है।\n\nयदि स्वामी खुद को किसी नौकर द्वारा आज्ञा दिए जाने देता है, तो नौकर निरंकुश हो जाता है; मन भी शारीरिक हुक्म के अधीन होकर गुलाम बन जाता है।","type":"default","passage":"बाघ स्वामी","commentary":"","meaning":""},{"id":"7","title":"6.7","content":"हमारे आग्रह पर, प्रभावशाली स्वामी ने हमें अपने जीवन के बारे में कुछ बताने की सहमति दी।\n\n> मेरी सबसे पहली महत्वाकांक्षा बाघों से लड़ने की थी।\n\nमेरी इच्छाशक्ति बहुत प्रबल थी, लेकिन मेरा शरीर कमज़ोर था।\n\n मेरे मुँह से आश्चर्य की एक किरण फूट पड़ी।\n\nयह अविश्वसनीय लग रहा था कि यह व्यक्ति, जो \n\nअब  \n> अटलांटिक कंधों के साथ, भार वहन करने में सक्षम है,  \n कभी कमज़ोरी जान सकता था।\n\n> स्वास्थ्य और शक्ति के विचारों में अदम्य दृढ़ता के कारण ही मैंने अपनी विकलांगता पर विजय प्राप्त की।\n\nमेरे पास उस जबरदस्त मानसिक शक्ति की प्रशंसा करने का हर कारण है जिसे मैंने शाही बंगालियों को परास्त करने वाला पाया।\n\n  \n> क्या आपको लगता है, आदरणीय स्वामी, कि मैं कभी बाघों से लड़ सकता हूँ?\n यह पहली और आखिरी बार था जब मेरे मन में यह विचित्र महत्वाकांक्षा आई थी!","type":"default","passage":"बाघ स्वामी","commentary":"","meaning":""},{"id":"8","title":"6.8","content":"> हाँ।\n\n वे मुस्कुरा रहे थे।\n\n> लेकिन बाघ कई प्रकार के होते हैं; कुछ तो मानव इच्छाओं के जंगलों में घूमते हैं।\n\nजानवरों को बेहोश करने से कोई आध्यात्मिक लाभ नहीं होता।\n\nबल्कि भीतर के शिकारियों पर विजय प्राप्त करना बेहतर है।\n\n  \n> क्या हम सुन सकते हैं, श्रीमान, आप जंगली बाघों को वश में करने वाले से जंगली वासनाओं को वश में करने वाले कैसे बन गए?\n बाघ स्वामी चुप हो गए।\n\nउनकी निगाहों में दूरियाँ उभर आईं, बीते वर्षों के दृश्य उभर आए।\n\nमैंने उनके मन में यह तय करने के लिए थोड़ा मानसिक संघर्ष देखा कि मेरा अनुरोध स्वीकार करना है या नहीं।\n\nअंत में वे सहमति में मुस्कुराए।\n\n\"जब मेरी प्रसिद्धि चरम पर पहुँची, तो इसने गर्व का नशा ला दिया।\n\nमैंने न केवल बाघों से लड़ने का फैसला किया, बल्कि उन्हें विभिन्न करतब दिखाने का भी फैसला किया।\n\nमेरी महत्वाकांक्षा जंगली जानवरों को पालतू जानवरों की तरह व्यवहार करने के लिए मजबूर करना था।\n\nमैंने अपने करतब सार्वजनिक रूप से दिखाने शुरू कर दिए, और मुझे संतुष्टिदायक सफलता मिली।","type":"default","passage":"बाघ स्वामी","commentary":"","meaning":""},{"id":"9","title":"6.9","content":"“एक शाम मेरे पिता चिंताग्रस्त भाव में मेरे कमरे में आए।\n\n“‘बेटा, मेरे पास चेतावनी के शब्द हैं।\n\nमैं तुम्हें कारण और प्रभाव के पीसने वाले चक्रों से उत्पन्न होने वाली आने वाली बीमारियों से बचाऊंगा।\n\n’ “‘क्या आप भाग्यवादी हैं, पिताजी? क्या अंधविश्वास को शक्तिशाली जल या मेरे कार्यों को विकृत करने की अनुमति दी जानी चाहिए?’ “‘मैं भाग्यवादी नहीं हूँ, बेटा।\n\nलेकिन मैं प्रतिशोध के न्यायपूर्ण नियम में विश्वास करता हूँ, जैसा कि पवित्र शास्त्रों में सिखाया गया है।\n\nजंगल परिवार में तुम्हारे खिलाफ नाराजगी है; कभी-कभी यह तुम्हारी कीमत पर भी हो सकता है।\n\n’ “‘पिताजी, तुम मुझे चकित कर रहे हो! आप अच्छी तरह जानते हैं कि बाघ क्या होते हैं-सुंदर लेकिन निर्दयी! किसी असहाय प्राणी का भरपूर भोजन करने के तुरंत बाद भी, एक बाघ नए शिकार को देखकर फिर से वासना से भर जाता है।\n\nयह जंगल की घास पर उछलता हुआ एक खुशमिजाज हिरन हो सकता है।\n\nउसे पकड़कर और उसके कोमल गले में एक छेद काटकर, दुष्ट जानवर चुपचाप रोते हुए खून का थोड़ा सा स्वाद लेता है, और अपने रास्ते पर चला जाता है।","type":"default","passage":"बाघ स्वामी","commentary":"","meaning":""},{"id":"10","title":"6.10","content":"> **बाघ जंगल की सबसे घृणित प्रजाति है! कौन जानता है? मेरे वार से उनके मोटे दिमाग में थोड़ी समझदारी आ सकती है।\n\nमैं एक जंगल के फिनिशिंग स्कूल में हेडमास्टर हूँ, जहाँ उन्हें नम्र व्यवहार सिखाना है!** **कृपया, पिताजी, मुझे बाघों को काबू करने वाला समझें और कभी बाघों को मारने वाला न समझें।\n\nमेरे अच्छे कामों से मुझे क्या नुकसान हो सकता है? मैं आपसे विनती करता हूँ कि आप मुझे ऐसा कोई आदेश न दें जिससे मैं अपना जीवन जीने का तरीका बदल सकूँ।\n\n**\n चंडी और मैं पूरी तरह ध्यान से सुन रहे थे, पिछली दुविधा को समझ रहे थे।\n\nभारत में एक बच्चा अपने माता-पिता की इच्छाओं का उल्लंघन आसानी से नहीं करता।\n\n\"पिताजी ने शांत भाव से मेरी बात सुनी।\n\nइसके बाद उन्होंने एक खुलासा किया जिसे उन्होंने गंभीरता से कहा।","type":"default","passage":"बाघ स्वामी","commentary":"","meaning":""},{"id":"11","title":"6.11","content":"> बेटा, तुम मुझे एक संत के मुख से एक अशुभ भविष्यवाणी सुनाने के लिए मजबूर कर रहे हो।\n\nकल जब मैं अपने दैनिक ध्यान में बरामदे में बैठा था, तब वे मेरे पास आए।\n\nप्रिय मित्र, मैं तुम्हारे उग्र पुत्र के लिए एक संदेश लेकर आया हूँ।\n\nउसे अपनी बर्बरतापूर्ण गतिविधियाँ बंद कर देनी चाहिए।\n\nअन्यथा, बाघ से उसकी अगली मुठभेड़ में उसे गंभीर घाव लगेंगे, जिसके बाद छह महीने तक वह घातक बीमारी से ग्रस्त रहेगा।\n\nफिर वह अपने पुराने तौर-तरीके त्याग देगा और साधु बन जाएगा।\n\n>   \nयह कहानी मुझे प्रभावित नहीं करती।\n\nमैंने सोचा कि पिताजी एक भ्रमित कट्टरपंथी के भोले शिकार थे।\n\n\" बाघ स्वामी ने यह स्वीकारोक्ति अधीर भाव से की, मानो किसी मूर्खता पर।\n\nबहुत देर तक गंभीर रूप से चुप रहने के कारण, वे हमारी उपस्थिति से बेखबर लग रहे थे।\n\nजब उन्होंने अपनी कथा का लटकता हुआ धागा उठाया, तो यह अचानक, दबी हुई आवाज़ में था।","type":"default","passage":"बाघ स्वामी","commentary":"","meaning":""},{"id":"12","title":"6.12","content":"“पिता की चेतावनी के कुछ समय बाद ही मैं राजधानी कूचबिहार गया।\n\nयह सुरम्य इलाका मेरे लिए नया था और मुझे एक सुकून भरे बदलाव की उम्मीद थी।\n\nहर जगह की तरह, सड़कों पर एक उत्सुक भीड़ मेरे पीछे-पीछे चल रही थी।\n\nमैंने कुछ फुसफुसाती हुई बातें सुनीं: “‘यह वह आदमी है जो जंगली बाघों से लड़ता है।\n\n’ “‘क्या उसके पैर हैं या पेड़ के तने?’ “‘उसका चेहरा तो देखो! वह बाघों के राजा का ही अवतार होगा!’ “तुम्हें पता है कि गाँव के लड़के अखबार के अंतिम संस्करण की तरह कैसे काम करते हैं! महिलाओं के भाषण-बुलेटिन कितनी तेजी से घर-घर घूमते हैं! कुछ ही घंटों में, पूरा शहर मेरी उपस्थिति से उत्साहित हो गया।","type":"default","passage":"बाघ स्वामी","commentary":"","meaning":""},{"id":"13","title":"6.13","content":"“मैं शाम को चुपचाप आराम कर रहा था, तभी मुझे सरपट दौड़ते घोड़ों की टापें सुनाई दीं।\n\nवे मेरे घर के सामने रुक गए।\n\nकई लंबे, पगड़ीधारी पुलिसवाले अंदर आए।\n\n“मैं दंग रह गया।\n\n‘मानव कानून के इन प्राणियों के लिए सब कुछ संभव है, ’ मैंने सोचा।\n\n‘मुझे आश्चर्य है कि क्या वे मुझे उन मामलों के बारे में फटकार लगाने जा रहे हैं जो मुझे बिल्कुल भी नहीं पता।\n\n’ लेकिन अधिकारियों ने अप्रत्याशित शिष्टाचार के साथ झुककर प्रणाम किया।\n\n“‘सम्माननीय महोदय, हम कूचबिहार के राजकुमार की ओर से आपका स्वागत करने के लिए भेजे गए हैं।\n\nवह आपको कल सुबह अपने महल में आमंत्रित करने में प्रसन्न हैं।\n\n’ “मैंने संभावना के बारे में कुछ देर तक सोचा।\n\nकिसी अस्पष्ट कारण से मुझे अपनी शांत यात्रा में इस रुकावट पर गहरा अफसोस हुआ।\n\nलेकिन पुलिसकर्मियों के विनम्र व्यवहार ने मुझे भावुक कर दिया; मैं जाने के लिए तैयार हो गया।","type":"default","passage":"बाघ स्वामी","commentary":"","meaning":""},{"id":"14","title":"6.14","content":"“अगले दिन मैं हैरान रह गया जब मुझे मेरे दरवाजे से चार घोड़ों द्वारा खींची जाने वाली एक शानदार गाड़ी में ले जाया गया।\n\nएक नौकर ने मुझे चिलचिलाती धूप से बचाने के लिए एक अलंकृत छाता पकड़ा हुआ था।\n\nमैंने शहर और उसके बाहरी जंगल के बीच से सुखद सवारी का आनंद लिया।\n\nशाही वंशज खुद मेरा स्वागत करने के लिए महल के दरवाजे पर थे।\n\nउन्होंने अपनी खुद की सोने की जरी वाली सीट पेश की, और मुस्कुराते हुए खुद को एक साधारण डिज़ाइन की कुर्सी पर बैठाया।\n\n“‘इस सारी विनम्रता के लिए निश्चित रूप से मुझे कुछ कीमत चुकानी पड़ेगी!’ मैंने बढ़ते आश्चर्य में सोचा।\n\nकुछ अनौपचारिक टिप्पणियों के बाद राजकुमार का मकसद सामने आया।\n\n“‘मेरा शहर इस अफवाह से भरा हुआ है कि आप अपने नंगे हाथों से जंगली बाघों से लड़ सकते हैं।\n\nक्या यह सच है?’","type":"default","passage":"बाघ स्वामी","commentary":"","meaning":""},{"id":"15","title":"6.15","content":"**यह बिलकुल सच है।\n\n** **मैं इस पर यकीन नहीं कर सकता! तुम कलकत्ता के बंगाली हो, जो शहरी लोगों के सफेद चावल पर पले-बढ़े हो।\n\nसच बताओ, क्या तुम सिर्फ़ रीढ़विहीन, अफीम खाने वाले जानवरों से ही नहीं लड़ रहे हो?** उसकी आवाज़ ऊँची और व्यंग्यात्मक थी, जिसमें प्रांतीय लहजे का स्पर्श था।\n\n**मैंने उसके अपमानजनक सवाल का कोई जवाब नहीं दिया।\n\n**मैं तुम्हें चुनौती देता हूँ कि तुम मेरे नए पकड़े गए बाघ, राजा बेगम से लड़ो।\n\n{FN6-2} अगर तुम उसका सफलतापूर्वक विरोध कर सको, उसे जंजीर से बाँध सको, और होश में उसके पिंजरे से बाहर निकल सको, तो तुम्हें यह शाही बंगाल मिलेगा! कई हज़ार रुपये और कई अन्य उपहार भी दिए जाएँगे।\n\nअगर तुम उससे लड़ने से इनकार करोगे, तो मैं पूरे राज्य में तुम्हारा नाम धोखेबाज़ के तौर पर प्रचारित करूँगा!'","type":"default","passage":"बाघ स्वामी","commentary":"","meaning":""},{"id":"16","title":"6.16","content":"> उसके अहंकारी शब्द मुझे गोलियों की बौछार की तरह लगे।\n\nमैंने गुस्से में स्वीकृति दे दी।\n\nराजकुमार अपनी कुर्सी से आधा उठकर, एक क्रूर मुस्कान के साथ पीछे हट गया।\n\nमुझे रोमन सम्राटों की याद आ गई, जो ईसाइयों को पाशविक अखाड़ों में खड़ा करके प्रसन्न होते थे।\n\n**मैच एक सप्ताह बाद तय होगा।\n\nमुझे खेद है कि मैं आपको बाघ को देखने की अनुमति पहले से नहीं दे सकता।\n\n**  \n> क्या राजकुमार को डर था कि मैं जानवर को सम्मोहित करने की कोशिश कर सकता हूं, या उसे गुप्त रूप से अफीम खिला सकता हूं, मुझे नहीं पता!  \nमैंने महल छोड़ दिया, मनोरंजन के साथ यह देखते हुए कि शाही छत्र और सुसज्जित गाड़ी \n\nअब गायब थी।\n\n\"अगले सप्ताह मैंने आने वाली परीक्षा के लिए अपने मन और शरीर को व्यवस्थित रूप से तैयार किया।\n\nअपने नौकर के माध्यम से मुझे शानदार कहानियों के बारे में पता चला।\n\nमेरे पिता को संत की भयानक भविष्यवाणी किसी तरह बाहर पहुंच गई थी, जो जैसे-जैसे आगे बढ़ती गई।\n\nकई सीधे-सादे ग्रामीणों का मानना था कि देवताओं द्वारा शापित एक दुष्ट आत्मा ने बाघ के रूप में पुनर्जन्म लिया था जो रात में विभिन्न राक्षसी रूप धारण करता था, लेकिन दिन के दौरान एक धारीदार जानवर बना रहता था।\n\nमाना जाता है कि यह राक्षस-बाघ मुझे नम्र बनाने के लिए भेजा गया था।","type":"default","passage":"बाघ स्वामी","commentary":"","meaning":""},{"id":"17","title":"6.17","content":"“एक और कल्पनाशील संस्करण यह था कि बाघ स्वर्ग के लिए जानवरों की प्रार्थनाओं ने राजा बेगम के रूप में प्रतिक्रिया प्राप्त की थी।\n\nउन्हें मुझे दंडित करने का साधन बनना था- दुस्साहसी द्विपाद, पूरी बाघ प्रजाति का अपमान! एक बिना फर, बिना दांत वाला आदमी एक पंजे वाले, मजबूत हाथ-पैर वाले बाघ को चुनौती देने की हिम्मत कर रहा था! सभी अपमानित बाघों के केंद्रित जहर-ग्रामीणों ने घोषणा की- छिपे हुए कानूनों को संचालित करने और गर्वित बाघ को गिराने के लिए पर्याप्त गति प्राप्त की थी।\n\n“मेरे नौकर ने मुझे आगे बताया कि राजकुमार मनुष्य और जानवर के बीच की लड़ाई के प्रबंधक के रूप में अपने तत्व में था।\n\nउन्होंने हजारों लोगों को समायोजित करने के लिए डिज़ाइन किए गए एक तूफान-रोधी मंडप के निर्माण की देखरेख की थी।\n\nइसके केंद्र में राजा बेगम को एक विशाल लोहे के पिंजरे में रखा गया था, जो बाहरी सुरक्षा कक्ष से घिरा था।\n\nबंदी ने खून जमा देने वाली दहाड़ की एक निरंतर श्रृंखला का उत्सर्जन किया।\n\nउसे क्रोधी भूख को भड़काने के लिए कम मात्रा में खिलाया गया।\n\nशायद राजकुमार को उम्मीद थी कि मैं इनाम का भोजन बनूंगा!","type":"default","passage":"बाघ स्वामी","commentary":"","meaning":""},{"id":"18","title":"6.18","content":"“शहर और उपनगरों से भीड़ ने ढोल की थाप के साथ इस अनोखी प्रतियोगिता की घोषणा करते हुए उत्सुकता से टिकट खरीदे।\n\nयुद्ध के दिन सैकड़ों लोगों को सीटों की कमी के कारण वापस लौटना पड़ा।\n\nकई लोग तंबू के छेदों को तोड़कर अंदर घुस गए, या गैलरी के नीचे किसी भी जगह पर भीड़ लगा दी।\n\n” जैसे-जैसे बाघ स्वामी की कहानी चरमोत्कर्ष पर पहुंची, मेरा उत्साह भी उसके साथ बढ़ता गया; चंडी भी पूरी तरह मौन थी।\n\n“राजा बेगम की तीक्ष्ण ध्वनि-विस्फोट और कुछ हद तक भयभीत भीड़ के शोर के बीच, मैं चुपचाप प्रकट हुई।\n\nकमर के चारों ओर कम कपड़ों में, मैं अन्यथा कपड़ों से असुरक्षित था।\n\nमैंने सुरक्षा कक्ष के दरवाजे का बोल्ट खोला और शांति से उसे अपने पीछे बंद कर लिया।\n\nबाघ को खून का आभास हो गया","type":"default","passage":"बाघ स्वामी","commentary":"","meaning":""},{"id":"19","title":"6.19","content":"> एक झटके में मैं पिंजरे के अंदर था; लेकिन जैसे ही मैंने दरवाज़ा बंद किया, राजा बेगम मुझ पर टूट पड़ीं।\n\nमेरा दाहिना हाथ बुरी तरह से फट गया था।\n\nमानव रक्त, जो एक बाघ के लिए सबसे बड़ा ख़तरा है, भयावह धाराओं में बह रहा था।\n\nसंत की भविष्यवाणी पूरी होने वाली थी।\n\nमैं पहली बार मिली गंभीर चोट के सदमे से तुरंत संभल गया।\n\nअपनी खून से लथपथ उंगलियों को अपनी कमर के कपड़े के नीचे डालकर, मैंने अपनी बाईं बांह को एक हड्डी-दरार झटका में घुमाया।\n\nजानवर पीछे की ओर मुड़ा, पिंजरे के पीछे घूमा, और ऐंठन के साथ आगे बढ़ा।\n\nमेरी प्रसिद्ध मुक्काबाजी की सज़ा उसके सिर पर बरस पड़ी।","type":"default","passage":"बाघ स्वामी","commentary":"","meaning":""},{"id":"20","title":"6.20","content":"> लेकिन राजा बेगम के खून के स्वाद ने शराब के नशे में चूर एक शराबी के लिए पागल कर देने वाली पहली चुस्की की तरह काम किया था।\n\nगगनभेदी दहाड़ से घिरे, जानवर के हमले क्रोध में बढ़ गए।\n\nमेरे केवल एक हाथ की अपर्याप्त रक्षा ने मुझे पंजों और नुकीले दांतों के सामने कमजोर बना दिया।\n\nलेकिन मैंने चौंका देने वाला प्रतिशोध लिया।\n\nएक-दूसरे से खून से लथपथ, हम मौत के लिए संघर्ष कर रहे थे।\n\nपिंजरे में कोहराम मच गया, क्योंकि खून हर तरफ फैल गया था, और दर्द और जानलेवा वासना के धमाके पाशविक गले से निकल रहे थे।\n\n**उसे गोली मारो!** **बाघ को मार डालो!** दर्शकों से चीखें उठीं।\n\nआदमी और जानवर इतनी तेजी से आगे बढ़े, कि एक गार्ड की गोली बेकार हो गई।\n\nमैंने अपनी सारी इच्छा शक्ति जुटाई, भयंकर रूप से चिल्लाया, और एक अंतिम जोरदार प्रहार किया।\n\nबाघ गिर गया और चुपचाप लेट गया।","type":"default","passage":"बाघ स्वामी","commentary":"","meaning":""},{"id":"21","title":"6.21","content":"> एक बिल्ली के बच्चे की तरह!\n मैंने बीच में कहा।\n\nस्वामी ने दिल खोलकर प्रशंसा में हँसा, फिर मनोरंजक कहानी जारी रखी।\n\n> आखिरकार राजा बेगम को पराजित किया गया।\n\nउसका शाही अभिमान और भी कम हो गया: अपने कटे हुए हाथों से, मैंने दुस्साहसपूर्वक उसके जबड़े खोल दिए।\n\nएक नाटकीय क्षण के लिए, मैंने अपना सिर उस मौत के जाल में दबाए रखा।\n\nमैंने चारों ओर एक जंजीर की तलाश की।\n\nफर्श पर ढेर से एक खींचकर, मैंने बाघ को उसकी गर्दन से पिंजरे की सलाखों से बांध दिया।\n\nजीत के भाव में मैं दरवाजे की ओर बढ़ा।\n\nलेकिन उस राक्षसी अवतार, राजा बेगम में अपने कथित राक्षसी मूल के योग्य सहनशक्ति थी।\n\nएक अविश्वसनीय झटके के साथ, उसने जंजीर तोड़ दी और मेरी पीठ पर कूद गया।\n\nमेरा कंधा उसके जबड़े में फंस गया, मैं हिंसक रूप से गिर गया।\n\nलेकिन एक पल में मैंने उसे अपने नीचे दबा लिया।\n\nनिर्दयी प्रहारों के तहत, विश्वासघाती जानवर अर्धचेतन में डूब गया।\n\nइस बार मैंने उसे अधिक सावधानी से जकड़ लिया।\n\nधीरे-धीरे मैं पिंजरे से बाहर निकला।","type":"default","passage":"बाघ स्वामी","commentary":"","meaning":""},{"id":"22","title":"6.22","content":"> मैंने खुद को एक नए कोलाहल में पाया, इस बार खुशी का।\n\nभीड़ की जयकार मानो एक ही विशाल गले से फूट रही हो।\n\nबुरी तरह से घायल होने के बावजूद, मैंने लड़ाई की तीन शर्तें पूरी की थीं- बाघ को अचेत करना, उसे जंजीर से बांधना, और खुद की मदद के बिना उसे छोड़ना।\n\nइसके अलावा, मैंने उस आक्रामक जानवर को इतनी बुरी तरह से घायल और भयभीत कर दिया था कि वह मेरे सिर को अपने मुंह में डालने के अवसर को अनदेखा करने में संतुष्ट था!  \nमेरे घावों का इलाज करने के बाद, मुझे सम्मानित किया गया और माला पहनाई गई; मेरे पैरों पर सैकड़ों सोने के सिक्के बरसाए गए।\n\nपूरे शहर में छुट्टियों का दौर शुरू हो गया।\n\nअब तक देखे गए सबसे बड़े और सबसे क्रूर बाघों में से एक पर मेरी जीत के बारे में हर तरफ अंतहीन चर्चाएँ सुनाई दे रही थीं।\n\nराजा बेगम को मेरे सामने पेश किया गया, जैसा कि वादा किया गया था, लेकिन मुझे कोई खुशी नहीं हुई।\n\nमेरे दिल में एक आध्यात्मिक परिवर्तन आया था।\n\nऐसा लग रहा था कि पिंजरे से बाहर निकलने के साथ ही मैंने अपनी सांसारिक महत्वाकांक्षाओं के लिए भी दरवाज़ा बंद कर दिया था।","type":"default","passage":"बाघ स्वामी","commentary":"","meaning":""},{"id":"23","title":"6.23","content":"“इसके बाद एक दुखद दौर आया।\n\nछह महीने तक मैं रक्त विषाक्तता के कारण मृत्यु के करीब रहा।\n\nजैसे ही मैं कूचबिहार छोड़ने लायक स्वस्थ हुआ, मैं अपने पैतृक शहर लौट आया।\n\n“‘\n\nअब मैं जानता हूँ कि मेरे गुरु वही पवित्र व्यक्ति हैं जिन्होंने बुद्धिमानी भरी चेतावनी दी थी।\n\n’ मैंने विनम्रतापूर्वक अपने पिता से यह स्वीकारोक्ति की।\n\n‘काश, मैं उन्हें पा पाता!’ मेरी इच्छा सच्ची थी, क्योंकि एक दिन संत बिना किसी पूर्व सूचना के आ गए।\n\n“‘बाघ को वश में करना बहुत हो गया।\n\n’ उन्होंने शांत आश्वासन के साथ कहा।\n\n‘मेरे साथ आओ; मैं तुम्हें मानव मन के जंगलों में विचरण करने वाले अज्ञान के जानवरों को वश में करना सिखाऊंगा।\n\nतुम दर्शकों के आदी हो चुके हो: इसे स्वर्गदूतों की आकाशगंगा होने दो, जो योग की अपनी रोमांचक महारत से मनोरंजन कर रहे हों!’","type":"default","passage":"बाघ स्वामी","commentary":"","meaning":""},{"id":"24","title":"6.24","content":"“मुझे मेरे संत गुरु ने आध्यात्मिक मार्ग पर दीक्षित किया।\n\nउन्होंने मेरे आत्मा के द्वार खोले, जो लंबे समय से उपयोग न किए जाने के कारण जंग खाए हुए और प्रतिरोधी थे।\n\nहाथ में हाथ डाले, हम जल्द ही हिमालय में मेरे प्रशिक्षण के लिए निकल पड़े।\n\n” चंडी और मैंने स्वामी के चरणों में सिर झुकाया, उनके द्वारा वास्तव में चक्रवाती जीवन की विशद रूपरेखा के लिए आभारी थे।\n\nमुझे लगा कि ठंडे कमरे में लंबे समय तक प्रतीक्षा करने का मुझे भरपूर भुगतान मिला है! {FN6-1} सोहोंग उनका मठवासी नाम था।\n\nवे लोकप्रिय रूप से “टाइगर स्वामी” के नाम से जाने जाते थे।\n\n{FN6-2} “प्रिंस प्रिंसेस” - यह नाम \n\nइसलिए रखा गया था ताकि यह संकेत मिल सके कि इस जानवर में बाघ और बाघिन की संयुक्त क्रूरता थी।","type":"default","passage":"बाघ स्वामी","commentary":"","meaning":""}]}