{"id":7,"title":"उड़ने वाले संत (नगेन्द्र नाथ भादुरी)","description":"उड़ने वाले संत (नगेन्द्र नाथ भादुरी)","sectionCount":15,"tags":null,"contentId":"AoY02","sections":[{"id":"1","title":"7.1","content":"उड़ता हुआ संत  \n> मैंने कल रात एक समूह बैठक में एक योगी को ज़मीन से कई फ़ीट ऊपर हवा में रहते देखा।\n\n मेरे मित्र उपेंद्र मोहन चौधरी ने प्रभावशाली ढंग से बात की।\n\nमैंने उन्हें उत्साहपूर्ण मुस्कान दी।\n\n> शायद मैं उनका नाम अनुमान लगा सकता हूँ।\n\nक्या वे अपर सर्कुलर रोड के भादुड़ी महाशय थे?\n उपेंद्र ने सिर हिलाया, समाचार-वाहक न होने के कारण थोड़ा निराश।\n\nसंतों के बारे में मेरी जिज्ञासा मेरे मित्रों के बीच प्रसिद्ध थी; वे मुझे एक नए रास्ते पर लाने में प्रसन्न थे।\n\n> योगी मेरे घर के इतने नज़दीक रहते हैं कि मैं अक्सर उनसे मिलने जाता हूँ।\n\n मेरे शब्दों ने उपेंद्र के चेहरे पर गहरी दिलचस्पी पैदा कर दी, और मैंने और अधिक आत्मविश्वास दिखाया।","type":"default","passage":"उड़ने वाले संत (नगेन्द्र नाथ भादुरी)","commentary":"","meaning":""},{"id":"2","title":"7.2","content":"> मैंने उन्हें असाधारण कार्य करते देखा है।\n\nउन्होंने पतंजलि द्वारा बताए गए प्राचीन अष्टांग योग के विभिन्न प्राणायाम {FN7-1} में निपुणता प्राप्त की है।\n\n{FN7-2} एक बार भादुड़ी महाशय ने मेरे सामने भस्त्रिका प्राणायाम इतनी अद्भुत शक्ति से किया कि ऐसा लगा कि कमरे में सचमुच तूफान आ गया है! फिर उन्होंने अपनी तेज़ साँस को रोक लिया और अतिचेतन की उच्च अवस्था में स्थिर हो गए।\n\n{FN7-3} तूफान के बाद शांति का आभास इतना प्रबल था कि उसे भुलाया नहीं जा सकता।\n\n  \n> मैंने सुना है कि संत कभी अपना घर नहीं छोड़ते।\n\n उपेंद्र के स्वर में थोड़ा अविश्वास था।\n\n> वाकई यह सच है! वे पिछले बीस वर्षों से घर के अंदर ही रह रहे हैं।\n\nहमारे पवित्र त्योहारों के समय वे अपने स्वयं के लगाए गए नियम में थोड़ी ढील देते हैं, जब वे अपने सामने की सड़क पर चले जाते हैं! भिखारी वहाँ इकट्ठा होते हैं, क्योंकि संत भादुड़ी अपने कोमल हृदय के लिए जाने जाते हैं।","type":"default","passage":"उड़ने वाले संत (नगेन्द्र नाथ भादुरी)","commentary":"","meaning":""},{"id":"3","title":"7.3","content":"> वह गुरुत्वाकर्षण के नियम को धता बताते हुए हवा में कैसे रहता है?\n  \n> कुछ प्राणायामों के प्रयोग के बाद योगी का शरीर अपनी स्थूलता खो देता है।\n\nफिर वह उछलते हुए मेंढक की तरह हवा में उछलता है।\n\nयहाँ तक कि जो संत औपचारिक योग का अभ्यास नहीं करते हैं, वे भी भगवान के प्रति गहन भक्ति की अवस्था में हवा में उछलते देखे गए हैं।\n\n  \n> मैं इस संत के बारे में और जानना चाहता हूँ।\n\nक्या आप उनकी शाम की बैठकों में जाते हैं?\n उपेंद्र की आँखें जिज्ञासा से चमक रही थीं।\n\n> हाँ, मैं अक्सर जाता हूँ।\n\nमैं उनकी बुद्धिमत्ता में छिपी हुई चतुराई से बहुत खुश होता हूँ।\n\nकभी-कभी मेरी लंबी हँसी उनकी बैठकों की गंभीरता को बिगाड़ देती है।\n\nसंत नाराज़ नहीं होते, लेकिन उनके शिष्य उन्हें घूरते हैं!","type":"default","passage":"उड़ने वाले संत (नगेन्द्र नाथ भादुरी)","commentary":"","meaning":""},{"id":"4","title":"7.4","content":"उस दोपहर स्कूल से घर लौटते समय, मैं भादुरी महाशय के मठ से गुज़रा और वहाँ जाने का फ़ैसला किया।\n\nयोगी आम लोगों के लिए दुर्गम थे।\n\nभूतल पर रहने वाला एक अकेला शिष्य अपने गुरु की निजता की रक्षा करता था।\n\nछात्र कुछ हद तक गुस्सैल था; \n\nअब उसने औपचारिक रूप से पूछा कि क्या मेरी कोई  \n> सगाई\n है।\n\nउसके गुरु ने मुझे तुरंत निकाले जाने से बचाने के लिए समय रहते उपस्थिति दर्ज कराई।\n\n> मुकुंद को जब आना हो, आने दो।\n\n ऋषि की आँखें चमक उठीं।\n\n> एकांत का मेरा नियम मेरे अपने आराम के लिए नहीं, बल्कि दूसरों के लिए है।\n\nसांसारिक लोगों को ऐसी स्पष्टवादिता पसंद नहीं होती जो उनके भ्रम को तोड़ दे।\n\nसंत न केवल दुर्लभ होते हैं बल्कि विचलित करने वाले भी होते हैं।\n\nशास्त्रों में भी, वे अक्सर शर्मनाक पाए जाते हैं!","type":"default","passage":"उड़ने वाले संत (नगेन्द्र नाथ भादुरी)","commentary":"","meaning":""},{"id":"5","title":"7.5","content":"मैं भादुरी महाशय के पीछे-पीछे उनके ऊपरी मंजिल के साधारण कमरे में गया, जहाँ से वे शायद ही कभी हिलते-डुलते थे।\n\nगुरु अक्सर दुनिया की हलचल के दृश्य को अनदेखा कर देते हैं, जो युगों में केंद्रित होने तक ध्यान से बाहर रहता है।\n\nएक ऋषि के समकालीन केवल संकीर्ण वर्तमान के लोग ही नहीं होते।\n\n> महर्षि, {FN7-5} आप पहले योगी हैं जिन्हें मैंने जाना है जो हमेशा घर के अंदर रहते हैं।\n\n  \n> भगवान अपने संतों को कभी-कभी अप्रत्याशित मिट्टी में रोपते हैं, कहीं ऐसा न हो कि हम उन्हें एक नियम में बदल दें!\n ऋषि ने अपने जीवंत शरीर को कमल के आसन में बंद कर लिया।\n\nअपने सत्तर के दशक में, उन्होंने उम्र या गतिहीन जीवन के कोई अप्रिय लक्षण नहीं दिखाए।\n\nदृढ़ और सीधे, वे हर मामले में आदर्श थे।\n\nउनका चेहरा एक ऋषि का था, जैसा कि प्राचीन ग्रंथों में वर्णित है।\n\nकुलीन सिर, भरपूर दाढ़ी वाले, वे हमेशा दृढ़ता से सीधे बैठते थे, उनकी शांत आँखें सर्वव्यापी पर टिकी होती थीं।","type":"default","passage":"उड़ने वाले संत (नगेन्द्र नाथ भादुरी)","commentary":"","meaning":""},{"id":"6","title":"7.6","content":"संत और मैं ध्यान की अवस्था में चले गए।\n\nएक घंटे के बाद, उनकी कोमल आवाज़ ने मुझे जगाया।\n\n> आप अक्सर मौन में चले जाते हैं, लेकिन क्या आपने अनुभव विकसित किया है?\n {FN7-6} वे मुझे ध्यान से ज़्यादा ईश्वर से प्रेम करने की याद दिला रहे थे।\n\n> तकनीक को लक्ष्य समझने की भूल मत करो।\n\n उन्होंने मुझे कुछ आम दिए।\n\nउस अच्छे-मनोरंजन वाले हास्य के साथ, जो मुझे उनके गंभीर स्वभाव में बहुत ही आनंददायक लगा, उन्होंने टिप्पणी की,  \n> आम तौर पर लोग ध्यान योग  \n***(ईश्वर से मिलन)***\n की तुलना में जल योग  \n***(भोजन के साथ मिलन)***\n को अधिक पसंद करते हैं।\n\n उनके योगिक व्यंग्य ने मुझे बहुत प्रभावित किया।\n\n> आपकी हंसी कितनी शानदार है!\n उनकी आँखों में एक स्नेहपूर्ण चमक आ गई।\n\nउनका अपना चेहरा हमेशा गंभीर रहता था, फिर भी एक आनंदित मुस्कान से भरा हुआ।\n\nउनकी बड़ी, कमल जैसी आँखों में एक छिपी हुई दिव्य हँसी थी।","type":"default","passage":"उड़ने वाले संत (नगेन्द्र नाथ भादुरी)","commentary":"","meaning":""},{"id":"7","title":"7.7","content":"> वे पत्र दूर अमेरिका से आते हैं।\n\n संत ने मेज पर रखे कई मोटे लिफाफों की ओर इशारा किया।\n\n> मैं वहाँ कुछ समाजों से पत्र-व्यवहार करता हूँ, जिनके सदस्य योग में रुचि रखते हैं।\n\nवे कोलंबस की तुलना में बेहतर दिशा-ज्ञान के साथ भारत की नई खोज कर रहे हैं! मुझे उनकी मदद करके खुशी होगी।\n\nयोग का ज्ञान उन सभी के लिए मुफ़्त है जो इसे ग्रहण करना चाहते हैं, जैसे कि अपार दिन का प्रकाश।\n\nजो ऋषियों ने मानव मुक्ति के लिए आवश्यक माना है, उसे पश्चिम के लिए कम नहीं किया जाना चाहिए।\n\nआत्मा में समान होने पर भी बाहरी अनुभव में विविधता, न तो पश्चिम और न ही पूर्व विकसित हो सकते हैं यदि किसी प्रकार के अनुशासनात्मक योग का अभ्यास न किया जाए।\n\n\" संत ने मुझे अपनी शांत आँखों से देखा।\n\nमुझे एहसास नहीं हुआ कि उनका भाषण एक छिपी हुई भविष्यवाणी थी।\n\nयह केवल \n\nअब है, जब मैं ये शब्द लिख रहा हूँ, मैं उन आकस्मिक संकेतों का पूरा अर्थ समझ पा रहा हूँ जो वे अक्सर मुझे देते थे कि किसी दिन मैं भारत की शिक्षाओं को अमेरिका ले जाऊँगा।","type":"default","passage":"उड़ने वाले संत (नगेन्द्र नाथ भादुरी)","commentary":"","meaning":""},{"id":"8","title":"7.8","content":"[चित्रण: भादुड़ी महाशय,  \n> द लेविटेटिंग सेंट\n  \n> सर,  \n मैंने पूछा,  \n> आप दुनिया के लाभ के लिए योग पर एक किताब क्यों नहीं लिखते?\n  \n> मैं शिष्यों को प्रशिक्षित कर रहा हूं,  \n उन्होंने उत्तर दिया।\n\n> वे और उनके छात्र जीवित पुस्तकें होंगी, जो समय के प्राकृतिक विघटन और आलोचकों की अप्राकृतिक व्याख्याओं के खिलाफ सबूत होंगी।\n\n - देखें बधुरी.jpg]  \n> महर्षि, मैं चाहता हूं कि आप दुनिया के लाभ के लिए योग पर एक किताब लिखें।\n\n  \n> मैं शिष्यों को प्रशिक्षित कर रहा हूं।\n\nवे और उनके छात्र जीवित पुस्तकें होंगी, जो समय के प्राकृतिक विघटन और आलोचकों की अप्राकृतिक व्याख्याओं के खिलाफ सबूत होंगी।\n\n भादुड़ी की बुद्धि ने मुझे फिर से हंसी के ठहाके में डाल दिया।","type":"default","passage":"उड़ने वाले संत (नगेन्द्र नाथ भादुरी)","commentary":"","meaning":""},{"id":"9","title":"7.9","content":"मैं योगी के साथ शाम को उनके शिष्यों के आने तक अकेला रहा।\n\nभादुड़ी महाशय ने अपने अद्वितीय प्रवचनों में से एक में प्रवेश किया।\n\nएक शांतिपूर्ण बाढ़ की तरह, उन्होंने अपने श्रोताओं के मानसिक मलबे को बहा दिया, उन्हें भगवान की ओर प्रवाहित किया।\n\nउनके अद्भुत दृष्टांत एक निर्दोष बंगाली में व्यक्त किए गए थे।\n\nइस शाम भादुड़ी ने मीराबाई के जीवन से जुड़े विभिन्न दार्शनिक बिंदुओं की व्याख्या की, जो एक मध्ययुगीन राजपूतानी राजकुमारी थीं, जिन्होंने साधुओं की संगति के लिए अपने दरबारी जीवन को त्याग दिया था।\n\nएक महान संन्यासी ने उनका स्वागत करने से इनकार कर दिया क्योंकि वह एक महिला थीं; उनके उत्तर ने उन्हें विनम्रतापूर्वक अपने पैरों पर खड़ा कर दिया।\n\n“गुरु से कहो, ” उसने कहा था, “कि मैं नहीं जानती थी कि ब्रह्मांड में भगवान को छोड़कर कोई पुरुष है; क्या हम सभी उनके सामने महिला नहीं हैं?”  \n***(भगवान की एकमात्र सकारात्मक रचनात्मक सिद्धांत के रूप में एक शास्त्रीय अवधारणा, उनकी रचना एक निष्क्रिय माया के अलावा कुछ भी नहीं है।\n\n)***","type":"default","passage":"उड़ने वाले संत (नगेन्द्र नाथ भादुरी)","commentary":"","meaning":""},{"id":"10","title":"7.10","content":"मीराबाई ने कई आनंदमय गीतों की रचना की जो आज भी भारत में संजोए हुए हैं; मैं उनमें से एक का अनुवाद यहां कर रहा हूं: \"यदि प्रतिदिन स्नान करने से ईश्वर को पाया जा सकता तो मैं समुद्र में व्हेल बन जाती; यदि जड़ और फल खाने से उन्हें जाना जा सकता तो मैं खुशी से एक बकरी का रूप चुनती; यदि मालाओं की गिनती करने से वे उजागर हो जाएं तो मैं अपनी प्रार्थना विशाल मोतियों की माला से करती; यदि पत्थर की मूर्तियों के सामने झुकने से वे उजागर हो जाएं तो मैं विनम्रतापूर्वक एक चट्टानी पहाड़ की पूजा करती; यदि दूध पीने से भगवान को आत्मसात किया जा सकता तो कई बछड़े और बच्चे उन्हें जान लेते; यदि अपनी पत्नी को त्यागने से ईश्वर को बुलाया जा सकता तो क्या हजारों लोग हिजड़े नहीं बन जाते? मीराबाई जानती हैं कि ईश्वर को पाने के लिए एकमात्र अपरिहार्य","type":"default","passage":"उड़ने वाले संत (नगेन्द्र नाथ भादुरी)","commentary":"","meaning":""},{"id":"11","title":"7.11","content":"कई शिष्यों ने भादुड़ी की चप्पलों में रुपए डाले जो उनके बगल में रखी हुई थीं, जबकि वे योग मुद्रा में बैठे थे।\n\nभारत में प्रचलित यह सम्मानजनक भेंट यह दर्शाती है कि शिष्य अपनी भौतिक संपत्ति गुरु के चरणों में रखता है।\n\nकृतज्ञ मित्र केवल भगवान के छद्मवेश में होते हैं, जो अपने मित्रों की देखभाल करते हैं।\n\n> गुरु, आप अद्भुत हैं!\n एक शिष्य ने विदा लेते हुए, कुलपति ऋषि की ओर उत्साहपूर्वक देखा।\n\n> आपने ईश्वर की खोज करने और हमें ज्ञान सिखाने के लिए धन और सुख-सुविधाओं का त्याग किया है!\n यह सर्वविदित है कि भादुड़ी महाशय ने बचपन में ही परिवार की बड़ी संपत्ति को त्याग दिया था, जब उन्होंने एकनिष्ठ होकर योग मार्ग में प्रवेश किया था।","type":"default","passage":"उड़ने वाले संत (नगेन्द्र नाथ भादुरी)","commentary":"","meaning":""},{"id":"12","title":"7.12","content":"> तुम मामले को पलट रहे हो!\n संत के चेहरे पर हल्की फटकार थी।\n\n> मैंने अनंत आनंद के ब्रह्मांडीय साम्राज्य के लिए कुछ मामूली रुपये, कुछ तुच्छ सुखों को छोड़ दिया है।\n\nफिर मैंने खुद को किस चीज से वंचित किया है? मैं खजाने को साझा करने का आनंद जानता हूं।\n\nक्या यह एक बलिदान है? अदूरदर्शी सांसारिक लोग वास्तव में असली त्यागी हैं! वे मुट्ठी भर सांसारिक खिलौनों के लिए एक अद्वितीय दिव्य संपत्ति को छोड़ देते हैं!\n मैं त्याग के इस विरोधाभासी दृष्टिकोण पर हँसा - जो किसी भी संत भिखारी को क्रोइसस की टोपी पहनाता है, जबकि सभी अभिमानी करोड़पतियों को अचेतन शहीदों में बदल देता है।\n\n> ईश्वरीय व्यवस्था किसी भी बीमा कंपनी की तुलना में हमारे भविष्य को अधिक बुद्धिमानी से व्यवस्थित करती है।\n\n गुरु के अंतिम शब्द उनके विश्वास का साकार पंथ थे।\n\n> दुनिया बाहरी सुरक्षा में बेचैन विश्वासियों से भरी हुई है।\n\nउनके कड़वे विचार उनके माथे पर दाग की तरह हैं।\n\nजिसने हमें हमारी पहली सांस से हवा और दूध दिया, वह अपने भक्तों के लिए दिन-प्रतिदिन की देखभाल करना जानता है।","type":"default","passage":"उड़ने वाले संत (नगेन्द्र नाथ भादुरी)","commentary":"","meaning":""},{"id":"13","title":"7.13","content":"मैंने विद्यालय के बाद संत के द्वार पर जाना जारी रखा।\n\nमौन उत्साह के साथ उन्होंने मुझे अनुभव प्राप्त करने में सहायता की।\n\nएक दिन वे मेरे गुरुपार रोड स्थित घर से दूर राम मोहन राय रोड पर चले गए।\n\nउनके प्रिय शिष्यों ने उनके लिए एक नया आश्रम बनवाया था, जिसे  \n> नागेंद्र मठ\n के नाम से जाना जाता था।\n\n{FN7-7} यद्यपि यह मुझे मेरी कहानी से कई वर्ष आगे ले जाता है, फिर भी मैं यहाँ भादुड़ी महाशय द्वारा मुझे दिए गए अंतिम शब्दों को याद करूँगा।\n\nपश्चिम की ओर प्रस्थान करने से कुछ समय पहले, मैंने उन्हें खोजा और विनम्रतापूर्वक उनके विदाई आशीर्वाद के लिए घुटनों के बल झुका:  \n> बेटा, अमेरिका जाओ।\n\nप्राचीन भारत की गरिमा को अपनी ढाल बनाओ।\n\nविजय तुम्हारे माथे पर लिखी है; दूर के महान लोग तुम्हारा स्वागत करेंगे।","type":"default","passage":"उड़ने वाले संत (नगेन्द्र नाथ भादुरी)","commentary":"","meaning":""},{"id":"14","title":"7.14","content":"{FN7-1} सांस के नियमन के माध्यम से जीवन-शक्ति को नियंत्रित करने की विधियाँ।\n\n{FN7-2} योग के सबसे प्राचीन प्रतिपादक।\n\n{FN7-3} फ्रांसीसी प्रोफेसर पश्चिम में सबसे पहले वैज्ञानिक रूप से अतिचेतन मन की संभावनाओं की जाँच करने के लिए तैयार थे।\n\nसोरबोन के L’Ecole de Psychologie के सदस्य प्रोफेसर जूल्स-बोइस ने 1928 में अमेरिका में व्याख्यान दिया; उन्होंने अपने श्रोताओं को बताया कि फ्रांसीसी वैज्ञानिकों ने अतिचेतन को मान्यता दी है, “जो फ्रायड के अवचेतन मन के बिल्कुल विपरीत है और वह क्षमता है जो मनुष्य को वास्तव में मनुष्य बनाती है, न कि केवल एक अति-पशु।\n\n” एम. जूल्स-बोइस ने समझाया कि उच्च चेतना के जागरण को “कूइज़्म या सम्मोहन के साथ भ्रमित नहीं किया जाना चाहिए।\n\nअतिचेतन मन के अस्तित्व को लंबे समय से दार्शनिक रूप से मान्यता दी गई है, वास्तव में यह इमर्सन द्वारा कही गई ओवरसोल है, लेकिन हाल ही में इसे वैज्ञानिक रूप से मान्यता दी गई है।\n\n” फ्रांसीसी वैज्ञानिक ने बताया कि अतिचेतन से प्रेरणा, प्रतिभा, नैतिक मूल्य आते हैं।\n\n> इसमें विश्वास करना रहस्यवाद नहीं है, यद्यपि यह रहस्यवादियों द्वारा प्रचारित गुणों को मान्यता देता है और उन्हें महत्व देता है।","type":"default","passage":"उड़ने वाले संत (नगेन्द्र नाथ भादुरी)","commentary":"","meaning":""},{"id":"15","title":"7.15","content":"{FN7-4} सेंट थेरेसा ऑफ अविला और अन्य ईसाई संतों को अक्सर उड़ते हुए देखा जाता था।\n\n{FN7-5} “महान ऋषि।\n\n” {FN7-6} ईश्वर की वास्तविक अनुभूति।\n\n{FN7-7} संत का पूरा नाम नागेंद्रनाथ भादुड़ी था।\n\nMATH का अर्थ है आश्रम या आश्रम।","type":"default","passage":"उड़ने वाले संत (नगेन्द्र नाथ भादुरी)","commentary":"","meaning":""}]}