{"id":8,"title":"भारत के महान वैज्ञानिक और आविष्कारक, जगदीश चंद्र बोस","description":"भारत के महान वैज्ञानिक और आविष्कारक, जगदीश चंद्र बोस","sectionCount":22,"tags":null,"contentId":"AoY02","sections":[{"id":"1","title":"8.1","content":"भारत के महान वैज्ञानिक, जे.सी. बोस “जगदीश चंद्र बोस के वायरलेस आविष्कार मार्कोनी से पहले के हैं।\n\n” इस उत्तेजक टिप्पणी को सुनकर, मैं वैज्ञानिक चर्चा में लगे प्रोफेसरों के एक समूह के पास चला गया।\n\nअगर उनके साथ शामिल होने का मेरा मकसद नस्लीय गौरव था, तो मुझे इसका अफसोस है।\n\nमैं इस बात के प्रमाण में अपनी गहरी दिलचस्पी से इनकार नहीं कर सकता कि भारत केवल तत्वमीमांसा ही नहीं, बल्कि भौतिकी में भी अग्रणी भूमिका निभा सकता है।\n\n“आपका क्या मतलब है, सर?” प्रोफेसर ने विनम्रतापूर्वक समझाया।\n\n“बोस वायरलेस कोहेरर और विद्युत तरंगों के अपवर्तन को इंगित करने वाले उपकरण का आविष्कार करने वाले पहले व्यक्ति थे।\n\nलेकिन भारतीय वैज्ञानिक ने अपने आविष्कारों का व्यावसायिक रूप से दोहन नहीं किया।\n\nउन्होंने जल्द ही अपना ध्यान अकार्बनिक से कार्बनिक दुनिया की ओर मोड़ लिया।\n\nएक प्लांट फिजियोलॉजिस्ट के रूप में उनकी क्रांतिकारी खोजें एक भौतिक विज्ञानी के रूप में उनकी क्रांतिकारी उपलब्धियों से भी आगे निकल रही हैं।\n\n”","type":"default","passage":"भारत के महान वैज्ञानिक और आविष्कारक, जगदीश चंद्र बोस","commentary":"","meaning":""},{"id":"2","title":"8.2","content":"मैंने विनम्रतापूर्वक अपने गुरु का धन्यवाद किया।\n\nउन्होंने आगे कहा,  \n> महान वैज्ञानिक प्रेसीडेंसी कॉलेज में मेरे भाई प्रोफेसरों में से एक हैं।\n\n अगले दिन मैं गुरुपार रोड पर मेरे घर के पास स्थित संत से मिलने गया।\n\nमैं लंबे समय से उन्हें सम्मानपूर्वक दूर से देखता था।\n\nगंभीर और सेवानिवृत्त वनस्पतिशास्त्री ने मुझे शालीनता से अभिवादन किया।\n\nवह पचास के दशक में एक सुंदर, मजबूत व्यक्ति थे, घने बाल, चौड़ा माथा और एक सपने देखने वाले की तरह अमूर्त आँखें।\n\nउनके स्वर में सटीकता से आजीवन वैज्ञानिक आदत का पता चलता था।\n\n> मैं हाल ही में पश्चिम के वैज्ञानिक समाजों के एक अभियान से लौटा हूँ।\n\nउनके सदस्यों ने मेरे आविष्कार के नाजुक उपकरणों में गहरी रुचि दिखाई, जो सभी जीवन की अविभाज्य एकता को प्रदर्शित करते हैं।\n\n{FN8-1} बोस क्रेस्कोग्राफ में दस मिलियन आवर्धन की विशालता है।\n\nमाइक्रोस्कोप केवल कुछ हज़ार गुना बड़ा होता है; फिर भी इसने जैविक विज्ञान को महत्वपूर्ण प्रोत्साहन दिया।\n\nक्रेस्कोग्राफ अनगिनत दृश्य खोलता है।","type":"default","passage":"भारत के महान वैज्ञानिक और आविष्कारक, जगदीश चंद्र बोस","commentary":"","meaning":""},{"id":"3","title":"8.3","content":"> आपने विज्ञान की अवैयक्तिक भुजाओं में पूर्व और पश्चिम को शामिल करने के लिए बहुत कुछ किया है, सर।\n\n  \n> मेरी शिक्षा कैम्ब्रिज में हुई।\n\nसभी सिद्धांतों को ईमानदारी से प्रयोगात्मक सत्यापन के लिए प्रस्तुत करने की पश्चिमी पद्धति कितनी सराहनीय है! वह अनुभवजन्य प्रक्रिया आत्मनिरीक्षण के उपहार के साथ-साथ चली है जो मेरी पूर्वी विरासत है।\n\nसाथ में उन्होंने मुझे प्राकृतिक क्षेत्रों की चुप्पी को तोड़ने में सक्षम बनाया है जो लंबे समय से संवादहीन थी।\n\nमेरे क्रेस्कोग्राफ {FN8-2} के बताने वाले चार्ट सबसे अधिक संदेह करने वालों के लिए सबूत हैं कि पौधों में एक संवेदनशील तंत्रिका तंत्र और एक विविध भावनात्मक जीवन होता है।\n\nप्यार, नफरत, खुशी, डर, खुशी, दर्द, उत्तेजना, स्तब्धता और उत्तेजनाओं के लिए अनगिनत उचित प्रतिक्रियाएं पौधों में जानवरों की तरह ही सार्वभौमिक हैं।","type":"default","passage":"भारत के महान वैज्ञानिक और आविष्कारक, जगदीश चंद्र बोस","commentary":"","meaning":""},{"id":"4","title":"8.4","content":"> प्रोफेसर, आपके आगमन से पहले सभी सृष्टि में जीवन की अनोखी धड़कन केवल काव्यात्मक कल्पना ही लगती थी! एक संत जिसे मैं कभी जानता था, वह कभी फूल नहीं तोड़ता था।\n\n**क्या मैं गुलाब के पौधे से उसकी सुंदरता का गर्व छीन लूँ? क्या मैं अपने अशिष्ट त्याग से उसकी गरिमा को क्रूरतापूर्वक ठेस पहुँचाऊँ?** आपके आविष्कारों के माध्यम से उनके सहानुभूतिपूर्ण शब्द अक्षरशः सत्यापित होते हैं!\n  \n> कवि सत्य से घनिष्ठ रूप से जुड़ा होता है, जबकि वैज्ञानिक अजीब तरीके से आगे बढ़ता है।\n\nकिसी दिन मेरी प्रयोगशाला में आइए और क्रेस्कोग्राफ की स्पष्ट गवाही देखिए।\n\n कृतज्ञतापूर्वक मैंने निमंत्रण स्वीकार किया, और वहाँ से चला गया।\n\nमैंने बाद में सुना कि वनस्पतिशास्त्री ने प्रेसीडेंसी कॉलेज छोड़ दिया था, और कलकत्ता में एक शोध केंद्र की योजना बना रहा था।","type":"default","passage":"भारत के महान वैज्ञानिक और आविष्कारक, जगदीश चंद्र बोस","commentary":"","meaning":""},{"id":"5","title":"8.5","content":"जब बोस संस्थान खोला गया, तो मैंने समर्पण समारोह में भाग लिया।\n\nउत्साही सैकड़ों लोग परिसर में टहल रहे थे।\n\nमैं विज्ञान के नए घर की कलात्मकता और आध्यात्मिक प्रतीकवाद से मंत्रमुग्ध था।\n\nमैंने देखा कि इसका सामने का द्वार दूर के मंदिर से सदियों पुराना अवशेष था।\n\nकमल {FN8-3} फव्वारे के पीछे, मशाल के साथ एक मूर्तिकृत महिला आकृति ने अमर प्रकाश-वाहक के रूप में महिला के प्रति भारतीय सम्मान को व्यक्त किया।\n\nबगीचे में एक छोटा मंदिर था जो घटनाओं से परे नौमेनन को समर्पित था।\n\nकिसी भी वेदी-छवि की अनुपस्थिति से दिव्य निराकारता का विचार सुझाया गया था।\n\n[चित्रण: छह साल की उम्र में मैं—देखें atsix.jpg]","type":"default","passage":"भारत के महान वैज्ञानिक और आविष्कारक, जगदीश चंद्र बोस","commentary":"","meaning":""},{"id":"6","title":"8.6","content":"[चित्रण: जगदीश चंद्र बोस, भारत के महान भौतिकशास्त्री, वनस्पतिशास्त्री और क्रेस्कोग्राफ के आविष्कारक - बोस.jpg देखें] इस महान अवसर पर बोस का भाषण किसी प्रेरित प्राचीन ऋषि के होठों से निकला हुआ लग सकता था।\n\n“मैं आज इस संस्थान को केवल एक प्रयोगशाला के रूप में नहीं बल्कि एक मंदिर के रूप में समर्पित करता हूँ।\n\n” उनकी श्रद्धापूर्ण गंभीरता भीड़ भरे सभागार में एक अदृश्य आवरण की तरह छा गई।\n\n“अपनी खोजबीन के क्रम में मैं अनजाने में ही भौतिकी और शरीरक्रिया विज्ञान के सीमा क्षेत्र में पहुँच गया।\n\nमुझे आश्चर्य हुआ कि मैंने पाया कि सीमा रेखाएँ गायब हो रही हैं और सजीव और निर्जीव के बीच संपर्क बिंदु उभर रहे हैं।\n\nअकार्बनिक पदार्थ को जड़ के अलावा कुछ भी नहीं माना जा रहा था; यह असंख्य शक्तियों की क्रिया के तहत रोमांचित था।","type":"default","passage":"भारत के महान वैज्ञानिक और आविष्कारक, जगदीश चंद्र बोस","commentary":"","meaning":""},{"id":"7","title":"8.7","content":"\"एक सार्वभौमिक प्रतिक्रिया ने धातु, पौधे और जानवर को एक समान कानून के तहत ला दिया।\n\nवे सभी अनिवार्य रूप से थकान और अवसाद की एक ही घटना को प्रदर्शित करते थे, जिसमें ठीक होने और उत्साह की संभावनाएँ थीं, साथ ही मृत्यु से जुड़ी स्थायी गैर-संवेदनशीलता भी थी।\n\nइस शानदार सामान्यीकरण से विस्मय से भरकर, यह बड़ी उम्मीद के साथ था कि मैंने रॉयल सोसाइटी के सामने अपने परिणामों की घोषणा की - प्रयोगों द्वारा प्रदर्शित परिणाम।\n\nलेकिन उपस्थित शरीर विज्ञानियों ने मुझे सलाह दी कि मैं खुद को शारीरिक जांच तक ही सीमित रखूँ, जिसमें मेरी सफलता सुनिश्चित थी, बजाय इसके कि मैं उनके संरक्षण में अतिक्रमण करूँ।\n\nमैं अनजाने में एक अपरिचित जाति व्यवस्था के दायरे में भटक गया था और इस तरह इसके शिष्टाचार का अपमान किया।","type":"default","passage":"भारत के महान वैज्ञानिक और आविष्कारक, जगदीश चंद्र बोस","commentary":"","meaning":""},{"id":"8","title":"8.8","content":"> एक अचेतन धार्मिक पूर्वाग्रह भी मौजूद था, जो अज्ञान को आस्था के साथ मिला देता है।\n\nयह अक्सर भुला दिया जाता है कि जिसने हमें सृष्टि के इस निरंतर विकसित होने वाले रहस्य से घेर रखा है, उसने हमारे अंदर प्रश्न करने और समझने की इच्छा भी पैदा की है।\n\nकई वर्षों की गलतफहमी के माध्यम से, मुझे पता चला कि विज्ञान के भक्त का जीवन अनिवार्य रूप से अंतहीन संघर्ष से भरा होता है।\n\nयह उसके लिए है कि वह अपने जीवन को एक उत्साही भेंट के रूप में पेश करे-लाभ और हानि, सफलता और असफलता को एक मानकर।\n\nसमय के साथ दुनिया के प्रमुख वैज्ञानिक समाजों ने मेरे सिद्धांतों और परिणामों को स्वीकार किया, और विज्ञान में भारतीय योगदान के महत्व को पहचाना।\n\n{FN8-4} क्या कोई छोटी या सीमित चीज कभी भारत के मन को संतुष्ट कर सकती है? एक सतत जीवंत परंपरा और कायाकल्प की एक महत्वपूर्ण शक्ति द्वारा, इस भूमि ने अनगिनत परिवर्तनों के माध्यम से खुद को फिर से समायोजित किया है।\n\nहमेशा ऐसे भारतीय उभरे हैं, जिन्होंने समय के तात्कालिक और आकर्षक पुरस्कार को त्याग दिया, जीवन में उच्चतम आदर्शों की प्राप्ति की तलाश की-निष्क्रिय त्याग के माध्यम से नहीं, बल्कि सक्रिय संघर्ष के माध्यम से।\n\nजिस कमज़ोर व्यक्ति ने संघर्ष से इनकार कर दिया है, उसने कुछ भी हासिल नहीं किया है, उसके पास त्यागने के लिए कुछ भी नहीं है।\n\nकेवल वही व्यक्ति जिसने संघर्ष किया है और जीता है, अपने विजयी अनुभव के फल प्रदान करके दुनिया को समृद्ध कर सकता है।","type":"default","passage":"भारत के महान वैज्ञानिक और आविष्कारक, जगदीश चंद्र बोस","commentary":"","meaning":""},{"id":"9","title":"8.9","content":"“बोस प्रयोगशाला में पदार्थ की प्रतिक्रिया पर पहले से ही किए गए कार्य और वनस्पति जीवन में अप्रत्याशित खुलासों ने भौतिकी, शरीर विज्ञान, चिकित्सा, कृषि और यहां तक कि मनोविज्ञान में जांच के बहुत विस्तृत क्षेत्रों को खोल दिया है।\n\nअब तक अघुलनशील समझी जाने वाली समस्याओं को \n\nअब प्रायोगिक जांच के दायरे में लाया गया है।\n\n“लेकिन कठोर सटीकता के बिना उच्च सफलता प्राप्त नहीं की जा सकती।\n\nइसलिए मेरे द्वारा डिजाइन किए गए अति-संवेदनशील उपकरणों और तंत्रों की लंबी बैटरी, जो आज प्रवेश द्वार पर अपने केस में आपके सामने खड़ी है।\n\nवे आपको भ्रामक प्रतीत होने वाली वास्तविकता को जानने के लिए किए गए लंबे प्रयासों के बारे में बताते हैं, जो अदृश्य बनी हुई है, मानव सीमाओं को पार करने के लिए निरंतर परिश्रम और दृढ़ता और संसाधनशीलता की आवश्यकता है।\n\nसभी रचनात्मक वैज्ञानिक जानते हैं कि असली प्रयोगशाला मन है, जहां भ्रम के पीछे वे सत्य के नियमों को उजागर करते हैं।","type":"default","passage":"भारत के महान वैज्ञानिक और आविष्कारक, जगदीश चंद्र बोस","commentary":"","meaning":""},{"id":"10","title":"8.10","content":"> यहाँ दिए जाने वाले व्याख्यान केवल दूसरे हाथ के ज्ञान की पुनरावृत्ति नहीं होंगे।\n\nवे इन हॉलों में पहली बार प्रदर्शित नई खोजों की घोषणा करेंगे।\n\nसंस्थान के कार्यों के नियमित प्रकाशन के माध्यम से, ये भारतीय योगदान पूरी दुनिया तक पहुँचेंगे।\n\nवे सार्वजनिक संपत्ति बन जाएँगे।\n\nकभी भी कोई पेटेंट नहीं लिया जाएगा।\n\nहमारी राष्ट्रीय संस्कृति की भावना यह मांग करती है कि हमें केवल व्यक्तिगत लाभ के लिए ज्ञान का उपयोग करने के अपमान से हमेशा मुक्त रहना चाहिए।\n\nयह मेरी और इच्छा है कि इस संस्थान की सुविधाएँ, जहाँ तक संभव हो, सभी देशों के कार्यकर्ताओं के लिए उपलब्ध हों।\n\nइसमें मैं अपने देश की परंपराओं को आगे बढ़ाने का प्रयास कर रहा हूँ।\n\nपच्चीस शताब्दियों पहले, भारत ने नालंदा और तक्षशिला में अपने प्राचीन विश्वविद्यालयों में दुनिया के सभी हिस्सों के विद्वानों का स्वागत किया था।","type":"default","passage":"भारत के महान वैज्ञानिक और आविष्कारक, जगदीश चंद्र बोस","commentary":"","meaning":""},{"id":"11","title":"8.11","content":"> यद्यपि विज्ञान न तो पूर्व का है और न ही पश्चिम का, बल्कि अपनी सार्वभौमिकता में अंतर्राष्ट्रीय है, फिर भी भारत महान योगदान देने के लिए विशेष रूप से उपयुक्त है।\n\n{FN8-5} ज्वलंत भारतीय कल्पना, जो कि विरोधाभासी तथ्यों के ढेर से नया क्रम निकाल सकती है, एकाग्रता की आदत द्वारा नियंत्रित की जाती है।\n\nयह संयम मन को अनंत धैर्य के साथ सत्य की खोज में लगाए रखने की शक्ति प्रदान करता है।\n\n वैज्ञानिक के अंतिम शब्दों को सुनकर मेरी आँखों में आँसू आ गए।\n\nक्या  \n> धैर्य\n वास्तव में भारत का पर्याय नहीं है, जो समय और इतिहासकारों को समान रूप से भ्रमित करता है? उद्घाटन के दिन के तुरंत बाद, मैंने फिर से अनुसंधान केंद्र का दौरा किया।\n\nमहान वनस्पतिशास्त्री, अपने वादे को ध्यान में रखते हुए, मुझे अपनी शांत प्रयोगशाला में ले गए।","type":"default","passage":"भारत के महान वैज्ञानिक और आविष्कारक, जगदीश चंद्र बोस","commentary":"","meaning":""},{"id":"12","title":"8.12","content":"> मैं इस फर्न पर क्रेस्कोग्राफ लगाऊंगा; आवर्धन बहुत जबरदस्त है।\n\nयदि घोंघे की रेंगने की गति को भी उसी अनुपात में बड़ा किया जाए, तो यह प्राणी एक्सप्रेस ट्रेन की तरह यात्रा करता हुआ दिखाई देगा!\n मेरी निगाह उत्सुकता से स्क्रीन पर टिकी हुई थी, जिस पर फर्न की बढ़ी हुई छाया दिखाई दे रही थी।\n\nसूक्ष्म जीवन-गतिविधियाँ \n\nअब स्पष्ट रूप से दिखाई दे रही थीं; मेरी मुग्ध आँखों के सामने पौधा बहुत धीरे-धीरे बढ़ रहा था।\n\nवैज्ञानिक ने फर्न की नोक को एक छोटी धातु की छड़ से छुआ।\n\nविकसित हो रही मूकाभिनय अचानक रुक गई, छड़ को हटाते ही फिर से सुमधुर लय शुरू हो गई।\n\n> आपने देखा कि कैसे कोई भी बाहरी हस्तक्षेप संवेदनशील ऊतकों के लिए हानिकारक है,  \n बोस ने टिप्पणी की।\n\n> देखो; मैं \n\nअब क्लोरोफॉर्म लगाऊंगा, और फिर मारक दवा दूंगा।","type":"default","passage":"भारत के महान वैज्ञानिक और आविष्कारक, जगदीश चंद्र बोस","commentary":"","meaning":""},{"id":"13","title":"8.13","content":"क्लोरोफॉर्म के प्रभाव ने सभी विकास को रोक दिया; मारक पुनर्जीवित कर रहा था।\n\nस्क्रीन पर विकासवादी इशारों ने मुझे  \n> फिल्म\n की कहानी से भी अधिक मंत्रमुग्ध कर दिया।\n\nमेरे साथी  \n***(यहाँ खलनायक की भूमिका में)***\n ने फर्न के एक हिस्से में एक तेज उपकरण घुसाया; दर्द का संकेत ऐंठन से था।\n\nजब उसने तने के आंशिक रूप से आर-पार रेजर चलाया, तो छाया हिंसक रूप से उत्तेजित हुई, फिर मृत्यु के अंतिम विराम के साथ खुद को स्थिर कर लिया।\n\n> पहले एक विशाल पेड़ को क्लोरोफॉर्म करके, मैंने एक सफल प्रत्यारोपण किया।\n\nआमतौर पर, जंगल के ऐसे राजा स्थानांतरित होने के तुरंत बाद मर जाते हैं।\n\n जीवन-रक्षक पैंतरेबाज़ी को याद करते हुए जगदीश ने खुशी से मुस्कुराया।\n\n\"मेरे नाजुक तंत्र के ग्राफ़ ने साबित कर दिया है कि पेड़ों में एक परिसंचरण तंत्र होता है; उनके रस की गति जानवरों के शरीर के रक्तचाप के अनुरूप होती है।\n\nरस का चढ़ना आमतौर पर उन्नत यांत्रिक आधारों, जैसे केशिका आकर्षण पर समझाया नहीं जा सकता है।\n\nइस घटना को जीवित कोशिकाओं की गतिविधि के रूप में क्रेस्कोग्राफ के माध्यम से हल किया गया है।\n\nपेरिस्टाल्टिक तरंगें एक बेलनाकार ट्यूब से निकलती हैं जो एक पेड़ के नीचे तक फैली हुई है और एक वास्तविक हृदय के रूप में कार्य करती है! हम जितना गहराई से अनुभव करते हैं, उतना ही अधिक प्रभावशाली यह प्रमाण बनता है कि एक समान योजना विविध प्रकृति में हर रूप को जोड़ती है।\n\n”","type":"default","passage":"भारत के महान वैज्ञानिक और आविष्कारक, जगदीश चंद्र बोस","commentary":"","meaning":""},{"id":"14","title":"8.14","content":"महान वैज्ञानिक ने बोस के एक अन्य यंत्र की ओर इशारा किया।\n\n> मैं आपको टिन के एक टुकड़े पर प्रयोग करके दिखाऊंगा।\n\nधातुओं में जीवन शक्ति उत्तेजनाओं के प्रति प्रतिकूल या लाभकारी रूप से प्रतिक्रिया करती है।\n\nस्याही के निशान विभिन्न प्रतिक्रियाओं को दर्ज करेंगे।\n\n मैं गहराई से तल्लीन होकर उस ग्राफ को देख रहा था जो परमाणु संरचना की विशिष्ट तरंगों को दर्ज करता था।\n\nजब प्रोफेसर ने टिन पर क्लोरोफॉर्म लगाया, तो कंपन लेखन बंद हो गया।\n\nजैसे ही धातु धीरे-धीरे अपनी सामान्य स्थिति में वापस आई, वे फिर से शुरू हो गए।\n\nमेरे साथी ने एक ज़हरीला रसायन डाला।\n\nटिन के कांपते सिरे के साथ ही, सुई ने नाटकीय ढंग से चार्ट पर मृत्यु की सूचना लिख दी।","type":"default","passage":"भारत के महान वैज्ञानिक और आविष्कारक, जगदीश चंद्र बोस","commentary":"","meaning":""},{"id":"15","title":"8.15","content":"> बोस उपकरणों ने यह प्रदर्शित किया है कि कैंची और मशीनरी में इस्तेमाल होने वाले स्टील जैसे धातु, थकान के अधीन होते हैं, और समय-समय पर आराम करने से दक्षता हासिल कर लेते हैं।\n\nविद्युत धाराओं या भारी दबाव के प्रयोग से धातुओं में जीवन-नाड़ी को गंभीर नुकसान पहुँचता है या यहाँ तक कि वह बुझ भी जाती है।\n\n मैंने कमरे में चारों ओर असंख्य आविष्कारों को देखा, जो अथक सरलता की वाक्पटु गवाही थे।\n\n> सर, यह दुखद है कि आपके अद्भुत तंत्रों के पूर्ण उपयोग से बड़े पैमाने पर कृषि विकास में तेजी नहीं आ रही है।\n\nक्या पौधों की वृद्धि पर विभिन्न प्रकार के उर्वरकों के प्रभाव को इंगित करने के लिए उनमें से कुछ को त्वरित प्रयोगशाला प्रयोगों में नियोजित करना आसान नहीं होगा?","type":"default","passage":"भारत के महान वैज्ञानिक और आविष्कारक, जगदीश चंद्र बोस","commentary":"","meaning":""},{"id":"16","title":"8.16","content":"> आप सही कह रहे हैं।\n\nआने वाली पीढ़ियाँ बोस के उपकरणों का अनगिनत उपयोग करेंगी।\n\nवैज्ञानिक को शायद ही कभी समकालीन पुरस्कार का पता चलता है; रचनात्मक सेवा का आनंद लेना ही काफी है।\n\n अथक ऋषि के प्रति बिना शर्त आभार व्यक्त करते हुए, मैंने विदा ली।\n\n> क्या उनकी प्रतिभा की अद्भुत उर्वरता कभी समाप्त हो सकती है?\n मैंने सोचा।\n\nवर्षों के साथ कोई कमी नहीं आई।\n\nएक जटिल उपकरण,  \n> रेज़ोनेंट कार्डियोग्राफ़\n का आविष्कार करने के बाद, बोस ने असंख्य भारतीय पौधों पर व्यापक शोध किया।\n\nउपयोगी दवाओं का एक विशाल अप्रत्याशित फार्माकोपिया सामने आया।\n\nकार्डियोग्राफ़ को एक अचूक सटीकता के साथ बनाया गया है, जिसके द्वारा एक सेकंड का सौवाँ भाग एक ग्राफ़ पर दर्शाया जाता है।\n\nरेज़ोनेंट रिकॉर्ड पौधे, जानवर और मानव संरचना में अत्यन्त सूक्ष्म स्पंदनों को मापते हैं।\n\nमहान वनस्पतिशास्त्री ने भविष्यवाणी की थी कि उनके कार्डियोग्राफ़ के उपयोग से जानवरों के बजाय पौधों पर विविसेक्शन होगा।","type":"default","passage":"भारत के महान वैज्ञानिक और आविष्कारक, जगदीश चंद्र बोस","commentary":"","meaning":""},{"id":"17","title":"8.17","content":"उन्होंने बताया,  \n> एक साथ पौधे और जानवर को दी गई दवा के प्रभावों की रिकॉर्डिंग ने आश्चर्यजनक रूप से एकमत परिणाम दिखाए हैं।\n\n  \n> मनुष्य में जो कुछ भी है, वह पौधे में पहले से ही मौजूद है।\n\nवनस्पति पर प्रयोग मानव पीड़ा को कम करने में योगदान देगा।\n\n वर्षों बाद बोस के अग्रणी पौधों के निष्कर्षों की पुष्टि अन्य वैज्ञानिकों द्वारा की गई।\n\n1938 में कोलंबिया विश्वविद्यालय में किए गए कार्य की रिपोर्ट न्यूयॉर्क टाइम्स ने इस प्रकार दी: पिछले कुछ वर्षों में यह निर्धारित किया गया है कि जब तंत्रिकाएँ मस्तिष्क और शरीर के अन्य भागों के बीच संदेश संचारित करती हैं, तो छोटे विद्युत आवेग उत्पन्न होते हैं।\n\nइन आवेगों को नाजुक गैल्वेनोमीटर द्वारा मापा गया है और आधुनिक प्रवर्धन उपकरणों द्वारा लाखों गुना बढ़ाया गया है।\n\nअब तक जीवित जानवरों या मनुष्यों में तंत्रिका तंतुओं के साथ आवेगों के मार्गों का अध्ययन करने के लिए कोई संतोषजनक तरीका नहीं मिला था क्योंकि ये आवेग बहुत तेज़ गति से यात्रा करते हैं।","type":"default","passage":"भारत के महान वैज्ञानिक और आविष्कारक, जगदीश चंद्र बोस","commentary":"","meaning":""},{"id":"18","title":"8.18","content":"डॉ. के.एस. कोल और एच.जे. कर्टिस ने बताया कि उन्होंने पाया है कि मीठे पानी के पौधे निटेला की लंबी एकल कोशिकाएँ, जिनका इस्तेमाल अक्सर गोल्डफिश के कटोरे में किया जाता है, वस्तुतः एकल तंत्रिका तंतुओं की कोशिकाओं के समान होती हैं।\n\nइसके अलावा, उन्होंने पाया कि उत्तेजित होने पर निटेला तंतु, विद्युत तरंगों का प्रसार करते हैं जो जानवरों और मनुष्यों में तंत्रिका तंतुओं के समान ही होती हैं, सिवाय वेग के।\n\nपौधे में विद्युत तंत्रिका आवेग जानवरों की तुलना में बहुत धीमे पाए गए।\n\nइसलिए इस खोज को कोलंबिया के श्रमिकों ने तंत्रिकाओं में विद्युत आवेगों के मार्ग की धीमी गति की तस्वीरें लेने के साधन के रूप में अपनाया।","type":"default","passage":"भारत के महान वैज्ञानिक और आविष्कारक, जगदीश चंद्र बोस","commentary":"","meaning":""},{"id":"19","title":"8.19","content":"इस प्रकार निटेला का पौधा मन और पदार्थ की सीमा के निकट गुप्त रहस्यों को जानने के लिए एक प्रकार का रोसेटा पत्थर बन सकता है।\n\nकवि रवींद्रनाथ टैगोर भारत के आदर्शवादी वैज्ञानिक के एक कट्टर मित्र थे।\n\nउनके लिए, मधुर बंगाली गायक ने निम्नलिखित पंक्तियाँ कही थीं: {FN8-6} हे तपस्वी, उस पुराने भजन **समा** के प्रामाणिक शब्दों में पुकारो;  \n> उठो! जागो!\n उस व्यक्ति को बुलाओ जो अपने शास्त्र ज्ञान का बखान करता है व्यर्थ के पांडित्यपूर्ण झगड़ों से लाभहीन, उस मूर्ख डींग मारने वाले को बुलाओ प्रकृति के मुख पर, इस विशाल पृथ्वी पर, अपने विद्वान समूह को यह आह्वान भेजो; तुम्हारी अग्नि के यज्ञ के चारों ओर वे सभी एकत्र हों।\n\nतो हमारा भारत, हमारी प्राचीन भूमि अपने आप में लौट आए हे एक बार फिर दृढ़ कर्म की ओर हे समस्त लोकों की शिक्षिका, उसे पुनः एक बार अविचल, निर्लोभ, निर्द्वन्द्व, पवित्र होकर अपने ऊँचे आसन और मंच पर बैठने दो।","type":"default","passage":"भारत के महान वैज्ञानिक और आविष्कारक, जगदीश चंद्र बोस","commentary":"","meaning":""},{"id":"20","title":"8.20","content":"{FN8-1}  \n> सारा विज्ञान पारलौकिक है या फिर समाप्त हो जाता है।\n\nवनस्पति विज्ञान \n\nअब सही सिद्धांत प्राप्त कर रहा है-ब्रह्मा के अवतार \n\nअब प्राकृतिक इतिहास की पाठ्यपुस्तकें होंगी।\n\n -एमर्सन।\n\n{FN8-2} लैटिन मूल, क्रेसेरे से, जिसका अर्थ है वृद्धि।\n\nअपने क्रेस्कोग्राफ और अन्य आविष्कारों के लिए, बोस को 1917 में नाइट की उपाधि दी गई थी।\n\n{FN8-3} कमल का फूल भारत में एक प्राचीन दिव्य प्रतीक है; इसकी खुली हुई पंखुड़ियाँ आत्मा के विस्तार का संकेत देती हैं; इसकी उत्पत्ति की कीचड़ से इसकी शुद्ध सुंदरता का विकास एक सौम्य आध्यात्मिक वादा करता है।\n\n{FN8-4} \"वर्तमान में, केवल सबसे बड़ी दुर्घटना ही भारत को अमेरिकी कॉलेज के छात्र के दायरे में लाती है।\n\nआठ विश्वविद्यालयों  \n***(हार्वर्ड, येल, कोलंबिया, प्रिंसटन, जॉन्स हॉपकिन्स, पेंसिल्वेनिया, शिकागो और कैलिफोर्निया)***\n में इंडोलॉजी या संस्कृत के विभाग हैं, लेकिन इतिहास, दर्शन, ललित कला, राजनीति विज्ञान, समाजशास्त्र या बौद्धिक अनुभव के किसी भी अन्य विभाग में भारत का प्रतिनिधित्व लगभग न के बराबर है, जिसमें, जैसा कि हमने देखा है, भारत ने महान योगदान दिया है।।\n।।\nपरिणामस्वरूप, हमारा मानना है कि अध्ययन का कोई भी विभाग, विशेष रूप से मानविकी, किसी भी प्रमुख विश्वविद्यालय में अपने अनुशासन के भारतीय चरणों में उचित रूप से प्रशिक्षित विशेषज्ञ के बिना पूरी तरह सुसज्जित नहीं हो सकता है।\n\nहम यह भी मानते हैं कि प्रत्येक कॉलेज जिसका उद्देश्य अपने स्नातकों को उस दुनिया में बुद्धिमानी से काम करने के लिए तैयार करना है, जिसमें उन्हें रहना है, उसे अपने कर्मचारियों में भारत की सभ्यता में सक्षम विद्वान अवश्य रखना चाहिए।\n\n” - पेंसिल्वेनिया विश्वविद्यालय के प्रोफेसर डब्ल्यू. नॉर्मन ब्राउन के एक लेख के अंश जो बुलेटिन ऑफ द अमेरिकन काउंसिल ऑफ लर्न्ड सोसाइटीज, 907 15वीं स्ट्रीट, वाशिंगटन, डी.सी., 25 सेंट प्रति के मई, 1939 के अंक में छपे थे।\n\nइस अंक  \n***(#28)***\n में “भारतीय अध्ययन के लिए बुनियादी ग्रंथ सूची” के 100 से अधिक पृष्ठ हैं।","type":"default","passage":"भारत के महान वैज्ञानिक और आविष्कारक, जगदीश चंद्र बोस","commentary":"","meaning":""},{"id":"21","title":"8.21","content":"{FN8-5} पदार्थ की परमाणु संरचना प्राचीन हिंदुओं को अच्छी तरह से ज्ञात थी।\n\nभारतीय दर्शन की छह प्रणालियों में से एक वैशेषिक है, जो संस्कृत मूल VISESAS,  \n> परमाणु व्यक्तित्व\n से बना है।\n\nवैशेषिक के सबसे प्रमुख व्याख्याताओं में से एक औलुक्य थे, जिन्हें कणाद,  \n> परमाणु-भक्षक\n भी कहा जाता था, जो लगभग 2800 साल पहले पैदा हुए थे।\n\nअप्रैल, 1934 में ईस्ट-वेस्ट के एक लेख में, वैशेषिक वैज्ञानिक ज्ञान का सारांश इस प्रकार दिया गया था: \"\n\nहालांकि आधुनिक **परमाणु सिद्धांत** को आम तौर पर विज्ञान की एक नई उन्नति माना जाता है, लेकिन इसे बहुत पहले कणाद, **परमाणु-भक्षक** द्वारा शानदार ढंग से समझाया गया था।\n\nसंस्कृत के अनुस का सही अनुवाद **परमाणु** के रूप में किया जा सकता है युग में निम्नलिखित शामिल हैं  \n***(1)***\n चुम्बकों की ओर सुइयों की गति,  \n***(2)***\n पौधों में पानी का संचार,  \n***(3)***\n आकाश या ईथर, निष्क्रिय और संरचनाहीन, सूक्ष्म शक्तियों को संचारित करने के आधार के रूप में,  \n***(4)***\n सौर अग्नि जो अन्य सभी प्रकार की गर्मी का कारण है,  \n***(5)***\n आणविक परिवर्तन का कारण गर्मी,  \n***(6)***\n गुरुत्वाकर्षण का नियम जो पृथ्वी के परमाणुओं में निहित गुणवत्ता के कारण उन्हें उनकी आकर्षक शक्ति या नीचे की ओर खिंचाव देता है,  \n***(7)***\n सभी ऊर्जा की गतिज प्रकृति; कार्य-कारण हमेशा ऊर्जा के व्यय या गति के पुनर्वितरण में निहित होता है,  \n***(8)***\n परमाणुओं के विघटन के माध्यम से सार्वभौमिक विघटन,  \n***(9)***\n गर्मी और प्रकाश किरणों का विकिरण, असीम रूप से छोटे कण, अकल्पनीय गति के साथ सभी दिशाओं में आगे बढ़ते हैं  \n***(आधुनिक **कॉस्मिक किरणों** का सिद्धांत)***\n,  \n***(10)***\n समय और स्थान की सापेक्षता।","type":"default","passage":"भारत के महान वैज्ञानिक और आविष्कारक, जगदीश चंद्र बोस","commentary":"","meaning":""},{"id":"22","title":"8.22","content":"“वैशेषिक ने दुनिया की उत्पत्ति परमाणुओं को बताई, जो अपनी प्रकृति में शाश्वत हैं, यानी उनकी अंतिम विशिष्टताएँ।\n\nइन परमाणुओं को निरंतर कंपन गति रखने वाला माना जाता था।\n\n. . . हाल ही में यह खोज कि परमाणु एक लघु सौर मंडल है, पुराने वैशेषिक दार्शनिकों के लिए कोई नई बात नहीं होगी, जिन्होंने समय की सबसे छोटी इकाई  \n***(काल)***\n को अंतरिक्ष की अपनी इकाई को पार करने में परमाणु द्वारा लिया गया समय बताकर समय को गणितीय अवधारणा में बदल दिया।\n\n” {FN8-6} रवींद्रनाथ टैगोर के बंगाली से अनुवादित, मनमोहन घोष द्वारा, विश्वभारती में।","type":"default","passage":"भारत के महान वैज्ञानिक और आविष्कारक, जगदीश चंद्र बोस","commentary":"","meaning":""}]}