{"id":9,"title":"आनंदमय भक्त और उनका ब्रह्मांडीय प्रेम (मास्टर महाशय)","description":"आनंदमय भक्त और उनका ब्रह्मांडीय प्रेम (मास्टर महाशय)","sectionCount":18,"tags":null,"contentId":"AoY02","sections":[{"id":"1","title":"9.1","content":"आनंदमय भक्त और उनका ब्रह्मांडीय प्रेम  \n***(मास्टर महाशय)***\n  \n> छोटे साहब, कृपया बैठ जाइए।\n\nमैं अपनी दिव्य माँ से बात कर रहा हूँ।\n\n मैं चुपचाप बड़े विस्मय में कमरे में दाखिल हुआ था।\n\nमास्टर महाशय का दिव्य रूप मुझे काफी चकित कर रहा था।\n\nरेशमी सफ़ेद दाढ़ी और बड़ी चमकदार आँखों के साथ, वे पवित्रता के अवतार लग रहे थे।\n\nउनकी उठी हुई ठोड़ी और जुड़े हुए हाथ मुझे बता रहे थे कि मेरी पहली यात्रा ने उनकी भक्ति के बीच उन्हें विचलित कर दिया था।\n\nउनके अभिवादन के सरल शब्दों ने मेरे स्वभाव पर \n\nअब तक का सबसे हिंसक प्रभाव डाला था।\n\nअपनी माँ की मृत्यु के कटु वियोग को मैंने सभी पीड़ाओं की सीमा माना था।\n\nअब अपनी दिव्य माँ से अलग होने की पीड़ा आत्मा के लिए एक अवर्णनीय यातना थी।\n\nमैं कराहते हुए फर्श पर गिर पड़ा।","type":"default","passage":"आनंदमय भक्त और उनका ब्रह्मांडीय प्रेम (मास्टर महाशय)","commentary":"","meaning":""},{"id":"2","title":"9.2","content":"> छोटे साहब, शांत हो जाओ!\n संत सहानुभूतिपूर्वक व्यथित थे।\n\nकिसी समुद्री उजाड़ में छोड़े जाने के कारण, मैंने अपने बचाव के एकमात्र बेड़ा के रूप में उनके पैरों को पकड़ लिया।\n\n> पवित्र महोदय, आपकी प्रार्थना! दिव्य माँ से पूछो कि क्या मुझे उनकी दृष्टि में कोई अनुग्रह मिला है!\n यह वचन आसानी से नहीं दिया जा सकता; गुरु को चुप रहने के लिए बाध्य किया गया।\n\nसंदेह की सीमा से परे, मुझे विश्वास था कि मास्टर महाशय सार्वभौमिक माँ के साथ अंतरंग बातचीत कर रहे थे।\n\nयह महसूस करना बहुत अपमानजनक था कि मेरी आँखें उस पर अंधी थीं, जो इस क्षण भी संत की निर्दोष निगाहों को देख रही थी।\n\nबेशर्मी से उनके पैरों को पकड़ते हुए, उनके कोमल प्रतिवादों के प्रति बहरा, मैंने उनसे बार-बार उनकी हस्तक्षेप करने की कृपा के लिए विनती की।","type":"default","passage":"आनंदमय भक्त और उनका ब्रह्मांडीय प्रेम (मास्टर महाशय)","commentary":"","meaning":""},{"id":"3","title":"9.3","content":"> मैं आपकी विनती प्रियतम के समक्ष रखूंगा।\n\n गुरु के समर्पण के साथ एक धीमी, करुणामयी मुस्कान आई।\n\nउन चंद शब्दों में ऐसी कौन सी शक्ति थी, कि मेरा अस्तित्व अपने तूफानी निर्वासन से मुक्ति पा सके?  \n> महाराज, अपनी प्रतिज्ञा याद रखें! मैं उनके संदेश के लिए जल्द ही वापस आऊंगा!\n मेरी आवाज़ में खुशी की प्रत्याशा गूंज उठी, जो अभी कुछ क्षण पहले ही दुख में सिसक रही थी।\n\nलंबी सीढ़ियाँ उतरते हुए, मैं यादों से अभिभूत हो गया।\n\n50 एमहर्स्ट स्ट्रीट पर यह घर, जो \n\nअब मास्टर महाशय का निवास है, कभी मेरा पारिवारिक घर हुआ करता था, मेरी माँ की मृत्यु का स्थान।\n\nयहाँ मेरा मानवीय हृदय लुप्त माँ के लिए टूट गया था; और यहाँ आज मेरी आत्मा मानो दिव्य माँ की अनुपस्थिति में क्रूस पर चढ़ गई थी।\n\nपवित्र दीवारें, मेरे गंभीर घावों और अंतिम उपचार की मूक गवाह!","type":"default","passage":"आनंदमय भक्त और उनका ब्रह्मांडीय प्रेम (मास्टर महाशय)","commentary":"","meaning":""},{"id":"4","title":"9.4","content":"गुरपार रोड स्थित अपने घर की ओर लौटते समय मेरे कदम उत्सुक थे।\n\nअपनी छोटी सी अटारी में एकांत की तलाश में मैं दस बजे तक ध्यान में लीन रहा।\n\nगर्म भारतीय रात का अंधेरा अचानक एक अद्भुत दृश्य से जगमगा उठा।\n\nवैभव से आच्छादित, दिव्य माँ मेरे सामने खड़ी थीं।\n\nउनका चेहरा, कोमलता से मुस्कुराता हुआ, सौंदर्य ही था।\n\n> मैंने हमेशा तुमसे प्यार किया है! मैं हमेशा तुमसे प्यार करता रहूँगा!\n अभी भी आकाशीय स्वर हवा में गूंज रहे थे, वे गायब हो गईं।\n\nअगली सुबह सूरज मुश्किल से एक कोण पर चढ़ा था जब मैंने मास्टर महाशय से दूसरी बार मुलाकात की।\n\nमार्मिक यादों के घर में सीढ़ियाँ चढ़ते हुए, मैं उनके चौथी मंजिल के कमरे में पहुँचा।\n\nबंद दरवाजे की कुंडी पर एक कपड़ा लपेटा हुआ था; मुझे लगा, यह संकेत था, कि संत एकांत चाहते थे।\n\nजब मैं सीढ़ी पर अडिग खड़ा था, तो मास्टर के स्वागत करने वाले हाथ से दरवाजा खुल गया।\n\nमैं उनके पवित्र चरणों में झुक गया।\n\nचंचल मनोदशा में मैंने अपने चेहरे पर एक गंभीर मुखौटा पहन लिया, जिससे दिव्य उल्लास छिप गया।","type":"default","passage":"आनंदमय भक्त और उनका ब्रह्मांडीय प्रेम (मास्टर महाशय)","commentary":"","meaning":""},{"id":"5","title":"9.5","content":"> सर, मैं आपका संदेश सुनने के लिए आया हूँ - बहुत जल्दी, मैं कबूल करता हूँ! - क्या प्यारी माँ ने मेरे बारे में कुछ कहा?\n  \n> शरारती छोटे सर!\n उन्होंने कोई और टिप्पणी नहीं की।\n\nजाहिर है कि मेरी ग्रहण की गई गंभीरता प्रभावित नहीं कर रही थी।\n\n> इतना रहस्यमय, इतना टालमटोल क्यों? क्या संत कभी स्पष्ट रूप से नहीं बोलते?\n शायद मैं थोड़ा उत्तेजित हो गया था।\n\n> क्या आपको मेरी परीक्षा लेनी चाहिए?\n उनकी शांत आँखें समझ से भरी थीं।\n\n> क्या मैं कल रात दस बजे स्वयं सुंदर माँ से आपको मिले आश्वासन में आज सुबह एक भी शब्द जोड़ सकता हूँ?\n मास्टर महाशय ने मेरी आत्मा के बाढ़ के द्वारों पर नियंत्रण कर लिया था: फिर से मैं उनके चरणों में गिर पड़ा।\n\nलेकिन इस बार मेरे आँसू असहनीय दर्द से नहीं, बल्कि आनंद से बहे।","type":"default","passage":"आनंदमय भक्त और उनका ब्रह्मांडीय प्रेम (मास्टर महाशय)","commentary":"","meaning":""},{"id":"6","title":"9.6","content":"> क्या आपको लगता है कि आपकी भक्ति ने असीम दया को नहीं छुआ? ईश्वर की मातृत्व, जिसकी आपने मानवीय और दिव्य दोनों रूपों में पूजा की है, आपकी परित्यक्त पुकार का उत्तर देने में कभी विफल नहीं हो सकती।\n\n यह सरल संत कौन था, जिसका सार्वभौमिक आत्मा से किया गया छोटा सा अनुरोध भी मधुर स्वीकृति के साथ मिला? दुनिया में उनकी भूमिका विनम्र थी, जैसा कि मैंने \n\nअब तक देखे गए सबसे महान विनम्रतापूर्ण व्यक्ति के लिए उपयुक्त था।\n\nइस एमहर्स्ट स्ट्रीट हाउस में मास्टर महाशय {FN9-1} ने लड़कों के लिए एक छोटा सा हाई स्कूल चलाया।\n\nउनके होठों से फटकार के कोई शब्द नहीं निकले; कोई नियम और नियम उनके अनुशासन को बनाए नहीं रखते थे।\n\nवास्तव में इन मामूली कक्षाओं में उच्च गणित पढ़ाया जाता था, और पाठ्यपुस्तकों में प्रेम की रसायन शास्त्र अनुपस्थित था।\n\nउन्होंने अभेद्य उपदेश के बजाय आध्यात्मिक संसर्ग द्वारा अपना ज्ञान फैलाया।\n\nदिव्य माँ के लिए एक अपरिष्कृत जुनून से ग्रस्त, संत ने एक बच्चे की तरह सम्मान के बाहरी रूपों की मांग नहीं की।","type":"default","passage":"आनंदमय भक्त और उनका ब्रह्मांडीय प्रेम (मास्टर महाशय)","commentary":"","meaning":""},{"id":"7","title":"9.7","content":"> मैं तुम्हारा गुरु नहीं हूँ; वे थोड़ी देर बाद आएंगे,  \n उन्होंने मुझसे कहा।\n\n> उनके मार्गदर्शन के माध्यम से, प्रेम और भक्ति के संदर्भ में ईश्वर के बारे में तुम्हारे अनुभव उनके अथाह ज्ञान के शब्दों में अनुवादित होंगे।\n\n हर शाम को, मैं खुद को एमहर्स्ट स्ट्रीट पर ले जाता था।\n\nमैं मास्टर महाशय के दिव्य प्याले की तलाश करता था, जो इतना भरा हुआ था कि उसकी बूँदें रोज़ मेरे अस्तित्व पर बरसती थीं।\n\nइससे पहले मैंने कभी भी अत्यधिक श्रद्धा से सिर नहीं झुकाया था; \n\nअब मुझे लगा कि मास्टर महाशय द्वारा पवित्र की गई उसी भूमि पर चलना भी एक असीम विशेषाधिकार है।\n\n> सर, कृपया यह चंपक माला पहनें जो मैंने विशेष रूप से आपके लिए बनाई है।\n\n मैं एक शाम फूलों की माला पकड़े हुए पहुँचा।\n\nलेकिन वह शर्म से पीछे हट गया, बार-बार सम्मान से इनकार कर रहा था।\n\nमेरी पीड़ा को समझते हुए, उसने आखिरकार सहमति व्यक्त की।","type":"default","passage":"आनंदमय भक्त और उनका ब्रह्मांडीय प्रेम (मास्टर महाशय)","commentary":"","meaning":""},{"id":"8","title":"9.8","content":"> चूंकि हम दोनों ही माता के भक्त हैं, \n\nइसलिए आप इस भौतिक मंदिर पर माला चढ़ा सकते हैं, जो आपके भीतर निवास करने वाली माता को अर्पित है।\n\n उनके विशाल स्वभाव में ऐसी जगह नहीं थी, जिसमें कोई अहंकारी विचार पैर जमा सके।\n\n[चित्रण: थेरेसी न्यूमैन के दो भाई, मैं उनके साथ कोन्नर्सरेउथ, बावेरिया में खड़ा हूं।\n\n—देखें nbrothers.jpg] [चित्रण: मास्टर महाशय, हमेशा अपने आनंदमय ब्रह्मांडीय रोमांस में तल्लीन।\n\n—देखें mmahasaya.jpg]  \n> चलिए कल दक्षिणेश्वर मंदिर चलते हैं, जो मेरे गुरु द्वारा सदा के लिए पवित्र है।\n\n मास्टर महाशय एक ईसा मसीह जैसे गुरु, श्री रामकृष्ण परमहंस के शिष्य थे।\n\nअगली सुबह चार मील की यात्रा गंगा में नाव से की गई।\n\nहम काली के नौ गुंबद वाले मंदिर में दाखिल हुए वह अपनी प्रियतमा के साथ अपने अटूट प्रणय-रस में मग्न था।\n\nजब वह उसका नाम जप रहा था, तो मेरा आनंदित हृदय मानो हज़ार टुकड़ों में बिखर गया।","type":"default","passage":"आनंदमय भक्त और उनका ब्रह्मांडीय प्रेम (मास्टर महाशय)","commentary":"","meaning":""},{"id":"9","title":"9.9","content":"हम पवित्र परिसर में टहलते हुए एक झाऊ के बाग में रुके।\n\nइस पेड़ से निकलने वाला मन्ना उस दिव्य भोजन का प्रतीक था जो मास्टर महाशय दे रहे थे।\n\nउनके दिव्य आह्वान जारी रहे।\n\nमैं गुलाबी पंखदार झाऊ के फूलों के बीच घास पर स्थिर होकर बैठा रहा।\n\nशरीर से कुछ समय के लिए दूर, मैं एक अलौकिक यात्रा में उड़ गया।\n\nयह पवित्र शिक्षक के साथ दक्षिणेश्वर की कई तीर्थयात्राओं में से पहली थी।\n\nउनसे मैंने माँ या दिव्य दया के रूप में ईश्वर की मधुरता सीखी।\n\nबालसुलभ संत को पिता के रूप या दिव्य न्याय में बहुत कम आकर्षण मिला।\n\nकठोर, सटीक, गणितीय निर्णय उनके सौम्य स्वभाव के लिए अलग था।","type":"default","passage":"आनंदमय भक्त और उनका ब्रह्मांडीय प्रेम (मास्टर महाशय)","commentary":"","meaning":""},{"id":"10","title":"9.10","content":"> वह स्वर्ग के स्वर्गदूतों के लिए एक सांसारिक आदर्श के रूप में काम कर सकता है!\n मैंने एक दिन उसे प्रार्थना करते हुए देखकर प्यार से सोचा।\n\nनिंदा या आलोचना की एक सांस के बिना, वह आदिम पवित्रता से परिचित आँखों से दुनिया का सर्वेक्षण करता था।\n\nउसका शरीर, मन, वाणी और कार्य उसकी आत्मा की सादगी के साथ सहज रूप से सामंजस्य रखते थे।\n\n> मेरे गुरु ने मुझे ऐसा बताया।\n\n व्यक्तिगत दावे से कतराते हुए, संत ने इस अपरिवर्तनीय श्रद्धांजलि के साथ किसी भी ऋषि परामर्श को समाप्त कर दिया।\n\nश्री रामकृष्ण के साथ उनकी पहचान इतनी गहरी थी कि मास्टर महाशय \n\nअब उनके विचारों को अपना नहीं मानते थे।\n\nएक शाम संत और मैं हाथ में हाथ डाले उनके स्कूल के ब्लॉक पर टहल रहे थे।\n\nएक अभिमानी परिचित के आने से मेरी खुशी फीकी पड़ गई जिसने हमें एक लंबे प्रवचन से बोझिल कर दिया।","type":"default","passage":"आनंदमय भक्त और उनका ब्रह्मांडीय प्रेम (मास्टर महाशय)","commentary":"","meaning":""},{"id":"11","title":"9.11","content":"> मैं देख रहा हूँ कि यह आदमी तुम्हें पसंद नहीं है।\n\n संत की फुसफुसाहट मुझे अहंकारी द्वारा अनसुनी कर दी गई, जो अपने ही एकालाप से मंत्रमुग्ध था।\n\n> मैंने इस बारे में दिव्य माँ से बात की है; वह हमारी दुखद स्थिति को समझती है।\n\nजैसे ही हम उस लाल घर में पहुँचेंगे, उसने उसे और ज़रूरी काम याद दिलाने का वादा किया है।\n\n मेरी आँखें मोक्ष के स्थल पर चिपकी हुई थीं।\n\nलाल द्वार पर पहुँचकर, वह आदमी बिना किसी कारण के मुड़ा और चला गया, न तो अपनी बात पूरी की और न ही अलविदा कहा।\n\nआहत हवा में शांति छा गई।\n\nएक और दिन मैं हावड़ा रेलवे स्टेशन के पास अकेला टहलता हुआ पाया गया।\n\nमैं एक मंदिर के पास एक पल के लिए खड़ा रहा, चुपचाप ढोल और झांझ के साथ पुरुषों के एक छोटे समूह की आलोचना कर रहा था जो हिंसक रूप से एक मंत्र का पाठ कर रहे थे।","type":"default","passage":"आनंदमय भक्त और उनका ब्रह्मांडीय प्रेम (मास्टर महाशय)","commentary":"","meaning":""},{"id":"12","title":"9.12","content":"> वे भगवान के दिव्य नाम का यांत्रिक दोहराव में कितनी अभक्ति से उपयोग करते हैं,  \n मैंने सोचा।\n\nमास्टर महाशय के तेजी से निकट आने पर मेरी निगाहें चकित हो गईं।\n\n> श्रीमान, आप यहाँ कैसे आए?\n संत ने मेरे प्रश्न को अनदेखा करते हुए मेरे विचार का उत्तर दिया।\n\n> क्या यह सच नहीं है, छोटे श्रीमान, कि प्रियतम का नाम सभी होठों से मधुर लगता है, चाहे वे अज्ञानी हों या बुद्धिमान?\n उन्होंने स्नेहपूर्वक अपना हाथ मेरे चारों ओर फेरा; मैंने पाया कि मैं उनके जादुई कालीन पर दयालु उपस्थिति की ओर ले जाया जा रहा हूँ।\n\n> क्या आप कुछ बायोस्कोप देखना चाहेंगे?\n एक दोपहर मास्टर महाशय का यह प्रश्न रहस्यमय था; उस समय भारत में इस शब्द का प्रयोग चलचित्रों के लिए किया जाता था।\n\nमैंने सहमति व्यक्त की, किसी भी परिस्थिति में उनकी संगति में रहने में खुशी हुई।\n\nएक तेज चाल से हम कलकत्ता विश्वविद्यालय के सामने वाले बगीचे में पहुँचे।\n\nमेरे साथी ने गोल्डिगी या तालाब के पास एक बेंच की ओर इशारा किया।","type":"default","passage":"आनंदमय भक्त और उनका ब्रह्मांडीय प्रेम (मास्टर महाशय)","commentary":"","meaning":""},{"id":"13","title":"9.13","content":"> आइए हम यहाँ कुछ मिनट बैठें।\n\nमेरे गुरु हमेशा मुझे ध्यान लगाने के लिए कहते थे, जब भी मैं पानी का विस्तार देखता था।\n\nयहाँ की शांति हमें ईश्वर की असीम शांति की याद दिलाती है।\n\nजैसे सभी चीजें पानी में प्रतिबिंबित हो सकती हैं, वैसे ही पूरा ब्रह्मांड ब्रह्मांडीय मन की झील में प्रतिबिंबित होता है।\n\nऐसा मेरे गुरुदेव अक्सर कहा करते थे।\n\n जल्द ही हम एक विश्वविद्यालय के हॉल में पहुँच गए जहाँ एक व्याख्यान चल रहा था।\n\nयह बेहद नीरस साबित हुआ, हालाँकि कभी-कभी लालटेन स्लाइड चित्रण से अलग, उतना ही अरुचिकर।\n\n> तो यह वह प्रकार का बायोस्कोप है जिसे गुरु मुझे दिखाना चाहते थे!\n मेरा विचार अधीर था, फिर भी मैं अपने चेहरे पर ऊब दिखाकर संत को आहत नहीं करना चाहता था।\n\nलेकिन वह मेरी ओर गोपनीय रूप से झुका।","type":"default","passage":"आनंदमय भक्त और उनका ब्रह्मांडीय प्रेम (मास्टर महाशय)","commentary":"","meaning":""},{"id":"14","title":"9.14","content":"> मैं देख रहा हूँ, छोटे साहब, कि आपको यह बाइस्कोप पसंद नहीं है।\n\nमैंने इस बारे में दिव्य माँ से बात की है; वह हम दोनों के साथ पूरी सहानुभूति रखती हैं।\n\nवह मुझसे कहती हैं कि \n\nअब बिजली की बत्तियाँ बुझ जाएँगी, और जब तक हमें कमरे से बाहर निकलने का मौका नहीं मिलेगा, तब तक उन्हें फिर से नहीं जलाया जाएगा।\n\n जैसे ही उनकी फुसफुसाहट समाप्त हुई, हॉल अंधेरे में डूब गया।\n\nप्रोफेसर की कर्कश आवाज़ आश्चर्य में शांत हो गई, फिर टिप्पणी की,  \n> इस हॉल की बिजली प्रणाली दोषपूर्ण प्रतीत होती है।\n\n इस समय तक, मास्टर महाशय और मैं सुरक्षित रूप से दहलीज पार कर चुके थे।\n\nगलियारे से पीछे मुड़कर देखा, मैंने देखा कि हमारी शहादत का दृश्य फिर से रोशन हो गया था।","type":"default","passage":"आनंदमय भक्त और उनका ब्रह्मांडीय प्रेम (मास्टर महाशय)","commentary":"","meaning":""},{"id":"15","title":"9.15","content":"> छोटे साहब, आप उस बायोस्कोप से निराश थे, {FN9-2} लेकिन मुझे लगता है कि आपको एक अलग बायोस्कोप पसंद आएगा।\n\n संत और मैं विश्वविद्यालय भवन के सामने फुटपाथ पर खड़े थे।\n\nउन्होंने धीरे से मेरे सीने पर थपकी दी।\n\nएक परिवर्तनकारी सन्नाटा छा गया।\n\nजिस तरह आधुनिक  \n> टॉकीज़\n ध्वनि यंत्र के खराब हो जाने पर अश्रव्य चलचित्र बन जाते हैं, उसी तरह ईश्वरीय हाथ ने, किसी विचित्र चमत्कार से, सांसारिक हलचल को दबा दिया।\n\nपैदल चलने वालों के साथ-साथ गुज़रने वाली ट्रॉली कार, ऑटोमोबाइल, बैलगाड़ी और लोहे के पहियों वाली हैकनी गाड़ियाँ सभी बिना आवाज़ के चल रही थीं।\n\nमानो एक सर्वव्यापी आँख के पास, मैं अपने पीछे और हर तरफ के दृश्यों को उतनी ही आसानी से देख रहा था, जितनी आसानी से सामने वाले दृश्यों को।\n\nकलकत्ता के उस छोटे से हिस्से में गतिविधि का पूरा तमाशा बिना किसी आवाज़ के मेरे सामने से गुज़र गया।\n\nराख की एक पतली परत के नीचे मंद रूप से दिखाई देने वाली आग की चमक की तरह, एक मधुर चमक मनोरम दृश्य में व्याप्त थी।","type":"default","passage":"आनंदमय भक्त और उनका ब्रह्मांडीय प्रेम (मास्टर महाशय)","commentary":"","meaning":""},{"id":"16","title":"9.16","content":"मेरा अपना शरीर अनेक छायाओं में से एक से अधिक कुछ नहीं लग रहा था, यद्यपि वह गतिहीन था, जबकि अन्य चुपचाप इधर-उधर उड़ रहे थे।\n\nमेरे कई मित्र, मेरे पास आए और आगे बढ़ गए; यद्यपि उन्होंने मुझे सीधे देखा था, लेकिन वे पहचान नहीं पाए।\n\nइस अनोखे मूकाभिनय ने मुझे एक अवर्णनीय आनंद दिया।\n\nमैंने किसी आनंदमय झरने से भरपूर पी लिया।\n\nअचानक मेरे सीने पर मास्टर महाशय का एक और कोमल प्रहार हुआ।\n\nदुनिया का कोलाहल मेरे अनिच्छुक कानों में फूट पड़ा।\n\nमैं लड़खड़ा गया, मानो किसी हल्के सपने से कठोर रूप से जागा हो।\n\nपारलौकिक शराब मेरी पहुँच से बाहर हो गई।\n\n> छोटे साहब, मैं देखता हूँ कि आपको अपनी पसंद का दूसरा बायोस्कोप मिल गया है।\n\n संत मुस्कुरा रहे थे; मैं उनके सामने ज़मीन पर कृतज्ञता से गिरने लगा।\n\n> \n\nअब आप मेरे साथ ऐसा नहीं कर सकते; आप जानते हैं कि भगवान आपके मंदिर में भी हैं! मैं दिव्य माँ को आपके हाथों से अपने पैर छूने नहीं दूँगा!","type":"default","passage":"आनंदमय भक्त और उनका ब्रह्मांडीय प्रेम (मास्टर महाशय)","commentary":"","meaning":""},{"id":"17","title":"9.17","content":"अगर कोई मुझे और गुरुजी को भीड़ भरे फुटपाथ से दूर जाते हुए देखता तो उसे हम पर नशे का संदेह होता।\n\nमुझे लगा कि शाम की ढलती हुई छायाएँ ईश्वर के प्रति सहानुभूतिपूर्वक नशे में थीं।\n\nजब अंधकार अपनी रात की बेहोशी से उबरा, तो मैंने अपनी आनंदमय मनोदशा से रहित नई सुबह का सामना किया।\n\nलेकिन दिव्य माँ-गुरु महाशय के दिव्य पुत्र हमेशा स्मृति में बसे हुए हैं! उनकी दयालुता के साथ न्याय करने के लिए खराब शब्दों का उपयोग करते हुए, मुझे आश्चर्य होता है कि क्या गुरु महाशय और अन्य गहरी दृष्टि वाले संतों में से जिनके रास्ते मेरे रास्ते से मिले थे, उन्हें पता था कि वर्षों बाद, एक पश्चिमी भूमि में, मैं दिव्य भक्तों के रूप में उनके जीवन के बारे में लिखूंगा।\n\nउनके पूर्वज्ञान से मुझे या, मुझे आशा है, मेरे पाठकों को आश्चर्य नहीं होगा, जो मेरे साथ इतनी दूर तक आए हैं।","type":"default","passage":"आनंदमय भक्त और उनका ब्रह्मांडीय प्रेम (मास्टर महाशय)","commentary":"","meaning":""},{"id":"18","title":"9.18","content":"{FN9-1} ये सम्मानजनक उपाधियाँ हैं जिनसे उन्हें आमतौर पर संबोधित किया जाता था।\n\nउनका नाम महेंद्र नाथ गुप्ता था; उन्होंने अपनी साहित्यिक कृतियों पर केवल “एम” लिखा था।\n\n{FN9-2} ऑक्सफोर्ड इंग्लिश डिक्शनरी ने बायोस्कोप की यह परिभाषा दी है: जीवन का एक दृष्टिकोण; जो ऐसा दृष्टिकोण देता है।\n\nमास्टर महाशय द्वारा चुना गया शब्द, तब, अजीब तरह से उचित था।","type":"default","passage":"आनंदमय भक्त और उनका ब्रह्मांडीय प्रेम (मास्टर महाशय)","commentary":"","meaning":""}]}