{"id":"AoY02","title":"योगी की आत्मकथा","description":"योगी की आत्मकथा - परमहंस योगानंद द्वारा लिखित उनकी आत्मकथा है।","status":"published","categoryKey":"atma-gyan","type":"book","language":"hi","coverImage":"assets/images/yp.jpg","zipUrl":"assets/books/AoY02.zip","authors":[{"id":"1","name":"परमहंस योगानंद","bio":"","image":"","website":"","authorKey":""}],"version":"1.0","keywords":[],"createdAt":"2024-12-03T17:22:01+05:30","updatedAt":"2024-12-04T12:03:21.681Z","multiAuthorCommentary":false,"partsMetadata":[{"id":1,"title":"मेरे माता-पिता और प्रारंभिक जीवन","description":"मेरे माता-पिता और प्रारंभिक जीवन","sectionCount":31,"tags":[]},{"id":2,"title":"माँ की मृत्यु और ताबीज","description":"माँ की मृत्यु और ताबीज","sectionCount":15,"tags":[]},{"id":3,"title":"दो शरीर वाले संत (स्वामी प्रणबानंद)","description":"दो शरीर वाले संत (स्वामी प्रणबानंद)","sectionCount":17,"tags":[]},{"id":4,"title":"हिमालय की ओर मेरी बाधित यात्रा","description":"हिमालय की ओर मेरी बाधित यात्रा","sectionCount":36,"tags":[]},{"id":5,"title":"एक 'इत्र संत' ने अपना चमत्कार दिखाया","description":"एक 'इत्र संत' ने अपना चमत्कार दिखाया","sectionCount":22,"tags":[]},{"id":6,"title":"बाघ स्वामी","description":"बाघ स्वामी","sectionCount":24,"tags":[]},{"id":7,"title":"उड़ने वाले संत (नगेन्द्र नाथ भादुरी)","description":"उड़ने वाले संत (नगेन्द्र नाथ भादुरी)","sectionCount":15,"tags":[]},{"id":8,"title":"भारत के महान वैज्ञानिक और आविष्कारक, जगदीश चंद्र बोस","description":"भारत के महान वैज्ञानिक और आविष्कारक, जगदीश चंद्र बोस","sectionCount":22,"tags":[]},{"id":9,"title":"आनंदमय भक्त और उनका ब्रह्मांडीय प्रेम (मास्टर महाशय)","description":"आनंदमय भक्त और उनका ब्रह्मांडीय प्रेम (मास्टर महाशय)","sectionCount":18,"tags":[]},{"id":10,"title":"मेरा गुरु श्री युक्तेश्वर से मिलन","description":"मेरा गुरु श्री युक्तेश्वर से मिलन","sectionCount":28,"tags":[]},{"id":11,"title":"ब्रज में दो निर्धन बालक","description":"ब्रज में दो निर्धन बालक","sectionCount":23,"tags":[]},{"id":12,"title":"मेरे गुरु के आश्रम में बिताए साल","description":"मेरे गुरु के आश्रम में बिताए साल","sectionCount":86,"tags":[]},{"id":13,"title":"जागने वाले संत (राम गोपाल मजूमदार)","description":"जागने वाले संत (राम गोपाल मजूमदार)","sectionCount":20,"tags":[]},{"id":14,"title":"ब्रह्मांडीय चेतना का अनुभव","description":"ब्रह्मांडीय चेतना का अनुभव","sectionCount":18,"tags":[]},{"id":15,"title":"फूलगोभी की चोरी","description":"फूलगोभी की चोरी","sectionCount":29,"tags":[]},{"id":16,"title":"तारों को मात देना","description":"तारों को मात देना","sectionCount":30,"tags":[]},{"id":17,"title":"सासी और तीन नीलम","description":"सासी और तीन नीलम","sectionCount":16,"tags":[]},{"id":18,"title":"एक मोहम्मडन चमत्कारी (अफजल खान)","description":"एक मोहम्मडन चमत्कारी (अफजल खान)","sectionCount":16,"tags":[]},{"id":19,"title":"मेरा गुरु एक साथ कलकत्ता और सेरामपुर में प्रकट होते हैं","description":"मेरा गुरु एक साथ कलकत्ता और सेरामपुर में प्रकट होते हैं","sectionCount":9,"tags":[]},{"id":20,"title":"हम कश्मीर नहीं जाते","description":"हम कश्मीर नहीं जाते","sectionCount":14,"tags":[]},{"id":21,"title":"हम कश्मीर जाते हैं","description":"हम कश्मीर जाते हैं","sectionCount":24,"tags":[]},{"id":22,"title":"पत्थर की मूर्ति का हृदय","description":"पत्थर की मूर्ति का हृदय","sectionCount":16,"tags":[]},{"id":23,"title":"मेरी विश्वविद्यालय की डिग्री","description":"मेरी विश्वविद्यालय की डिग्री","sectionCount":19,"tags":[]},{"id":24,"title":"मैं स्वामी संन्यास का सदस्य बना","description":"मैं स्वामी संन्यास का सदस्य बना","sectionCount":21,"tags":[]},{"id":25,"title":"भाई अनंता और बहन नलिनी","description":"भाई अनंता और बहन नलिनी","sectionCount":14,"tags":[]},{"id":26,"title":"क्रिया योग का विज्ञान","description":"क्रिया योग का विज्ञान","sectionCount":24,"tags":[]},{"id":27,"title":"रांची में एक योग स्कूल की स्थापना","description":"रांची में एक योग स्कूल की स्थापना","sectionCount":23,"tags":[]},{"id":28,"title":"काशी, पुनर्जन्म और पुनः खोजा गया","description":"काशी, पुनर्जन्म और पुनः खोजा गया","sectionCount":12,"tags":[]},{"id":29,"title":"रवींद्रनाथ टैगोर और मैं स्कूलों की तुलना करते हैं","description":"रवींद्रनाथ टैगोर और मैं स्कूलों की तुलना करते हैं","sectionCount":12,"tags":[]},{"id":30,"title":"चमत्कार का नियम","description":"चमत्कार का नियम","sectionCount":29,"tags":[]},{"id":31,"title":"पवित्र माँ के साथ एक साक्षात्कार (काशी मणि लाहिड़ी)","description":"पवित्र माँ के साथ एक साक्षात्कार (काशी मणि लाहिड़ी)","sectionCount":28,"tags":[]},{"id":32,"title":"राम पुनः जीवित और पुनः खोजे गए","description":"राम पुनः जीवित और पुनः खोजे गए","sectionCount":21,"tags":[]},{"id":33,"title":"बाबाजी, आधुनिक भारत के योगी-क्राइस्ट","description":"बाबाजी, आधुनिक भारत के योगी-क्राइस्ट","sectionCount":21,"tags":[]},{"id":34,"title":"हिमालय में एक महल की सामग्री","description":"हिमालय में एक महल की सामग्री","sectionCount":33,"tags":[]},{"id":35,"title":"लाहिड़ी महाशय का ईसाई जैसा जीवन","description":"लाहिड़ी महाशय का ईसाई जैसा जीवन","sectionCount":31,"tags":[]},{"id":36,"title":"पश्चिम में बाबाजी की रुचि","description":"पश्चिम में बाबाजी की रुचि","sectionCount":27,"tags":[]},{"id":37,"title":"मैं अमेरिका जाता हूँ","description":"मैं अमेरिका जाता हूँ","sectionCount":22,"tags":[]},{"id":38,"title":"लूथर बरबैंक—एक अमेरिकी संत","description":"लूथर बरबैंक—एक अमेरिकी संत","sectionCount":14,"tags":[]},{"id":39,"title":"थेरेसे न्यूमन, बवेरिया की कैथोलिक स्टीगमैटिस्ट","description":"थेरेसे न्यूमन, बवेरिया की कैथोलिक स्टीगमैटिस्ट","sectionCount":22,"tags":[]},{"id":40,"title":"मैं भारत लौटता हूँ","description":"मैं भारत लौटता हूँ","sectionCount":21,"tags":[]},{"id":41,"title":"दक्षिण भारत में एक आदर्श","description":"दक्षिण भारत में एक आदर्श","sectionCount":33,"tags":[]},{"id":42,"title":"मेरे गुरु के साथ अंतिम दिन","description":"मेरे गुरु के साथ अंतिम दिन","sectionCount":39,"tags":[]},{"id":43,"title":"श्री युक्तेश्वर का पुनरुत्थान","description":"श्री युक्तेश्वर का पुनरुत्थान","sectionCount":51,"tags":[]},{"id":44,"title":"वर्धा में महात्मा गांधी के साथ","description":"वर्धा में महात्मा गांधी के साथ","sectionCount":49,"tags":[]},{"id":45,"title":"बंगाली 'आनंद से भरी माँ' (आनंदमयी माँ)","description":"बंगाली 'आनंद से भरी माँ' (आनंदमयी माँ)","sectionCount":15,"tags":[]},{"id":46,"title":"वह महिला योगी जो कभी नहीं खाती (गिरी बाला)","description":"वह महिला योगी जो कभी नहीं खाती (गिरी बाला)","sectionCount":31,"tags":[]},{"id":47,"title":"मैं पश्चिम लौटता हूँ","description":"मैं पश्चिम लौटता हूँ","sectionCount":11,"tags":[]},{"id":48,"title":"कैलिफोर्निया के एनकिनिटास में","description":"कैलिफोर्निया के एनकिनिटास में","sectionCount":39,"tags":[]}]}