{"id":1,"title":"Katha Upanishad Valli 1 Chapter 1","description":"A detailed overview of the Katha Upanishad's history, significance, and relevance in modern times.","sections":[{"id":"1","title":"1.1.1","passage":"ॐ उशन् ह वै वाजश्रवसः सर्ववेदसं ददौ ।\nतस्य ह नचिकेता नाम पुत्र आस ॥","commentary":"Yearning ( superior   rewards,)   Vajasravasa   gifted   all   his\nmaterial   wealth.   He   had   a   son   named   Nachiketa.  ","type":"verse"},{"id":"2","title":"1.1.2","passage":"तँ ह कुमारँ सन्तं दक्षिणासु\nनीयमानासु श्रद्धाविवेश सोऽमन्यत ॥ ","commentary":"On   the   gifts  being   fetched  for  giving , Nachiketa,  though\na   young   lad,   was   overcome   with   religious   fervour   and he  pondered   :","type":"verse"},{"id":"3","title":"1.1.3","passage":"पीतोदका जग्धतृणा दुग्धदोहा निरिन्द्रियाः ।\nअनन्दा नाम ते लोकास्तान् स गच्छति ता ददत् ॥","commentary":"Joyless,   indeed,   are   the   worlds   to   which   he   goes   who   gives as   gifts   such   old   cows   that   cannot   calve  nor  produce   milk any more. They had also drank water for the last time and eaten grass terminally.  (Giving   away   useless   articles   as   gift   in   a   sacrifice is   a   sin   and   cannot   bring   good   reward.)","type":"verse"},{"id":"4","title":"1.1.4","passage":"स होवाच पितरं तत कस्मै मां दास्यसीति ।\nद्वितीयं तृतीयं तँ होवाच मृत्यवे त्वा ददामीति ॥","commentary":"He   addressed   his   father   :   \"Father,   to   whom  will  you give  me away?\"\nHe   repeatedly  said   so,  twice  and   thrice. Upon  this  the   father  replied   :   \"I   shall   give   you   to   Death\"","type":"verse"},{"id":"5","title":"1.1.5","passage":"बहूनामेमि प्रथमो  बहूनामेमि मध्यमः ।\nकिँ स्विद्यमस्य कर्तव्यं यन्मयाऽद्य करिष्यति ॥","commentary":"(Nachiketa   thought   within   himself)   :   Among   many   of\n(my   father's  disciples),   I   am   either   at   the   top   or   middle\n(but   never   at the  bottom ).   What   then   will   he   achieve\nin   giving   me   to   Yama ?  ","type":"verse"},{"id":"6","title":"1.1.6","passage":"अनुपश्य यथा पूर्वे प्रतिपश्य तथाऽपरे ।\nसस्यमिव मर्त्यः पच्यते सस्यमिवाजायते पुनः ॥","commentary":"Remember   how   your   forefathers   behaved .   Consider   how   men   of   worth conduct   themselves   today.   Like   vegetation   man   ripens   and decays,   and   like   vegetation  he   is   born   again .","type":"verse"},{"id":"7","title":"1.1.7","passage":"वैश्वानरः प्रविशत्यतिथिर्ब्राह्मणो गृहान् ।\nतस्यैताँ शान्तिं कुर्वन्ति हर वैवस्वतोदकम् ॥ ","commentary":"(Nachiketa goes to  the   abode   of   Yama,   but   the   latter   was   not at   home.  Nachiketa had   to wait   for   three   days   without   food. On   Yama's return, he   is   told   by   his   people):  A  Brahmana   guest   entering a house-hold resembles fire. He is offered appeasement. O ! Vaivasvata (Yama),   fetch   water (for washing the feet and sipping).","type":"verse"},{"id":"8","title":"1.1.8","passage":"आशाप्रतीक्षे संगतँ सूनृतां\n    चेष्टापूर्ते पुत्रपशूँश्च सर्वान् ।\nएतद्वृङ्क्ते पुरुषस्याल्पमेधसो\n    यस्यानश्नन्वसति ब्राह्मणो गृहे ॥","commentary":"Hopes   and   expectations,   the   benefits   of   association   with   the good, the   merit   arising from   sweet   and   beneficial   speech, the deeds prescribed in the scriptures and moral codes , children   and   cattle,   all   these   are   destroyed   in   the case   of   the person of dull intellect in whose house a holy guest has remained unattended.","type":"verse"},{"id":"9","title":"1.1.9","passage":"तिस्रो रात्रीर्यदवात्सीर्गृहे मे-\n    ऽनश्नन् ब्रह्मन्नतिथिर्नमस्यः ।\nनमस्तेऽस्तु ब्रह्मन् स्वस्ति मेऽस्तु\n    तस्मात्प्रति त्रीन्वरान्वृणीष्व ॥ ","commentary":"Yama   said   to   Nachiketa  : O   holy   and   venerable   guest,   since   you   have   dwelt   in   my   house   for   three nights   without   food,   choose   three   boons   from   me. I bow   to   you;   may all   be   well   with   me.  ","type":"verse"},{"id":"10","title":"1.1.10","passage":"शान्तसंकल्पः सुमना यथा स्याद्\n    वीतमन्युर्गौतमो माऽभि मृत्यो ।\nत्वत्प्रसृष्टं माऽभिवदेत्प्रतीत\n    एतत् त्रयाणां प्रथमं वरं वृणे ॥","commentary":"(Nachiketa   thereupon   said) - O   Death,  may  I  have the   first   of   the   three   boons to (my   father)    Gautama   being   in happy frame of mind   and   of  peaceful disposition anger;   and   may he  recognise me   and   receive   me  when I   am   released  by   you.","type":"verse"},{"id":"11","title":"1.1.11","passage":"यथा पुरस्ताद् भविता प्रतीत\n    औद्दालकिरारुणिर्मत्प्रसृष्टः ।\nसुखँ रात्रीः शयिता वीतमन्यु\n    स्त्वां ददृशिवान्मृत्युमुखात् प्रमुक्तम् ॥ ","commentary":"(Yama   said   :)  By   my   order,   Auddalaki   Aruni   (your   father)  will sleep peacefully at night. He will recognise   you and   treat   you   as   in the past,   having   seen you  released   from   the   jaws   of   death.  And he will be without   anger . (The   mental   agony   caused   to   Nachiketa's   father   has   been   removed  by the   first   boon).","type":"verse"},{"id":"12","title":"1.1.12","passage":"स्वर्गे लोके न भयं किंचनास्ति\n    न तत्र त्वं न जरया बिभेति ।\nउभे तीर्त्वाऽशनायापिपासे\n    शोकातिगो मोदते स्वर्गलोके ॥","commentary":"(Nachiketa   said:)  In   heaven   there   is   no   fear   at all ;   death   and   old   age   are   not there.   Having   overcome   hunger   and   thirst   and   all   sorrow,   one   rejoices in   the   heavenly   world.","type":"verse"},{"id":"13","title":"1.1.13","passage":"स त्वमग्निँ स्वर्ग्यमध्येषि मृत्यो\n    प्रब्रूहि त्वँ श्रद्दधानाय मह्यम् ।\nस्वर्गलोका अमृतत्वं भजन्त\n    एतद् द्वितीयेन वृणे वरेण ॥","commentary":"O   Death, You  know  the   Fire   (sacrifice)   that   leads   to   heaven. Instruct  me on that  who   am   full   of   faith .   Those   in   heaven   are   deathless. This   I   choose   as   my   second   boon. ","type":"verse"},{"id":"14","title":"1.1.14","passage":"प्र ते ब्रवीमि तदु मे निबोध\n    स्वर्ग्यमग्निं नचिकेतः प्रजानन् ।\nअनन्तलोकाप्तिमथो प्रतिष्ठां\n    विद्धि त्वमेतं निहितं गुहायाम् ॥","commentary":"O   Nachiketa,  I  know   about   the   Fire   that   leads   to   heaven. This I  shall impart   to   you .  Listen to me carefully.   Know  this to be the   means  of  attaining   eternal   heaven   and   also   the   support   of   the   world.   This knowledge   is   hidden   in   the   cave of the heart.  ","type":"verse"},{"id":"15","title":"1.1.15","passage":"लोकादिमग्निं तमुवाच तस्मै\n    या इष्टका यावतीर्वा यथा वा ।\nस चापि तत्प्रत्यवदद्यथोक्त\n    मथास्य मृत्युः पुनरेवाह तुष्टः ॥ ","commentary":"Yama   then   explained   that   Fire   (sacrifice),  is the   origin of   the   world.   He   gave   details   of   what   type   of   bricks   and   how   many are   required   (for   the   altar)   and   how   the   fire   is   to   be   lit.   And Nachiketa   repeated   all   the   instructions   given   to   him.   Then   Yama, being   pleased   at   this,   said   again.","type":"verse"},{"id":"16","title":"1.1.16","passage":"तमब्रवीत् प्रीयमाणो महात्मा\n    वरं तवेहाद्य ददामि भूयः ।\nतवैव नाम्ना भविताऽयमग्निः\n    सृङ्कां चेमामनेकरूपां गृहाण ॥","commentary":"That high-souled (Yama) happily, said   to Nachiketa \"I  shall  here and now give you another  boon:  may  this   fire   be   named after you; and may you  also accept this   multi-coloured garland.  ","type":"verse"},{"id":"17","title":"1.1.17","passage":"त्रिणाचिकेतस्त्रिभिरेत्य सन्धिं\n    त्रिकर्मकृत्तरति जन्ममृत्यू ।\nब्रह्मजज्ञं देवमीड्यं विदित्वा\n    निचाय्येमाँ शान्तिमत्यन्तमेति ॥","commentary":"He  transcends cyclic existence who has perfomed the Nachiketa fire-sacrifice three times and has received instructions from the three (mother,father   and   preceptor), and has also discharged   his   three-fold  duties   (study   of   Vedas,   performance   of   Sacrifice and   giving   alms), having realised the all pervading shining one worthy of worship-the fire god born of Brahman. Such a person also attains supreme peace.","type":"verse"},{"id":"18","title":"1.1.18","passage":"त्रिणाचिकेतस्त्रयमेतद्विदित्वा\n    य एवं विद्वाँश्चिनुते नाचिकेतम् ।\nस मृत्युपाशान् पुरतः प्रणोद्य\n    शोकातिगो मोदते स्वर्गलोके ॥","commentary":"The man of wisdom, having known the injunctions performs the Nachiketa sacrifice three times. Thus annhilating the noose of death even before the fall of his body, crosses the (ocean of ) grief and enjoys in heaven.","type":"verse"},{"id":"19","title":"1.1.19","passage":"एष तेऽग्निर्नचिकेतः स्वर्ग्यो\n    यमवृणीथा द्वितीयेन वरेण ।\nएतमग्निं तवैव प्रवक्ष्यन्ति जनासः\n    तृतीयं वरं नचिकेतो वृणीष्व ॥","commentary":"This   is   your   fire,  which  takes one   to   heaven   and   which you   have   chosen   as   your   second   boon. People   will   designate this   fire   after your   name. Now   choose   your   third boon, O Nachiketa.","type":"verse"},{"id":"20","title":"1.1.20","passage":"येयं प्रेते विचिकित्सा मनुष्ये-\n    ऽस्तीत्येके नायमस्तीति चैके ।\nएतद्विद्यामनुशिष्टस्त्वयाऽहं\n    वराणामेष वरस्तृतीयः ॥ ","commentary":"(Nachiketa   said): \"Upon the death of  a person, there arises this doubt - some declare that something outlives the body, other say, nothing remains. I desire to know, upon your instructions, about this issue and this is my third among the boons\"","type":"verse"},{"id":"21","title":"1.1.21","passage":"देवैरत्रापि विचिकित्सितं पुरा\n    न हि सुविज्ञेयमणुरेष धर्मः ।\nअन्यं वरं नचिकेतो वृणीष्व\n    मा मोपरोत्सीरति मा सृजैनम् ॥","commentary":"(Yama   said) : \" This subtle matter is not easily understood. In the days of yore, even\nGods had entairtained doubts about this. Therefore, O! Nachiketa! choose\nanother boon. Do not press this and release me from this (Obligation)\"","type":"verse"},{"id":"22","title":"1.1.22","passage":"देवैरत्रापि विचिकित्सितं किल\n    त्वं च मृत्यो यन्न सुज्ञेयमात्थ ।\nवक्ता चास्य त्वादृगन्यो न लभ्यो\n    नान्यो वरस्तुल्य एतस्य कश्चित् ॥","commentary":"(Nachiketa   said) : \" O! Death! you too say that even the gods had indeed doubted about this and is not also easy to comprehend. There is neither a teacher equal to you nor a boon equal to this\".","type":"verse"},{"id":"23","title":"1.1.23","passage":"शतायुषः पुत्रपौत्रान्वृणीष्वा\n    बहून्पशून् हस्तिहिरण्यमश्वान् ।\nभूमेर्महदायतनं वृणीष्व\n    स्वयं च जीव शरदो यावदिच्छसि ॥","commentary":"(Yama   said) : \"May you seek sons and grandsons who will live a hundred years, cattle, elephants, horses and gold, as also an extensive land area to rule and live any number of autumns as you like.  ","type":"verse"},{"id":"24","title":"1.1.24","passage":"एतत्तुल्यं यदि मन्यसे वरं\n    वृणीष्व वित्तं चिरजीविकां च ।\nमहाभूमौ नचिकेतस्त्वमेधि\n    कामानां त्वा कामभाजं करोमि ॥","commentary":"If you think so, seek another boon equal to this for riches, longivity and an expansive kingdom where O! Nachiketa ! May you rule over. I shall make you the enjoyer of all your desires.\n","type":"verse"},{"id":"25","title":"1.1.25","passage":"ये ये कामा दुर्लभा मर्त्यलोके\n    सर्वान् कामाँश्छन्दतः प्रार्थयस्व ।\nइमा रामाः सरथाः सतूर्या\n    न हीदृशा लम्भनीया मनुष्यैः ।\nआभिर्मत्प्रत्ताभिः परिचारयस्व\n    नचिकेतो मरणं माऽनुप्राक्षीः ॥","commentary":"Whatever   desires   are  there which are not easy to be gained in this world of mortals, all those may you obtain as you desire. These beautiful damsels along with chariots and musical instruments, which are not attainable by men, I shall bestow upon you. Entertain yourself with these. Do not seek to know about death.","type":"verse"},{"id":"26","title":"1.1.26","passage":"श्वोभावा मर्त्यस्य यदन्तकैतत्\n    सर्वेंद्रियाणां जरयन्ति तेजः ।\nअपि सर्वं जीवितमल्पमेव\n    तवैव वाहास्तव नृत्यगीते ॥","commentary":"\"O! Death! All these are impermanent. The sense organs of man is worn out through indulgence in these enjoyments. The entire life is but brief. You may keep these vehicles, music and dance to yourself.  ","type":"verse"},{"id":"27","title":"1.1.27","passage":"न वित्तेन तर्पणीयो मनुष्यो\n    लप्स्यामहे वित्तमद्राक्ष्म चेत्त्वा ।\nजीविष्यामो यावदीशिष्यसि त्वं\n    वरस्तु मे वरणीयः स एव ॥ ","commentary":"No man is ever satisfied with wealth. Having seen you, we shall live as long as you rule. The boon I desire is , therefore , the one I have sought.","type":"verse"},{"id":"28","title":"1.1.28","passage":"अजीर्यताममृतानामुपेत्य\n    जीर्यन्मर्त्यः क्वधःस्थः प्रजानन् ।\nअभिध्यायन् वर्णरतिप्रमोदान्\n    अतिदीर्घे जीविते को रमेत ॥ ","commentary":"Once the immortal and everlasting one is attained, which man, who is himself nor permanent, will be elated or be thought of living long after examining the worthless enjoyments of song & dance ?  ","type":"verse"},{"id":"29","title":"1.1.29","passage":"यस्मिन्निदं विचिकित्सन्ति मृत्यो\n    यत्साम्पराये महति ब्रूहि नस्तत् ।\nयोऽयं वरो गूढमनुप्रविष्टो\n    नान्यं तस्मान्नचिकेता वृणीते ॥","commentary":"O! Death! Instruct me on the superior life after death regarding which people have reservations. Nachiketa chooses not other boon other than this mysterious one.  ","type":"verse"}],"tags":["Hinduism","Spirituality","Philosophy"],"sectionCount":5,"contentId":"KU"}