{"id":2,"title":"Katha Upanishad Valli 1 Chapter 2","description":"An in-depth examination of the Katha Upanishad's philosophical concepts, such as the nature of reality and the human condition.","sections":[{"id":"1","title":"1.2.1","passage":"अन्यच्छ्रेयोऽन्यदुतैव प्रेय-\n    स्ते उभे नानार्थे पुरुषँ सिनीतः ।\nतयोः श्रेय आददानस्य साधु\n    भवति हीयतेऽर्थाद्य उ प्रेयो वृणीते ॥","commentary":"Two concepts bind the man and are of different objectives. One is what is beneficial and the other is what is pleasing. He who chooses the beneficial, gains and the one who goes for the the pleasant, deflects from that.","type":"verse"},{"id":"2","title":"1.2.2","passage":"श्रेयश्च प्रेयश्च मनुष्यमेतः\n    तौ सम्परीत्य विविनक्ति धीरः ।\nश्रेयो हि धीरोऽभि प्रेयसो वृणीते\n    प्रेयो मन्दो योगक्षेमाद्वृणीते ॥","commentary":"Both   these - beneficial and pleasant - come to humans. The discriminating one after due consideration  selects the beneficial alone in preference to the pleasure-giving; but desirous of worldly happiness, the dull-witted falls for pleasing.  ","type":"verse"},{"id":"3","title":"1.2.3","passage":"स त्वं प्रियान्प्रियरूपांश्च कामान्\n    अभिध्यायन्नचिकेतोऽत्यस्राक्षीः ।\nनैतां सृङ्कां वित्तमयीमवाप्तो\n    यस्यां मज्जन्ति बहवो मनुष्याः ॥","commentary":"O! Nachiketa!,  After due consideration, you have rejected all those pleasures and objects of pleasures, which also tempt. You have not got into this path of pleasures, in which many men are lost.","type":"verse"},{"id":"4","title":"1.2.4","passage":"दूरमेते विपरीते विषूची\n    अविद्या या च विद्येति ज्ञाता ।\nविद्याभीप्सिनं नचिकेतसं मन्ये\n    न त्वा कामा बहवोऽलोलुपन्त ॥","commentary":"Widely varying with different destinations are these two- ignorance and knowledge. I think Nachiketas is desirous of knowledge as the objects of pleasure do not tempt him.","type":"verse"},{"id":"5","title":"1.2.5","passage":"अविद्यायामन्तरे वर्तमानाः\n    स्वयं धीराः पण्डितंमन्यमानाः ।\nदन्द्रम्यमाणाः परियन्ति मूढा\n    अन्धेनैव नीयमाना यथान्धाः ॥","commentary":"The deluded staying in illusion thinking themselves to be enlightened go in circles faltering and floundering like sightless-men led by a sightless one.  ","type":"verse"},{"id":"6","title":"1.2.6","passage":"न साम्परायः प्रतिभाति बालं\n    प्रमाद्यन्तं वित्तमोहेन मूढम् ।\nअयं लोको नास्ति पर इति मानी\n    पुनः पुनर्वशमापद्यते मे ॥ ","commentary":"Deluded by riches, one in illusion like a child thinks only of this world and not of a hereafter -  and thus, gets under my control repeatedly.  ","type":"verse"},{"id":"7","title":"1.2.7","passage":"श्रवणायापि बहुभिर्यो न लभ्यः\n    श‍ृण्वन्तोऽपि बहवो यं न विद्युः ।\nआश्चर्यो वक्ता कुशलोऽस्य लब्धा\n    आश्चर्यो ज्ञाता कुशलानुशिष्टः ॥","commentary":"It is not possible for many to hear about it (Brahman) and even having heard many do not understand. The teacher must be a skilful one and the pupil should be sharp in grasp. The knower is a wonderful person instructed by the adept. ","type":"verse"},{"id":"8","title":"1.2.8","passage":"न नरेणावरेण प्रोक्त एष\n    सुविज्ञेयो बहुधा चिन्त्यमानः ।\nअनन्यप्रोक्ते गतिरत्र नास्ति\n    अणीयान् ह्यतर्क्यमणुप्रमाणात् ॥","commentary":"This principle (Brahman) is not understood by pondering in different ways or being taught by one of low ability. There is no other way than being taught by one of unparalleled ability and it transcends all arguments and is subtlest of subtle.","type":"verse"},{"id":"9","title":"1.2.9","passage":"नैषा तर्केण मतिरापनेया\n    प्रोक्तान्येनैव सुज्ञानाय प्रेष्ठ ।\nयां त्वमापः सत्यधृतिर्बतासि\n    त्वादृङ्नो भूयान्नचिकेतः प्रष्टा ॥ ","commentary":"This knowledge is not attainable by argumentation. It is of easy comprehension only when instructed by another. O! Dearest one! O! Nachiketa! let there be seekers like you! You are truly resolved in your desire. ","type":"verse"},{"id":"10","title":"1.2.10","passage":"जानाम्यहं शेवधिरित्यनित्यं\n    न ह्यध्रुवैः प्राप्यते हि ध्रुवं तत् ।\nततो मया नाचिकेतश्चितोऽग्निः\n    अनित्यैर्द्रव्यैः प्राप्तवानस्मि नित्यम् ॥","commentary":"I am aware that riches are not permanent. Certainly what is everlasting is not attained through what is temporary. But, I have gained the eternal by performing the nachiketa fire-sacrifice with transient materials.","type":"verse"},{"id":"11","title":"1.2.11","passage":"कामस्याप्तिं जगतः प्रतिष्ठां\n    क्रतोरानन्त्यमभयस्य पारम् ।\nस्तोममहदुरुगायं प्रतिष्ठां दृष्ट्वा\n    धृत्या धीरो नचिकेतोऽत्यस्राक्षीः ॥","commentary":"O! Nachiketa! Having seen that great and exalted state, the very foundation of the universe, the end-point of all observances, the other shore of fear, You wise one ! You have rejected the attainment of all desires, being steadfast in you resolve.","type":"verse"},{"id":"12","title":"1.2.12","passage":"तं दुर्दर्शं गूढमनुप्रविष्टं\n    गुहाहितं गह्वरेष्ठं पुराणम् ।\nअध्यात्मयोगाधिगमेन देवं\n    मत्वा धीरो हर्षशोकौ जहाति ॥","commentary":"The   wise   man   having,  by meditating on it , got that which is difficult to realise, effulgent, deep-seated and immanent, dwelling in the cave of the heart transcends   both   joy   and   sorrow. ","type":"verse"},{"id":"13","title":"1.2.13","passage":"एतच्छ्रुत्वा सम्परिगृह्य मर्त्यः\n    प्रवृह्य धर्म्यमणुमेतमाप्य ।\nस मोदते मोदनीयँ हि लब्ध्वा\n    विवृतँ सद्म नचिकेतसं मन्ये ॥ ","commentary":"The   mortal,  having heard and realised that subtle principle, the essence of righteousness, rejoices verily, in a blissful state, having attained the bliss-worthy one. I feel that for Nachiketa , its residence is dis-covered.  ","type":"verse"},{"id":"14","title":"1.2.14","passage":"अन्यत्र धर्मादन्यत्राधर्मा-\n    दन्यत्रास्मात्कृताकृतात् ।\nअन्यत्र भूताच्च भव्याच्च\n    यत्तत्पश्यसि तद्वद ॥ ","commentary":"(Nachiketas   said): Please tell me that which you perceive as variant from the right and the wrong, the cause and effect and the past and the future.  \n ","type":"verse"},{"id":"15","title":"1.2.15","passage":"सर्वे वेदा यत्पदमामनन्ति\n    तपाꣳसि सर्वाणि च यद्वदन्ति ।\nयदिच्छन्तो ब्रह्मचर्यं चरन्ति\n    तत्ते पदꣳ सङ्ग्रहेण ब्रवीम्योमित्येतत् ॥","commentary":"That which is proclaimed by all the scriptures, which is said to be the end effect of all rituals and for which enquiry into the ultimate reality is undertaken, I shall tell you about it briefly as \"OM\"","type":"verse"},{"id":"16","title":"1.2.16","passage":"एतद्ध्येवाक्षरं ब्रह्म एतद्ध्येवाक्षरं परम् ।\nएतद्ध्येवाक्षरं ज्ञात्वा यो यदिच्छति तस्य तत् ॥","commentary":"This syllable (OM) is the highest (Brahman) , this alone is ever-lasting and whoever realises  this  attains whatever he desires.  ","type":"verse"},{"id":"17","title":"1.2.17","passage":"एतदालम्बनँ श्रेष्ठमेतदालम्बनं परम् ।\nएतदालम्बनं ज्ञात्वा ब्रह्मलोके महीयते ॥","commentary":"This (syllable OM)   is   the   best  support, this is the supreme support and upon realising this, one is adored in the world of Brahma (Hiranyagarbha loka).","type":"verse"},{"id":"18","title":"1.2.18","passage":"न जायते म्रियते वा विपश्चि-\n    न्नायं कुतश्चिन्न बभूव कश्चित् ।\nअजो नित्यः शाश्वतोऽयं पुराणो\n    न हन्यते हन्यमाने शरीरे ॥","commentary":"The consciousness (soul ) is neither born nor is it subject to death. It has not manifested from anything nor has it given rise to a new entity. This one is unborn, always existing, everlasting, indeterminable in antiquity and is not destroyed when the body (container) is destroyed.   ","type":"verse"},{"id":"19","title":"1.2.19","passage":"हन्ता चेन्मन्यते हन्तुँ हतश्चेन्मन्यते हतम् ।\nउभौ तौ न विजानीतो नायँ हन्ति न हन्यते ॥ ","commentary":"If   the   slayer   thinks   he  slays,   and   slain   thinks   that   he   is slain, neither   of   them   knows   the   truth.   This   (Knower)   neither slays   nor   is  slain.  ","type":"verse"},{"id":"20","title":"1.2.20","passage":"अणोरणीयान्महतो महीया-\n    नात्माऽस्य जन्तोर्निहितो गुहायाम् ।\nतमक्रतुः पश्यति वीतशोको\n    धातुप्रसादान्महिमानमात्मनः ॥ ","commentary":"Smaller   than   the   smallest,   greater   than   the   greatest   is   the   Atman that   dwells   in   the cave of the  heart   of   beings.   He   who   is   desireless,   realises the   glory   of   Atman   through   cleansing   of   mind   and   senses,   and  transcends from   sorrow. ","type":"verse"},{"id":"21","title":"1.2.21","passage":"आसीनो दूरं व्रजति शयानो याति सर्वतः ।\nकस्तं मदामदं देवं मदन्यो ज्ञातुमर्हति ॥","commentary":"While   seated,   he   travels   far ;   lying   down   he   goes   all-over. Who   can   know   other than   me   that   Shining   One,   who  is both joyful and joyless.","type":"verse"},{"id":"22","title":"1.2.22","passage":"अशरीरँ शरीरेष्वनवस्थेष्ववस्थितम् ।\nमहान्तं विभुमात्मानं मत्वा धीरो न शोचति ॥","commentary":"Having   realised   the   all-pervading   Supreme   Atman,   who   is   bodiless within   the   bodies,   stable   amidst   the   unstable,   the   wise one grieves no more.","type":"verse"},{"id":"23","title":"1.2.23","passage":"नायमात्मा प्रवचनेन लभ्यो\n    न मेधया न बहुना श्रुतेन ।\nयमेवैष वृणुते तेन लभ्यः\n    तस्यैष आत्मा विवृणुते तनूꣳ स्वाम् ॥ ","commentary":"By the study of the scriptures, lecturing one's own intellectual enquiries or by wide learning or listening, this Atman cannot be realised. Whomsoever, It chooses alone, can attain that realisation about It, as It reveals Its own nature to him.","type":"verse"},{"id":"24","title":"1.2.24","passage":"नाविरतो दुश्चरितान्नाशान्तो नासमाहितः ।\nनाशान्तमानसो वाऽपि प्रज्ञानेनैनमाप्नुयात् ॥ ","commentary":"He   who   is   not   free   from   evil   conduct,   whose   senses   are not controlled , whose   emotions   are   not   harmonised,   whose   mind   is not at   peace,   cannot   attain   this   Atman   by   any means   of   knowledge.","type":"verse"},{"id":"25","title":"1.2.25","passage":"यस्य ब्रह्म च क्षत्रं च उभे भवत ओदनः ।\nमृत्युर्यस्योपसेचनं क इत्था वेद यत्र सः ॥","commentary":"He   for   whom   the   Brahmana   and   the   Kshatriya   are   food, and Death   the   pickle,   who   can   know   where   He (The Self, Atman)  is   ?","type":"verse"}],"tags":["Karma","Reincarnation","Moksha"],"sectionCount":8,"contentId":"KU"}