{"id":3,"title":"Katha Upanishad Valli 1 Chapter 3","description":"An exploration of the Katha Upanishad's practical spiritual guidelines and teachings on self-awareness, mindfulness, and inner transformation.","sections":[{"id":"1","title":"1.3.1","passage":"ऋतं पिबन्तौ सुकृतस्य लोके\n    गुहां प्रविष्टौ परमे परार्धे ।\nछायातपौ ब्रह्मविदो वदन्ति\n    पञ्चाग्नयो ये च त्रिणाचिकेताः ॥","commentary":"The cave of the heart is occupied by two entities (the cosmic self and the individual self), enjoying the fruits of their actions. Those who are realised, call them light and shade, as also the tenders of the five fires (house-holders), who had performed Nachiketa sacrifice thrice.","type":"verse"},{"id":"2","title":"1.3.2","passage":"यः सेतुरीजानानामक्षरं ब्रह्म यत् परम् ।\nअभयं तितीर्षतां पारं नाचिकेतँ शकेमहि ॥","commentary":"We can perform the Nachiketa sacrifice which will take us to the celestial regions, acting as a bridge. we could also attain the knowledge about the everlasting principle, Supreme Brahman, which is the place beyond the realm of fear and the refuge of the seekers of liberation - from human bondage. ","type":"verse"},{"id":"3","title":"1.3.3","passage":"आत्मानँ रथितं विद्धि शरीरँ रथमेव तु ।\nबुद्धिं तु सारथिं विद्धि मनः प्रग्रहमेव च ॥ ","commentary":"The inner being is the controller (seated in) of the chariot, which is the body, the intellect the driver and the mind the reins. ","type":"verse"},{"id":"4","title":"1.3.4","passage":"इन्द्रियाणि हयानाहुर्विषयाँ स्तेषु गोचरान् ।\nआत्मेन्द्रियमनोयुक्तं भोक्तेत्याहुर्मनीषिणः ॥ ","commentary":"They (the wise) say that the sense organs are the horses, the road is the sense objects and the experiencer is the body, sense organs and the mind, say the realised ones.","type":"verse"},{"id":"5","title":"1.3.5","passage":"यस्त्वविज्ञानवान्भवत्ययुक्तेन मनसा सदा ।\nतस्येन्द्रियाण्यवश्यानि दुष्टाश्वा इव सारथेः ॥","commentary":"That One   whose understanding of the reality is not there and whose mind is without restraint, his sense organs behave without control like the rogue horses of a charioteer. ","type":"verse"},{"id":"6","title":"1.3.6","passage":"यस्तु विज्ञानवान्भवति युक्तेन मनसा सदा ।\nतस्येन्द्रियाणि वश्यानि सदश्वा इव सारथेः ॥","commentary":"But   he   who   has   right   understanding   and   whose   mind   is always  restrained,  his   senses   become   disciplined   like   the   obedient horses   of  a   charioteer.","type":"verse"},{"id":"7","title":"1.3.7","passage":"यस्त्वविज्ञानवान्भवत्यमनस्कः सदाऽशुचिः ।\nन स तत्पदमाप्नोति संसारं चाधिगच्छति ॥ ","commentary":"Transmigratory (cyclic) existence is for him who has no control over his mind, lacks the right understanding and is always contaminated in mind, as he never attains that goal.","type":"verse"},{"id":"8","title":"1.3.8","passage":"यस्तु विज्ञानवान्भवति समनस्कः सदा शुचिः ।\nस तु तत्पदमाप्नोति यस्माद्भूयो न जायते ॥","commentary":"However, that one who is discriminating , has his mind under restraint and always pure (in thought), verily he attains that destination, from where he never reverts to re-birth.","type":"verse"},{"id":"9","title":"1.3.9","passage":"विज्ञानसारथिर्यस्तु मनः प्रग्रहवान्नरः ।\nसोऽध्वनः पारमाप्नोति तद्विष्णोः परमं पदम् ॥","commentary":"That person who has his (discriminative) intelligence as his charioteer and whose mind has been reined in , reaches the terminus of the journey, which is that supreme abode of Lord Vishnu.","type":"verse"},{"id":"10","title":"1.3.10","passage":"इन्द्रियेभ्यः परा ह्यर्था अर्थेभ्यश्च परं मनः ।\nमनसस्तु परा बुद्धिर्बुद्धेरात्मा महान्परः ॥","commentary":"The   objects   of   senses   are   superior   to   the   sense organs,   the   mind is superior to the sense objects, the intellect is greater than the mind and the great Atman is   superior   to   the  intellect .","type":"verse"},{"id":"11","title":"1.3.11","passage":"महतः परमव्यक्तमव्यक्तात्पुरुषः परः ।\nपुरुषान्न परं किंचित्सा काष्ठा सा परा गतिः ॥","commentary":"The   Unmanifested   is   higher than the   great  ( Atman),   and   the Purusha  higher  than   the   Unmanifested.  That  is   nothing   superior to   the   Purusha,  it   is   the   acme and the supreme refuge.","type":"verse"},{"id":"12","title":"1.3.12","passage":"एष सर्वेषु भूतेषु गूढोऽऽत्मा न प्रकाशते ।\nदृश्यते त्वग्र्यया बुद्ध्या सूक्ष्मया सूक्ष्मदर्शिभिः ॥ ","commentary":"This   Atman,   is not seen, though laid  secretly  in all beings. However,  it  is  seen by   the   Seers   of   the   subtle ,   through   their   incisive and subtle power of their intellect. ","type":"verse"},{"id":"13","title":"1.3.13","passage":"यच्छेद्वाङ्मनसी प्राज्ञस्तद्यच्छेज्ज्ञान आत्मनि ।\nज्ञानमात्मनि महति नियच्छेत्तद्यच्छेच्छान्त आत्मनि ॥ ","commentary":"The   wise   should   dissolve   the   speech   in   the   mind,   the   mind in   the   intellect,   the   intellect   in   the   Great   Atman   , and   that   Great   Atman  in   the   Atman of quietitude.","type":"verse"},{"id":"14","title":"1.3.14","passage":"उत्तिष्ठत जाग्रत\n    प्राप्य वरान्निबोधत ।\nक्षुरस्य धारा निशिता दुरत्यया\n    दुर्गं पथस्तत्कवयो वदन्ति ॥","commentary":"Arise !   Awake!   Having resorted to an excellent preceptor , realise  ( the   Reality ) . The people with far-sight say that like  the sharp edge of  a razor,  that path is both difficult to set foot upon and to cross.  ","type":"verse"},{"id":"15","title":"1.3.15","passage":"अशब्दमस्पर्शमरूपमव्ययं\n    तथाऽरसं नित्यमगन्धवच्च यत् ।\nअनाद्यनन्तं महतः परं ध्रुवं\n    निचाय्य तन्मृत्युमुखात् प्रमुच्यते ॥ ","commentary":"One gets rid of the cyclic existence of births and deaths on realising that ultimate Reality, which is devoid of   sound, touch, form, perishability, taste, smell and  which is constant,  beyond the Mahat, does not undergo  any change and has  neither a beginning nor an end.","type":"verse"},{"id":"16","title":"1.3.16","passage":"नाचिकेतमुपाख्यानं मृत्युप्रोक्तँ सनातनम् ।\nउक्त्वा श्रुत्वा च मेधावी ब्रह्मलोके महीयते ॥","commentary":"Having listened attentively to the ancient  episode of Nachiketa,  as narrated  and  discussed  by  the  god of  Death , the Wise One  revels in the world of Brahma and  is  glorified.","type":"verse"},{"id":"17","title":"1.3.17","passage":"य इमं परमं गुह्यं श्रावयेद् ब्रह्मसंसदि ।\nप्रयतः श्राद्धकाले वा तदानन्त्याय कल्पते ।\nतदानन्त्याय कल्पत इति ॥ ","commentary":"Whoever  relates with devotion ,  this highly  secret-laden  episode  in the assembly  of the learned  or  at the time of performing rites and rituals  for the  Infinitude , indeed becomes fit for the   Infinitude.","type":"verse"}],"tags":["Yoga","Meditation","Self-Knowledge"],"sectionCount":4,"contentId":"KU"}