{"id":4,"title":"Katha Upanishad Valli 2 Chapter 1","description":"A discussion of the Katha Upanishad's historical development and cultural significance in ancient India.","sections":[{"id":"1","title":"2.1.1","passage":"पराञ्चि खानि व्यतृणत् स्वयम्भू-\n    स्तस्मात्पराङ्पश्यति नान्तरात्मन् ।\nकश्चिद्धीरः प्रत्यगात्मानमैक्ष-\n    दावृत्तचक्षुरमृतत्वमिच्छन् ॥","commentary":"The Self-Created (God)   made   the   senses   turn   outward;   hence   one looks   outward,   does   not   see   what   is   within   oneself.   Rare   is   the wise   man,   who,   longing   for   immortality,   turns   his   eyes   inward and   sees   the   inner   Atman.  ","type":"verse"},{"id":"2","title":"2.1.2","passage":"पराचः कामाननुयन्ति बाला-\n    स्ते मृत्योर्यन्ति विततस्य पाशम् ।\nअथ धीरा अमृतत्वं विदित्वा\n    ध्रुवमध्रुवेष्विह न प्रार्थयन्ते ॥","commentary":"The   ignorant   pursue   outward   pleasures   and   walk   into   the wide-spread   net   of   death.   The   wise,   however,  recognising  the   eternal ,    among the things that are fleeting ,  do   not   seek anything .  ","type":"verse"},{"id":"3","title":"2.1.3","passage":"येन रूपं रसं गन्धं शब्दान् स्पर्शाꣳश्च मैथुनान् ।\nएतेनैव विजानाति किमत्र परिशिष्यते । एतद्वै तत् ॥","commentary":"That   by   which   man   sees,   tastes,   smells,   hears   and   enjoys, is   the   omniscient   Lord.   By   that   alone   man   has   knowledge.   What is   there   that   remains   unknown   to   It?   This   is   indeed   That (Self that Nachiketa was asking about).","type":"verse"},{"id":"4","title":"2.1.4","passage":"स्वप्नान्तं जागरितान्तं चोभौ येनानुपश्यति ।\nमहान्तं विभुमात्मानं मत्वा धीरो न शोचति ॥","commentary":"That   by   which   one   perceives   things   both   in   dream   and   in the waking   state -  having   known   that   as   the   great omni-present Self, the   wise   man   does   not   grieve.","type":"verse"},{"id":"5","title":"2.1.5","passage":"य इमं मध्वदं वेद आत्मानं जीवमन्तिकात् ।\nईशानं भूतभव्यस्य न ततो विजुगुप्सते । एतद्वै तत् ॥","commentary":"He   who   knows the Atman, the   enjoyer   of   the   fruits   of   action, sustainer   of   life,   as   the   Lord   of   the   past   and   future,   as   close   at hand --  he   fears   no   more.     This   is   indeed   That (Self that Nachiketa was asking about).","type":"verse"},{"id":"6","title":"2.1.6","passage":"यः पूर्वं तपसो जातमद्भ्यः पूर्वमजायत ।\nगुहां प्रविश्य तिष्ठन्तं यो भूतेभिर्व्यपश्यत । एतद्वै तत् ॥","commentary":"He   who   sees   the   First-Born   -  born   of   knowledge,   born   before the   creation   of   waters -  sees   Him   within   the   heart,   dwelling   among the   elements ,   sees   Brahman   indeed.   This   is   verily   That (Self that Nachiketa was asking about).","type":"verse"},{"id":"7","title":"2.1.7","passage":"या प्राणेन संभवत्यदितिर्देवतामयी ।\nगुहां प्रविश्य तिष्ठन्तीं या भूतेभिर्व्यजायत । एतद्वै तत् ॥","commentary":"Aditi,   the   power   of   all   powers,     manifested   in   the   form   of Prana, embodied   in   the   elements,   who   resides   in   the   heart,   is   the Immortal   Self.   This   is   truly   That (Self that Nachiketa was asking about). ","type":"verse"},{"id":"8","title":"2.1.8","passage":"अरण्योर्निहितो जातवेदा गर्भ इव सुभृतो गर्भिणीभिः ।\nदिवे दिवे ईड्यो जागृवद्भिर्हविष्मद्भिर्मनुष्येभिरग्निः । एतद्वै तत् ॥","commentary":"Like   the   child   well   guarded   in   the   womb by the pregnant women,   the   all-knowing Agni,   who   lies   hidden   in   the   fire-sticks,   is   worshipped     every day   by   the   awakened   man   and   by   those   who   offer   oblations   in  the   Fire.     This   is   verily   that (Self that Nachiketa was asking about).","type":"verse"},{"id":"9","title":"2.1.9","passage":"यतश्चोदेति सूर्योऽस्तं यत्र च गच्छति ।\nतं देवाः सर्वेऽर्पितास्तदु नात्येति कश्चन । एतद्वै तत् ॥","commentary":"The Atman  is really  that  from which the sun  rises  and into which  it  mixes  again.  To That (Atman)  are  all the Gods  attached  and no one  can actually go beyond it (Self or Atman that Nachiketa was asking about).","type":"verse"},{"id":"10","title":"2.1.10","passage":"यदेवेह तदमुत्र यदमुत्र तदन्विह ।\nमृत्योः स मृत्युमाप्नोति य इह नानेव पश्यति ॥","commentary":"Whatever is here is also there; whatever is there is the same here. He who sees a difference here travels from death to death.","type":"verse"},{"id":"11","title":"2.1.11","passage":"मनसैवेदमाप्तव्यं नेह नानाऽस्ति किंचन ।\nमृत्योः स मृत्युं गच्छति य इह नानेव पश्यति ॥","commentary":"By   the   purified   mind   alone   is   This   to   be   realised.   There is   no   multiplicity   here.   From   death   to   death   he   goes   ,   who   sees as   if   there   is   difference   here. ","type":"verse"},{"id":"12","title":"2.1.12","passage":"अङ्गुष्ठमात्रः पुरुषो मध्य आत्मनि तिष्ठति ।\nईशानं भूतभव्यस्य न ततो विजुगुप्सते । एतद्वै तत् ॥","commentary":"The   Purusha   of   the   size   of   a  thumb   dwells  within   the  body.  He is   the   lord   of   the   past   and   future.   After   knowing   Him   one   fears no   more.   This   is   verily   That (Self that Nachiketa was asking about).","type":"verse"},{"id":"13","title":"2.1.13","passage":"अङ्गुष्ठमात्रः पुरुषो ज्योतिरिवाधूमकः ।\nईशानो भूतभव्यस्य स एवाद्य स उ श्वः । एतद्वै तत् ॥","commentary":"The  thumbsized  Purusha   ,   the   lord   of   the   past   and the   future,   is   like   a   flame   without   smoke;   He   stays   the same  today   and   tomorrow.   This   is   verily   That.   (Self that Nachiketa was asking about).","type":"verse"},{"id":"14","title":"2.1.14","passage":"यथोदकं दुर्गे वृष्टं पर्वतेषु विधावति ।\nएवं धर्मान् पृथक् पश्यंस्तानेवानुविधावति ॥","commentary":"As   rain,   fallen   on   a   hill,   streams   down   its   sides,   so   runs   he after   many   births,   who   sees     manifoldness   in   the   Self.","type":"verse"},{"id":"15","title":"2.1.15","passage":"यथोदकं शुद्धे शुद्धमासिक्तं तादृगेव भवति ।\nएवं मुनेर्विजानत आत्मा भवति गौतम ॥ ","commentary":"As   water that is  pure, when  poured   into   water that is  pure  remains  pure, so does the   Self  of the realised one  remains   pure   on   knowing   (uniting   with)   Brahman , O! Gautama !","type":"verse"}],"tags":["Ancient India","Vedic Period","Upanishadic Traditions"],"sectionCount":6,"contentId":"KU"}