{"id":5,"title":"Katha Upanishad Valli 2 Chapter 2","description":"A comparative analysis of the Katha Upanishad with other influential Hindu scriptures, highlighting its unique contributions and similarities.","sections":[{"id":"1","title":"2.2.1","passage":"पुरमेकादशद्वारमजस्यावक्रचेतसः ।\nअनुष्ठाय न शोचति विमुक्तश्च विमुच्यते । एतद्वै तत् ॥","commentary":"There   is   the   city   of   eleven   gates   belonging   to   Him   who   is unborn   and   of   unchanging   consciousness.   By   meditating  upon   Him, one   grieves   no   more;   and   being   liberated   one   becomes   free   from birth   and   death.   This   is   indeed   That (Self that Nachiketa was asking about).","type":"verse"},{"id":"2","title":"2.2.2","passage":"हँसः शुचिषद्वसुरन्तरिक्षसद्-\n    होता वेदिषदतिथिर्दुरोणसत् ।\nनृषद्वरसदृतसद्व्योमसद्\n    अब्जा गोजा ऋतजा अद्रिजा ऋतं बृहत् ॥ ","commentary":"The Atman  is   the   Sun   in   the   heavens,   the   air   in   the   sky,   the   fire in   the   altar,   the   guest   in   the   house;   He   dwells   in   men,   in   Gods,  in   the   Sacrifice,   in   space.   He   is   all   that   is   born   in   water,   all that   is   born   on   earth,   in   the   sacrifice   and   on   the   moutains.   He is   the   True   and   the   Great. ","type":"verse"},{"id":"3","title":"2.2.3","passage":"ऊर्ध्वं प्राणमुन्नयत्यपानं प्रत्यगस्यति ।\nमध्ये वामनमासीनं विश्वे देवा उपासते ॥ ","commentary":"He   it   is   that   leads   the   life-breath   upwards   and   casts   the lower   breath   downwards.   All   the   senses   minister   to   Him,   the Adorable,   who   is   seated   in   the   centre.  ","type":"verse"},{"id":"4","title":"2.2.4","passage":"अस्य विस्रंसमानस्य शरीरस्थस्य देहिनः ।\nदेहाद्विमुच्यमानस्य किमत्र परिशिष्यते । एतद्वै तत् ॥","commentary":"When   the   soul   in   the   body   is   separated   and   leaves   the   body what   is   left   over   here?   This   is   indeed   That. (Self that Nachiketa was asking about).","type":"verse"},{"id":"5","title":"2.2.5","passage":"न प्राणेन नापानेन मर्त्यो जीवति कश्चन ।\nइतरेण तु जीवन्ति यस्मिन्नेतावुपाश्रितौ ॥","commentary":"Man   does   not   live   by   breath   alone,   but   by   Him   who   is   the power   of   breath.","type":"verse"},{"id":"6","title":"2.2.6","passage":"हन्त त इदं प्रवक्ष्यामि गुह्यं ब्रह्म सनातनम् ।\nयथा च मरणं प्राप्य आत्मा भवति गौतम ॥ ","commentary":"Listen,    I   shall   tell   you   O !  Gautama,   of   the   secret, eternal   Brahman,   and   what   happens to   the   self   after   meeting death. ","type":"verse"},{"id":"7","title":"2.2.7","passage":"योनिमन्ये प्रपद्यन्ते शरीरत्वाय देहिनः ।\nस्थाणुमन्येऽनुसंयन्ति यथाकर्म यथाश्रुतम् ॥","commentary":"Some   souls   seek a womb   for  the sake of a physical body and yet others go to immovables, like the plant kingdom, depending upon the  activities in the past and also in consonance with the level of awakening they have reached.","type":"verse"},{"id":"8","title":"2.2.8","passage":"य एष सुप्तेषु जागर्ति कामं कामं पुरुषो निर्मिमाणः ।\nतदेव शुक्रं तद्ब्रह्म तदेवामृतमुच्यते ।\nतस्मिँल्लोकाः श्रिताः सर्वे तदु नात्येति कश्चन । एतद्वै तत् ॥","commentary":"This  principle  Purusha   keeping  awake  when others sleep, creating     objects   of   desires ,  that which is taintless  and said to be deathless is the  Brahman.  That is the substratum  of all the worlds,  and no one can surpass it .  This , indeed  is  that. (Self that Nachiketa was asking about).","type":"verse"},{"id":"9","title":"2.2.9","passage":"अग्निर्यथैको भुवनं प्रविष्टो\n    रूपं रूपं प्रतिरूपो बभूव ।\nएकस्तथा सर्वभूतान्तरात्मा\n    रूपं रूपं प्रतिरूपो बहिश्च ॥","commentary":"As   fire,  though  one  only  ,  having   entered   the   world,   takes  the  form   of   various    objects (which it burns )  so also though  the  all permeating brahman    is one only, takes  the  form  apparently  of the various objects  it enters  and  is  also  beyond them.","type":"verse"},{"id":"10","title":"2.2.10","passage":"वायुर्यथैको भुवनं प्रविष्टो\n    रूपं रूपं प्रतिरूपो बभूव ।\nएकस्तथा सर्वभूतान्तरात्मा\n    रूपं रूपं प्रतिरूपो बहिश्च ॥ ","commentary":"As  one  air,    takes   the   shape   of   every   object   it   enters,\nso   the   Self  which  permeates  into everything ,   though   one,   takes   the   shape   of   every   object   in which  it  dwells.   It   also   exists   outside   them.","type":"verse"},{"id":"11","title":"2.2.11","passage":"सूर्यो यथा सर्वलोकस्य चक्षुः\n    न लिप्यते चाक्षुषैर्बाह्यदोषैः ।\nएकस्तथा सर्वभूतान्तरात्मा\n    न लिप्यते लोकदुःखेन बाह्यः ॥ ","commentary":"Like the sun,  which is  the   eye   of   the   whole   world   is   not  tainted by the outward defects  of  the objects  it  lights,  which are  seen  by the eye,  in  the same  manner,  this  Brahman  which  is  inherent  in all beings  is not tainted  by the sufferings  of the world,  as it is beyond  the  world.","type":"verse"},{"id":"12","title":"2.2.12","passage":"एको वशी सर्वभूतान्तरात्मा\n    एकं रूपं बहुधा यः करोति ।\nतमात्मस्थं येऽनुपश्यन्ति धीराः\n    तेषां सुखं शाश्वतं नेतरेषाम् ॥","commentary":"Eternal bliss  falls to  the  lot of those  wise ones  who realise  Him,  existing  within,  the  one controller,  the  inner being  of all beings  and being  are  manifests  in  myriad  forms  and not to the lot of others. ","type":"verse"},{"id":"13","title":"2.2.13","passage":"नित्योऽनित्यानां चेतनश्चेतनानाम्\n    एको बहूनां यो विदधाति कामान् ।\nतमात्मस्थं येऽनुपश्यन्ति धीराः\n    तेषां शान्तिः  शाश्वती नेतरेषाम् ॥ ","commentary":"Those  wise  persons  who realise  Him,  who is within,  who  is  permanent  among  all others  which  are  impermanent ,  who  is  sentient  amongst  which  are  insentinent  and though  one fulfills  the desires  of  the  several,  they  have  lasting (inner) peace  and  none  others.","type":"verse"},{"id":"14","title":"2.2.14","passage":"तदेतदिति मन्यन्तेऽनिर्देश्यं परमं सुखम् ।\nकथं नु तद्विजानीयां किमु भाति विभाति वा ॥","commentary":"How shall I know that supreme, unspeakable Bliss which they realize directly as 'This'? Is it self-effulgent - does It shine dinstinctly, or does It not?","type":"verse"},{"id":"15","title":"2.2.15","passage":"न तत्र सूर्यो भाति न चन्द्रतारकं\n    नेमा विद्युतो भान्ति कुतोऽयमग्निः ।\nतमेव भान्तमनुभाति सर्वं\n    तस्य भासा सर्वमिदं विभाति ॥ ","commentary":"\" Neither  the   sun,  the   moon , the   stars, nor   the  lightning shines here, nor to speak of this   fire.   Every other thing  shines  following That  and due to its effulgence everything is illumined.","type":"verse"}],"tags":["Bhagavad Gita","Rigveda","Upanishadic Traditions"],"sectionCount":3,"contentId":"KU"}