{"id":6,"title":"Katha Upanishad Valli 2 Chapter 3","description":"","sections":[{"id":"1","title":"2.3.1","passage":"ऊर्ध्वमूलोऽवाक्शाख एषोऽश्वत्थः सनातनः ।\nतदेव शुक्रं तद्ब्रह्म तदेवामृतमुच्यते ।\nतस्मिँल्लोकाः श्रिताः सर्वे तदु नात्येति कश्चन । एतद्वै तत् ॥","commentary":"With   its   root   above   and   branches   below   stands   this   Banyan-tree.   That   (root)   is   indeed   the   Pure,   that   is   Brahman, the   Immortal.   All   the   worlds   are   contained   in   It   and   no   one goes   beyond   It.   This   is   verily   That  (Self that Nachiketa was asking about).","type":"verse"},{"id":"2","title":"2.3.2","passage":"यदिदं किं च जगत् सर्वं प्राण एजति निःसृतम् ।\nमहद्भयं वज्रमुद्यतं य एतद्विदुरमृतास्ते भवन्ति ॥ ","commentary":"The   whole   world,   whatever   there   is,   springs   from   and   moves in   Prana   (Brahman),   which   is   a   great   terror   like   an   upraised thunder-bolt.   Those   who   know   This   become   deathless.","type":"verse"},{"id":"3","title":"2.3.3","passage":"भयादस्याग्निस्तपति भयात्तपति सूर्यः ।\nभयादिन्द्रश्च वायुश्च मृत्युर्धावति पञ्चमः ॥","commentary":"The fire burns, the sun shines and Indra , the Wind God and the God of Death -  the fifth in row -  perform their tasks, all out of fear for Him.  ","type":"verse"},{"id":"4","title":"2.3.4","passage":"इह चेदशकद्बोद्धुं प्राक्षरीरस्य विस्रसः ।\nततः सर्गेषु लोकेषु शरीरत्वाय कल्पते ॥","commentary":"If   one   is   not   able   to   realise (  Him )  before   his   body   falls, he becomes   liable   to   be   embodied   again   in   the   future creations.","type":"verse"},{"id":"5","title":"2.3.5","passage":"यथाऽऽदर्शे तथाऽऽत्मनि यथा स्वप्ने तथा पितृलोके ।\nयथाऽप्सु परीव ददृशे तथा गन्धर्वलोके\n  छायातपयोरिव ब्रह्मलोके ॥","commentary":"In   one's   own   soul   Brahman   is   realised   clearly,   as   if   seen in   a   mirror.  In  the   world   of   the   ancestors  He   is   perceived  as  a dream (hazily);   in   the   world   of   angels   as   a   reflection   in   water and  in   the world   of   Brahma   as   light   distinct   from   shade.","type":"verse"},{"id":"6","title":"2.3.6","passage":"इन्द्रियाणां पृथग्भावमुदयास्तमयौ च यत् ।\nपृथगुत्पद्यमानानां मत्वा धीरो न शोचति ॥ ","commentary":"The   wise   one,   having   understood   the   individual   nature   of   the senses,   their   rising   and   setting   as   of   things   that   come   into   being separate   from   the   soul,   does   not   grieve.","type":"verse"},{"id":"7","title":"2.3.7","passage":"इन्द्रियेभ्यः परं मनो मनसः सत्त्वमुत्तमम् ।\nसत्त्वादधि महानात्मा महतोऽव्यक्तमुत्तमम् ॥","commentary":"Mind is greater than the senses,  the discriminating  power (Intellect)  is Greater than the mind  , the Great Brahman  is higher  than the intellect  and the unmanifested is greater than the Atman.","type":"verse"},{"id":"8","title":"2.3.8","passage":"अव्यक्तात्तु परः पुरुषो व्यापकोऽलिङ्ग एव च ।\nयं ज्ञात्वा मुच्यते जन्तुरमृतत्वं च गच्छति ॥ ","commentary":"The Purusha  is beyond  the unmanifested ,  is  all-pervading  and attributeless ,  realising That,  a creature  is liberated  and attains  to deathlessness.","type":"verse"},{"id":"9","title":"2.3.9","passage":"न संदृशे तिष्ठति रूपमस्य\n    न चक्षुषा पश्यति कश्चनैनम् ।\nहृदा मनीषा मनसाऽभिक्लृप्तो\n    य एतद्विदुरमृतास्ते भवन्ति ॥ ","commentary":"None   beholds   Him   with   the   eyes,   for   He   is   without   visible form. He   is revealed   in   the   heart   through   self-control   and   meditation. Those   who   know   Him   become   immortal. ","type":"verse"},{"id":"10","title":"2.3.10","passage":"यदा पञ्चावतिष्ठन्ते ज्ञानानि मनसा सह ।\nबुद्धिश्च न विचेष्टते तामाहुः परमां गतिम् ॥","commentary":"When   the   five   senses   of   perception   stand   still   along   with the   mind,   and   when   the   intellect   does   not   move,   that   is   called the   Supreme   State.","type":"verse"},{"id":"11","title":"2.3.11","passage":"तां योगमिति मन्यन्ते स्थिरामिन्द्रियधारणाम् ।\nअप्रमत्तस्तदा भवति योगो हि प्रभवाप्ययौ ॥","commentary":"This   steadiness   of   the   mind   and   senses   is   what   is   known   as   Yoga. One   becomes   watchful at that time, for Yoga is subject to growth and decay.","type":"verse"},{"id":"12","title":"2.3.12","passage":"नैव वाचा न मनसा प्राप्तुं शक्यो न चक्षुषा ।\nअस्तीति ब्रुवतोऽन्यत्र कथं तदुपलभ्यते ॥","commentary":"The   Atman   cannot   be   attained   by   speech,   by   the   mind   or   by the   eye. How can It   be   realised   otherwise   than   from  those who   know   It as   existing?","type":"verse"},{"id":"13","title":"2.3.13","passage":"अस्तीत्येवोपलब्धव्यस्तत्त्वभावेन चोभयोः ।\nअस्तीत्येवोपलब्धस्य तत्त्वभावः प्रसीदति ॥ ","commentary":"He   is   to   be   realised   as   \"existing\",   and   then   that It has a transcendental nature.   His   innermost   nature   reveals   itself   to   those who   apprehend   It as   existing.","type":"verse"},{"id":"14","title":"2.3.14","passage":"यदा सर्वे प्रमुच्यन्ते कामा येऽस्य हृदि श्रिताः ।\nअथ मर्त्योऽमृतो भवत्यत्र ब्रह्म समश्नुते ॥","commentary":"The mortal gains  immortality  and  in  this  life  becomes  Brahman, when   all   the   yearnings  in  his  mind  are   dissolved.","type":"verse"},{"id":"15","title":"2.3.15","passage":"यदा सर्वे प्रभिद्यन्ते हृदयस्येह ग्रन्थयः ।\nअथ मर्त्योऽमृतो भवत्येतावद्ध्यनुशासनम् ॥","commentary":"In this body,  when all  those  knots  in  the  mind  are  cut  ,  then the  mortal  becomes  immortal ;  thus runs the  instruction (in Vedic scriptures).","type":"verse"},{"id":"16","title":"2.3.16","passage":"शतं चैका च हृदयस्य नाड्य-\n    स्तासां मूर्धानमभिनिःसृतैका ।\nतयोर्ध्वमायन्नमृतत्वमेति\n    विष्वङ्ङन्या उत्क्रमणे भवन्ति ॥ ","commentary":"Of the  hundred   and   one   are    nerves   of   the   heart;   one   extends towards  the   top (crown) of   the   head. Proceeding upwards through it, man attains deathlessness and the  others   lead  one  to   different   destinations (human or non-human form).","type":"verse"},{"id":"17","title":"2.3.17","passage":"अङ्गुष्ठमात्रः पुरुषोऽन्तरात्मा\n    सदा जनानां हृदये संनिविष्टः ।\nतं स्वाच्छरीरात्प्रवृहेन्मुञ्जादिवेषीकां धैर्येण ।\nतं विद्याच्छुक्रममृतं तं विद्याच्छुक्रममृतमिति ॥","commentary":"In  the  heart  of   everybeing  dwells,   the  inner soul,  of  the  dimension   of   the  human  thumb  ,  The Purusha,  whom through meditation  and persverance is like  drawing  out a thread from  the stalk.  Him one should know as pure  and  immortal. Him one should know as pure  and  immortal.","type":"verse"},{"id":"18","title":"2.3.18","passage":"मृत्युप्रोक्तां नचिकेतोऽथ लब्ध्वा\n    विद्यामेतां योगविधिं च कृत्स्नम् ।\nब्रह्मप्राप्तो विरजोऽभूद्विमृत्यु-\n    रन्योऽप्येवं यो विदध्यात्ममेव ॥","commentary":"Instructed  by  Yama ,  in  the  knowledge, in this manner, as also  in the  technique  of  Yoga  Sastra,  Nachiketa  became  sinless  and transcended physical  death  and attained Brahman.  Also  any other  will do  so ,  on  realising the Brahman.","type":"verse"}],"tags":[],"sectionCount":18,"contentId":"KU"}