{"id":"KU","title":"Katha Upanishad","description":"Unveiling Ancient Wisdom: The Katha Upanishad\nEmbark on a timeless journey through the realms of spirituality and philosophy with the Katha Upanishad, one of the most revered and influential texts in Hinduism.\n\nDating back to around 800 BCE, the Katha Upanishad is a masterful amalgamation of poetry, dialogue, and philosophical insight, offering a unique window into the spiritual traditions of ancient India.\n\nThrough its rich symbolism, metaphors, and allegories, the Katha Upanishad invites readers to contemplate the mysteries of existence, challenge their assumptions, and embark on a transformative journey of self-discovery.\n\nThis ancient text continues to inspire and illuminate seekers of truth, philosophers, and spiritual practitioners across cultures and centuries.\n\nKey Takeaways:\n* A comprehensive introduction to the Katha Upanishad and its significance\n* An in-depth exploration of its philosophical themes and symbolism\n* Insights into the timeless wisdom and spiritual practices presented in the text","status":"draft","type":"book","categoryKey":"Hinduism-Spirituality-Philosophy","language":"en","coverImage":"https://vishalmanchanda.github.io/assets/images-ag/katha-upanishad-sm.jpg","zipUrl":"","authors":[{"name":"John Smith"}],"version":"1.0.0.draft 0.1","keywords":["Katha Upanishad","Hinduism","Spirituality","Philosophy"],"createdAt":"2023-02-20T14:30:00.000Z","updatedAt":"2024-12-13T13:33:20.570Z","partsMetadata":[{"title":"Katha Upanishad Valli 1 Chapter 1","id":1,"description":"A detailed overview of the Katha Upanishad's history, significance, and relevance in modern times.","sectionCount":5,"tags":["Hinduism","Spirituality","Philosophy"]},{"title":"Katha Upanishad Valli 1 Chapter 2","id":2,"description":"An in-depth examination of the Katha Upanishad's philosophical concepts, such as the nature of reality and the human condition.","sectionCount":8,"tags":["Karma","Reincarnation","Moksha"]},{"title":"Katha Upanishad Valli 1 Chapter 3","id":3,"description":"An exploration of the Katha Upanishad's practical spiritual guidelines and teachings on self-awareness, mindfulness, and inner transformation.","sectionCount":4,"tags":["Yoga","Meditation","Self-Knowledge"]},{"title":"Katha Upanishad Valli 2 Chapter 1","id":4,"description":"A discussion of the Katha Upanishad's historical development and cultural significance in ancient India.","sectionCount":6,"tags":["Ancient India","Vedic Period","Upanishadic Traditions"]},{"title":"Katha Upanishad Valli 2 Chapter 2","id":5,"description":"A comparative analysis of the Katha Upanishad with other influential Hindu scriptures, highlighting its unique contributions and similarities.","sectionCount":3,"tags":["Bhagavad Gita","Rigveda","Upanishadic Traditions"]},{"id":6,"title":"Katha Upanishad Valli 2 Chapter 3","description":"Katha Upanishad Valli 2 Chapter 3","sectionCount":0}],"audios_path":""}